lake,system,month,WL,RegFlow,R,P,Evap,SWE,T
Kalamalka,Okanagan,1994-01-01,5.301,1.22,6.7696039186557755,52.51989979296923,0.6602148059755564,116.04584008455276,-0.8420166015624773
Kalamalka,Okanagan,1994-02-01,5.277,0.317,5.704476672690362,75.33202785998583,1.7022043466567993,154.28470075130463,-5.161352539062477
Kalamalka,Okanagan,1994-03-01,5.332,1.36,12.973635777598247,39.14614534005523,7.284514140337706,177.2029548883438,1.4463134765625227
Kalamalka,Okanagan,1994-04-01,5.468,3.02,55.292987963184714,53.80297894589603,39.992001838982105,56.121207773685455,7.146997070312523
Kalamalka,Okanagan,1994-05-01,5.65,3.89,57.74558684788644,49.91066153161228,90.42194322682917,0.35375705920159817,12.218408203125023
Kalamalka,Okanagan,1994-06-01,5.595,0.708,34.714462235569954,76.61362644284964,100.8189283311367,0.0005609849154097901,14.596337890625023
Kalamalka,Okanagan,1994-07-01,5.552,0.255,21.257520478684455,19.073310249950737,86.59713482484221,-7.345364920210326e-22,21.100976562500023
Kalamalka,Okanagan,1994-08-01,5.45,0.121,13.998236885527149,60.11122965719551,78.57139385305345,-7.345364920210326e-22,19.242822265625023
Kalamalka,Okanagan,1994-09-01,5.349,1.18,8.912257617339492,16.827875515446067,51.04067735373974,-7.345364920210326e-22,16.246850585937523
Kalamalka,Okanagan,1994-10-01,5.22,0.334,7.977186265634373,73.30307876691222,31.990410294383764,1.0458441684022546,6.890283203125023
Kalamalka,Okanagan,1994-11-01,5.2,0.111,5.526218446902931,69.94182709604502,11.394795728847384,39.95070606470108,-3.2065185546874773
Kalamalka,Okanagan,1994-12-01,5.2,0.118,5.179525483981706,72.87496514618397,2.3326107766479254,104.07554358243942,-5.349951171874977
Kalamalka,Okanagan,1995-01-01,5.23,0.125,4.498400856391527,51.52943322900683,-0.6855996325612068,161.7799699306488,-6.548437499999977
Kalamalka,Okanagan,1995-02-01,5.283,0.13,4.570499819237739,46.45157791674137,4.1376035660505295,202.57310569286346,-1.9198974609374773
Kalamalka,Okanagan,1995-03-01,5.306,0.734,6.5142349631059915,49.755111802369356,8.59786313958466,211.25704050064087,-0.07883300781247726
Kalamalka,Okanagan,1995-04-01,5.309,1.61,26.144437724724412,41.362030897289515,29.399815248325467,134.3219429254532,4.845361328125023
Kalamalka,Okanagan,1995-05-01,5.439,2.52,58.03141696378589,30.859085731208324,90.59944935142994,14.294680207967758,12.126123046875023
Kalamalka,Okanagan,1995-06-01,5.483,0.185,39.1091569326818,83.40402273461223,96.57940361648798,0.08655997226014733,15.584130859375023
Kalamalka,Okanagan,1995-07-01,5.478,0.123,24.179415428079665,56.75238114781678,91.42571571283042,-7.345364920210326e-22,18.184228515625023
Kalamalka,Okanagan,1995-08-01,5.429,0.133,16.116050130221993,59.73666091449559,84.78065812960267,-7.345364920210326e-22,15.095483398437523
Kalamalka,Okanagan,1995-09-01,5.342,1.58,10.467478714417666,20.170892821624875,49.95513008907437,-7.345364920210326e-22,16.280175781250023
Kalamalka,Okanagan,1995-10-01,5.24,0.116,10.04167296923697,80.1424237433821,35.052829422056675,0.6069295341148973,5.429711914062523
Kalamalka,Okanagan,1995-11-01,5.252,0.118,10.619089007377625,142.66074635088444,6.811127532273531,38.70705887675285,0.0036865234375227374
Kalamalka,Okanagan,1995-12-01,5.34,0.227,7.680977025302127,73.90965847298503,5.451516015455127,111.02530360221863,-5.907568359374977
Kalamalka,Okanagan,1996-01-01,5.338,2.37,8.352686098078266,60.5860601644963,1.2198574841022491,179.70068752765656,-9.303686523437477
Kalamalka,Okanagan,1996-02-01,5.268,2.22,8.067338145337999,49.620414269156754,2.5757260154932737,227.98964381217957,-4.534521484374977
Kalamalka,Okanagan,1996-03-01,5.258,2.16,10.194764152402058,34.39452371094376,9.670521831139922,237.99531161785126,-0.28061523437497726
Kalamalka,Okanagan,1996-04-01,5.41,2.69,73.64099845290184,57.43119050748646,25.13858489692211,131.88962638378143,4.846459960937523
Kalamalka,Okanagan,1996-05-01,5.758,4.5,120.56278344243765,106.22838255949318,74.61147638969123,19.670823588967323,8.122949218750023
Kalamalka,Okanagan,1996-06-01,6.075,6.95,67.84608587622643,36.68081481009722,95.32753843814135,0.08577459084335715,13.997583007812523
Kalamalka,Okanagan,1996-07-01,5.788,5.1,31.175706768408418,22.64252008171752,85.03829571418464,-7.345364920210326e-22,19.781274414062523
Kalamalka,Okanagan,1996-08-01,5.47,2.27,16.941163456067443,21.374453441239893,59.64524089358747,-7.345364920210326e-22,19.315820312500023
Kalamalka,Okanagan,1996-09-01,5.353,0.683,12.557603185996413,90.68230865523219,56.6050736233592,0.009761137334862724,11.646508789062523
Kalamalka,Okanagan,1996-10-01,5.341,0.513,10.410732764285058,77.16709398664534,30.805623857304454,6.450708955526352,4.696923828125023
Kalamalka,Okanagan,1996-11-01,5.354,0.512,9.092057298403233,105.40441609919071,9.526032954454422,35.42428836226463,-2.9728759765624773
Kalamalka,Okanagan,1996-12-01,5.38,1.09,7.593371585244313,95.8772269077599,1.5588246751576662,125.19460916519165,-9.006079101562477
Kalamalka,Okanagan,1997-01-01,5.337,2.07,7.593174901558086,87.50906144268811,0.5873660556972027,224.2325097322464,-4.980810546874977
Kalamalka,Okanagan,1997-02-01,5.283,2.18,6.679769896436483,39.292396046221256,2.707812935113907,276.5781283378601,-2.0967773437499773
Kalamalka,Okanagan,1997-03-01,5.274,2.03,8.752790337894112,67.86517542786896,11.891221394762397,320.6799030303955,-0.05539550781247726
Kalamalka,Okanagan,1997-04-01,5.378,2.55,34.873278345912695,39.54818705096841,23.38703954592347,272.54098653793335,3.5547119140625227
Kalamalka,Okanagan,1997-05-01,5.853,6.02,167.1791411936283,86.54883364215493,79.54174815677106,50.07104203104973,10.731713867187523
Kalamalka,Okanagan,1997-06-01,5.978,7.55,83.53839861229062,77.71069183945656,100.38458509370685,0.005946440069237724,14.158471679687523
Kalamalka,Okanagan,1997-07-01,5.872,6.2,40.708218002691865,82.10402051918209,109.13266078568995,-7.345364920210326e-22,16.957177734375023
Kalamalka,Okanagan,1997-08-01,5.738,4.4,22.671683400403708,24.662669049575925,78.01561267115176,-7.345364920210326e-22,18.997827148437523
Kalamalka,Okanagan,1997-09-01,5.531,3.23,16.462583444081247,79.35215486213565,58.252166491001844,0.0003365909435615322,14.006860351562523
Kalamalka,Okanagan,1997-10-01,5.386,2.66,14.078097679885104,87.4832074623555,34.94917170610279,0.5011277971789241,5.726464843750023
Kalamalka,Okanagan,1997-11-01,5.284,2.07,11.12281868699938,39.67029042541981,10.52355277352035,4.89380769431591,1.3031250000000227
Kalamalka,Okanagan,1997-12-01,5.207,1.62,11.234691250137985,41.86992207542062,7.111547980457544,21.726103499531746,-3.5531982421874773
Kalamalka,Okanagan,1998-01-01,5.18,1.47,10.286309581715614,84.0869601815939,0.4334547556936741,88.2890373468399,-6.032934570312477
Kalamalka,Okanagan,1998-02-01,5.171,1.43,9.541813400574028,27.93807163834572,0.6476230919361115,130.69522380828857,-0.29843749999997726
Kalamalka,Okanagan,1998-03-01,5.187,1.52,15.361300844233483,54.98999066185206,3.842037171125412,149.64249730110168,1.3047119140625227
Kalamalka,Okanagan,1998-04-01,5.299,2.13,49.80116500519216,38.831502897664905,44.855475425720215,57.817067950963974,6.298974609375023
Kalamalka,Okanagan,1998-05-01,5.54,3.06,54.51040365733206,51.02053133305162,79.74516600370407,0.46281254617497325,13.436425781250023
Kalamalka,Okanagan,1998-06-01,5.55,0.33,33.56208675540984,66.54726108536124,92.62989973649383,-7.345364920210326e-22,15.267114257812523
Kalamalka,Okanagan,1998-07-01,5.51,0.537,21.418178570456803,27.100151928607374,87.66129822470248,-7.345364920210326e-22,21.460717773437523
Kalamalka,Okanagan,1998-08-01,5.362,0.131,13.001379003981128,7.300593482796103,58.37686569429934,-7.345364920210326e-22,21.262353515625023
Kalamalka,Okanagan,1998-09-01,5.233,0.134,8.767351973801851,26.75158262718469,40.70963943377137,-7.345364920210326e-22,17.432641601562523
Kalamalka,Okanagan,1998-10-01,5.195,0.129,7.926985010271892,66.23840285465121,37.22222521901131,0.10709201887948439,7.091088867187523
Kalamalka,Okanagan,1998-11-01,5.2,0.12,8.058525854721665,113.88486251235008,9.818163234740496,14.889828860759735,1.1119628906250227
Kalamalka,Okanagan,1998-12-01,5.223,0.377,5.868638807442039,103.16867008805275,6.95832958444953,78.71829718351364,-5.306494140624977
Kalamalka,Okanagan,1999-01-01,5.223,1.13,5.6099068315234035,68.32615868188441,0.38005784153938293,164.6222472190857,-2.6916259765624773
Kalamalka,Okanagan,1999-02-01,5.156,1.54,5.100458860397339,73.64722341299057,3.0385805293917656,237.5583052635193,-2.3078369140624773
Kalamalka,Okanagan,1999-03-01,5.146,1.39,7.570791756734252,44.50816486496478,13.460724730975926,276.7508327960968,0.6543212890625227
Kalamalka,Okanagan,1999-04-01,5.176,1.47,29.656210681423545,27.54268585704267,27.553201653063297,214.85497057437897,4.066674804687523
Kalamalka,Okanagan,1999-05-01,5.463,3.08,100.02199816517532,62.04202468506992,81.99340850114822,43.84439066052437,8.464379882812523
Kalamalka,Okanagan,1999-06-01,5.552,2.65,66.36973936110735,62.175525818020105,87.33120281249285,0.32357609597966075,13.030786132812523
Kalamalka,Okanagan,1999-07-01,5.516,1.09,33.66967395413667,59.47404308244586,104.93984818458557,0.015539280866505578,16.344873046875023
Kalamalka,Okanagan,1999-08-01,5.402,0.91,19.36473773093894,49.237667699344456,77.83361710608006,0.0001682954717807661,19.346948242187523
Kalamalka,Okanagan,1999-09-01,5.33,0.407,12.425845779944211,34.90036237053573,56.95033119991422,0.0695621274644509,12.952050781250023
Kalamalka,Okanagan,1999-10-01,5.249,1.29,10.811421641847119,68.08285554870963,34.27650989033282,0.36912807263433933,6.199487304687523
Kalamalka,Okanagan,1999-11-01,5.176,1.47,10.345648624934256,97.24643547087908,11.199235450476408,8.161208592355251,1.1926513671875227
Kalamalka,Okanagan,1999-12-01,5.146,1.35,7.833959039999172,68.06650012731552,5.527995293959975,70.86899876594543,-3.3177246093749773
Kalamalka,Okanagan,2000-01-01,5.107,1.18,7.917182403616607,55.99973222706467,0.8586018811911345,132.70743191242218,-5.615454101562477
Kalamalka,Okanagan,2000-02-01,5.075,1.12,7.336758775636554,36.99024755042046,0.7297995034605265,169.4374680519104,-2.6133789062499773
Kalamalka,Okanagan,2000-03-01,5.082,1.13,8.231672400142998,57.80195747502148,11.355556081980467,208.89629423618317,1.3358398437500227
Kalamalka,Okanagan,2000-04-01,5.178,1.35,46.49891867302358,56.121430825442076,30.594526324421167,126.81490182876587,5.485742187500023
Kalamalka,Okanagan,2000-05-01,5.516,3.6,88.08731148019433,61.60945049487054,85.05012560635805,9.722653776407242,9.704980468750023
Kalamalka,Okanagan,2000-06-01,5.521,2.28,51.382683450356126,56.904255179688334,96.23901452869177,0.007012311016296735,14.389672851562523
Kalamalka,Okanagan,2000-07-01,5.527,0.202,29.32646870613098,64.41644788719714,102.11833589710295,-7.345364920210326e-22,17.562768554687523
Kalamalka,Okanagan,2000-08-01,5.463,0.144,16.78471692139283,25.77451290562749,68.71663173660636,-7.345364920210326e-22,17.917871093750023
Kalamalka,Okanagan,2000-09-01,5.42,0.338,11.808583221863955,57.39761050790548,55.154417641460896,0.00095367431640625,12.533593750000023
Kalamalka,Okanagan,2000-10-01,5.33,1.57,9.437760221771896,47.42952389642596,31.6266140434891,0.05043254350312054,6.489892578125023
Kalamalka,Okanagan,2000-11-01,5.192,1.35,6.969548994675279,26.51089453138411,13.221439439803362,5.717445630580187,-0.5995849609374773
Kalamalka,Okanagan,2000-12-01,5.114,0.572,6.200009767781012,42.88376693148166,4.949730820953846,33.37259963154793,-6.613134765624977
Kalamalka,Okanagan,2001-01-01,5.117,0.322,5.55415557755623,27.125480817630887,-0.23349421098828316,65.23558497428894,-4.664160156249977
Kalamalka,Okanagan,2001-02-01,5.116,0.315,4.612947115674615,21.521397400647402,1.186661422252655,91.47655218839645,-4.920019531249977
Kalamalka,Okanagan,2001-03-01,5.134,0.157,7.944225508254021,44.379284721799195,6.2691932544112206,86.5417942404747,1.2560058593750227
Kalamalka,Okanagan,2001-04-01,5.189,0.108,17.059125239029527,64.58609132096171,39.203488267958164,55.629730224609375,4.724877929687523
Kalamalka,Okanagan,2001-05-01,5.346,0.125,16.490272420924157,43.529354967176914,92.03215106390417,1.5852871583774686,11.266992187500023
Kalamalka,Okanagan,2001-06-01,5.496,0.217,15.945076011121273,78.17390374839306,97.84401627257466,0.020139357729931362,13.362817382812523
Kalamalka,Okanagan,2001-07-01,5.536,0.231,12.571561092045158,58.373920852318406,101.71058354899287,-7.345364920210326e-22,18.029687500000023
Kalamalka,Okanagan,2001-08-01,5.478,0.235,9.282998129492626,33.15875108819455,80.31541877426207,-7.345364920210326e-22,19.236230468750023
Kalamalka,Okanagan,2001-09-01,5.382,0.204,6.838055269327015,27.396982186473906,49.25330635160208,-7.345364920210326e-22,14.808374023437523
Kalamalka,Okanagan,2001-10-01,5.328,0.398,7.568454107968137,87.708791019395,32.49681123998016,2.4441550485789776,5.136499023437523
Kalamalka,Okanagan,2001-11-01,5.32,0.521,6.892527599120513,71.7259501107037,11.787337716668844,3.7593841552734375,2.0830322265625227
Kalamalka,Okanagan,2001-12-01,5.301,0.779,5.5701465025777,77.26906635798514,5.98570890724659,69.33223456144333,-4.962133789062477
Kalamalka,Okanagan,2002-01-01,5.276,0.856,6.282845628447831,73.09391559101641,0.08874945342540741,126.6566514968872,-4.229956054687477
Kalamalka,Okanagan,2002-02-01,5.246,0.822,5.693002778571099,44.45370892062783,1.285565085709095,174.72177743911743,-3.0097412109374773
Kalamalka,Okanagan,2002-03-01,5.21,0.785,6.488652099505998,52.472327603027225,5.9151193127036095,220.45853734016418,-2.7957519531249773
Kalamalka,Okanagan,2002-04-01,5.234,0.816,33.957213163375854,39.923982694745064,20.153741352260113,163.3692979812622,4.261865234375023
Kalamalka,Okanagan,2002-05-01,5.435,2.12,90.42252064682543,96.52370633557439,77.51001650467515,25.807268917560577,8.959375000000023
Kalamalka,Okanagan,2002-06-01,5.624,3.55,67.5160763785243,37.62216540053487,103.77841768786311,0.05593019523075782,16.585595703125023
Kalamalka,Okanagan,2002-07-01,5.498,0.359,31.5706079127267,20.674023136962205,82.56292506121099,-7.27919033709973e-22,19.769677734375023
Kalamalka,Okanagan,2002-08-01,5.385,0.123,17.01011462137103,16.143224958796054,61.11655756831169,-7.27919033709973e-22,18.520288085937523
Kalamalka,Okanagan,2002-09-01,5.292,0.123,10.774565453175455,30.235141748562455,41.817587334662676,0.001009772859106306,13.798608398437523
Kalamalka,Okanagan,2002-10-01,5.223,0.166,8.083907014224678,19.282872206531465,28.14108319580555,0.4411024274304509,6.211206054687523
Kalamalka,Okanagan,2002-11-01,5.184,0.111,7.078665221342817,42.25631710141897,10.262257419526577,2.8661841060966253,1.5379882812500227
Kalamalka,Okanagan,2002-12-01,5.19,0.117,6.212957508978434,73.13061784952879,4.874442471191287,20.092571154236794,-2.1541503906249773
Kalamalka,Okanagan,2003-01-01,5.215,0.118,5.27998257894069,53.46217704936862,0.5319481715559959,72.3898857831955,-2.7124999999999773
Kalamalka,Okanagan,2003-02-01,5.236,0.123,4.138332908041775,26.475058868527412,1.3764956966042519,99.47007894515991,-2.6751464843749773
Kalamalka,Okanagan,2003-03-01,5.248,0.129,11.992986255791038,79.68777045607567,4.847924457862973,116.63571745157242,0.42653808593752274
Kalamalka,Okanagan,2003-04-01,5.291,0.145,26.828203699551523,61.7900351062417,40.999772027134895,39.749763906002045,5.752832031250023
Kalamalka,Okanagan,2003-05-01,5.381,0.153,35.74604738969356,68.00444913096726,83.25974107719958,1.0977352503687143,10.285058593750023
Kalamalka,Okanagan,2003-06-01,5.387,0.156,27.390955947339535,63.421104568988085,111.99297616258264,0.0006731818871230644,16.452172851562523
Kalamalka,Okanagan,2003-07-01,5.295,0.131,18.035109096672386,4.949886904796585,85.043182130903,-7.27919033709973e-22,21.103662109375023
Kalamalka,Okanagan,2003-08-01,5.13,0.111,11.481827008537948,11.785642855102196,55.66876591183245,-7.302405034426187e-22,20.899682617187523
Kalamalka,Okanagan,2003-09-01,5.001,0.087,8.06413998361677,35.57453630492091,48.08628000319004,0.0013463637742461287,15.055932617187523
Kalamalka,Okanagan,2003-10-01,4.948,0.082,9.327710286015645,110.57447851635516,34.391986671835184,0.3474740369711071,8.683007812500023
Kalamalka,Okanagan,2003-11-01,4.914,0.079,5.7276731240563095,98.75207673758268,10.965093970298767,31.6162109375,-2.0395263671874773
Kalamalka,Okanagan,2003-12-01,4.907,0.085,5.2365605952218175,32.326208893209696,2.5369597133249044,102.80480235815048,-4.632421874999977
Kalamalka,Okanagan,2004-01-01,4.906,0.089,5.10178400145378,70.8971933927387,0.8612580131739378,135.2633833885193,-5.959570312499977
Kalamalka,Okanagan,2004-02-01,4.951,0.089,4.66024391062092,26.063198980409652,1.6387386713176966,197.64092564582825,-1.6453613281249773
Kalamalka,Okanagan,2004-03-01,4.979,0.085,11.21893129311502,49.80312066618353,12.426027795299888,201.35240256786346,2.5481201171875227
Kalamalka,Okanagan,2004-04-01,5.054,0.095,48.92046796157956,32.92441600933671,55.7663943618536,52.56417393684387,8.666406250000023
Kalamalka,Okanagan,2004-05-01,5.163,0.109,49.4826128706336,95.65157117322087,91.35488793253899,0.4022261709906161,11.647607421875023
Kalamalka,Okanagan,2004-06-01,5.23,0.121,32.41002559661865,53.452891297638416,106.6432474181056,0.00044878791527480644,16.946923828125023
Kalamalka,Okanagan,2004-07-01,5.166,0.109,21.099172066897154,28.45405205152929,96.24426392838359,-7.306052036998637e-22,20.345239257812523
Kalamalka,Okanagan,2004-08-01,5.063,0.097,14.497480529826134,80.20801865495741,80.84031520411372,-7.345364920210326e-22,19.875390625000023
Kalamalka,Okanagan,2004-09-01,5.014,0.098,11.467232834547758,84.61858844384551,61.938283033668995,0.009929432962962892,12.108178710937523
Kalamalka,Okanagan,2004-10-01,4.983,0.131,9.699133894173428,60.688155237585306,35.832663998007774,2.1194571163505316,6.981347656250023
Kalamalka,Okanagan,2004-11-01,4.994,0.122,10.833127016667277,86.11810393631458,9.73147340118885,13.922073878347874,1.6340576171875227
Kalamalka,Okanagan,2004-12-01,5.029,0.125,10.363262525061145,68.81306087598205,5.498294252902269,56.03857710957527,-0.20578613281247726
Kalamalka,Okanagan,2005-01-01,5.055,0.148,13.932139438111335,47.76106763165444,2.064327010884881,95.9954559803009,-4.946874999999977
Kalamalka,Okanagan,2005-02-01,5.111,0.145,15.118346782401204,20.960928639397025,4.298785701394081,85.69644391536713,-0.34055175781247726
Kalamalka,Okanagan,2005-03-01,5.189,0.115,30.69318935740739,45.07714370265603,18.18381459452212,37.83831745386124,3.7987304687500227
Kalamalka,Okanagan,2005-04-01,5.3,1.27,41.5018480271101,40.46656074933708,66.36725971475244,11.245222762227058,8.107324218750023
Kalamalka,Okanagan,2005-05-01,5.381,0.946,37.994383717887104,51.31817690562457,87.90932898409665,0.021654017473338172,13.545312500000023
Kalamalka,Okanagan,2005-06-01,5.474,0.153,27.24615507759154,101.95988696068525,92.39614941179752,0.000504886429553153,13.942895507812523
Kalamalka,Okanagan,2005-07-01,5.512,0.172,17.725285375490785,31.839783070608974,99.37066119164228,-7.345364920210326e-22,18.300683593750023
Kalamalka,Okanagan,2005-08-01,5.407,0.184,12.03541670111008,32.20461867749691,68.8986994791776,-7.345364920210326e-22,19.481713867187523
Kalamalka,Okanagan,2005-09-01,5.314,0.157,9.067233768291771,55.241844383999705,55.301785469055176,5.6098489409350805e-05,12.269555664062523
Kalamalka,Okanagan,2005-10-01,5.291,0.143,9.462813031859696,90.18858615309,33.31278869882226,0.10181876132264733,7.132470703125023
Kalamalka,Okanagan,2005-11-01,5.289,0.134,7.377639412879944,67.96702975407243,12.39856705069542,20.174698904156685,0.5379882812500227
Kalamalka,Okanagan,2005-12-01,5.276,0.146,7.060189178446308,39.99120311345905,4.850645549595356,42.32687130570412,-3.9825195312499773
Kalamalka,Okanagan,2006-01-01,5.342,0.213,6.560211128089577,91.20948635973036,0.018513528630137444,104.08064723014832,-1.0484374999999773
Kalamalka,Okanagan,2006-02-01,5.333,1.67,6.052718323189765,55.01358024775982,2.455693669617176,167.08996891975403,-3.6241210937499773
Kalamalka,Okanagan,2006-03-01,5.242,1.71,8.48888955079019,43.211239855736494,5.701235728338361,207.80232548713684,1.3998046875000227
Kalamalka,Okanagan,2006-04-01,5.241,1.76,51.82616994716227,41.11142596229911,37.397544365376234,98.14256429672241,7.097558593750023
Kalamalka,Okanagan,2006-05-01,5.401,1.44,68.87431791983545,65.937090665102,89.70379875972867,2.9870762955397367,12.434472656250023
Kalamalka,Okanagan,2006-06-01,5.58,1.37,42.72994352504611,75.19023958593607,101.80139914155006,-7.345364920210326e-22,16.460595703125023
Kalamalka,Okanagan,2006-07-01,5.565,0.603,25.322773784864694,13.99330806452781,82.4538937304169,-7.345364920210326e-22,21.842553710937523
Kalamalka,Okanagan,2006-08-01,5.429,0.16,15.048869710881263,23.51746114436537,63.223887933418155,-7.345364920210326e-22,19.381372070312523
Kalamalka,Okanagan,2006-09-01,5.326,0.196,10.047791583929211,40.93076102435589,49.20232342556119,0.04594466372509487,15.181787109375023
Kalamalka,Okanagan,2006-10-01,5.266,0.17,8.419802150456235,53.41359076555818,31.645704992115498,0.27561187744140625,7.235009765625023
Kalamalka,Okanagan,2006-11-01,5.254,0.115,8.405411790590733,124.7597811743617,12.85322941839695,25.240225717425346,-1.1868652343749773
Kalamalka,Okanagan,2006-12-01,5.263,0.108,5.766102549387142,59.83480787836015,3.457244485616684,93.08422356843948,-4.568701171874977
Kalamalka,Okanagan,2007-01-01,5.278,0.126,5.558720353292301,55.27833616361022,0.511550810188055,162.06640005111694,-7.633764648437477
Kalamalka,Okanagan,2007-02-01,5.304,0.133,4.896063823252916,41.88140854239464,3.5419976338744164,195.12316584587097,-1.7435058593749773
Kalamalka,Okanagan,2007-03-01,5.324,1.29,13.11486549093388,56.66851450223476,12.415691977366805,200.53964853286743,2.0178466796875227
Kalamalka,Okanagan,2007-04-01,5.308,1.54,44.87674799747765,26.829909766092896,44.41267694346607,69.81664896011353,6.503198242187523
Kalamalka,Okanagan,2007-05-01,5.366,0.418,53.02174633834511,22.494410048238933,89.66153161600232,2.167757833376527,12.861962890625023
Kalamalka,Okanagan,2007-06-01,5.386,0.121,33.19854266010225,93.0791418068111,91.59831795841455,0.043308034946676344,15.045434570312523
Kalamalka,Okanagan,2007-07-01,5.412,0.1,20.23258013650775,39.50826346408576,98.063541110605,-7.345364920210326e-22,21.396875000000023
Kalamalka,Okanagan,2007-08-01,5.303,0.082,12.677941704168916,27.12879196042195,67.1475506387651,-7.345364920210326e-22,18.146508789062523
Kalamalka,Okanagan,2007-09-01,5.189,0.092,8.950715709943324,39.069210179150105,44.91347121074796,0.015875872122705914,13.125634765625023
Kalamalka,Okanagan,2007-10-01,5.159,0.057,8.03051280672662,58.754657162353396,32.53965941257775,0.576299789827317,6.014794921875023
Kalamalka,Okanagan,2007-11-01,5.145,0.046,6.56181393424049,47.856280580163,14.835137408226728,5.3584156557917595,0.7445312500000227
Kalamalka,Okanagan,2007-12-01,5.153,0.046,6.81075727334246,82.30686816386878,4.700328689068556,48.959340900182724,-3.3808349609374773
Kalamalka,Okanagan,2008-01-01,5.173,0.036,5.1837099745171145,42.35181875992566,0.583952059969306,99.6757373213768,-7.784765624999977
Kalamalka,Okanagan,2008-02-01,5.194,0.037,4.8730697453720495,33.08846533764154,0.68698450922966,139.4379585981369,-2.0932373046874773
Kalamalka,Okanagan,2008-03-01,5.225,0.048,5.363729229429737,39.42375804763287,9.235320379957557,152.47681736946106,0.9720703125000227
Kalamalka,Okanagan,2008-04-01,5.239,0.057,18.41508666984737,45.24194751866162,21.81692747399211,115.64232409000397,3.8645263671875227
Kalamalka,Okanagan,2008-05-01,5.414,0.531,36.43846418708563,57.182818884029984,89.67735292389989,13.468910939991474,12.405908203125023
Kalamalka,Okanagan,2008-06-01,5.613,1.88,28.80637301132083,49.14502613246441,100.4602387547493,0.010827008736669086,14.858056640625023
Kalamalka,Okanagan,2008-07-01,5.55,0.471,19.332999479956925,15.06572135258466,78.97780369967222,-7.345364920210326e-22,20.112939453125023
Kalamalka,Okanagan,2008-08-01,5.449,0.225,13.088711973978207,61.853114515542984,80.51208080723882,-7.345364920210326e-22,18.708154296875023
Kalamalka,Okanagan,2008-09-01,5.366,0.124,8.698154124431312,25.232963380403817,52.060775924474,5.6098489409350805e-05,13.949365234375023
Kalamalka,Okanagan,2008-10-01,5.309,0.139,7.49851185537409,42.56382933817804,34.30882375687361,0.12442644219845533,6.766259765625023
Kalamalka,Okanagan,2008-11-01,5.292,0.149,7.199640531325713,66.98379060253501,13.147734571248293,5.265740677714348,2.7719970703125227
Kalamalka,Okanagan,2008-12-01,5.283,0.125,5.716865765862167,63.80115635693073,8.523130556568503,28.172381222248077,-7.167211914062477
Kalamalka,Okanagan,2009-01-01,5.304,0.169,5.252851056866348,46.175818773917854,0.38027437403798103,88.64599466323853,-5.462255859374977
Kalamalka,Okanagan,2009-02-01,5.309,0.207,4.54263121355325,32.97769604250789,2.4094590917229652,106.7328155040741,-2.2267822265624773
Kalamalka,Okanagan,2009-03-01,5.328,0.156,5.693985949619673,53.105555241927505,7.158095249906182,138.75798881053925,-1.1546386718749773
Kalamalka,Okanagan,2009-04-01,5.34,0.953,22.230357863008976,30.530806398019195,31.72634867951274,84.20736342668533,5.670922851562523
Kalamalka,Okanagan,2009-05-01,5.451,0.609,26.812354975845665,49.53957174438983,97.87056013010442,4.185844678431749,11.704980468750023
Kalamalka,Okanagan,2009-06-01,5.502,0.172,20.131253404542804,24.78493843227625,86.58644277602434,0.0001682954717807661,17.286767578125023
Kalamalka,Okanagan,2009-07-01,5.418,0.097,13.869954011170194,21.216736582573503,74.17771127074957,-7.345364920210326e-22,22.130273437500023
Kalamalka,Okanagan,2009-08-01,5.33,0.108,9.1711139830295,26.51609160238877,61.22687365859747,-7.345364920210326e-22,20.566430664062523
Kalamalka,Okanagan,2009-09-01,5.251,0.096,6.663777166977525,40.822557639330626,55.66464504227042,0.001009772859106306,16.138574218750023
Kalamalka,Okanagan,2009-10-01,5.18,0.097,7.421857546432875,101.85554483905435,29.398992657661438,2.1557528525590897,5.203149414062523
Kalamalka,Okanagan,2009-11-01,5.177,0.114,5.865083949174732,65.11610699817538,12.649416457861662,15.971295535564423,1.6089111328125227
Kalamalka,Okanagan,2009-12-01,5.15,0.113,4.481526208110154,34.20218511018902,9.263895452022552,40.88328778743744,-5.481909179687477
Kalamalka,Okanagan,2010-01-01,5.174,0.096,5.155830513103865,44.118792517110705,0.19073626026511192,78.0852809548378,-0.16818847656247726
Kalamalka,Okanagan,2010-02-01,5.2,0.096,6.058805272914469,28.684040997177362,2.07466259598732,89.76846933364868,1.4308105468750227
Kalamalka,Okanagan,2010-03-01,5.223,0.084,12.524497753474861,45.74227018747479,19.425455247983336,52.307408303022385,3.8779541015625227
Kalamalka,Okanagan,2010-04-01,5.248,0.086,18.963125185109675,45.59939028695226,56.54240143485367,14.865539036691189,7.209375000000023
Kalamalka,Okanagan,2010-05-01,5.326,0.086,25.744875019881874,93.61096168868244,88.11573497951031,1.549328095279634,10.145410156250023
Kalamalka,Okanagan,2010-06-01,5.441,0.084,22.591970628127456,67.64386547729373,102.91408281773329,5.6098489409350805e-05,14.209252929687523
Kalamalka,Okanagan,2010-07-01,5.444,0.067,16.627494478598237,33.32580591086298,103.86705957353115,-7.345364920210326e-22,19.566064453125023
Kalamalka,Okanagan,2010-08-01,5.345,0.055,11.428527534008026,33.44008093699813,73.90943472273648,-7.345364920210326e-22,18.646630859375023
Kalamalka,Okanagan,2010-09-01,5.254,0.059,9.952705004252493,90.20359022542834,56.42714677378535,0.0001682954717807661,12.395166015625023
Kalamalka,Okanagan,2010-10-01,5.2,0.06,7.363382042967714,31.903710681945086,37.65768650919199,0.09031856461660936,8.496484375000023
Kalamalka,Okanagan,2010-11-01,5.154,0.076,7.062413933454081,71.21271220967174,18.35293136537075,10.393142700195312,-0.8854736328124773
Kalamalka,Okanagan,2010-12-01,5.146,0.077,5.673864667187445,51.37340351939201,2.620635088533163,53.093742579221725,-3.3548339843749773
Kalamalka,Okanagan,2011-01-01,5.173,0.09,5.987465076032095,70.42889855802059,0.6888620555400848,105.0926074385643,-4.696874999999977
Kalamalka,Okanagan,2011-02-01,5.187,0.083,4.8579241265542805,51.468228455632925,2.307784743607044,158.16615521907806,-5.939794921874977
Kalamalka,Okanagan,2011-03-01,5.202,0.077,8.136676886351779,72.28010706603527,5.773730808869004,207.4262946844101,0.8508544921875227
Kalamalka,Okanagan,2011-04-01,5.244,0.16,15.384572907350957,67.89659382775426,19.039995968341827,191.51076674461365,3.2624755859375227
Kalamalka,Okanagan,2011-05-01,5.396,1.65,106.48350114934146,96.82248509489,75.98647219128907,51.147013902664185,10.088281250000023
Kalamalka,Okanagan,2011-06-01,5.598,2.44,77.48266914859414,50.41805561631918,98.82094105705619,0.13469246914610267,14.137963867187523
Kalamalka,Okanagan,2011-07-01,5.54,0.217,37.04783716239035,42.51431196462363,94.93949683383107,-7.345364920210326e-22,17.152368164062523
Kalamalka,Okanagan,2011-08-01,5.464,0.078,19.416909432038665,4.8269541875924915,60.2753721177578,-7.345364920210326e-22,20.177880859375023
Kalamalka,Okanagan,2011-09-01,5.358,0.091,11.726196971721947,15.501207089982927,40.80409649759531,-7.345364920210326e-22,16.961450195312523
Kalamalka,Okanagan,2011-10-01,5.315,0.079,10.059499007184058,73.78570805303752,34.8798343911767,0.25059195468202233,7.102441406250023
Kalamalka,Okanagan,2011-11-01,5.268,0.083,7.541017548646778,67.23265629261732,12.768212473019958,18.328050151467323,0.14248046875002274
Kalamalka,Okanagan,2011-12-01,5.246,0.069,6.294394028373063,35.55214253719896,5.499766673892736,47.3366342484951,-0.42124023437497726
Kalamalka,Okanagan,2012-01-01,5.249,0.057,5.680970542016439,52.07312467973679,3.5324895288795233,87.34052628278732,-4.279394531249977
Kalamalka,Okanagan,2012-02-01,5.266,0.491,4.933682823320851,59.473153203725815,2.5529242120683193,131.99520111083984,-3.1811279296874773
Kalamalka,Okanagan,2012-03-01,5.272,1.07,7.184993097325787,93.4780107345432,7.863601436838508,189.15052711963654,0.7744384765625227
Kalamalka,Okanagan,2012-04-01,5.261,1.25,51.39539949595928,76.64608536288142,29.797106981277466,130.71060180664062,6.690209960937523
Kalamalka,Okanagan,2012-05-01,5.471,1.25,71.00097741931677,38.7274653185159,93.79360685124993,5.224620457738638,11.384179687500023
Kalamalka,Okanagan,2012-06-01,5.714,3.38,50.95875123515725,155.26659786701202,91.4875790476799,0.13962913362774998,13.394921875000023
Kalamalka,Okanagan,2012-07-01,5.775,4.69,32.25663700141013,35.04141455050558,113.1038956809789,-7.345364920210326e-22,20.414331054687523
Kalamalka,Okanagan,2012-08-01,5.496,1.58,19.543045025784522,8.838364883558825,67.47361971065402,-7.345364920210326e-22,20.807275390625023
Kalamalka,Okanagan,2012-09-01,5.34,0.283,12.258773494977504,7.885422965046018,39.046271704137325,-7.345364920210326e-22,16.179956054687523
Kalamalka,Okanagan,2012-10-01,5.261,0.249,11.222259578062221,91.97166631929576,25.261655682697892,3.332642838358879,7.152612304687523
Kalamalka,Okanagan,2012-11-01,5.257,0.592,10.667868191376328,86.33173070847988,11.999818962067366,10.363354347646236,2.0924316406250227
Kalamalka,Okanagan,2012-12-01,5.204,1.12,9.081919735763222,97.7010007482022,4.866668954491615,68.5708075761795,-2.3863281249999773
Kalamalka,Okanagan,2013-01-01,5.153,0.949,9.082015370950103,59.706537635065615,1.566013554111123,137.79903948307037,-5.774999999999977
Kalamalka,Okanagan,2013-02-01,,0.828,8.125860709697008,36.11384704709053,4.041522741317749,176.88684165477753,-0.9267333984374773
Kalamalka,Okanagan,2013-03-01,5.119,0.825,12.507256353273988,55.01382367219776,14.063020702451468,202.90155708789825,1.5265136718750227
Kalamalka,Okanagan,2013-04-01,5.221,1.0,69.63328924030066,78.4024503082037,32.76654984802008,93.9759612083435,5.706201171875023
Kalamalka,Okanagan,2013-05-01,5.463,1.66,96.79762716405094,83.03907280787826,90.84594994783401,5.715819075703621,13.228662109375023
Kalamalka,Okanagan,2013-06-01,5.655,3.27,53.822784684598446,100.59932246804237,94.1376993432641,0.0007292803729797015,15.149072265625023
Kalamalka,Okanagan,2013-07-01,5.614,2.78,30.616356409154832,12.52551726065576,105.63118592835963,-7.345364920210326e-22,20.664208984375023
Kalamalka,Okanagan,2013-08-01,5.456,0.412,18.486501765437424,39.78075517807156,67.34075536951423,-7.345364920210326e-22,20.213891601562523
Kalamalka,Okanagan,2013-09-01,5.389,0.843,15.253919991664588,106.06486117467284,64.32047579437494,0.00762939453125,15.317285156250023
Kalamalka,Okanagan,2013-10-01,5.288,0.889,9.978143236367032,26.207281975075603,36.23312641866505,0.18978118896484375,6.377832031250023
Kalamalka,Okanagan,2013-11-01,5.27,0.663,9.925028134603053,92.21076965332031,11.489242315292358,25.694679468870163,0.6297851562500227
Kalamalka,Okanagan,2013-12-01,5.228,0.69,7.993177190655842,42.721851146779954,5.59916952624917,64.11916762590408,-4.451025390624977
Kalamalka,Okanagan,2014-01-01,5.208,0.762,7.793620839947835,50.032067694701254,1.3975296169519424,111.39459908008575,-3.5662597656249773
Kalamalka,Okanagan,2014-02-01,5.172,0.898,6.740293058101088,46.71332612633705,1.7156731337308884,148.20396900177002,-7.654882812499977
Kalamalka,Okanagan,2014-03-01,5.167,0.989,9.302154940087348,64.50833706185222,7.320732809603214,182.54858255386353,0.7558837890625227
Kalamalka,Okanagan,2014-04-01,5.221,1.19,48.01447503268719,63.707095105201006,37.07270370796323,98.17740321159363,5.803369140625023
Kalamalka,Okanagan,2014-05-01,5.561,2.92,82.6307141687721,69.53132804483175,90.5403143260628,7.193397264927626,12.104882812500023
Kalamalka,Okanagan,2014-06-01,5.648,3.32,45.65123585052788,55.24044390767813,98.96545903757215,0.0026927275484922575,15.247827148437523
Kalamalka,Okanagan,2014-07-01,5.528,0.479,25.501746917143464,42.79485146980733,92.1279089525342,-7.345364920210326e-22,21.687524414062523
Kalamalka,Okanagan,2014-08-01,5.454,0.337,15.113540750462562,47.40270634647459,78.47983669489622,-7.345364920210326e-22,20.819238281250023
Kalamalka,Okanagan,2014-09-01,5.353,0.367,10.643320565577596,56.354046100750566,58.71404428035021,-7.345364920210326e-22,14.328027343750023
Kalamalka,Okanagan,2014-10-01,5.3,0.338,10.132240393431857,84.61893000639975,34.16762291453779,0.07865008228691295,9.045556640625023
Kalamalka,Okanagan,2014-11-01,5.259,0.315,8.319752232637256,83.6954265832901,16.524160746484995,8.066177368164062,-0.0016845703124772626
Kalamalka,Okanagan,2014-12-01,5.269,0.308,8.705237996764481,60.057107359170914,3.0769340228289366,50.131406635046005,-2.9462646484374773
Kalamalka,Okanagan,2015-01-01,5.331,0.616,8.794214809313416,68.80310759879649,0.8517089299857616,120.83754688501358,-3.1050781249999773
Kalamalka,Okanagan,2015-02-01,5.366,1.11,12.406690744683146,48.86201489716768,4.43013571202755,135.439932346344,1.6620117187500227
Kalamalka,Okanagan,2015-03-01,5.4,1.31,39.996089530177414,47.134787077084184,19.191325874999166,68.93842667341232,5.204858398437523
Kalamalka,Okanagan,2015-04-01,5.569,1.95,58.96110786125064,26.085235294885933,64.75497968494892,4.950915928930044,7.398583984375023
Kalamalka,Okanagan,2015-05-01,5.591,2.54,41.36737540829927,55.37415901198983,87.29949407279491,0.036464018194237724,14.551171875000023
Kalamalka,Okanagan,2015-06-01,5.522,1.67,25.378101272508502,53.1787786167115,97.752227447927,-7.345364920210326e-22,19.116967773437523
Kalamalka,Okanagan,2015-07-01,5.382,0.388,15.56519145378843,28.059805918019265,76.44838653504848,-7.345364920210326e-22,21.634667968750023
Kalamalka,Okanagan,2015-08-01,5.244,0.312,10.118802747456357,34.15820014197379,66.99220300652087,-7.345364920210326e-22,20.458642578125023
Kalamalka,Okanagan,2015-09-01,5.136,0.23,7.479865453206003,47.27367195300758,53.71900275349617,0.0003365909435615322,12.402368164062523
Kalamalka,Okanagan,2015-10-01,5.088,0.212,6.797972382628359,57.152060442604125,30.38923186250031,0.015314886695705354,9.132958984375023
Kalamalka,Okanagan,2015-11-01,5.099,0.193,6.890897493576631,104.21449318528175,15.243706293404102,22.912362590432167,-0.36240234374997726
Kalamalka,Okanagan,2015-12-01,5.116,0.168,5.283623933792114,76.25142857432365,4.459486808627844,76.90289616584778,-2.4678710937499773
Kalamalka,Okanagan,2016-01-01,5.167,0.287,4.943774823914282,54.48989802971482,0.8707060478627682,129.5735388994217,-3.8395751953124773
Kalamalka,Okanagan,2016-02-01,5.23,0.345,6.401678896509111,48.6202307511121,4.1729663498699665,165.06324708461761,0.19899902343752274
Kalamalka,Okanagan,2016-03-01,5.302,0.91,19.031979609280825,84.05672502703965,14.128904324024916,154.27017211914062,3.6412597656250227
Kalamalka,Okanagan,2016-04-01,5.47,2.1,64.65500453487039,18.838163232430816,65.55985193699598,29.25536222755909,11.435937500000023
Kalamalka,Okanagan,2016-05-01,5.61,3.92,50.195596646517515,60.675726272165775,85.80648805946112,0.016717349353712052,13.455468750000023
Kalamalka,Okanagan,2016-06-01,5.537,1.19,27.349446318112314,50.85988319478929,96.90818376839161,0.0025805304630921455,16.486352539062523
Kalamalka,Okanagan,2016-07-01,5.531,0.521,18.36676470702514,76.2571666855365,99.98441534116864,-7.345364920210326e-22,18.155664062500023
Kalamalka,Okanagan,2016-08-01,,0.723,11.61631805007346,26.81730454787612,74.47882858105004,-7.345364920210326e-22,20.167993164062523
Kalamalka,Okanagan,2016-09-01,,1.1,8.567344048060477,49.22127351164818,57.02852038666606,-7.345364920210326e-22,12.934350585937523
Kalamalka,Okanagan,2016-10-01,5.218,1.14,10.371862474130467,125.35900715738535,32.99663681536913,0.3050635859835893,6.686059570312523
Kalamalka,Okanagan,2016-11-01,5.194,0.783,8.441306417807937,68.21813760325313,12.899881694465876,6.348497699946165,3.7635742187500227
Kalamalka,Okanagan,2016-12-01,5.209,0.812,8.129815512802452,54.68559649307281,8.55234800837934,47.17613756656647,-7.213598632812477
Kalamalka,Okanagan,2017-01-01,5.164,0.933,8.513928827596828,27.65278978040442,0.6722612306475639,87.26714551448822,-9.146704101562477
Kalamalka,Okanagan,2017-02-01,5.152,0.763,7.926675374619663,54.61299791932106,1.835353672504425,127.88289785385132,-5.665869140624977
Kalamalka,Okanagan,2017-03-01,5.207,0.829,14.182073879055679,107.91143192909658,6.027903873473406,167.1559363603592,0.45974121093752274
Kalamalka,Okanagan,2017-04-01,5.406,0.928,77.19133514910936,91.66905423626304,28.184708207845688,99.1697907447815,4.974267578125023
Kalamalka,Okanagan,2017-05-01,,5.38,128.82556254044175,77.7023695409298,92.18504466116428,8.127436973154545,12.388574218750023
Kalamalka,Okanagan,2017-06-01,6.239,5.73,51.89464311115444,24.645894882269204,83.77737365663052,-7.345364920210326e-22,16.500634765625023
Kalamalka,Okanagan,2017-07-01,5.879,4.67,24.11156496964395,2.0277510629966855,61.076325830072165,-7.345364920210326e-22,22.035668945312523
Kalamalka,Okanagan,2017-08-01,5.492,2.37,12.995306169614196,2.463197241013404,45.738376211375,-7.345364920210326e-22,22.934228515625023
Kalamalka,Okanagan,2017-09-01,5.278,1.41,8.270118269138038,19.602529937401414,39.988718926906586,0.0003365909435615322,16.120874023437523
Kalamalka,Okanagan,2017-10-01,5.177,0.559,7.531037743319757,66.86518504284322,32.98325510695577,0.7226046291179955,6.145288085937523
Kalamalka,Okanagan,2017-11-01,5.175,0.326,6.972849369049072,97.52054465934634,10.217169765383005,31.543169170618057,-0.11215820312497726
Kalamalka,Okanagan,2017-12-01,5.153,0.822,4.862596339080483,74.89231182262301,7.536586839705706,60.67006662487984,-3.8864501953124773
Kalamalka,Okanagan,2018-01-01,5.12,0.992,4.4574784697033465,82.00250286608934,-0.10598544031381607,141.25627279281616,-3.4976562499999773
Kalamalka,Okanagan,2018-02-01,5.129,1.05,4.142934689298272,86.10547333955765,3.2350774854421616,234.58795249462128,-6.047583007812477
Kalamalka,Okanagan,2018-03-01,5.123,1.02,5.020252297981642,62.75025196373463,10.81797806546092,291.52655601501465,0.7394042968750227
Kalamalka,Okanagan,2018-04-01,5.221,1.38,36.219090688973665,94.36296997591853,17.570906784385443,270.932137966156,5.209375000000023
Kalamalka,Okanagan,2018-05-01,5.643,4.0,160.26206826791167,28.175650804769248,92.47057163156569,27.83365733921528,15.509179687500023
Kalamalka,Okanagan,2018-06-01,5.682,4.45,56.920641800388694,60.432069003582,90.49481945112348,0.016100266293506138,15.420190429687523
Kalamalka,Okanagan,2018-07-01,5.482,1.89,26.12799679627642,21.464303601533175,81.15477813407779,-7.345364920210326e-22,20.742333984375023
Kalamalka,Okanagan,2018-08-01,5.35,0.546,14.338425680762157,27.071196120232344,61.526612378656864,-7.345364920210326e-22,20.393212890625023
Kalamalka,Okanagan,2018-09-01,5.269,0.735,10.411046678200364,76.16875693202019,52.03382112085819,0.0016268561466858955,12.430810546875023
Kalamalka,Okanagan,2018-10-01,5.223,1.22,8.708607783773914,61.40417046844959,33.13158708624542,0.30809291638433933,6.132470703125023
Kalamalka,Okanagan,2018-11-01,5.209,1.25,10.103184613399208,88.67120370268822,12.901865411549807,6.747470237314701,2.1214843750000227
Kalamalka,Okanagan,2018-12-01,5.167,0.974,7.75178856565617,58.791027404367924,7.229132344946265,32.5104221701622,-1.1303466796874773
Kalamalka,Okanagan,2019-01-01,5.17,1.15,7.7808156493119895,37.38183493260294,2.0795059390366077,85.92672646045685,-0.7389892578124773
Kalamalka,Okanagan,2019-02-01,5.138,1.03,7.02300516422838,32.05814491957426,3.66347748786211,113.97496610879898,-9.950903320312477
Kalamalka,Okanagan,2019-03-01,5.129,1.0,18.958899891003966,26.029335567727685,5.485172383487225,111.85584217309952,0.33620605468752274
Kalamalka,Okanagan,2019-04-01,5.219,1.03,30.392243061214685,61.07540801167488,53.64516866393387,11.820456944406033,6.546411132812523
Kalamalka,Okanagan,2019-05-01,5.341,0.464,32.98250085208565,33.95203233230859,89.79422273114324,0.19858864834532142,14.370751953125023
Kalamalka,Okanagan,2019-06-01,5.368,0.172,21.899789571762085,49.4200992397964,91.71477751806378,0.0001682954717807661,16.367822265625023
Kalamalka,Okanagan,2019-07-01,5.364,0.194,16.184227191843092,70.62608026899397,103.15702785737813,-7.345364920210326e-22,18.240014648437523
Kalamalka,Okanagan,2019-08-01,5.29,0.127,10.28800755739212,24.580034834798425,66.97267899289727,-7.345364920210326e-22,20.019677734375023
Kalamalka,Okanagan,2019-09-01,5.243,0.204,8.998166886158288,94.22872681170702,56.60091759636998,0.31005634809844196,13.634912109375023
Kalamalka,Okanagan,2019-10-01,5.214,0.269,7.78773837373592,54.16278599295765,35.12436454184353,1.2546427315101027,4.743188476562523
Kalamalka,Okanagan,2019-11-01,5.214,0.42,7.901761564426124,61.903169844299555,12.091293465346098,5.83014776930213,1.1924072265625227
Kalamalka,Okanagan,2019-12-01,5.241,0.691,7.690433179959655,80.43742040172219,5.043092416599393,33.031295984983444,-0.8812011718749773
Kalamalka,Okanagan,2020-01-01,5.294,1.45,7.6732729794457555,93.14711298793554,1.8241635989397764,120.31269073486328,-3.5811523437499773
Kalamalka,Okanagan,2020-02-01,5.268,1.5,8.590842771809548,62.15826980769634,1.8931101076304913,179.41878736019135,0.11586914062502274
Kalamalka,Okanagan,2020-03-01,5.254,1.49,9.552116447594017,40.79791659023613,10.986295994371176,209.73031222820282,1.3779541015625227
Kalamalka,Okanagan,2020-04-01,5.306,1.69,42.59785870090127,29.449715511873364,21.60494215786457,150.53945779800415,5.680688476562523
Kalamalka,Okanagan,2020-05-01,5.724,4.07,97.85138256847858,99.16710620746017,89.2889080569148,7.441913243383169,11.785302734375023
Kalamalka,Okanagan,2020-06-01,5.999,6.36,56.48984690196812,72.67180597409606,99.16593320667744,0.002019545718212612,14.170678710937523
Kalamalka,Okanagan,2020-07-01,5.864,4.97,33.090269076637924,41.99896100908518,105.29927047900856,0.0001682954717807661,18.104028320312523
Kalamalka,Okanagan,2020-08-01,5.546,2.47,18.869242805521935,13.194895902415738,66.48587784729898,-7.345364920210326e-22,19.433251953125023
Kalamalka,Okanagan,2020-09-01,5.319,1.6,12.104783090762794,31.316864769905806,42.294475715607405,0.0003926894294181693,16.738793945312523
Kalamalka,Okanagan,2020-10-01,5.219,1.13,11.507192888529971,99.76576804183424,31.819104216992855,5.937744397670031,6.639062500000023
Kalamalka,Okanagan,2020-11-01,5.182,0.99,8.344983507413417,68.27664328739047,10.922807268798351,24.402841925621033,0.7226806640625227
Kalamalka,Okanagan,2020-12-01,5.151,0.947,7.793050637701526,78.32788862287998,5.1963902078568935,68.19214671850204,-0.46909179687497726
Kalamalka,Okanagan,2021-01-01,5.161,0.986,7.371832674834877,58.923895354382694,2.0964026916772127,143.37310194969177,-2.7779296874999773
Kalamalka,Okanagan,2021-02-01,5.149,0.957,6.584548798855394,58.889820240437984,3.6066751927137375,194.04058158397675,-5.189306640624977
Kalamalka,Okanagan,2021-03-01,5.142,0.894,8.806484082015231,23.44894304405898,15.314268181100488,203.00741493701935,2.5584960937500227
Kalamalka,Okanagan,2021-04-01,5.168,1.05,34.03186798095703,14.157453551888466,42.253886349499226,104.74603623151779,7.237451171875023
Kalamalka,Okanagan,2021-05-01,5.271,0.859,47.134494758211076,34.56114907748997,91.919424245134,3.899349831044674,11.808496093750023
Kalamalka,Okanagan,2021-06-01,5.302,0.214,30.07560968399048,16.696627135388553,83.22079433128238,0.0026366290057922015,19.770043945312523
Kalamalka,Okanagan,2021-07-01,5.201,0.211,17.60406867833808,8.242499025072902,68.70804261416197,-7.345364920210326e-22,24.261987304687523
Kalamalka,Okanagan,2021-08-01,5.068,0.159,10.927367577096447,34.71706691198051,66.57305383123457,-7.345364920210326e-22,19.788354492187523
Kalamalka,Okanagan,2021-09-01,4.985,0.112,7.981570379342884,54.47303527034819,47.01359895989299,5.6098489409350805e-05,13.872094726562523
Kalamalka,Okanagan,2021-10-01,4.941,0.101,7.92936235666275,79.88162478432059,33.33938610740006,0.8018157095648348,6.374536132812523
Kalamalka,Okanagan,2021-11-01,4.972,0.159,11.997863184660673,123.4889030456543,11.654575355350971,12.22991943359375,1.4559570312500227
Kalamalka,Okanagan,2021-12-01,5.0,0.227,9.20494447927922,86.50394645519555,7.880043471232057,53.1332902610302,-7.491674804687477
Kalamalka,Okanagan,2022-01-01,5.017,0.279,10.55896730395034,49.61094446480274,0.29125064611434937,122.36887216567993,-5.869116210937477
Kalamalka,Okanagan,2022-02-01,5.041,0.183,9.6315061673522,28.740879148244858,4.236878827214241,150.70410072803497,-3.2828124999999773
Kalamalka,Okanagan,2022-03-01,5.089,0.189,22.087632096372545,58.41898126527667,8.282620692625642,152.90232002735138,2.2710205078125227
Kalamalka,Okanagan,2022-04-01,5.185,0.153,44.74295536056161,39.21143710613251,41.65188409388065,60.83449348807335,4.100732421875023
Kalamalka,Okanagan,2022-05-01,5.384,0.613,68.80972627550364,79.44875466637313,81.07509417459369,9.006724692881107,9.127343750000023
Kalamalka,Okanagan,2022-06-01,5.623,3.59,53.072579903528094,102.62276977300644,99.95768778026104,0.03444447065703571,14.032983398437523
Kalamalka,Okanagan,2022-07-01,5.648,3.73,32.95546676963568,34.685196937061846,109.61692850105464,-7.345364920210326e-22,20.946557617187523
Kalamalka,Okanagan,2022-08-01,5.387,1.29,18.7355664675124,14.668804651591927,66.90683146007359,-7.345364920210326e-22,22.517846679687523
Kalamalka,Okanagan,2022-09-01,5.233,0.248,5.999963614158332,4.4033075391780585,15.358311356976628,-7.345364920210326e-22,16.624902343750023
Kalamalka,Okanagan,2022-10-01,5.175,0.128,4.709087428636849,19.162337586749345,9.128097095526755,0.7396024884656072,10.780541992187523
Kalamalka,Okanagan,2022-11-01,5.145,0.101,3.3840340620372444,35.12163762934506,6.690396694466472,33.66156294941902,-3.3429931640624773
Kalamalka,Okanagan,2022-12-01,5.129,0.13,2.9117659651092254,31.892104540020227,1.3435480650514364,82.0535197854042,-9.870825195312477
Kalamalka,Okanagan,2023-01-01,5.18,0.135,2.5659457460278645,26.87107858946547,-0.1707286573946476,141.51039719581604,-3.4523681640624773
Kalamalka,Okanagan,2023-02-01,5.211,0.175,1.972405385458842,24.02821183204651,0.890012364834547,182.32828378677368,-3.9549316406249773
Kalamalka,Okanagan,2023-03-01,5.205,0.367,2.0005599944852293,10.986668610712513,3.397449036128819,225.15296936035156,0.19399414062502274
Kalamalka,Okanagan,2023-04-01,5.205,0.805,8.430294692516327,29.54056835733354,7.590882014483213,175.26906728744507,5.058129882812523
Kalamalka,Okanagan,2023-05-01,5.373,1.46,16.73689211020246,18.48532527219504,31.444578780792654,4.170193336904049,16.285546875000023
Kalamalka,Okanagan,2023-06-01,5.376,0.376,11.474622006062418,20.433758036233485,33.79050409421325,0.0003926894294181693,17.643701171875023
Kalamalka,Okanagan,2023-07-01,5.283,0.24,7.6079361024312675,9.441351052373648,30.793996062129736,-7.345364920210326e-22,21.604394531250023
Kalamalka,Okanagan,2023-08-01,5.139,0.209,5.049551400588825,16.476666962262243,22.77446596417576,-7.345364920210326e-22,21.468164062500023
Kalamalka,Okanagan,2023-09-01,5.035,0.167,3.545709405443631,15.949209337122738,17.781337955966592,0.0019073486328125,14.479028320312523
Kalamalka,Okanagan,2023-10-01,4.984,0.124,3.0766771160415374,19.752859603613615,9.830929106101394,0.7375268614850938,8.199121093750023
Kalamalka,Okanagan,2023-11-01,4.955,0.108,2.7484819293022156,22.679303074255586,4.297223640605807,6.281403824687004,1.3650146484375227
Kalamalka,Okanagan,2023-12-01,4.957,0.16,2.689472799829673,29.067272087559104,1.974960439838469,24.303659796714783,0.10878906250002274
Kalamalka,Okanagan,2024-01-01,4.989,0.126,2.4974093757919036,35.07024224381894,0.9305953281000257,60.2874755859375,-5.397680664062477
Kalamalka,Okanagan,2024-02-01,5.048,,2.6407815457787365,31.71983384527266,0.9020419092848897,85.04525572061539,-0.7126220703124773
Kalamalka,Okanagan,2024-03-01,5.07,0.252,15.292690717615187,30.328436754643917,10.08983701467514,80.47221601009369,2.6029296875000227
Kalamalka,Okanagan,2024-04-01,5.104,0.25,22.12041523307562,47.492072917521,59.10157458856702,12.407022528350353,6.575097656250023
Kalamalka,Okanagan,2024-05-01,5.177,0.217,24.075452762190253,41.864884085953236,90.2011594735086,0.5516164237633348,11.277246093750023
Kalamalka,Okanagan,2024-06-01,5.213,0.262,18.350057071074843,55.25814718566835,96.57715447247028,0.013295341886987444,14.605737304687523
Kalamalka,Okanagan,2024-07-01,5.171,0.205,12.383974477415904,11.904068087460473,85.27114032767713,-7.345364920210326e-22,23.208886718750023
Kalamalka,Okanagan,2024-08-01,5.038,0.128,9.00657003512606,54.94781013112515,73.3916477765888,0.0001682954717807661,20.396386718750023
Kalamalka,Okanagan,2024-09-01,4.955,0.057,6.153263384476304,23.852986050769687,53.8912508636713,0.0003365909435615322,16.208276367187523
Kalamalka,Okanagan,2024-10-01,4.901,0.101,6.5613795013632625,70.42163028381765,31.508011976256967,0.25059195468202233,7.856958007812523
Kalamalka,Okanagan,2024-11-01,4.901,0.151,5.682680639438331,72.51049624755979,12.578575406223536,11.382720433175564,1.2900634765625227
Kalamalka,Okanagan,2024-12-01,4.9,0.055,4.769882987602614,62.65520863234997,3.85364331305027,43.46791282296181,0.43007812500002274
Okanagan,Okanagan,1994-01-01,1.604,22.7,9.108544210903347,54.340692702680826,0.27448668879515026,125.87930262088776,-0.40039672851560226
Okanagan,Okanagan,1994-02-01,1.52,5.34,7.5764135690405965,78.6706181243062,2.099214121699333,164.87905383110046,-4.647375488281227
Okanagan,Okanagan,1994-03-01,1.472,25.3,13.426308694761246,46.296106185764074,7.387096411548555,198.61376285552979,1.4330078125000227
Okanagan,Okanagan,1994-04-01,1.517,21.4,62.72185826674104,59.763877652585506,31.813010573387146,100.57367384433746,6.860437011718773
Okanagan,Okanagan,1994-05-01,1.962,16.0,87.57120626978576,53.7127701099962,78.69210350327194,7.195746526122093,11.986138916015648
Okanagan,Okanagan,1994-06-01,2.16,11.6,46.34642391465604,85.40137438103557,89.28047027438879,0.010878951798076741,14.122766113281273
Okanagan,Okanagan,1994-07-01,2.086,17.9,27.29787497082725,21.18744153995067,84.8607246298343,-7.345365413248392e-22,20.722558593750023
Okanagan,Okanagan,1994-08-01,1.9,15.0,16.855129681061953,59.60535921622068,82.57729560136795,-7.345365413248392e-22,19.033776855468773
Okanagan,Okanagan,1994-09-01,1.722,18.1,10.86659700376913,23.976846132427454,57.42572131566703,0.00014128508496469294,16.325189208984398
Okanagan,Okanagan,1994-10-01,1.562,11.3,9.211735479766503,79.58093332126737,42.21838782541454,2.020968357101083,7.047448730468773
Okanagan,Okanagan,1994-11-01,1.492,5.31,6.642710213782266,85.02950426191092,20.59375459793955,48.810023814439774,-2.6262573242187273
Okanagan,Okanagan,1994-12-01,1.459,5.17,6.1437361291609704,90.38462024182081,6.688852183287963,131.05465471744537,-4.445989990234352
Okanagan,Okanagan,1995-01-01,1.461,6.56,5.4135885438881814,60.838847421109676,-0.6864600109111052,202.0910382270813,-5.510748291015602
Okanagan,Okanagan,1995-02-01,1.448,17.7,5.220963677857071,54.43300446495414,5.6547001004219055,252.71174311637878,-1.6947387695312273
Okanagan,Okanagan,1995-03-01,1.33,24.8,6.847818163805641,60.83205551840365,11.232415854465216,276.33917331695557,-0.20899047851560226
Okanagan,Okanagan,1995-04-01,1.313,25.1,19.996914197690785,43.72316412627697,24.643890210427344,242.19627678394318,4.168542480468773
Okanagan,Okanagan,1995-05-01,1.603,39.6,94.93902046233416,30.96827946137637,73.35372571833432,88.96802365779877,11.565332031250023
Okanagan,Okanagan,1995-06-01,2.006,7.79,83.75780191272497,89.87653534859419,83.14241655170918,1.0592584731057286,15.070794677734398
Okanagan,Okanagan,1995-07-01,2.066,14.7,37.406176794320345,59.61873009800911,84.82148172333837,-7.345365413248392e-22,18.070886230468773
Okanagan,Okanagan,1995-08-01,1.908,21.7,21.448047424200922,64.65804763138294,84.77777102962136,-7.345365413248392e-22,15.216882324218773
Okanagan,Okanagan,1995-09-01,1.728,21.4,13.55096697807312,25.443927152082324,55.253785103559494,-7.345365413248392e-22,16.419732666015648
Okanagan,Okanagan,1995-10-01,1.614,9.85,11.897612712346017,81.73404587432742,45.220636180602014,1.4704510103911161,5.639459228515648
Okanagan,Okanagan,1995-11-01,1.6,5.31,13.154062035027891,165.59644136577845,12.193182483315468,43.63493621349335,0.7771545410156477
Okanagan,Okanagan,1995-12-01,1.666,8.79,11.518153944052756,88.27788173221052,12.040214700391516,128.7202686071396,-4.732611083984352
Okanagan,Okanagan,1996-01-01,1.633,25.6,12.695778568740934,67.91089265607297,2.0369254998513497,207.04151690006256,-8.406652832031227
Okanagan,Okanagan,1996-02-01,1.527,25.3,11.74145596451126,60.45465706847608,3.8825995288789272,263.62407207489014,-4.310064697265602
Okanagan,Okanagan,1996-03-01,1.414,41.3,13.2477875740733,38.01051899790764,12.17704699956812,284.1755151748657,-0.42890014648435226
Okanagan,Okanagan,1996-04-01,1.381,45.3,68.15602770075202,67.1860040165484,17.127792234532535,206.63900673389435,4.301354980468773
Okanagan,Okanagan,1996-05-01,1.751,46.2,155.19598731771111,111.01075541228056,58.606732985936105,99.4490459561348,7.679772949218773
Okanagan,Okanagan,1996-06-01,2.329,63.4,126.63634959608316,45.496271923184395,81.29073539748788,6.90770149230957,13.801171875000023
Okanagan,Okanagan,1996-07-01,2.218,46.7,39.950411999598145,28.305059648118913,80.42449341155589,0.00034438238571965485,19.560754394531273
Okanagan,Okanagan,1996-08-01,1.955,38.7,20.217505865730345,27.953203360084444,67.584830801934,-7.345365413248392e-22,19.106835937500023
Okanagan,Okanagan,1996-09-01,1.749,17.0,14.618357818108052,97.77038125321269,66.01989967748523,0.04194400753476657,11.925775146484398
Okanagan,Okanagan,1996-10-01,1.717,8.51,11.574221425689757,87.18502055853605,39.12219684571028,10.265870951116085,4.999505615234398
Okanagan,Okanagan,1996-11-01,1.727,5.42,10.358293948229402,105.8226521126926,17.526234732940793,46.75484448671341,-2.3834899902343523
Okanagan,Okanagan,1996-12-01,1.742,12.9,9.735207306221128,112.73475829511881,5.350350678781979,143.98103952407837,-7.952642822265602
Okanagan,Okanagan,1997-01-01,1.68,23.8,9.613125381292775,96.93713905289769,0.9177152533084154,257.8185796737671,-4.750891113281227
Okanagan,Okanagan,1997-02-01,1.562,32.6,8.288160082884133,38.00573572516441,3.4049850364681333,314.2039477825165,-2.1548828124999773
Okanagan,Okanagan,1997-03-01,1.387,46.0,10.176939918892458,83.22598366066813,13.131770363543183,364.0395998954773,-0.03787841796872726
Okanagan,Okanagan,1997-04-01,1.255,49.7,28.506506932899356,48.45611751079559,24.211607524193823,338.2801115512848,3.2991271972656477
Okanagan,Okanagan,1997-05-01,1.773,56.3,222.67909115180373,90.57476464658976,61.20003806427121,126.79840624332428,10.095910644531273
Okanagan,Okanagan,1997-06-01,2.518,63.5,118.42272710055113,88.54786399751902,87.4525448307395,1.5299143269658089,13.730065917968773
Okanagan,Okanagan,1997-07-01,2.559,71.5,46.796112204901874,87.3382028657943,100.16968054696918,-7.345365413248392e-22,16.863977050781273
Okanagan,Okanagan,1997-08-01,2.22,74.8,25.85291932336986,30.53974360227585,79.0174868889153,-7.345365413248392e-22,18.992089843750023
Okanagan,Okanagan,1997-09-01,1.797,56.6,18.76528956927359,91.1076832562685,64.38183132559061,0.005819179477839498,14.123925781250023
Okanagan,Okanagan,1997-10-01,1.687,17.7,15.972483670338988,92.61345420964062,42.716809548437595,1.3816533610224724,5.787805175781273
Okanagan,Okanagan,1997-11-01,1.644,21.4,14.125079324003309,43.69790316559374,15.306937275454402,7.070664782077074,1.8366333007812727
Okanagan,Okanagan,1997-12-01,1.566,14.2,14.6158687712159,43.5895329574123,12.687870621448383,30.89408576488495,-2.7554687499999773
Okanagan,Okanagan,1998-01-01,1.544,17.2,13.751475547906011,95.5665244255215,2.3065301138558425,106.32520169019699,-5.350012207031227
Okanagan,Okanagan,1998-02-01,1.48,25.8,12.217642040923238,39.3891679123044,1.0185650025960058,158.10920298099518,-0.28836669921872726
Okanagan,Okanagan,1998-03-01,1.419,26.2,16.97411248460412,61.13884598016739,5.281513644149527,189.31053578853607,1.1375061035156477
Okanagan,Okanagan,1998-04-01,1.443,30.0,51.239796448498964,40.505012730136514,28.929449035786092,133.13673436641693,5.597558593750023
Okanagan,Okanagan,1998-05-01,1.992,21.0,98.9101470913738,66.08002376742661,71.31444429978728,7.470325101166964,12.752923583984398
Okanagan,Okanagan,1998-06-01,2.189,28.1,49.99878932721913,80.00769652426243,83.78838887438178,0.010755326911748853,14.870904541015648
Okanagan,Okanagan,1998-07-01,2.075,25.6,30.39338206872344,33.8795913849026,87.69399463199079,-7.345365413248392e-22,20.990441894531273
Okanagan,Okanagan,1998-08-01,1.876,13.3,17.836812243331224,9.894373128190637,67.04109604470432,-7.345365413248392e-22,20.930566406250023
Okanagan,Okanagan,1998-09-01,1.659,13.5,11.439621448516846,30.60277202166617,50.16014794819057,-7.345365413248392e-22,17.445886230468773
Okanagan,Okanagan,1998-10-01,1.536,9.25,9.654359484557062,70.00890490598977,45.61497794929892,0.3858318959828466,7.297845458984398
Okanagan,Okanagan,1998-11-01,1.503,6.44,9.05532797332853,134.6812443807721,16.04140503332019,23.524805903434753,1.5096679687500227
Okanagan,Okanagan,1998-12-01,1.486,5.51,7.487843569833785,113.85199381038547,15.006905712652951,110.98441481590271,-4.587683105468727
Okanagan,Okanagan,1999-01-01,1.47,16.2,7.438805725541897,84.88872228190303,0.7194018216978293,205.82054555416107,-2.2171997070312273
Okanagan,Okanagan,1999-02-01,1.36,24.8,6.6757858148775995,92.78337750583887,3.3702347427606583,299.9698221683502,-2.2136596679687273
Okanagan,Okanagan,1999-03-01,1.256,28.3,8.552488754503429,55.418331641703844,13.335500378161669,357.1791350841522,0.5276428222656477
Okanagan,Okanagan,1999-04-01,1.144,46.2,23.619909770786762,29.292067629285157,26.020839577540755,326.0239064693451,3.6426635742187727
Okanagan,Okanagan,1999-05-01,1.35,47.9,113.30353864468634,61.41128716990352,58.95074177533388,179.3016791343689,7.681939697265648
Okanagan,Okanagan,1999-06-01,1.931,18.8,150.81056859344244,68.48850287497044,76.44081953912973,25.270922109484673,12.798913574218773
Okanagan,Okanagan,1999-07-01,2.122,46.4,52.053420222364366,59.15769631974399,92.83013828098774,0.03662815652205609,16.356927490234398
Okanagan,Okanagan,1999-08-01,1.835,41.8,25.113406707532704,51.32445273920894,74.5237662922591,0.004450479991646716,19.399804687500023
Okanagan,Okanagan,1999-09-01,1.643,15.1,15.194530715234578,37.208948051556945,62.60032067075372,0.44503036770038307,13.279595947265648
Okanagan,Okanagan,1999-10-01,1.529,9.29,12.227843719301745,66.7139443103224,40.661663515493274,1.0216501541435719,6.488671875000023
Okanagan,Okanagan,1999-11-01,1.527,4.92,11.95990975247696,108.41835988685489,16.623777919448912,12.193309143185616,1.6415039062500227
Okanagan,Okanagan,1999-12-01,1.547,16.9,10.134257754543796,71.45087420940399,10.344233829528093,79.90378886461258,-2.1941284179687273
Okanagan,Okanagan,2000-01-01,1.466,13.6,10.211226937826723,60.45073817949742,4.286340204998851,144.72879469394684,-4.636328124999977
Okanagan,Okanagan,2000-02-01,1.42,17.6,9.296049480326474,45.66509812138975,1.402935478836298,187.55695223808289,-2.5737365722656023
Okanagan,Okanagan,2000-03-01,1.402,7.11,10.151368333026767,63.22943838313222,12.773105932865292,233.60396921634674,1.0939575195312727
Okanagan,Okanagan,2000-04-01,1.482,18.3,39.48258818127215,60.27580937370658,25.648786104284227,180.37576973438263,5.002526855468773
Okanagan,Okanagan,2000-05-01,1.833,37.2,109.54400757327676,69.34469868429005,70.28078311122954,60.20752713084221,9.422662353515648
Okanagan,Okanagan,2000-06-01,2.119,35.8,90.70521919056773,59.5171214081347,84.65176681056619,3.1447852961719036,14.332421875000023
Okanagan,Okanagan,2000-07-01,2.054,35.9,38.12603547703475,74.21154086478055,95.66697385162115,0.018252267182106152,17.458306884765648
Okanagan,Okanagan,2000-08-01,1.875,18.2,20.275837916415185,27.635409438516945,74.34127270244062,-7.345365413248392e-22,17.834069824218773
Okanagan,Okanagan,2000-09-01,1.711,23.4,13.477585162036121,55.65189407207072,60.44932175427675,0.01502920076745795,12.791406250000023
Okanagan,Okanagan,2000-10-01,1.553,10.9,10.644981230143458,50.96953792963177,37.91106562130153,0.31304359436035156,6.856347656250023
Okanagan,Okanagan,2000-11-01,1.498,7.6,8.027841104194522,34.28459633141756,22.87891984451562,11.412338353693485,-1.0994018554687273
Okanagan,Okanagan,2000-12-01,1.444,5.17,7.211999210994691,46.49681376758963,9.68387647299096,43.04861277341843,-5.645422363281227
Okanagan,Okanagan,2001-01-01,1.43,4.58,6.497441965620965,32.627380336634815,-0.4513778667387669,80.21897822618484,-4.260839843749977
Okanagan,Okanagan,2001-02-01,1.414,4.65,5.38179132854566,23.98217120207846,1.278748590266332,109.71107333898544,-4.797277832031227
Okanagan,Okanagan,2001-03-01,1.406,5.25,7.791846175678074,52.17974167317152,6.1331255856202915,115.6005710363388,1.1717773437500227
Okanagan,Okanagan,2001-04-01,1.416,4.84,18.14410148654133,64.15340350940824,24.49984196573496,106.20752722024918,4.068841552734398
Okanagan,Okanagan,2001-05-01,1.599,5.26,25.630762393120676,40.79098394140601,80.93403046950698,21.084953099489212,10.975000000000023
Okanagan,Okanagan,2001-06-01,1.9,6.38,26.770171243697405,87.82929042354226,86.53267286717892,0.09357487579109147,12.999993896484398
Okanagan,Okanagan,2001-07-01,1.92,12.2,20.561382931191474,61.21749780140817,94.02116807177663,5.298190686175985e-05,17.683801269531273
Okanagan,Okanagan,2001-08-01,1.815,14.1,14.399667386896908,37.93167229741812,81.11525373533368,-7.345365413248392e-22,19.048333740234398
Okanagan,Okanagan,2001-09-01,1.642,13.5,10.120525548700243,26.15714678540826,58.471468510106206,-7.345365413248392e-22,14.921472167968773
Okanagan,Okanagan,2001-10-01,1.509,10.3,9.384890203364193,82.98431895673275,42.15547430794686,5.131562706083059,5.415246582031273
Okanagan,Okanagan,2001-11-01,1.469,6.55,8.760115597397089,83.50873365998268,17.489109886810184,10.069061070680618,2.2485290527343977
Okanagan,Okanagan,2001-12-01,1.467,6.13,7.773232500767335,87.99833105877042,12.996787612792104,86.9331806898117,-3.8190368652343523
Okanagan,Okanagan,2002-01-01,1.457,7.07,8.415434509515762,81.75971219316125,1.8638626897882205,152.1369069814682,-3.5050720214843523
Okanagan,Okanagan,2002-02-01,1.431,7.93,7.5373208383098245,53.02724055945873,2.5906814262270927,205.45370876789093,-3.0289978027343523
Okanagan,Okanagan,2002-03-01,1.372,14.4,8.45110192312859,59.44628722500056,9.108504513278604,260.1112723350525,-2.9205078124999773
Okanagan,Okanagan,2002-04-01,1.354,18.7,28.30964222084731,44.11017056554556,20.216937409713864,231.18865489959717,3.8465820312500227
Okanagan,Okanagan,2002-05-01,1.62,26.8,119.70444140024483,93.55858247727156,60.723204631358385,106.58155381679535,8.648156738281273
Okanagan,Okanagan,2002-06-01,2.155,43.3,116.5548269636929,45.1309815980494,88.64132221788168,6.093484349548817,16.153894042968773
Okanagan,Okanagan,2002-07-01,2.115,19.2,38.82275766227394,23.532869236078113,79.84585361555219,-7.279189351023598e-22,19.330163574218773
Okanagan,Okanagan,2002-08-01,1.906,19.5,19.622985215391964,23.301044129766524,64.40936727449298,-7.279189351023598e-22,18.367974853515648
Okanagan,Okanagan,2002-09-01,1.671,19.7,12.137550220359117,35.588282626122236,52.19457554630935,0.003567448402463924,13.813775634765648
Okanagan,Okanagan,2002-10-01,1.503,11.7,8.967640198534355,18.678138440009207,36.720064701512456,0.6751925684511662,6.877648925781273
Okanagan,Okanagan,2002-11-01,1.396,5.83,7.550509180873632,45.0615759473294,15.35428105853498,6.253436673432589,2.0669799804687727
Okanagan,Okanagan,2002-12-01,1.37,5.04,6.653911957982928,88.78399757668376,10.505584825295955,29.54690530896187,-1.1558593749999773
Okanagan,Okanagan,2003-01-01,1.367,4.85,5.710281824576668,64.82910830527544,2.990160879562609,96.78830206394196,-1.5441345214843523
Okanagan,Okanagan,2003-02-01,1.361,4.99,4.671779344789684,29.44009890779853,2.2341849689837545,132.42404162883759,-1.7224487304687273
Okanagan,Okanagan,2003-03-01,1.339,5.44,11.353471054462716,90.71680274792016,7.569795707240701,158.9372605085373,0.5707031250000227
Okanagan,Okanagan,2003-04-01,1.368,5.19,28.690688777714968,64.96527465060353,30.781463719904423,111.46973073482513,5.285638427734398
Okanagan,Okanagan,2003-05-01,1.559,4.54,69.79805999435484,70.04157966002822,72.42425996810198,37.03157976269722,10.071496582031273
Okanagan,Okanagan,2003-06-01,1.789,6.76,56.71741208061576,67.4351560883224,97.62923698872328,0.41805373621173203,16.180169677734398
Okanagan,Okanagan,2003-07-01,1.713,13.8,28.544194530695677,6.802137024351396,79.8591198399663,-7.279189351023598e-22,20.580285644531273
Okanagan,Okanagan,2003-08-01,1.496,13.1,16.057425760664046,16.969666350632906,63.06102662347257,-7.302405527464253e-22,20.477044677734398
Okanagan,Okanagan,2003-09-01,1.298,11.8,10.461173951625824,37.41613822057843,55.574962170794606,0.023930160750751384,15.070611572265648
Okanagan,Okanagan,2003-10-01,1.178,6.29,13.062865211395547,130.19445212557912,43.039536802098155,1.053403946571052,8.854211425781273
Okanagan,Okanagan,2003-11-01,1.121,5.1,7.549015281256288,101.39308171346784,20.353017607703805,33.28647464513779,-1.7968811035156023
Okanagan,Okanagan,2003-12-01,1.084,4.62,7.201513624750078,44.06464856583625,7.03797880851198,110.7635572552681,-3.5856384277343523
Okanagan,Okanagan,2004-01-01,1.046,4.67,7.1246378211071715,72.34683516435325,1.5695531837991439,149.5148092508316,-5.615026855468727
Okanagan,Okanagan,2004-02-01,1.05,4.82,6.523279793327674,31.258126022294164,1.8556212453404441,213.62446248531342,-1.7303833007812273
Okanagan,Okanagan,2004-03-01,1.052,4.69,11.462381487945095,52.517232834361494,13.170423218980432,228.5141795873642,2.5306640625000227
Okanagan,Okanagan,2004-04-01,1.166,4.1,51.91364209167659,36.175246350467205,45.064736623317,108.14648866653442,8.393273925781273
Okanagan,Okanagan,2004-05-01,1.547,2.93,91.09384356997907,100.19388888031244,78.00440350547433,9.581230580806732,11.460260009765648
Okanagan,Okanagan,2004-06-01,1.93,4.51,52.28181020356715,57.18147964216769,91.70816279947758,0.004159079708188074,16.706628417968773
Okanagan,Okanagan,2004-07-01,1.937,11.2,28.70668232208118,33.549541723914444,86.44911320880055,-7.306051543960571e-22,20.187585449218773
Okanagan,Okanagan,2004-08-01,1.798,13.4,18.081419984810054,86.49132261052728,80.6759453844279,-7.345365413248392e-22,19.878717041015648
Okanagan,Okanagan,2004-09-01,1.691,17.6,13.85657291393727,94.2051806487143,68.19702219218016,0.22925270604901016,12.208978271484398
Okanagan,Okanagan,2004-10-01,1.593,10.3,11.75863403477706,63.341761007905006,44.64156331960112,3.332526655867696,7.286218261718773
Okanagan,Okanagan,2004-11-01,1.58,3.8,12.907193158753216,86.05821523815393,16.92048506811261,19.013414159417152,1.9335876464843977
Okanagan,Okanagan,2004-12-01,1.58,18.0,14.623717172071338,78.33236362785101,10.576684173429385,60.68122759461403,0.07198486328127274
Okanagan,Okanagan,2005-01-01,1.492,21.5,18.388928612694144,59.95805095881224,6.832521496107802,105.11970520019531,-4.589636230468727
Okanagan,Okanagan,2005-02-01,1.438,26.8,21.425355691462755,19.669704837724566,5.058662674855441,100.39027780294418,-0.31201782226560226
Okanagan,Okanagan,2005-03-01,1.391,15.2,34.78386718779802,56.93342396989465,14.402959583094344,62.423545867204666,3.5818420410156477
Okanagan,Okanagan,2005-04-01,1.471,19.0,49.160378985106945,45.54466693662107,55.883636232465506,47.97381907701492,7.763665771484398
Okanagan,Okanagan,2005-05-01,1.882,11.1,65.67062577232718,66.31824560463428,79.04235925525427,3.885366255417466,13.149499511718773
Okanagan,Okanagan,2005-06-01,2.175,12.6,38.987710140645504,107.73272719234228,81.9712202064693,0.005880991466256091,13.631646728515648
Okanagan,Okanagan,2005-07-01,2.129,40.2,25.234950007870793,35.87309783324599,98.80887484177947,-7.345365413248392e-22,18.043267822265648
Okanagan,Okanagan,2005-08-01,1.835,20.1,16.330604965332896,30.428341240622103,76.13901933655143,-7.345365413248392e-22,19.416497802734398
Okanagan,Okanagan,2005-09-01,1.652,11.6,11.501798580866307,54.458422819152474,61.99972936883569,0.0031171020964393392,12.557427978515648
Okanagan,Okanagan,2005-10-01,1.545,10.2,10.800761025166139,92.48646511696279,38.632447249256074,0.3705112903844565,7.209191894531273
Okanagan,Okanagan,2005-11-01,1.505,5.4,8.755918534006923,76.41498232260346,18.98659800644964,31.14166110754013,0.7891479492187727
Okanagan,Okanagan,2005-12-01,1.459,5.17,8.61785901361145,51.51546688284725,11.620695615420118,59.73636731505394,-3.0983337402343523
Okanagan,Okanagan,2006-01-01,1.503,4.46,8.367440081201494,106.92519857548177,1.2907949967484456,138.3032202720642,-0.7927612304687273
Okanagan,Okanagan,2006-02-01,1.465,20.6,7.556915283203125,62.10746522992849,4.458754032384604,213.81467580795288,-3.4081176757812273
Okanagan,Okanagan,2006-03-01,1.357,21.4,9.400162060046569,51.46020057145506,9.60037432378158,262.7871036529541,1.0553833007812727
Okanagan,Okanagan,2006-04-01,1.383,14.8,47.46204474940896,49.52731775119901,26.075398782268167,194.89499926567078,6.452630615234398
Okanagan,Okanagan,2006-05-01,1.811,33.7,119.65533182956278,69.00804839096963,78.75981321558356,44.227734208106995,12.139733886718773
Okanagan,Okanagan,2006-06-01,2.211,58.4,71.78206695243716,71.76030892878771,87.57714182138443,0.024548282453906722,16.101068115234398
Okanagan,Okanagan,2006-07-01,2.065,24.7,34.02099071536213,20.616739464458078,79.60060890763998,-7.345365413248392e-22,21.227838134765648
Okanagan,Okanagan,2006-08-01,1.842,15.2,18.337494926527143,25.07980988593772,67.06629320979118,-7.345365413248392e-22,19.278710937500023
Okanagan,Okanagan,2006-09-01,1.652,16.9,11.656421120278537,43.233633041381836,55.765046272426844,0.11436144268373027,15.399896240234398
Okanagan,Okanagan,2006-10-01,1.502,8.35,9.195965598337352,50.477828714065254,40.44189746491611,0.8180848089978099,7.591607666015648
Okanagan,Okanagan,2006-11-01,1.451,5.36,10.141442762687802,152.4617336690426,22.171619930304587,34.011609852313995,-0.9818481445312273
Okanagan,Okanagan,2006-12-01,1.432,4.93,6.800662347814068,72.61343719437718,8.578535809647292,118.0182546377182,-3.7016662597656023
Okanagan,Okanagan,2007-01-01,1.401,4.57,6.603428759262897,61.48905120790005,0.8012092093849787,199.87395405769348,-6.836340332031227
Okanagan,Okanagan,2007-02-01,1.387,6.8,5.796433659270406,48.56516048312187,3.6434230278246105,233.82501304149628,-1.6213745117187273
Okanagan,Okanagan,2007-03-01,1.364,16.4,12.191043118946254,63.06625949218869,13.286249159136787,254.8902928829193,1.7261596679687727
Okanagan,Okanagan,2007-04-01,1.402,18.5,41.48007254116237,33.22282922454178,33.7218283675611,154.36327457427979,5.939050292968773
Okanagan,Okanagan,2007-05-01,1.65,13.0,98.78467372618616,26.79871703730896,80.03645273856819,33.16562995314598,12.450769042968773
Okanagan,Okanagan,2007-06-01,1.901,5.96,56.54128734022379,87.23411243408918,78.01518542692065,0.07857216405682266,14.764733886718773
Okanagan,Okanagan,2007-07-01,1.972,11.3,28.65191944874823,38.473775843158364,85.69197845645249,-7.345365413248392e-22,20.765832519531273
Okanagan,Okanagan,2007-08-01,1.831,12.6,16.474469157401472,26.303996215574443,69.57499543204904,-7.345365413248392e-22,18.016015625000023
Okanagan,Okanagan,2007-09-01,1.641,19.2,10.973397293128073,40.05181719549,51.97663907893002,0.10581369861029088,13.306451416015648
Okanagan,Okanagan,2007-10-01,1.527,9.59,9.485192567808554,67.9439571686089,39.605677826330066,1.7488973680883646,6.179895019531273
Okanagan,Okanagan,2007-11-01,1.485,4.46,7.6796900248155,56.133189937099814,23.299085441976786,9.656393900513649,0.9836059570312727
Okanagan,Okanagan,2007-12-01,1.461,4.47,8.096875506453216,97.26584260351956,11.209721444174647,63.92326205968857,-3.3399414062499773
Okanagan,Okanagan,2008-01-01,1.452,3.89,6.6944233840331435,49.910405301488936,0.7212105447251815,124.06272441148758,-7.021185302734352
Okanagan,Okanagan,2008-02-01,1.433,4.77,6.260277499677613,35.246459883637726,0.7703809278609697,166.96397960186005,-1.9649414062499773
Okanagan,Okanagan,2008-03-01,1.427,6.89,6.801436451496556,47.10556962527335,10.915636928984895,185.9341859817505,0.6909118652343977
Okanagan,Okanagan,2008-04-01,1.386,11.8,16.705868183635175,44.969015289098024,17.1785952989012,169.69366371631622,3.5204101562500227
Okanagan,Okanagan,2008-05-01,1.61,11.6,66.84781913645566,60.8249893411994,73.00117472186685,48.33042994141579,12.054101562500023
Okanagan,Okanagan,2008-06-01,2.165,23.6,51.952083595097065,53.76326269470155,87.5989138148725,0.11524447472766042,14.279687500000023
Okanagan,Okanagan,2008-07-01,2.121,16.7,29.750735266134143,20.65816754475236,74.70571133308113,-7.345365413248392e-22,19.580468750000023
Okanagan,Okanagan,2008-08-01,1.969,16.9,18.00425141118467,72.24908517673612,82.03722746111453,0.00030906110737305426,18.398431396484398
Okanagan,Okanagan,2008-09-01,1.737,25.0,11.414620676077902,23.81224127020687,58.07145265862346,0.0026844165859074565,14.257043457031273
Okanagan,Okanagan,2008-10-01,1.559,11.3,9.50017391005531,44.68072683084756,41.922810138203204,0.3385102318134159,7.105462646484398
Okanagan,Okanagan,2008-11-01,1.489,4.39,8.600039582233876,72.76709424331784,18.778180237859488,7.24927568808198,2.7855468750000227
Okanagan,Okanagan,2008-12-01,1.455,5.4,7.2181306895799935,69.20474651269615,18.403044727165252,31.157715246081352,-6.597753906249977
Okanagan,Okanagan,2009-01-01,1.422,5.73,6.906448848894797,46.66105005890131,0.7351682634180179,97.28824347257614,-4.397253417968727
Okanagan,Okanagan,2009-02-01,1.383,5.16,6.0546211316250265,35.98159411922097,2.883042849134654,113.6949434876442,-1.3573364257812273
Okanagan,Okanagan,2009-03-01,1.362,4.74,7.240893668495119,61.357449973002076,8.964504988398403,153.97052466869354,-1.2660278320312273
Okanagan,Okanagan,2009-04-01,1.374,5.96,21.78587077651173,37.440379383042455,24.227304384112358,123.25688451528549,5.125573730468773
Okanagan,Okanagan,2009-05-01,1.524,4.62,40.84171028807759,54.21464913524687,84.73682473413646,31.053675338625908,11.541986083984398
Okanagan,Okanagan,2009-06-01,1.772,6.42,36.61275724880397,32.106887083500624,78.19406222552061,0.10829501843545586,16.840234375000023
Okanagan,Okanagan,2009-07-01,1.737,9.92,22.19192316988483,27.07237983122468,69.32026660069823,-7.345365413248392e-22,21.496881103515648
Okanagan,Okanagan,2009-08-01,1.62,9.85,13.617116230307147,30.339840799570084,67.73782544769347,0.0015717965879957774,20.091882324218773
Okanagan,Okanagan,2009-09-01,1.498,8.82,9.367993916384876,45.88647745549679,65.21968636661768,0.010393284355814103,15.793359375000023
Okanagan,Okanagan,2009-10-01,1.348,9.62,9.027484367834404,103.98307768628001,41.1300485720858,3.155363956466317,5.284753417968773
Okanagan,Okanagan,2009-11-01,1.295,5.9,7.231388735817745,83.41401116922498,19.103775266557932,28.622062876820564,1.6845642089843977
Okanagan,Okanagan,2009-12-01,1.231,5.06,6.245440992643125,37.60974982287735,18.329715996515006,66.23414158821106,-4.908605957031227
Okanagan,Okanagan,2010-01-01,1.226,4.3,6.694506839266978,57.60367144830525,0.0001039355965737343,117.20460653305054,-0.25702514648435226
Okanagan,Okanagan,2010-02-01,1.24,4.24,7.029506494291127,36.25783137977123,1.917849585879594,142.2528326511383,1.2763610839843977
Okanagan,Okanagan,2010-03-01,1.253,4.86,12.807511142455041,54.703691392205656,15.128813509363681,133.50136578083038,3.3979431152343977
Okanagan,Okanagan,2010-04-01,1.285,4.77,28.96137535572052,49.03004737570882,45.612144749611616,95.84004431962967,6.592279052734398
Okanagan,Okanagan,2010-05-01,1.589,3.47,60.82280958071351,90.73990676552057,74.78406722657382,31.3783660531044,9.818658447265648
Okanagan,Okanagan,2010-06-01,2.116,13.6,60.07697666063905,78.20975733920932,90.29107633978128,0.40430494118481874,13.872369384765648
Okanagan,Okanagan,2010-07-01,2.132,18.6,31.563610304147005,32.99120545852929,92.86644356325269,-7.345365413248392e-22,19.282922363281273
Okanagan,Okanagan,2010-08-01,1.931,18.7,18.086044758092612,36.65788017679006,74.30856907740235,6.181222289569632e-05,18.530480957031273
Okanagan,Okanagan,2010-09-01,1.744,13.7,13.148488942533731,84.46423569694161,59.478816110640764,0.0025254707907151897,12.514733886718773
Okanagan,Okanagan,2010-10-01,1.644,12.2,9.858514444204047,36.2672844203189,42.65978210605681,0.4762543539982289,8.606835937500023
Okanagan,Okanagan,2010-11-01,1.574,5.86,8.809316495899111,78.76155199483037,28.692878549918532,14.257095754146576,-0.5486206054687273
Okanagan,Okanagan,2010-12-01,1.526,6.45,7.581791607663035,68.13052878715098,6.952964089578018,71.65586203336716,-2.9096740722656023
Okanagan,Okanagan,2011-01-01,1.5,5.55,7.573271956061944,70.9874874446541,1.731145523081068,133.65276157855988,-4.045507812499977
Okanagan,Okanagan,2011-02-01,1.485,5.1,6.3051325851120055,61.33302301168442,3.6087234620936215,188.74667584896088,-5.743444824218727
Okanagan,Okanagan,2011-03-01,1.462,5.96,8.791542437393218,84.95529880747199,8.1826088426169,253.92630696296692,0.40078125000002274
Okanagan,Okanagan,2011-04-01,1.466,15.2,14.444653352256864,75.51608607172966,26.27513254992664,271.52344584465027,2.9569335937500227
Okanagan,Okanagan,2011-05-01,1.613,38.3,128.63447982817888,95.57655709795654,53.34359663538635,141.06319844722748,9.449426269531273
Okanagan,Okanagan,2011-06-01,2.246,46.4,137.6808900386095,55.27782021090388,83.32318626344204,8.737970143556595,13.837304687500023
Okanagan,Okanagan,2011-07-01,2.164,57.6,44.53139880206436,43.65631518885493,78.8702736608684,3.5321271241173235e-05,16.937402343750023
Okanagan,Okanagan,2011-08-01,1.847,21.2,21.772048610728234,6.712273781886324,59.63610322214663,-7.345365413248392e-22,19.860559082031273
Okanagan,Okanagan,2011-09-01,1.668,11.5,12.962160108145326,19.1983807599172,48.61391382291913,0.00038853397654747823,16.963861083984398
Okanagan,Okanagan,2011-10-01,1.571,9.73,10.650900687323883,75.94620436429977,43.73870580457151,0.3174234298057854,7.335351562500023
Okanagan,Okanagan,2011-11-01,1.478,5.26,8.046089205890894,85.08320432156324,22.6788769941777,25.49189142882824,0.17656860351564774
Okanagan,Okanagan,2011-12-01,1.419,4.9,6.877488980535418,36.650850088335574,9.67146284529008,67.31292605400085,-0.5044006347656023
Okanagan,Okanagan,2012-01-01,1.371,4.96,6.232617757632397,63.630694756284356,6.7370320175541565,115.17993360757828,-3.9122985839843523
Okanagan,Okanagan,2012-02-01,1.35,4.78,5.419294306193478,60.49729650840163,3.9020793046802282,165.44212400913239,-3.2296813964843523
Okanagan,Okanagan,2012-03-01,1.371,4.63,7.3611639381852,109.11303572356701,10.183976322878152,233.25344920158386,0.49288330078127274
Okanagan,Okanagan,2012-04-01,1.434,8.57,50.045595271512866,81.82077202945948,21.31241199094802,212.52718567848206,6.370202636718773
Okanagan,Okanagan,2012-05-01,1.819,41.1,102.49579534865916,43.79748716019094,80.40481060743332,49.42689090967178,10.961145019531273
Okanagan,Okanagan,2012-06-01,2.218,47.4,86.41872089356184,141.1740481853485,81.57465141266584,1.3909339904785156,13.128320312500023
Okanagan,Okanagan,2012-07-01,2.281,67.9,42.84104867838323,49.60969218518585,101.16748395375907,0.0014393417586688884,20.012780761718773
Okanagan,Okanagan,2012-08-01,1.938,31.6,23.052076867315918,11.59391415421851,71.97728636674583,-7.345365413248392e-22,20.479486083984398
Okanagan,Okanagan,2012-09-01,1.696,16.4,13.957013434264809,8.078548999037594,45.532810036093,0.00013245477248347015,16.590142822265648
Okanagan,Okanagan,2012-10-01,1.559,10.1,12.051527621224523,103.12695149332285,34.638685756362975,4.528222139924765,7.414270019531273
Okanagan,Okanagan,2012-11-01,1.564,4.15,11.273582931607962,99.02793215587735,17.974680522456765,16.963781788945198,2.1556640625000227
Okanagan,Okanagan,2012-12-01,1.579,4.23,11.292675946606323,109.7723338752985,11.183971218997613,92.09057688713074,-1.9829162597656023
Okanagan,Okanagan,2013-01-01,1.551,14.5,11.541654937900603,63.89679154381156,3.218471167201642,168.67540776729584,-4.638861083984352
Okanagan,Okanagan,2013-02-01,1.439,21.9,10.037630680017173,38.83652063086629,4.139306314755231,210.17803251743317,-1.0268615722656023
Okanagan,Okanagan,2013-03-01,1.343,23.4,13.228445808636025,60.18715677782893,14.460018603131175,243.82251501083374,1.4822326660156477
Okanagan,Okanagan,2013-04-01,1.443,19.4,58.224970707669854,82.72791747003794,26.7148349666968,170.2476590871811,5.360253906250023
Okanagan,Okanagan,2013-05-01,1.936,45.5,152.70454995334148,86.9430887978524,77.65012746676803,34.06377136707306,12.830957031250023
Okanagan,Okanagan,2013-06-01,2.24,58.9,73.55037610977888,108.52596955373883,81.93733636289835,0.10005632793763652,14.770806884765648
Okanagan,Okanagan,2013-07-01,2.154,52.4,37.819847697392106,13.994368171552196,99.15818506851792,-7.345365413248392e-22,20.375207519531273
Okanagan,Okanagan,2013-08-01,1.856,18.7,21.792597544845194,53.97843022365123,73.1058104429394,-7.345365413248392e-22,20.006646728515648
Okanagan,Okanagan,2013-09-01,1.738,21.1,16.87444921117276,112.15848382562399,71.47313794121146,0.05183396569918841,15.325891113281273
Okanagan,Okanagan,2013-10-01,1.614,11.3,11.651152715785429,27.363964298274368,41.87860863748938,0.7304615573957562,6.744042968750023
Okanagan,Okanagan,2013-11-01,1.596,6.06,11.263281048741192,94.8563078418374,18.563278717920184,31.214846298098564,1.1370178222656477
Okanagan,Okanagan,2013-12-01,1.557,6.66,10.014126426540315,44.20761775691062,13.722869800403714,71.27910852432251,-3.7428649902343523
Okanagan,Okanagan,2014-01-01,1.547,6.21,9.700882394099608,52.210828522220254,1.2321017202339135,119.38118934631348,-2.1487182617187273
Okanagan,Okanagan,2014-02-01,1.51,14.9,8.310984005220234,57.50585999339819,2.6762493362184614,159.82024371623993,-7.143347167968727
Okanagan,Okanagan,2014-03-01,1.404,22.3,10.596054809866473,77.20103906467557,9.285820269724354,211.33597195148468,0.7360473632812727
Okanagan,Okanagan,2014-04-01,1.372,17.1,39.074867963790894,62.253756914287806,30.707957921549678,166.0260558128357,5.650292968750023
Okanagan,Okanagan,2014-05-01,1.696,47.1,115.58851948939264,73.18841037340462,76.52342226356268,49.23444241285324,12.016900634765648
Okanagan,Okanagan,2014-06-01,2.029,16.3,70.33211644738913,64.85254503786564,85.55349195376039,0.29068521689623594,14.762200927734398
Okanagan,Okanagan,2014-07-01,2.085,16.4,32.26186987012625,41.69149568770081,86.3385300617665,-7.345365413248392e-22,21.187097167968773
Okanagan,Okanagan,2014-08-01,1.919,21.4,18.11240758979693,52.79772181529552,79.69694421626627,-7.345365413248392e-22,20.550866699218773
Okanagan,Okanagan,2014-09-01,1.757,11.8,12.35032657859847,59.72499959170818,61.928657814860344,0.00037087335158503265,14.660241699218773
Okanagan,Okanagan,2014-10-01,1.662,12.3,11.266250861808658,89.03214382007718,41.41528683248907,0.3277813957538456,9.250482177734398
Okanagan,Okanagan,2014-11-01,1.587,6.88,9.927900682669133,90.85762314498425,27.337767533026636,9.765059687197208,0.24257812500002274
Okanagan,Okanagan,2014-12-01,1.582,6.44,11.34984233067371,68.02079733461142,7.639093324542046,61.05963513255119,-2.0427612304687273
Okanagan,Okanagan,2015-01-01,1.615,8.58,11.878752731718123,73.42412765137851,2.0690027595264837,136.00264489650726,-2.1413024902343523
Okanagan,Okanagan,2015-02-01,1.646,19.0,14.527033781632781,52.79624694958329,4.214303859043866,157.6417237520218,1.6979614257812727
Okanagan,Okanagan,2015-03-01,1.678,17.5,45.23087455891073,55.33094273414463,14.11693188128993,104.50097173452377,5.065148925781273
Okanagan,Okanagan,2015-04-01,1.896,16.9,71.33281091228127,31.36545536108315,56.368428049609065,35.46057641506195,7.245996093750023
Okanagan,Okanagan,2015-05-01,2.062,29.8,61.56189274042845,55.306355468928814,75.23169042542577,6.136399693787098,14.194818115234398
Okanagan,Okanagan,2015-06-01,2.083,31.6,37.66111680306494,57.732341811060905,86.52410237118602,8.830317810293309e-06,18.780084228515648
Okanagan,Okanagan,2015-07-01,1.906,13.6,20.923876378219575,33.98687962908298,78.6078218370676,-7.345365413248392e-22,21.221978759765648
Okanagan,Okanagan,2015-08-01,1.731,11.1,12.855251145083457,41.61381104495376,74.40719963051379,-7.345365413248392e-22,20.234582519531273
Okanagan,Okanagan,2015-09-01,1.571,9.37,9.245110850315541,53.108842112123966,63.267890363931656,0.005033281013311353,12.632623291015648
Okanagan,Okanagan,2015-10-01,1.47,8.36,7.92139396071434,60.85649481974542,37.49082295689732,0.0856275946716778,9.580651855468773
Okanagan,Okanagan,2015-11-01,1.437,5.98,7.5023394310846925,112.12690500542521,25.141085498034954,30.424030497670174,0.36797485351564774
Okanagan,Okanagan,2015-12-01,1.416,5.3,6.558832537848502,93.389383982867,10.956837650155649,99.11322593688965,-2.2456115722656023
Okanagan,Okanagan,2016-01-01,1.424,5.23,6.439501026761718,66.30265526473522,1.1350229833624326,159.77920591831207,-2.9386657714843523
Okanagan,Okanagan,2016-02-01,1.469,7.07,7.2089780296664685,53.10888425447047,3.4981208300450817,210.7909470796585,0.35195312500002274
Okanagan,Okanagan,2016-03-01,1.487,21.9,19.1834278521128,97.74069837294519,14.132243435597047,230.01843690872192,3.3886657714843977
Okanagan,Okanagan,2016-04-01,1.726,35.9,87.65174774453044,22.05415104981512,51.83146451599896,102.97702997922897,11.003320312500023
Okanagan,Okanagan,2016-05-01,2.154,57.2,92.50103775411844,67.13197473436594,76.91995101049542,3.895379835739732,13.175592041015648
Okanagan,Okanagan,2016-06-01,2.233,24.6,39.42035953514278,61.92690460011363,89.65009124949574,0.031700841645943,16.129388427734398
Okanagan,Okanagan,2016-07-01,2.164,39.8,24.627018778119236,84.56129627302289,95.6882662139833,-7.345365413248392e-22,17.961419677734398
Okanagan,Okanagan,2016-08-01,1.94,19.6,15.261418011505157,27.507056191097945,75.82461414858699,-7.345365413248392e-22,20.002252197265648
Okanagan,Okanagan,2016-09-01,1.752,17.5,10.999523510690778,50.6735360249877,63.9218813739717,-7.345365413248392e-22,13.174035644531273
Okanagan,Okanagan,2016-10-01,1.672,12.5,12.774950970197096,140.9821156412363,41.316681541502476,1.4347853139042854,6.779870605468773
Okanagan,Okanagan,2016-11-01,1.705,17.3,12.565259530674666,81.43683196976781,18.49162217695266,9.026112034916878,3.7970825195312727
Okanagan,Okanagan,2016-12-01,1.636,15.6,13.818834297126159,61.00475462153554,18.713501805905253,62.21072003245354,-6.772253417968727
Okanagan,Okanagan,2017-01-01,1.549,11.1,13.567211804911494,34.550968441180885,1.2672434786509257,108.59770327806473,-8.621374511718727
Okanagan,Okanagan,2017-02-01,1.52,11.2,11.529859504662454,66.87121745198965,2.436434559058398,160.01255810260773,-5.657720947265602
Okanagan,Okanagan,2017-03-01,1.53,13.6,15.628065273631364,122.55774065852165,7.639437972102314,219.31114792823792,0.32528076171877274
Okanagan,Okanagan,2017-04-01,1.711,25.4,63.814662862569094,102.5346340611577,19.889763789251447,208.66422355175018,4.506250000000023
Okanagan,Okanagan,2017-05-01,2.431,62.1,202.74415658786893,80.5439471732825,74.38504113815725,74.770487844944,12.101861572265648
Okanagan,Okanagan,2017-06-01,2.941,75.4,80.34088416025043,29.269165825098753,74.94549499824643,0.21343761181924492,16.057031250000023
Okanagan,Okanagan,2017-07-01,2.495,74.3,29.35736789368093,4.857317908317782,60.00517925713211,-7.345365413248392e-22,21.274713134765648
Okanagan,Okanagan,2017-08-01,1.959,49.3,15.254770463798195,3.061488940147683,52.54010949283838,-7.345365413248392e-22,22.510552978515648
Okanagan,Okanagan,2017-09-01,1.657,18.8,9.578180615790188,23.568228352814913,48.96547528915107,0.02077773751807399,16.147668457031273
Okanagan,Okanagan,2017-10-01,1.513,10.1,8.358986291568726,73.51491251029074,41.22544196434319,1.8652633298188448,6.365045166015648
Okanagan,Okanagan,2017-11-01,1.465,6.97,7.7999860513955355,118.83698869496584,16.797459684312344,40.444109588861465,0.028039550781272737
Okanagan,Okanagan,2017-12-01,1.45,6.78,5.578375639743172,80.01897134818137,13.706882484257221,84.20715481042862,-3.3874877929687273
Okanagan,Okanagan,2018-01-01,1.449,9.83,5.384260570281185,95.74289014562964,0.16018208680179669,172.76209592819214,-2.7443298339843523
Okanagan,Okanagan,2018-02-01,1.414,19.0,4.891678399872035,78.87542713433504,4.944312036968768,270.90582251548767,-5.571966552734352
Okanagan,Okanagan,2018-03-01,1.34,31.9,5.899658441194333,69.82361804693937,13.085623679216951,331.8813741207123,0.49569091796877274
Okanagan,Okanagan,2018-04-01,1.227,58.2,32.02741965651512,96.99688525870442,19.168071448802948,335.63244342803955,5.166802978515648
Okanagan,Okanagan,2018-05-01,2.015,50.0,228.83255500346422,39.56962877418846,73.35440418682992,66.07508659362793,14.966607666015648
Okanagan,Okanagan,2018-06-01,2.354,64.3,63.949632458388805,65.24450378492475,80.21379355341196,0.02644680171215441,15.049035644531273
Okanagan,Okanagan,2018-07-01,2.048,47.2,28.485916613135487,23.617194208782166,76.79953728802502,5.298190686175985e-05,20.465325927734398
Okanagan,Okanagan,2018-08-01,1.794,10.9,15.781108639203012,27.69162127515301,66.3682718295604,-7.345365413248392e-22,20.317864990234398
Okanagan,Okanagan,2018-09-01,1.685,10.6,11.775257298722863,88.27711455523968,59.88483550027013,0.017307422240264714,12.694146728515648
Okanagan,Okanagan,2018-10-01,1.611,15.1,9.595567302312702,70.62451401725411,40.029323659837246,0.9516521822661161,6.705560302734398
Okanagan,Okanagan,2018-11-01,1.616,7.8,11.093798966612667,91.69537341222167,18.738828948698938,11.21243741363287,2.2844787597656477
Okanagan,Okanagan,2018-12-01,1.604,7.57,10.08218529750593,70.77172724530101,12.944849586347118,51.25585198402405,-1.0206970214843523
Okanagan,Okanagan,2019-01-01,1.596,11.3,10.428963898448274,50.24284403771162,4.5900676341261715,118.79508942365646,-0.26883544921872726
Okanagan,Okanagan,2019-02-01,1.52,12.6,9.24027245491743,37.374638952314854,5.375435866881162,154.77724373340607,-9.464147949218727
Okanagan,Okanagan,2019-03-01,1.449,14.9,16.596468980424106,27.977238467428833,6.429082204704173,160.34933924674988,0.20479736328127274
Okanagan,Okanagan,2019-04-01,1.518,14.3,41.96275840513408,63.35499929264188,39.23625801689923,69.82708722352982,6.306726074218773
Okanagan,Okanagan,2019-05-01,1.775,9.38,62.84269690513611,39.35496206395328,75.50758169963956,11.312069371342659,14.031732177734398
Okanagan,Okanagan,2019-06-01,1.922,9.39,38.345331558957696,53.845999063923955,77.80991960316896,0.004724220161733683,15.863000488281273
Okanagan,Okanagan,2019-07-01,1.909,11.2,24.106241879053414,73.03056539967656,91.3292143959552,-7.345365413248392e-22,18.011804199218773
Okanagan,Okanagan,2019-08-01,1.792,11.6,14.804847509367391,28.195658407639712,67.11416132748127,-7.345365413248392e-22,20.002252197265648
Okanagan,Okanagan,2019-09-01,1.701,10.8,11.735362058971077,109.78516889736056,64.16596937924623,0.7305410108529031,13.560540771484398
Okanagan,Okanagan,2019-10-01,1.619,9.88,10.522025055252016,61.44354329444468,44.29325996898115,3.62786534242332,4.688775634765648
Okanagan,Okanagan,2019-11-01,1.573,8.35,10.717095283325762,52.79613775201142,17.740215989761055,6.998238619416952,1.5964904785156477
Okanagan,Okanagan,2019-12-01,1.55,9.71,11.532505537616089,83.95099942572415,10.072417877381667,38.28684613108635,-0.7989257812499773
Okanagan,Okanagan,2020-01-01,1.551,16.1,11.561967490706593,112.69420175813138,4.216258559608832,136.9132101535797,-3.0383666992187273
Okanagan,Okanagan,2020-02-01,1.48,27.7,11.960137548157945,68.83451226167381,2.1561944813583978,211.1521065235138,0.05361328125002274
Okanagan,Okanagan,2020-03-01,1.323,31.9,12.570796912768856,47.90486686397344,11.31787762278691,243.09758841991425,1.4271484375000227
Okanagan,Okanagan,2020-04-01,1.216,31.5,40.24370340630412,30.468759359791875,18.117076833732426,203.234925866127,5.658288574218773
Okanagan,Okanagan,2020-05-01,1.825,39.6,145.26966121047735,98.04421197623014,73.55584437027574,36.683373153209686,11.765435791015648
Okanagan,Okanagan,2020-06-01,2.443,70.6,76.11994631588459,89.79180827736855,86.16888429969549,0.10969020513584837,14.119439697265648
Okanagan,Okanagan,2020-07-01,2.364,68.9,38.96041458938271,41.958285379223526,92.63418358750641,0.0005298190899338806,18.290429687500023
Okanagan,Okanagan,2020-08-01,1.964,44.5,21.826432552188635,17.484945128671825,71.92111061885953,-7.345365413248392e-22,19.440026855468773
Okanagan,Okanagan,2020-09-01,1.7,17.8,13.674002839252353,35.441030049696565,47.816222067922354,0.0026844165859074565,17.112603759765648
Okanagan,Okanagan,2020-10-01,1.603,12.9,12.136872101109475,101.65594518184662,42.90235985536128,8.711284957826138,7.355676269531273
Okanagan,Okanagan,2020-11-01,1.542,12.7,9.444945899304003,80.63763147220016,17.62523897923529,29.628125950694084,1.3076110839843977
Okanagan,Okanagan,2020-12-01,1.495,11.6,8.956329082138836,91.23357199132442,9.963598567992449,84.20276641845703,-0.47656860351560226
Okanagan,Okanagan,2021-01-01,1.484,10.5,8.793112298008054,72.485574753955,4.653456620872021,175.32512545585632,-1.9720825195312273
Okanagan,Okanagan,2021-02-01,1.439,15.8,7.895285962149501,65.0901822373271,5.759360268712044,236.6792857646942,-5.018560791015602
Okanagan,Okanagan,2021-03-01,1.349,15.8,9.941951633663848,28.729486803058535,18.561400356702507,254.39217686653137,2.5124145507812727
Okanagan,Okanagan,2021-04-01,1.323,22.1,32.985383877530694,22.291109198704362,37.547695683315396,187.50521540641785,7.198144531250023
Okanagan,Okanagan,2021-05-01,1.641,27.2,86.5902635268867,38.60145783983171,78.78400711342692,35.38089245557785,11.775964355468773
Okanagan,Okanagan,2021-06-01,1.813,18.0,56.329137878492475,27.072440134361386,76.06810424476862,0.12192019494250417,19.499230957031273
Okanagan,Okanagan,2021-07-01,1.698,12.7,25.81820375053212,10.739740362623706,67.45881610549986,-7.345365413248392e-22,23.693261718750023
Okanagan,Okanagan,2021-08-01,1.51,12.0,14.61903826566413,39.05842441599816,70.29322651214898,-7.345365413248392e-22,19.798638916015648
Okanagan,Okanagan,2021-09-01,1.367,11.5,10.126622510142624,65.17832167446613,55.2946503739804,0.0006799344873797963,14.075585937500023
Okanagan,Okanagan,2021-10-01,1.264,9.25,9.160445246379822,89.41020234487951,41.307489736936986,1.8784822896122932,6.682214355468773
Okanagan,Okanagan,2021-11-01,1.262,4.97,16.07646932825446,141.1609584465623,17.943312996067107,17.733238637447357,1.9622131347656477
Okanagan,Okanagan,2021-12-01,1.286,5.69,17.984628153499216,99.2725791875273,17.687383166048676,63.74422460794449,-6.641210937499977
Okanagan,Okanagan,2022-01-01,1.271,5.72,19.06614302424714,56.34081060998142,1.0181372745137196,143.5375213623047,-5.097753906249977
Okanagan,Okanagan,2022-02-01,1.265,5.32,15.92872804030776,32.37850125879049,5.867373780347407,171.97830975055695,-3.0309509277343523
Okanagan,Okanagan,2022-03-01,1.287,5.38,24.74753896240145,62.576665077358484,9.304646868258715,188.14319372177124,2.3104492187500227
Okanagan,Okanagan,2022-04-01,1.384,5.89,43.29291055910289,46.73528135754168,34.714099019765854,128.11565399169922,3.9232421875000227
Okanagan,Okanagan,2022-05-01,1.691,11.2,92.06464537419379,82.43380673229694,68.13049269840121,56.63452297449112,9.088861083984398
Okanagan,Okanagan,2022-06-01,2.235,50.1,104.44384999573231,110.1039256900549,86.41522843390703,2.9999061953276396,14.072473144531273
Okanagan,Okanagan,2022-07-01,2.267,64.8,43.8295736676082,40.11493339203298,91.75921184942126,-7.345365413248392e-22,20.685144042968773
Okanagan,Okanagan,2022-08-01,1.891,33.0,22.443734225817025,19.55938240280375,63.14621772617102,-7.345365413248392e-22,22.515435791015648
Okanagan,Okanagan,2022-09-01,1.671,14.9,6.964099011383951,7.143055699998513,20.573142101056874,-7.345365413248392e-22,16.768945312500023
Okanagan,Okanagan,2022-10-01,1.533,9.4,5.222496358328499,18.81793001666665,13.69592864648439,1.4531789347529411,11.482507324218773
Okanagan,Okanagan,2022-11-01,1.45,7.73,3.787716996157542,40.90056521818042,12.566682707984,40.699172765016556,-2.7674926757812273
Okanagan,Okanagan,2022-12-01,1.374,7.0,3.223387357138563,37.387075019069016,3.8498323410749435,97.75696694850922,-8.686132812499977
Okanagan,Okanagan,2023-01-01,1.379,7.02,2.7919368803850375,26.93827945040539,0.03333012432449323,168.91299188137054,-3.1314453124999773
Okanagan,Okanagan,2023-02-01,1.356,12.6,2.1829266916029155,25.402567582204938,1.158144252258353,209.65951681137085,-3.8175720214843523
Okanagan,Okanagan,2023-03-01,1.231,20.2,2.195348795794416,14.329972793348134,3.827931432169862,254.28184866905212,0.48427734375002274
Okanagan,Okanagan,2023-04-01,1.194,9.98,7.353203545790166,32.79299126006663,6.761109834769741,233.63523185253143,4.821099853515648
Okanagan,Okanagan,2023-05-01,1.799,23.2,30.87662486359477,23.127368825953454,26.33838338078931,18.69853399693966,15.921380615234398
Okanagan,Okanagan,2023-06-01,2.032,23.3,19.090287387371063,22.735123056918383,28.575971955433488,0.020406863768585026,17.269128417968773
Okanagan,Okanagan,2023-07-01,1.925,11.9,11.393774970201775,10.106805042596534,26.837373501621187,-7.345365413248392e-22,21.250299072265648
Okanagan,Okanagan,2023-08-01,1.75,11.2,7.031938454019837,15.491140948142856,26.279775251168758,-7.345365413248392e-22,21.316217041015648
Okanagan,Okanagan,2023-09-01,1.598,10.8,4.855903680436313,20.339828333817422,20.93315531965345,0.011196842933713924,14.591607666015648
Okanagan,Okanagan,2023-10-01,1.484,10.4,4.021420361823402,23.248879646416754,14.68044868670404,1.2220100034028292,8.473718261718773
Okanagan,Okanagan,2023-11-01,1.399,6.39,3.424613823881373,25.9435671614483,7.822157931514084,11.147729121148586,1.6185546875000227
Okanagan,Okanagan,2023-12-01,1.367,6.37,3.536956188327167,36.346192471683025,4.248926998116076,34.02937948703766,0.32314453125002274
Okanagan,Okanagan,2024-01-01,1.352,6.4,3.3903066214406863,39.57435640040785,3.28907226503361,83.36490392684937,-4.840521240234352
Okanagan,Okanagan,2024-02-01,1.378,5.79,3.7853470857953653,33.39242411311716,1.200773196615046,114.84649777412415,-0.41531982421872726
Okanagan,Okanagan,2024-03-01,1.386,5.42,16.58590219449252,42.86893084645271,10.70431835250929,127.11097300052643,2.5506835937500227
Okanagan,Okanagan,2024-04-01,1.47,5.29,34.20825465582311,53.317107958719134,50.48603634350002,67.55946576595306,6.499322509765648
Okanagan,Okanagan,2024-05-01,1.703,5.52,56.040577474050224,50.304075819440186,78.71858542785048,16.852088272571564,11.068353271484398
Okanagan,Okanagan,2024-06-01,1.978,7.02,41.641773423179984,63.06604715064168,88.10784202069044,0.16260147094726562,14.474328613281273
Okanagan,Okanagan,2024-07-01,1.994,11.2,22.96703914180398,16.599716967903078,81.72785304486752,-7.345365413248392e-22,22.736322021484398
Okanagan,Okanagan,2024-08-01,1.818,15.5,14.341239701025188,66.14070339128375,77.23556878045201,0.0006534435215144185,20.321771240234398
Okanagan,Okanagan,2024-09-01,1.644,13.1,9.411658393219113,28.597291675396264,62.96301260590553,0.000794728578057402,16.385339355468773
Okanagan,Okanagan,2024-10-01,1.527,9.61,8.87240469455719,76.9996854942292,40.184584679082036,0.5038226372562349,8.211236572265648
Okanagan,Okanagan,2024-11-01,1.489,6.74,7.457513711415231,88.46125099807978,19.575896440073848,22.92693965137005,1.5727478027343977
Okanagan,Okanagan,2024-12-01,1.441,6.46,6.66350570099894,75.77991462312639,7.40157431573607,71.13861292600632,0.5080200195312727
Skaha,Okanagan,1994-01-01,2.373,23.0,9.032123576616868,53.06248692795634,-1.0774079710245132,125.26312470436096,-0.5492004394531023
Skaha,Okanagan,1994-02-01,2.372,7.01,7.506345398724079,78.98611761629581,0.8131079375743866,164.17498886585236,-4.698614501953102
Skaha,Okanagan,1994-03-01,2.332,24.3,13.026543689193204,46.683222986757755,2.776225643174257,199.13378357887268,1.6015869140625227
Skaha,Okanagan,1994-04-01,2.412,26.3,61.75003247335553,60.19424647092819,27.181804762221873,102.61891037225723,6.622216796875023
Skaha,Okanagan,1994-05-01,2.413,18.9,86.08906297013164,53.55376307852566,84.26130493171513,7.321838289499283,11.751123046875023
Skaha,Okanagan,1994-06-01,2.45,13.2,46.7614468652755,85.8200853690505,94.73880752921104,0.01101848465623334,13.737451171875023
Skaha,Okanagan,1994-07-01,2.431,17.7,27.58123481180519,20.980062952730805,89.4865517038852,-7.345365906286457e-22,20.563714599609398
Skaha,Okanagan,1994-08-01,2.506,13.1,16.927880991715938,58.405913528986275,70.15737402252853,-7.345365906286457e-22,18.858880615234398
Skaha,Okanagan,1994-09-01,2.472,18.3,10.8856605947949,23.48966198042035,45.52752594463527,0.00012610568944637635,16.375421142578148
Skaha,Okanagan,1994-10-01,2.412,10.4,9.183463553199545,79.18636058457196,28.4894208307378,2.005175221711397,6.906732177734398
Skaha,Okanagan,1994-11-01,2.446,5.51,6.621577776968479,85.29850048944354,9.411526552867144,49.17166754603386,-3.5315612792968523
Skaha,Okanagan,1994-12-01,2.442,4.97,6.1103517800802365,92.02818130142987,1.3318192213773727,133.2753747701645,-4.791204833984352
Skaha,Okanagan,1995-01-01,2.406,7.62,5.373264328227378,61.810515355318785,-1.0768690081022214,205.28773963451385,-4.994879150390602
Skaha,Okanagan,1995-02-01,2.383,18.0,5.159447144251317,54.82148379087448,5.270811554510146,256.9684386253357,-1.2489990234374773
Skaha,Okanagan,1995-03-01,2.388,25.1,6.7119566519977525,61.78352818824351,7.868021406466141,281.5217077732086,-0.16541137695310226
Skaha,Okanagan,1995-04-01,2.394,25.9,19.686392624862492,44.08626817166805,15.851958305574954,249.80683624744415,3.6103454589843977
Skaha,Okanagan,1995-05-01,2.471,45.6,97.26959583349526,31.270526349544525,76.92874944768846,93.9166471362114,11.215325927734398
Skaha,Okanagan,1995-06-01,2.516,13.0,87.20453828573227,90.78397415578365,90.55852191522717,1.2800910044461489,14.437646484375023
Skaha,Okanagan,1995-07-01,2.455,13.5,38.02325110882521,57.15825688093901,85.06973623298109,-7.345365906286457e-22,18.015924072265648
Skaha,Okanagan,1995-08-01,2.495,20.8,21.551346057094634,64.03620960190892,74.42108658142388,-7.345365906286457e-22,15.120019531250023
Skaha,Okanagan,1995-09-01,2.388,20.7,13.551665470004082,25.753825320862234,47.00633813627064,-7.345365906286457e-22,16.096246337890648
Skaha,Okanagan,1995-10-01,2.351,10.5,11.810065916506574,80.70323569700122,34.639147692359984,1.4178220881149173,5.550164794921898
Skaha,Okanagan,1995-11-01,2.387,5.71,13.216955994721502,166.45780764520168,4.808660742128268,43.05792227387428,0.41204223632814774
Skaha,Okanagan,1995-12-01,2.44,10.6,11.344846745487303,89.51465040445328,3.42241636099061,128.8846880197525,-5.299993896484352
Skaha,Okanagan,1996-01-01,,25.2,12.524947960628197,67.76554160751402,0.6479518488049507,207.28743076324463,-7.890600585937477
Skaha,Okanagan,1996-02-01,2.397,25.1,11.612512171268463,62.301292549818754,2.038446495134849,264.7479474544525,-3.9542907714843523
Skaha,Okanagan,1996-03-01,2.372,40.0,13.10091358027421,37.90783567819744,9.094076231122017,286.79338097572327,-0.22705688476560226
Skaha,Okanagan,1996-04-01,2.416,47.9,67.7660945802927,67.5822515040636,12.045427865814418,210.29235422611237,4.060815429687523
Skaha,Okanagan,1996-05-01,2.474,50.4,156.51426604017615,110.31243088655174,60.45846117194742,102.37720608711243,7.245996093750023
Skaha,Okanagan,1996-06-01,2.549,70.5,128.51357460021973,45.84371927194297,88.49990554153919,7.481023203581572,13.537011718750023
Skaha,Okanagan,1996-07-01,2.506,46.3,40.299715008586645,28.26483332319185,88.64496205933392,0.0005911204539188475,19.441308593750023
Skaha,Okanagan,1996-08-01,2.5,38.0,20.24986664764583,27.11945940973237,59.02818462345749,-7.345365906286457e-22,18.966851806640648
Skaha,Okanagan,1996-09-01,2.452,16.3,14.475575590040535,95.49894137308002,53.592725889757276,0.03847799962386489,12.063348388671898
Skaha,Okanagan,1996-10-01,2.433,9.96,11.424011026974767,86.90539048984647,28.015898540616035,10.585540905594826,4.657037353515648
Skaha,Okanagan,1996-11-01,2.423,5.75,10.14310953905806,104.5150333084166,7.616886869072914,47.54738137125969,-2.6626647949218523
Skaha,Okanagan,1996-12-01,,13.6,9.455299354158342,113.76362689770758,0.5640623658109689,144.68519389629364,-7.655645751953102
Skaha,Okanagan,1997-01-01,,24.2,9.29980375804007,96.63458541035652,0.12916885316371918,259.48455929756165,-4.537786865234352
Skaha,Okanagan,1997-02-01,2.439,32.9,8.005995186977088,37.674378138035536,0.36481767892837524,315.8499598503113,-2.1478942871093523
Skaha,Okanagan,1997-03-01,2.445,46.2,9.895499097183347,84.31723527610302,6.751906897989102,365.7887578010559,-0.03732910156247726
Skaha,Okanagan,1997-04-01,2.482,50.6,28.25466392096132,49.78885059244931,15.527400537393987,340.6875431537628,3.0565124511718977
Skaha,Okanagan,1997-05-01,2.582,64.0,223.12794858589768,89.36894568614662,61.29176844842732,129.61804866790771,9.913568115234398
Skaha,Okanagan,1997-06-01,2.586,69.9,119.73882559686899,89.88390443846583,95.38969025015831,1.7017017817124724,13.241265869140648
Skaha,Okanagan,1997-07-01,2.566,70.6,46.80844733957201,85.75981087051332,107.26307588629425,-7.345365906286457e-22,16.732568359375023
Skaha,Okanagan,1997-08-01,2.571,69.6,25.74850374367088,29.155781550798565,68.87815776281059,-7.345365906286457e-22,18.977105712890648
Skaha,Okanagan,1997-09-01,2.489,55.7,18.58551346231252,91.16123663261533,56.04125442914665,0.00568263794775703,13.850122070312523
Skaha,Okanagan,1997-10-01,2.49,17.7,15.740095579531044,91.95781545713544,33.10552379116416,1.4119029510766268,5.559625244140648
Skaha,Okanagan,1997-11-01,2.457,22.6,13.817204162478447,42.9991667624563,9.450013458263129,7.016788702458143,1.5568786621093977
Skaha,Okanagan,1997-12-01,2.425,15.5,14.20664309989661,43.32384036388248,5.712444894015789,30.98461776971817,-3.7675537109374773
Skaha,Okanagan,1998-01-01,2.432,19.1,13.388787221629173,96.95399249903858,-0.7103613079380011,107.7037900686264,-5.311743164062477
Skaha,Okanagan,1998-02-01,2.404,26.3,11.891095666214824,40.747337974607944,0.1203976571559906,160.8618050813675,-0.41986694335935226
Skaha,Okanagan,1998-03-01,,27.2,16.455840144772083,61.871462035924196,1.977182379050646,193.62089037895203,0.9464660644531477
Skaha,Okanagan,1998-04-01,,31.0,51.41915171407163,40.6648067291826,17.26306916680187,138.97982239723206,5.078118896484398
Skaha,Okanagan,1998-05-01,,32.3,102.23229695111513,70.93386678025126,76.85037911869586,8.089727722108364,11.962945556640648
Skaha,Okanagan,1998-06-01,2.5,32.8,52.07086564041674,80.47231938689947,92.84690720960498,0.011475618521217257,14.320306396484398
Skaha,Okanagan,1998-07-01,2.502,26.0,31.541870441287756,35.48420546576381,101.7136366572231,-7.345365906286457e-22,20.749078369140648
Skaha,Okanagan,1998-08-01,2.46,12.8,18.326276738662273,9.579420293448493,61.7709259968251,-7.345365906286457e-22,20.597955322265648
Skaha,Okanagan,1998-09-01,2.484,12.9,11.653204564936459,30.161740723997355,40.827272459864616,-7.345365906286457e-22,17.221063232421898
Skaha,Okanagan,1998-10-01,2.469,10.8,9.735080093378201,68.70807148516178,34.13409646600485,0.36442180862650275,6.862573242187523
Skaha,Okanagan,1998-11-01,2.41,7.55,9.09122172743082,136.0410125926137,8.65276000695303,24.017175659537315,0.8660217285156477
Skaha,Okanagan,1998-12-01,2.413,6.07,7.4631047318689525,113.70753776282072,4.840540699660778,113.13818395137787,-5.646673583984352
Skaha,Okanagan,1999-01-01,2.436,17.0,7.373916800133884,85.1294631138444,-0.301240012049675,207.62580633163452,-2.6382507324218523
Skaha,Okanagan,1999-02-01,2.422,24.2,6.60289399093017,94.41067557781935,1.5614491858286783,303.14233899116516,-2.3944152832031023
Skaha,Okanagan,1999-03-01,2.429,28.5,8.44873089226894,56.580143980681896,10.101260006194934,361.9922697544098,0.26125488281252274
Skaha,Okanagan,1999-04-01,2.445,46.2,23.40662176720798,29.511790489777923,19.684573053382337,332.3226571083069,3.3220458984375227
Skaha,Okanagan,1999-05-01,2.525,51.3,116.00579926744103,60.825025429949164,55.82715943455696,184.99091267585754,7.261773681640648
Skaha,Okanagan,1999-06-01,2.527,26.8,153.70837412774563,67.84274708479643,80.75054967775941,27.054203674197197,12.627832031250023
Skaha,Okanagan,1999-07-01,2.477,45.9,52.72938415873796,57.63697775546461,92.764608329162,0.04555568375508301,16.444635009765648
Skaha,Okanagan,1999-08-01,2.47,39.5,25.13885108055547,50.69240159355104,62.47462774626911,0.0042718302211142145,19.443780517578148
Skaha,Okanagan,1999-09-01,2.442,14.7,15.121561009436846,35.968279698863626,48.75483806245029,0.4179063835181296,13.235742187500023
Skaha,Okanagan,1999-10-01,2.414,10.5,12.093174940673634,65.33541902899742,30.627724365331233,1.030165352858603,6.412866210937523
Skaha,Okanagan,1999-11-01,2.424,6.14,11.786472459789366,109.77737372741103,10.745543986558914,12.214597314596176,1.5583740234375227
Skaha,Okanagan,1999-12-01,2.392,16.8,9.890988905681297,71.32185692898929,2.8767738622264005,80.99532872438431,-2.7710021972656023
Skaha,Okanagan,2000-01-01,2.404,14.2,9.937672410160303,60.05783996079117,0.13399993849816383,145.4046070575714,-5.230841064453102
Skaha,Okanagan,2000-02-01,2.408,17.7,9.04351714416407,46.39382741879672,-0.5246193013590528,188.8086348772049,-2.3635314941406023
Skaha,Okanagan,2000-03-01,2.462,8.19,9.86893055960536,63.11575882136822,8.68637891835533,235.57965457439423,0.9378906250000227
Skaha,Okanagan,2000-04-01,2.454,20.0,39.8662278894335,60.5859886854887,17.400207580067217,181.83819949626923,5.152886962890648
Skaha,Okanagan,2000-05-01,2.518,39.9,109.14523410610855,68.98815627209842,73.25109653174877,60.966506600379944,9.273339843750023
Skaha,Okanagan,2000-06-01,2.481,36.9,90.84714576601982,58.83426172658801,90.18684038892388,3.0336459167301655,14.273431396484398
Skaha,Okanagan,2000-07-01,2.51,34.3,38.141813478432596,71.8485217075795,89.85022525303066,0.01912865809572395,17.573297119140648
Skaha,Okanagan,2000-08-01,2.516,17.5,20.187629794236273,26.82331152027473,59.97277516871691,-7.345365906286457e-22,17.940972900390648
Skaha,Okanagan,2000-09-01,2.523,22.9,13.359225704334676,55.0628628116101,48.80289430730045,0.017300124454777688,12.738671875000023
Skaha,Okanagan,2000-10-01,2.414,12.1,10.514037712709978,49.977981485426426,28.435211919713765,0.3155637241434306,6.883294677734398
Skaha,Okanagan,2000-11-01,2.387,7.34,7.9229590483009815,35.05191067233682,12.464179017115384,12.101811356842518,-2.1906799316406023
Skaha,Okanagan,2000-12-01,2.44,5.65,7.095153763657436,46.12358391750604,3.3743269741535187,43.9639687538147,-6.069036865234352
Skaha,Okanagan,2001-01-01,2.444,5.2,6.3808725972194225,32.595012336969376,-0.3600791096687317,81.01832866668701,-4.384222412109352
Skaha,Okanagan,2001-02-01,2.406,5.45,5.277067190036178,23.877978790551424,0.4959938596584834,110.53776741027832,-4.548925781249977
Skaha,Okanagan,2001-03-01,2.423,5.31,7.557219680165872,52.67268873285502,4.923232205328532,117.39177256822586,1.2822204589843977
Skaha,Okanagan,2001-04-01,2.478,5.81,18.435227684676647,64.76140581071377,20.106956362724304,109.21919345855713,3.8014160156250227
Skaha,Okanagan,2001-05-01,2.521,8.13,25.23847226984799,39.852376910857856,87.49111811630428,21.695932373404503,11.141015625000023
Skaha,Okanagan,2001-06-01,2.463,8.9,26.02547057904303,87.46630512177944,91.49645688012242,0.09456351108383387,12.763665771484398
Skaha,Okanagan,2001-07-01,2.479,12.2,20.140494278166443,59.82212629169226,96.78257093764842,4.728963531874797e-05,17.880609130859398
Skaha,Okanagan,2001-08-01,2.524,13.0,14.211119007086381,38.299799198284745,76.41634694300592,-7.345365906286457e-22,19.168847656250023
Skaha,Okanagan,2001-09-01,2.524,13.3,9.984537900891155,25.578825152479112,49.575380980968475,-7.345365906286457e-22,14.957940673828148
Skaha,Okanagan,2001-10-01,2.521,10.9,9.232853713911027,81.73162792809308,30.617146752774715,5.108770448714495,5.408959960937523
Skaha,Okanagan,2001-11-01,2.509,7.28,8.654156990814954,84.24439234659076,12.414706579875201,9.93448868393898,1.8984619140625227
Skaha,Okanagan,2001-12-01,2.511,7.05,7.587831059936434,88.02064112387598,3.435158170759678,87.32982724905014,-4.569219970703102
Skaha,Okanagan,2002-01-01,2.529,7.54,8.220294519560412,82.26504852063954,-0.47983601689338684,152.60374546051025,-3.7924560546874773
Skaha,Okanagan,2002-02-01,2.544,8.68,7.363435113802552,53.34083968773484,0.7446209419867955,206.33059740066528,-3.1427062988281023
Skaha,Okanagan,2002-03-01,2.516,15.8,8.244293538155034,60.29462185688317,4.1304584592580795,261.83533668518066,-2.6203063964843523
Skaha,Okanagan,2002-04-01,2.519,20.9,28.18910521455109,43.76368713565171,13.040341436862946,233.98858308792114,3.7903381347656477
Skaha,Okanagan,2002-05-01,2.505,33.6,120.32450386323035,93.06085365824401,61.54960091225803,108.24470221996307,8.472711181640648
Skaha,Okanagan,2002-06-01,2.512,48.0,117.35579464584589,44.731381349265575,93.309769872576,6.13131420686841,15.874505615234398
Skaha,Okanagan,2002-07-01,2.481,19.1,38.941446342505515,23.667561472393572,83.8547796010971,-7.27919033709973e-22,19.317193603515648
Skaha,Okanagan,2002-08-01,2.487,19.2,19.58845549961552,22.613815090153366,50.24903325829655,-7.27919033709973e-22,18.205804443359398
Skaha,Okanagan,2002-09-01,2.485,19.0,12.088280345778912,34.77352322079241,40.17506609670818,0.00360977560376341,13.776910400390648
Skaha,Okanagan,2002-10-01,2.523,12.4,8.922771055949852,18.505399639252573,24.012539244722575,0.6763915298506618,7.112420654296898
Skaha,Okanagan,2002-11-01,2.51,6.3,7.494040473829955,44.522270327433944,10.249213955830783,6.346411071717739,1.9235778808593977
Skaha,Okanagan,2002-12-01,2.52,5.23,6.60729972878471,91.0426985938102,3.8294110709102824,30.26425465941429,-1.4616149902343523
Skaha,Okanagan,2003-01-01,2.53,5.45,5.646976744174026,65.60225202701986,-0.5064839497208595,99.10092502832413,-1.6163085937499773
Skaha,Okanagan,2003-02-01,2.498,5.51,4.618370730895549,29.436868615448475,0.2204899901698809,135.80720126628876,-1.3751892089843523
Skaha,Okanagan,2003-03-01,2.507,5.37,11.199023836525157,90.7886337954551,2.9757580850855447,162.74185478687286,0.8646789550781477
Skaha,Okanagan,2003-04-01,2.533,6.37,29.212315566837788,65.78774889931083,23.54394702706486,115.49726128578186,4.774468994140648
Skaha,Okanagan,2003-05-01,2.547,7.36,70.984723046422,69.95864771306515,74.98779543675482,39.00165483355522,9.857171630859398
Skaha,Okanagan,2003-06-01,2.489,9.82,58.1317744217813,64.91730222478509,99.34404166415334,0.4758677096106112,16.183984375000023
Skaha,Okanagan,2003-07-01,2.507,12.6,28.888418048154563,6.4601397316437215,72.22446543164551,-7.27919033709973e-22,20.773095703125023
Skaha,Okanagan,2003-08-01,2.479,12.9,16.101856424938887,16.983973735477775,53.172979853115976,-7.302406020502318e-22,20.235833740234398
Skaha,Okanagan,2003-09-01,2.441,11.8,10.426311346236616,35.9643017873168,40.19518266431987,0.022541393263963982,15.014581298828148
Skaha,Okanagan,2003-10-01,2.416,6.55,13.328655244549736,131.02909829467535,31.041532405652106,1.0829799575731158,8.851129150390648
Skaha,Okanagan,2003-11-01,2.412,5.44,7.555269403383136,100.42045265436172,9.493273682892323,32.89460018277168,-2.6106018066406023
Skaha,Okanagan,2003-12-01,2.415,4.85,7.125544099835679,45.44786538463086,1.0850972430489492,110.14169454574585,-4.385198974609352
Skaha,Okanagan,2004-01-01,2.412,5.31,7.043804434943013,71.72040664590895,0.30812092427368043,149.54209327697754,-5.534429931640602
Skaha,Okanagan,2004-02-01,2.458,4.85,6.444763130275533,31.564397388137877,0.27748383581638336,213.07963132858276,-1.8161071777343523
Skaha,Okanagan,2004-03-01,2.492,4.92,11.304725077934563,52.50472808256745,7.828891277313232,228.6415994167328,2.9288269042968977
Skaha,Okanagan,2004-04-01,2.552,5.41,52.056225249543786,36.615621065720916,43.513113632798195,108.78968983888626,8.203179931640648
Skaha,Okanagan,2004-05-01,2.597,7.97,90.44732805341482,99.05831306241453,79.54531372524798,9.903955273330212,11.180963134765648
Skaha,Okanagan,2004-06-01,2.586,7.95,52.62159160338342,57.61477863416076,100.7776684127748,0.007952540727274027,16.461572265625023
Skaha,Okanagan,2004-07-01,2.509,10.6,28.82811555173248,32.42256224621087,86.08872373588383,-7.306051543960571e-22,20.231103515625023
Skaha,Okanagan,2004-08-01,2.519,12.7,17.997746414039284,83.46696989610791,65.14480547048151,-7.345365906286457e-22,20.002496337890648
Skaha,Okanagan,2004-09-01,2.489,17.4,13.676550588570535,92.8507698699832,56.45106662996113,0.2174613910028711,12.163201904296898
Skaha,Okanagan,2004-10-01,2.563,10.4,11.561458639334887,62.808917835354805,34.03325006365776,3.3140419982373714,7.407128906250023
Skaha,Okanagan,2004-11-01,2.53,5.79,12.480131699703634,83.91258073970675,10.675359517335892,18.29398050904274,1.5100341796875227
Skaha,Okanagan,2004-12-01,2.454,19.3,13.958268595160916,78.49565078504384,3.7573007866740227,59.849780052900314,-0.46213378906247726
Skaha,Okanagan,2005-01-01,2.452,22.3,17.520097375381738,60.188452363945544,0.7141434089135146,104.76647317409515,-4.280523681640602
Skaha,Okanagan,2005-02-01,2.432,28.1,20.30011056922376,19.097988726571202,4.364651802461594,100.7431223988533,0.12755737304689774
Skaha,Okanagan,2005-03-01,2.422,17.9,33.7091947440058,57.94811330270022,9.965528413886204,62.297552824020386,3.4727111816406477
Skaha,Okanagan,2005-04-01,2.486,22.2,49.05838519334793,46.858194982632995,55.794864892959595,48.006366938352585,7.247796630859398
Skaha,Okanagan,2005-05-01,2.475,17.4,65.1181791909039,66.89062039367855,86.83004439808428,3.7212686147540808,12.781488037109398
Skaha,Okanagan,2005-06-01,2.538,14.8,39.26881472580135,107.64217469841242,89.3066986463964,0.0053358471632236615,13.370263671875023
Skaha,Okanagan,2005-07-01,2.517,39.0,25.44536185450852,34.73293874412775,100.38585215806961,-7.345365906286457e-22,18.187066650390648
Skaha,Okanagan,2005-08-01,2.487,19.1,16.408370807766914,29.256721783895046,66.1475386004895,-7.345365906286457e-22,19.262017822265648
Skaha,Okanagan,2005-09-01,2.448,12.1,11.493077035993338,53.43939992599189,46.60135949961841,0.0032866296351130586,12.504785156250023
Skaha,Okanagan,2005-10-01,2.413,11.3,10.683819942642003,91.0679679363966,30.836006975732744,0.40624948451295495,6.987786865234398
Skaha,Okanagan,2005-11-01,2.414,5.96,8.612367964815348,77.00234418734908,8.56867991387844,32.94074535369873,0.05703125000002274
Skaha,Okanagan,2005-12-01,2.424,5.67,8.42353462940082,52.25784133654088,3.1873006373643875,62.568359076976776,-3.3847106933593523
Skaha,Okanagan,2006-01-01,2.459,5.6,8.127229753881693,107.81229613348842,-0.17717169748721062,142.4955129623413,-1.3436950683593523
Skaha,Okanagan,2006-02-01,2.471,20.7,7.305588107556105,62.27470375597477,2.4154284910764545,219.24996376037598,-3.0002502441406023
Skaha,Okanagan,2006-03-01,2.508,22.7,9.024788538226858,51.90891004167497,6.23546245333273,268.6327397823334,1.1704650878906477
Skaha,Okanagan,2006-04-01,2.463,17.9,46.59188445657492,50.78121554106474,19.470694824121892,203.2562792301178,6.081933593750023
Skaha,Okanagan,2006-05-01,2.482,41.5,122.30662070214748,69.50994185172021,82.54987536929548,47.28149250149727,11.907464599609398
Skaha,Okanagan,2006-06-01,2.554,61.6,73.73177446424961,71.22733863070607,96.85145923867822,0.031195395422400907,15.896783447265648
Skaha,Okanagan,2006-07-01,2.495,24.0,34.381239442154765,21.064734377432615,86.54936053790152,-7.345365906286457e-22,21.083886718750023
Skaha,Okanagan,2006-08-01,2.52,13.9,18.40148208430037,24.322344921529293,54.23890799283981,-7.345365906286457e-22,19.105950927734398
Skaha,Okanagan,2006-09-01,2.55,16.7,11.645102058537304,42.738321935757995,46.11860029399395,0.10813563130795956,15.177239990234398
Skaha,Okanagan,2006-10-01,2.503,10.4,9.163580456515774,49.94532116688788,27.825580909848213,0.8097877143882215,7.601708984375023
Skaha,Okanagan,2006-11-01,2.399,5.29,10.223057179246098,155.611177906394,10.303324379492551,34.986305981874466,-1.5027832031249773
Skaha,Okanagan,2006-12-01,2.465,5.19,6.770803869585507,73.48731905221939,2.64260118274251,120.95087021589279,-4.698583984374977
Skaha,Okanagan,2007-01-01,2.472,5.41,6.566309675690718,60.68259757012129,-0.20662974566221237,203.11793684959412,-6.684698486328102
Skaha,Okanagan,2007-02-01,2.448,7.95,5.756487313192338,49.01499580591917,1.9274229125585407,236.57816648483276,-1.5268615722656023
Skaha,Okanagan,2007-03-01,2.435,18.0,12.043589900713414,63.6832183226943,10.44150473899208,258.82160663604736,1.7914367675781477
Skaha,Okanagan,2007-04-01,2.427,21.1,41.83021606877446,33.19473587907851,24.95217660907656,158.42321515083313,5.762994384765648
Skaha,Okanagan,2007-05-01,2.447,16.6,101.73661797307432,27.04581309808418,86.56275668181479,34.49689224362373,12.300439453125023
Skaha,Okanagan,2007-06-01,2.482,8.63,57.70165007561445,85.51702369004488,80.97233483567834,0.09161578782368451,14.807611083984398
Skaha,Okanagan,2007-07-01,2.464,11.2,28.6675242241472,37.91468171402812,82.90005172602832,-7.345365906286457e-22,21.068261718750023
Skaha,Okanagan,2007-08-01,2.446,13.0,16.398533014580607,25.49102675402537,55.13833707664162,-7.345365906286457e-22,18.027886962890648
Skaha,Okanagan,2007-09-01,2.444,18.3,10.888553224503994,39.445068687200546,37.06099349074066,0.10782825120259076,13.389794921875023
Skaha,Okanagan,2007-10-01,2.496,10.5,9.385841141920537,67.43113603442907,31.274528591893613,1.742008258588612,5.897119140625023
Skaha,Okanagan,2007-11-01,2.514,5.11,7.576843199785799,56.02654768154025,14.003264077473432,9.792848490178585,0.6094299316406477
Skaha,Okanagan,2007-12-01,2.498,5.11,7.9132342943921685,97.60638326406479,2.6895260307355784,64.44744020700455,-4.198370361328102
Skaha,Okanagan,2008-01-01,2.449,4.89,6.567987351445481,50.45456229709089,-0.4731764583993936,125.31156837940216,-7.332952880859352
Skaha,Okanagan,2008-02-01,2.344,5.78,6.121986705693416,35.62952612992376,-0.6200668267410947,168.74945163726807,-1.9472412109374773
Skaha,Okanagan,2008-03-01,2.355,6.73,6.642903084866703,46.77850450389087,7.609634980326518,188.4254813194275,0.5788513183593977
Skaha,Okanagan,2008-04-01,2.469,12.8,16.596166533418,44.95522705838084,12.068086944054812,173.00373315811157,3.4789978027343977
Skaha,Okanagan,2008-05-01,2.482,17.9,66.21721875853837,59.43943758029491,76.25492918305099,49.695927649736404,11.862786865234398
Skaha,Okanagan,2008-06-01,2.503,28.0,51.45263043232262,54.6863442286849,95.16251273453236,0.14511612243950367,14.020166015625023
Skaha,Okanagan,2008-07-01,2.521,16.4,29.892190534155816,20.009858417324722,78.93119868822396,-7.345365906286457e-22,19.490045166015648
Skaha,Okanagan,2008-08-01,2.506,17.2,18.05637258803472,71.42393034882843,72.88314285688102,0.00027585619477576984,18.316064453125023
Skaha,Okanagan,2008-09-01,2.436,24.0,11.42147375503555,22.661248804070055,45.90684548020363,0.0025851668397081085,14.261712646484398
Skaha,Okanagan,2008-10-01,2.551,11.2,9.458979504415765,43.91165392007679,30.218447267543525,0.31612333259545267,7.119622802734398
Skaha,Okanagan,2008-11-01,2.541,6.82,8.558453992009163,72.9797501116991,11.780811182688922,7.342614233493805,2.4093566894531477
Skaha,Okanagan,2008-12-01,,6.25,7.151717916713096,69.36247600242496,7.744809001451358,31.323693692684174,-7.071508789062477
Skaha,Okanagan,2009-01-01,2.368,6.3,6.827297649579123,46.60348850302398,0.368297730346967,97.98616915941238,-3.6884826660156023
Skaha,Okanagan,2009-02-01,2.364,5.97,5.974323023110628,35.802171099931,2.7651824057102203,114.1514927148819,-1.1325439453124773
Skaha,Okanagan,2009-03-01,2.361,5.59,7.11335422238335,61.46726803854108,7.707835175096989,154.85545992851257,-1.0009826660156023
Skaha,Okanagan,2009-04-01,2.385,6.71,21.88025100622326,38.22952858172357,18.51634180638939,125.13554096221924,5.191308593750023
Skaha,Okanagan,2009-05-01,2.413,7.16,40.604650508612394,54.24640723504126,89.11166898906231,31.862258911132812,11.528710937500023
Skaha,Okanagan,2009-06-01,2.45,8.9,36.169057711958885,31.811362132430077,85.13085544109344,0.10308352648280561,16.815576171875023
Skaha,Okanagan,2009-07-01,2.464,10.2,22.248360561206937,27.924918802455068,77.8885802719742,-7.345365906286457e-22,21.399652099609398
Skaha,Okanagan,2009-08-01,2.467,9.73,13.672160595888272,30.845967470668256,63.93148726783693,0.0017575981701156707,19.900292968750023
Skaha,Okanagan,2009-09-01,2.383,9.85,9.397375979460776,45.8355329465121,57.28043499402702,0.009702256647869945,15.663629150390648
Skaha,Okanagan,2009-10-01,2.337,9.78,8.975024858955294,102.68905060365796,28.427492536138743,3.1720311380922794,4.993341064453148
Skaha,Okanagan,2009-11-01,2.377,5.58,7.189206808106974,84.08477995544672,11.216467246413231,29.2319618165493,0.9078918457031477
Skaha,Okanagan,2009-12-01,2.388,5.35,6.2021511839702725,37.75768482591957,6.653918724623509,67.9619163274765,-5.030737304687477
Skaha,Okanagan,2010-01-01,2.445,5.34,6.592719873879105,58.88036510441452,-0.38401316851377487,120.14187127351761,-0.38141479492185226
Skaha,Okanagan,2010-02-01,2.429,5.27,6.831521925050765,36.52634657919407,1.868819264927879,146.65085077285767,1.2807556152343977
Skaha,Okanagan,2010-03-01,2.413,5.37,12.487931729992852,55.2082157228142,10.448992252349854,139.8986279964447,3.0262390136718977
Skaha,Okanagan,2010-04-01,2.463,5.5,29.499776428565383,50.027871038764715,39.187436923384666,100.72723031044006,5.898675537109398
Skaha,Okanagan,2010-05-01,2.505,8.23,62.21775524318218,90.85145709104836,77.02901121228933,33.16320478916168,9.449456787109398
Skaha,Okanagan,2010-06-01,2.524,21.5,62.140789814293385,78.23414169251919,98.79620047286153,0.534893071744591,13.596490478515648
Skaha,Okanagan,2010-07-01,2.52,19.0,32.37596806138754,31.50856413412839,88.71008059941232,-7.345365906286457e-22,19.486627197265648
Skaha,Okanagan,2010-08-01,2.487,18.9,18.356519110966474,36.23095387592912,64.36857976950705,7.093445475447879e-05,18.377252197265648
Skaha,Okanagan,2010-09-01,2.482,14.2,13.14699329668656,81.86910767108202,46.791433123871684,0.002380244950472843,12.493951416015648
Skaha,Okanagan,2010-10-01,2.498,12.3,9.867948945611715,36.569621530361474,33.37029612157494,0.5107123288325965,8.348870849609398
Skaha,Okanagan,2010-11-01,2.43,6.13,8.75465600984171,79.32246197015047,16.165095730684698,14.619424939155579,-0.9343017578124773
Skaha,Okanagan,2010-12-01,2.429,6.36,7.507374350097962,69.56861494109035,1.7282276348851155,73.32821190357208,-3.7399353027343523
Skaha,Okanagan,2011-01-01,2.425,6.15,7.44746025884524,69.78226033970714,0.5866394876647973,135.86916029453278,-4.349371337890602
Skaha,Okanagan,2011-02-01,2.425,5.89,6.202387041412294,62.70160432904959,1.8603093922138214,191.06754660606384,-5.356146240234352
Skaha,Okanagan,2011-03-01,2.43,6.54,8.54996163980104,87.43271208368242,4.679979596403427,259.0506672859192,0.13128051757814774
Skaha,Okanagan,2011-04-01,2.423,16.4,13.83268361678347,76.30904903635383,17.291969270445406,280.1961600780487,2.6025329589843977
Skaha,Okanagan,2011-05-01,2.523,47.7,132.4341632425785,98.36122998967767,39.98856863472611,148.81809055805206,8.876367187500023
Skaha,Okanagan,2011-06-01,2.559,57.4,143.26487202197313,54.28154719993472,86.15364320576191,9.663495235145092,13.523492431640648
Skaha,Okanagan,2011-07-01,2.516,58.7,44.8819468729198,42.51926694996655,74.77825693786144,5.517124179732491e-05,17.019769287109398
Skaha,Okanagan,2011-08-01,2.458,19.6,21.77684661000967,6.713075854349881,53.08802332729101,-7.345365906286457e-22,19.964990234375023
Skaha,Okanagan,2011-09-01,2.458,10.4,12.908215576317161,18.72681314125657,36.506038159132004,0.00037043548672954785,17.084985351562523
Skaha,Okanagan,2011-10-01,2.45,10.1,10.56562116718851,75.18815295770764,34.1955159092322,0.30027341563254595,7.265191650390648
Skaha,Okanagan,2011-11-01,2.393,5.6,7.97980057541281,86.73795266076922,10.157609358429909,26.11105889081955,-0.5757812499999773
Skaha,Okanagan,2011-12-01,2.411,5.48,6.801085488405079,36.75180836580694,2.749462226347532,69.03886049985886,-1.4277404785156023
Skaha,Okanagan,2012-01-01,2.426,5.43,6.152382542495616,64.43416746333241,0.935487778406241,118.28019469976425,-4.198980712890602
Skaha,Okanagan,2012-02-01,2.442,5.34,5.339590119547211,60.15815935097635,1.5211015670502093,169.16517913341522,-3.2359680175781023
Skaha,Okanagan,2012-03-01,2.434,5.56,7.141933354432695,111.35099292732775,5.495267760124989,238.39840292930603,0.39568481445314774
Skaha,Okanagan,2012-04-01,2.434,10.8,50.801855977624655,82.41252740845084,11.309133551549166,220.3262895345688,6.270013427734398
Skaha,Okanagan,2012-05-01,2.462,46.8,105.25392857380211,43.237342848442495,80.22848819382489,52.45457962155342,10.640527343750023
Skaha,Okanagan,2012-06-01,2.528,53.6,88.02131982520223,139.1222421079874,87.31972659006715,1.5194553416222334,12.980859375000023
Skaha,Okanagan,2012-07-01,2.532,71.0,43.25979365967214,49.97215676121414,104.4149228837341,0.0013398730516200885,20.090142822265648
Skaha,Okanagan,2012-08-01,2.474,28.3,23.06515903910622,11.163720017066225,62.15183553285897,-7.345365906286457e-22,20.483392333984398
Skaha,Okanagan,2012-09-01,2.497,15.7,13.90235818689689,7.667790341656655,33.175862627103925,0.00011822408652051308,16.690057373046898
Skaha,Okanagan,2012-10-01,2.455,11.0,11.962369462708011,102.99599985592067,22.5515331258066,4.571828059852123,7.232202148437523
Skaha,Okanagan,2012-11-01,2.446,5.79,11.082647542934865,100.43989168480039,9.761238761711866,18.05277168750763,1.4628845214843977
Skaha,Okanagan,2012-12-01,2.416,5.38,11.003754829289392,111.3570702727884,3.065234050154686,95.68946063518524,-2.7258361816406023
Skaha,Okanagan,2013-01-01,2.409,15.0,11.198863241588697,63.88196628540754,0.8557749479223276,173.21930825710297,-5.051855468749977
Skaha,Okanagan,2013-02-01,2.4,22.1,9.759406675584614,38.582246750593185,1.5327297151088715,214.53221142292023,-1.3924011230468523
Skaha,Okanagan,2013-03-01,2.385,24.1,12.82149733742699,59.58375288173556,8.692480623722076,248.95356595516205,1.6266113281250227
Skaha,Okanagan,2013-04-01,2.467,22.4,56.23468430712819,83.48449598997831,17.346437671221793,178.01302671432495,5.342279052734398
Skaha,Okanagan,2013-05-01,2.548,57.6,157.8539670445025,86.65422722697258,80.86825511418283,36.351196467876434,12.492181396484398
Skaha,Okanagan,2013-06-01,2.572,66.6,74.47028998285532,106.98249097913504,86.35385194793344,0.11835019540740177,14.584130859375023
Skaha,Okanagan,2013-07-01,2.472,53.6,37.78593149036169,13.268508831970394,99.67748052440584,-7.345365906286457e-22,20.554986572265648
Skaha,Okanagan,2013-08-01,2.491,17.6,21.674580115359277,53.51718352176249,64.81307768262923,-7.345365906286457e-22,19.952142333984398
Skaha,Okanagan,2013-09-01,2.509,21.6,16.7816283646971,113.00809448584914,61.15743890404701,0.05097822577226907,14.971093750000023
Skaha,Okanagan,2013-10-01,2.48,12.3,11.557323770830408,27.29432564228773,32.36019366886467,0.7177857332862914,6.407464599609398
Skaha,Okanagan,2013-11-01,2.476,6.65,11.107871832791716,94.30682519450784,9.355750225950032,31.45502507686615,0.7993713378906477
Skaha,Okanagan,2013-12-01,2.418,6.93,9.874944749753922,43.98536158259958,4.567931246128865,72.25905358791351,-4.235845947265602
Skaha,Okanagan,2014-01-01,2.446,6.5,9.54853554139845,52.071619778871536,-0.19261768238720833,119.98049169778824,-1.3576110839843523
Skaha,Okanagan,2014-02-01,2.478,15.3,8.181005483493209,59.898147359490395,0.4793306361534633,161.5605652332306,-6.487249755859352
Skaha,Okanagan,2014-03-01,2.495,22.9,10.411792871309444,77.01138546690345,5.771476615336724,215.0503247976303,0.8520751953125227
Skaha,Okanagan,2014-04-01,2.501,20.0,38.568583549931645,61.31682079285383,23.930705501697958,170.19934952259064,5.679498291015648
Skaha,Okanagan,2014-05-01,2.528,56.6,116.64442578330636,71.85693038627505,78.69129511527717,50.789203494787216,11.899957275390648
Skaha,Okanagan,2014-06-01,2.51,20.2,71.06482749804854,63.5381368920207,84.13799107074738,0.30612945556640625,14.808343505859398
Skaha,Okanagan,2014-07-01,2.548,16.8,32.174210296943784,40.35919648595154,83.27984251081944,-7.345365906286457e-22,21.596582031250023
Skaha,Okanagan,2014-08-01,2.491,21.5,18.01203755894676,53.05027810391039,66.59206538461149,-7.345365906286457e-22,20.492730712890648
Skaha,Okanagan,2014-09-01,2.464,11.4,12.204470112919807,57.996808318421245,46.701180981472135,0.0004019618984330009,14.802636718750023
Skaha,Okanagan,2014-10-01,2.49,12.8,11.094790505012497,88.36026513017714,32.51601045485586,0.3290334134362638,9.268212890625023
Skaha,Okanagan,2014-11-01,2.455,7.72,9.699288639239967,90.76699381694198,15.708320424892008,9.873098693788052,0.09075317382814774
Skaha,Okanagan,2014-12-01,2.5,6.53,11.082029523095116,68.86987900361419,1.4407399175979663,61.55699118971825,-2.5294250488281023
Skaha,Okanagan,2015-01-01,2.492,10.0,11.483744223369285,72.74765125475824,-0.01337689687375132,136.51742041110992,-2.2924255371093523
Skaha,Okanagan,2015-02-01,2.411,19.2,14.10939870402217,52.14315094053745,2.3007938580121845,157.87464380264282,1.9692932128906477
Skaha,Okanagan,2015-03-01,2.418,17.8,44.197877403348684,55.91186333913356,12.27763356291689,105.57038336992264,5.060327148437523
Skaha,Okanagan,2015-04-01,2.501,18.2,70.38222625851631,31.417279969900846,56.781418388709426,35.970237106084824,6.953271484375023
Skaha,Okanagan,2015-05-01,2.483,34.2,61.3999986089766,54.98883221298456,81.3407723326236,6.442684680223465,13.919488525390648
Skaha,Okanagan,2015-06-01,2.444,31.0,37.94212709181011,57.05330288037658,91.0773896612227,3.940802884017103e-05,18.954888916015648
Skaha,Okanagan,2015-07-01,2.475,12.6,20.944714022334665,32.90246322285384,71.14158640615642,-7.345365906286457e-22,21.239648437500023
Skaha,Okanagan,2015-08-01,2.447,10.9,12.83101664739661,40.27422552462667,53.12678625341505,-7.345365906286457e-22,20.350885009765648
Skaha,Okanagan,2015-09-01,2.422,8.91,9.165071533061564,51.0873191524297,47.018760815262794,0.00455556801171042,12.887719726562523
Skaha,Okanagan,2015-10-01,2.461,8.47,7.844727020710707,60.56432030163705,27.841142378747463,0.0823864247649908,9.834954833984398
Skaha,Okanagan,2015-11-01,2.423,7.18,7.474265294149518,112.73990850895643,14.398778148461133,30.1138274371624,0.44423828125002274
Skaha,Okanagan,2015-12-01,2.382,5.61,6.4620835619280115,95.457399263978,3.3230712506338023,100.02808272838593,-3.1854919433593523
Skaha,Okanagan,2016-01-01,2.437,5.49,6.299436528934166,67.32466700486839,-0.25887664105539443,161.48072481155396,-3.1626647949218523
Skaha,Okanagan,2016-02-01,2.466,8.56,7.017720476142131,53.3379758708179,2.2275950759649277,213.96450698375702,0.32106933593752274
Skaha,Okanagan,2016-03-01,2.415,21.8,18.2904694811441,98.65471092052758,12.728473171591759,235.9890341758728,3.1316467285156477
Skaha,Okanagan,2016-04-01,2.524,39.4,88.75005645677447,22.629828890785575,51.300739869475365,107.39016532897949,10.773492431640648
Skaha,Okanagan,2016-05-01,2.503,59.2,95.39332729764283,65.99780637770891,84.80803505517542,4.079779144376516,13.167230224609398
Skaha,Okanagan,2016-06-01,2.497,24.8,39.831725880503654,62.46268283575773,92.68052643164992,0.030225959562812932,16.068353271484398
Skaha,Okanagan,2016-07-01,2.468,37.5,24.573257367592305,81.85214269906282,85.66415403038263,-7.345365906286457e-22,18.017633056640648
Skaha,Okanagan,2016-08-01,2.504,17.3,15.189615834970027,26.717176311649382,58.786736452020705,-7.345365906286457e-22,20.052239990234398
Skaha,Okanagan,2016-09-01,2.478,16.4,10.877074382733554,49.13566284812987,46.7113230843097,-7.345365906286457e-22,13.330560302734398
Skaha,Okanagan,2016-10-01,2.507,12.5,12.54096144111827,140.766232740134,32.448405399918556,1.4302198542281985,6.523461914062523
Skaha,Okanagan,2016-11-01,2.556,17.9,12.124629865866154,82.58564863353968,14.403825625777245,9.31783951818943,3.3735900878906477
Skaha,Okanagan,2016-12-01,2.444,15.7,13.23021957068704,60.767283430323005,6.782269265386276,63.8759583234787,-7.272680664062477
Skaha,Okanagan,2017-01-01,2.435,11.6,13.047006010310724,35.20008595660329,0.43593284044618485,110.44979840517044,-8.531134033203102
Skaha,Okanagan,2017-02-01,2.395,11.3,11.131264735013247,67.50387884676456,1.1603757739067078,162.605881690979,-5.226416015624977
Skaha,Okanagan,2017-03-01,2.429,14.2,15.067953441757709,123.21503227576613,4.4094195327488706,223.84583950042725,0.44591674804689774
Skaha,Okanagan,2017-04-01,2.486,26.4,61.49847060441971,102.80348360538483,13.897968165110797,215.82625806331635,4.381494140625023
Skaha,Okanagan,2017-05-01,2.602,76.7,207.52324536442757,80.18147177062929,74.39514598809183,77.74980366230011,11.751855468750023
Skaha,Okanagan,2017-06-01,2.616,84.3,81.87922881916165,30.1671854685992,87.33962662518024,0.2850382879842073,15.752435302734398
Skaha,Okanagan,2017-07-01,2.493,76.3,29.620222107041627,4.793592845089734,66.88074651174247,-7.345365906286457e-22,21.277337646484398
Skaha,Okanagan,2017-08-01,2.451,48.3,15.30876464676112,3.015300528204534,45.45066226273775,-7.345365906286457e-22,22.337396240234398
Skaha,Okanagan,2017-09-01,2.431,18.5,9.571075206622481,22.81904686242342,33.98825414478779,0.01993258047150448,15.899896240234398
Skaha,Okanagan,2017-10-01,2.412,9.98,8.31806255155243,72.71662936545908,26.628984429407865,1.9036522135138512,6.319116210937523
Skaha,Okanagan,2017-11-01,2.435,8.66,7.74363346863538,120.54330669343472,7.928572304081172,41.0902313888073,-0.6289123535156023
Skaha,Okanagan,2017-12-01,2.397,6.88,5.5341687257168815,79.59232293069363,4.7853682190179825,86.41406148672104,-3.8135437011718523
Skaha,Okanagan,2018-01-01,2.477,10.7,5.335146939614788,96.92596597597003,-0.2875359014069545,174.95012283325195,-2.6205505371093523
Skaha,Okanagan,2018-02-01,2.415,19.4,4.826795891858637,77.57232524454594,3.964882344007492,273.3350098133087,-5.270086669921852
Skaha,Okanagan,2018-03-01,2.435,32.7,5.795998920802958,72.58484046906233,8.631822653114796,336.59660816192627,0.44024047851564774
Skaha,Okanagan,2018-04-01,2.383,64.9,31.51125507429242,97.35336760058999,17.226999043487012,341.9435918331146,5.121331787109398
Skaha,Okanagan,2018-05-01,2.613,70.7,234.3556205742061,40.85226985625923,75.92587918043137,68.93930584192276,14.770074462890648
Skaha,Okanagan,2018-06-01,2.444,70.2,64.37615258619189,63.75537486746907,83.39522173628211,0.02410983324807603,14.960748291015648
Skaha,Okanagan,2018-07-01,2.478,45.7,28.481156507041305,22.65473792795092,73.7966934684664,8.669766771163268e-05,20.631005859375023
Skaha,Okanagan,2018-08-01,2.587,11.4,15.707310754805803,26.419081434141845,53.04684245493263,-7.345365906286457e-22,20.363916015625023
Skaha,Okanagan,2018-09-01,2.447,11.1,11.56644051661715,84.27757071331143,42.557670967653394,0.016984860849333927,12.744775390625023
Skaha,Okanagan,2018-10-01,2.487,15.4,9.435733838472515,69.97504644095898,31.381997279822826,0.9294383926317096,6.814752197265648
Skaha,Okanagan,2018-11-01,2.474,9.98,10.633092897478491,89.45144712924957,12.44510494871065,11.098301969468594,1.9212890625000227
Skaha,Okanagan,2018-12-01,2.405,9.27,9.614836890250444,71.56549929641187,4.8137966805370525,52.460797131061554,-1.9306396484374773
Skaha,Okanagan,2019-01-01,2.406,11.5,9.882166108582169,51.328058005310595,0.4743216559290886,121.21785432100296,-0.49811401367185226
Skaha,Okanagan,2019-02-01,2.476,12.9,8.741093683056533,37.975404877215624,2.5830170197878033,158.3254486322403,-9.036840820312477
Skaha,Okanagan,2019-03-01,2.399,15.4,15.671849949285388,29.18059437070042,1.8977005165652372,165.38898646831512,0.10411987304689774
Skaha,Okanagan,2019-04-01,2.411,15.3,41.108831064775586,62.76181899011135,30.121469171717763,74.7445821762085,6.327630615234398
Skaha,Okanagan,2019-05-01,2.44,12.5,62.193128280341625,40.56479048449546,83.94652442075312,12.298008427023888,13.897271728515648
Skaha,Okanagan,2019-06-01,2.387,9.99,38.650837959721684,52.22851876169443,84.4154809601605,0.004390054527902976,15.749169921875023
Skaha,Okanagan,2019-07-01,2.475,11.9,24.178823572583497,70.13193145394325,81.69167046435177,-7.345365906286457e-22,18.265130615234398
Skaha,Okanagan,2019-08-01,2.469,11.7,14.796446048421785,26.71493880916387,52.92235070373863,-7.345365906286457e-22,20.328759765625023
Skaha,Okanagan,2019-09-01,2.497,11.7,11.645325575955212,110.1492578163743,49.17813464999199,0.7810592651367188,13.420709228515648
Skaha,Okanagan,2019-10-01,2.471,11.4,10.3889865858946,60.324633261188865,32.59150090161711,3.75906890258193,4.236016845703148
Skaha,Okanagan,2019-11-01,2.406,10.8,10.397957812529057,50.51354644820094,10.997168719768524,6.820520851761103,1.5482116699218977
Skaha,Okanagan,2019-12-01,2.389,10.4,11.13906959653832,83.55631120502949,4.821812894078903,37.889182567596436,-1.5405334472656023
Skaha,Okanagan,2020-01-01,2.428,16.7,11.118591035483405,113.15533658489585,0.21352028625187813,136.204794049263,-3.0695861816406023
Skaha,Okanagan,2020-02-01,2.416,28.7,11.540826089913025,69.57782269455492,0.6455357051891042,212.09077537059784,-0.31201782226560226
Skaha,Okanagan,2020-03-01,2.348,32.3,12.067696283338591,48.88847656548023,6.512133244541474,245.0989931821823,1.1793762207031477
Skaha,Okanagan,2020-04-01,2.338,32.1,39.84069102443755,29.997403034940362,10.865209624171257,206.35652542114258,5.802239990234398
Skaha,Okanagan,2020-05-01,2.58,50.0,144.2182082682848,96.22787963598967,78.10358982533216,37.3556986451149,11.558587646484398
Skaha,Okanagan,2020-06-01,2.612,77.0,76.21135096997023,87.94431108981371,92.01273322105408,0.10792283137561753,14.174096679687523
Skaha,Okanagan,2020-07-01,2.467,68.4,38.60494040418416,39.8845283780247,87.20590150915086,0.00048077794190248824,18.814599609375023
Skaha,Okanagan,2020-08-01,2.439,41.4,21.51530602714047,17.406010010745376,60.111153870821,-7.345365906286457e-22,19.712213134765648
Skaha,Okanagan,2020-09-01,2.461,18.9,13.453109131660312,35.244806203991175,38.21606864221394,0.0023960083126439713,17.123712158203148
Skaha,Okanagan,2020-10-01,2.392,14.4,11.88007989549078,100.49142618663609,31.13333135843277,8.793657645583153,7.252343750000023
Skaha,Okanagan,2020-11-01,2.384,14.2,9.267922723665833,80.7230151258409,9.037498093675822,29.63581494987011,0.6151062011718977
Skaha,Okanagan,2020-12-01,2.394,12.4,8.73126249643974,91.42900700680912,3.4783203154802322,84.9885493516922,-1.7522949218749773
Skaha,Okanagan,2021-01-01,2.5,11.2,8.555049251299351,74.27097181789577,0.5000264882255578,177.5798797607422,-2.5170349121093523
Skaha,Okanagan,2021-02-01,2.466,17.3,7.653881912119687,66.42696913331747,2.1383166313171387,240.8890277147293,-5.608099365234352
Skaha,Okanagan,2021-03-01,2.37,16.2,9.597239113645628,28.755750390700996,12.022451817756519,259.9082887172699,2.2061096191406477
Skaha,Okanagan,2021-04-01,2.371,21.6,33.22176402434707,24.000610574148595,21.546920179389417,193.9072608947754,7.055169677734398
Skaha,Okanagan,2021-05-01,2.508,31.0,88.37631740607321,37.3716470785439,80.84445097483695,37.27145865559578,11.564202880859398
Skaha,Okanagan,2021-06-01,2.412,20.5,57.65507463365793,27.543882024474442,86.0620359890163,0.13764436880592257,19.301812744140648
Skaha,Okanagan,2021-07-01,2.324,12.5,26.09839680371806,10.803407232742757,67.58544431068003,-7.345365906286457e-22,23.483880615234398
Skaha,Okanagan,2021-08-01,2.331,11.9,14.677842176752165,38.63963973708451,57.227680808864534,-7.345365906286457e-22,19.538873291015648
Skaha,Okanagan,2021-09-01,2.327,11.4,10.105403198394924,63.70264571160078,41.27303254790604,0.0006699365258100443,13.906610107421898
Skaha,Okanagan,2021-10-01,2.332,9.55,9.137246495811269,89.92982259951532,32.19431173056364,1.8714242614805698,6.396020507812523
Skaha,Okanagan,2021-11-01,2.359,5.94,15.748213045299053,140.21387323737144,9.957411966752261,17.73477904498577,1.3797851562500227
Skaha,Okanagan,2021-12-01,2.385,5.73,17.475646862294525,100.07917718030512,6.005370058119297,64.03633207082748,-6.669073486328102
Skaha,Okanagan,2022-01-01,2.449,5.91,18.617662717588246,55.894764489494264,-0.1273692228096479,144.22263205051422,-4.976202392578102
Skaha,Okanagan,2022-02-01,2.461,5.98,15.619126847013831,32.36487274989486,3.265809267759323,172.21562564373016,-2.8729919433593523
Skaha,Okanagan,2022-03-01,2.493,6.13,24.311424465849996,61.67404935695231,6.937325932085514,189.0120953321457,2.4295593261718977
Skaha,Okanagan,2022-04-01,2.516,8.13,43.12436445616186,47.58207011036575,28.678030357696116,129.1453093290329,3.5309082031250227
Skaha,Okanagan,2022-05-01,2.516,17.1,92.57750981487334,81.57732686959207,71.29575754515827,57.07263946533203,8.709863281250023
Skaha,Okanagan,2022-06-01,2.599,59.5,104.78935204446316,109.1086445376277,93.85925950482488,3.0588197987526655,13.917626953125023
Skaha,Okanagan,2022-07-01,2.46,67.0,43.99211739655584,40.355890756472945,98.10454514808953,-7.345365906286457e-22,20.818658447265648
Skaha,Okanagan,2022-08-01,2.454,30.8,22.413562226574868,18.917269713710994,55.70754688233137,-7.345365906286457e-22,22.372064208984398
Skaha,Okanagan,2022-09-01,2.506,14.3,6.939767918083817,7.1287846367340535,13.10050516622141,-7.345365906286457e-22,16.473535156250023
Skaha,Okanagan,2022-10-01,2.486,9.9,5.189827919821255,18.48314009839669,7.943879958475009,1.4674367848783731,11.372338867187523
Skaha,Okanagan,2022-11-01,2.445,8.82,3.768993919948116,41.58473457209766,5.211834650253877,41.29740968346596,-3.2637390136718523
Skaha,Okanagan,2022-12-01,2.371,7.92,3.201682229700964,37.87143295630813,0.8493896075378871,99.19565916061401,-8.584539794921852
Skaha,Okanagan,2023-01-01,2.386,7.88,2.770695042272564,27.34340273309499,-0.11472373194010288,171.73434793949127,-3.1392272949218523
Skaha,Okanagan,2023-02-01,2.387,13.4,2.16653075767681,25.618291459977627,0.6011538207530975,212.74791657924652,-3.9134277343749773
Skaha,Okanagan,2023-03-01,2.343,20.5,2.176438742026221,14.645736722741276,2.440388700051699,257.92196393013,0.21532592773439774
Skaha,Okanagan,2023-04-01,2.398,11.3,7.247587200254202,33.25522877275944,5.425415147328749,239.28701877593994,4.321679687500023
Skaha,Okanagan,2023-05-01,2.495,36.0,32.49974886421114,23.833434388507158,26.727842341642827,19.90497298538685,15.338281250000023
Skaha,Okanagan,2023-06-01,2.431,24.4,19.854893325828016,22.469121613539755,29.423277592286468,0.020176910766167566,16.971826171875023
Skaha,Okanagan,2023-07-01,2.419,13.0,11.648533574771136,9.650626103393734,24.269963905680925,-7.345365906286457e-22,20.947015380859398
Skaha,Okanagan,2023-08-01,2.329,11.7,7.118965120753273,15.235017286613584,20.192602823954076,-7.345365906286457e-22,20.959710693359398
Skaha,Okanagan,2023-09-01,2.348,10.9,4.876450693700463,19.79111577384174,13.665710866916925,0.010301258953404613,14.275903320312523
Skaha,Okanagan,2023-10-01,2.379,10.7,4.015764352516271,22.956697910558432,8.976513519883156,1.2903449824079871,7.976617431640648
Skaha,Okanagan,2023-11-01,2.383,6.75,3.4129206323996186,26.214438839815557,3.66161584679503,11.54286414384842,0.7818542480468977
Skaha,Okanagan,2023-12-01,2.36,6.55,3.5349413083167747,36.51804709807038,1.5214583836495876,34.34770926833153,-0.6312927246093523
Skaha,Okanagan,2024-01-01,2.373,6.61,3.3459246769780293,39.36559020075947,0.27619924094324233,84.18937027454376,-5.302130126953102
Skaha,Okanagan,2024-02-01,2.431,6.92,3.7244673003442585,33.39786292053759,0.5594420381385135,115.71813374757767,-0.08127441406247726
Skaha,Okanagan,2024-03-01,2.364,6.8,16.427333641331643,43.503991793841124,3.9520550781162456,128.7071406841278,2.4313903808593977
Skaha,Okanagan,2024-04-01,2.387,6.97,34.47537194006145,53.529152646660805,49.37378573231399,67.97023862600327,6.162347412109398
Skaha,Okanagan,2024-05-01,2.515,11.2,55.89620803948492,50.10724416933954,81.15871902555227,16.97387360036373,10.710351562500023
Skaha,Okanagan,2024-06-01,2.439,11.9,41.972907492890954,61.68963387608528,91.57204767689109,0.1796612050384283,14.380517578125023
Skaha,Okanagan,2024-07-01,2.391,11.6,23.117765609640628,16.02241426007822,79.44077905267477,-7.345365906286457e-22,22.851312255859398
Skaha,Okanagan,2024-08-01,2.411,15.1,14.360958593897521,65.09778182953596,64.03154693543911,0.0005832388296767022,20.068750000000023
Skaha,Okanagan,2024-09-01,2.448,12.0,9.401486604474485,28.228798764757812,52.03430657275021,0.0007093445333339332,16.388604736328148
Skaha,Okanagan,2024-10-01,2.449,9.65,8.764395577600226,75.2754588611424,30.100682459305972,0.4869650292675942,7.956719970703148
Skaha,Okanagan,2024-11-01,2.392,7.13,7.366094214376062,89.84355255961418,11.066189326811582,23.72262440621853,0.8618408203125227
Skaha,Okanagan,2024-12-01,2.395,6.21,6.529200065415353,76.38051081448793,3.170805597619619,73.69060069322586,-0.8531249999999773
Vaseux,Okanagan,1994-01-01,7.882,,8.977578138001263,52.85164201632142,-1.6158376820385456,125.23616850376129,-1.0085205078124773
Vaseux,Okanagan,1994-02-01,7.869,,7.46156380046159,79.2044410482049,0.3617275506258011,164.176344871521,-4.989965820312477
Vaseux,Okanagan,1994-03-01,7.995,,12.947743001859635,46.75023979507387,2.6566083543002605,199.3325650691986,1.4101806640625227
Vaseux,Okanagan,1994-04-01,7.973,,61.57522089779377,60.27937168255448,27.54241693764925,102.78485715389252,6.431787109375023
Vaseux,Okanagan,1994-05-01,7.828,,85.70246584713459,53.524491493590176,91.91297879442573,7.396379951387644,11.506982421875023
Vaseux,Okanagan,1994-06-01,7.962,,46.729815658181906,85.79733548685908,101.96287650614977,0.011017652468581218,13.558740234375023
Vaseux,Okanagan,1994-07-01,8.033,,27.54007378825918,20.882940909359604,94.38534686341882,-7.345365906286457e-22,20.494042968750023
Vaseux,Okanagan,1994-08-01,8.024,,16.87771041179076,58.091465034522116,65.76525047421455,-7.345365906286457e-22,18.709130859375023
Vaseux,Okanagan,1994-09-01,7.911,,10.845493816304952,23.303821217268705,40.03708250820637,0.00012405519100866513,16.290917968750023
Vaseux,Okanagan,1994-10-01,7.836,,9.144578827545047,79.14003706537187,22.537994431331754,1.9922489300370216,6.645654296875023
Vaseux,Okanagan,1994-11-01,7.844,,6.592568097403273,85.40429407730699,4.15080226957798,49.296580255031586,-3.9423583984374773
Vaseux,Okanagan,1994-12-01,7.843,,6.082658626837656,92.40783494897187,-0.9252722375094891,133.7098628282547,-5.213720703124977
Vaseux,Okanagan,1995-01-01,7.818,,5.346993522834964,62.0865726377815,-1.2539252638816833,205.93857765197754,-5.295019531249977
Vaseux,Okanagan,1995-02-01,7.898,,5.134675186127424,54.94040809571743,5.713373422622681,257.80364871025085,-1.4032958984374773
Vaseux,Okanagan,1995-03-01,7.882,,6.682351246126927,62.027163337916136,9.149580728262663,282.44054317474365,-0.28684082031247726
Vaseux,Okanagan,1995-04-01,7.845,,19.734358065761626,44.14908355101943,19.293108489364386,250.7036328315735,3.3297363281250227
Vaseux,Okanagan,1995-05-01,8.06,,97.69988199695945,31.275611254386604,81.97276573628187,94.18139606714249,10.940576171875023
Vaseux,Okanagan,1995-06-01,7.989,,87.41018129512668,90.68837855011225,96.79455310106277,1.3425950892269611,14.221826171875023
Vaseux,Okanagan,1995-07-01,8.015,,37.95819031074643,56.67304003145546,87.06168364733458,-7.345365906286457e-22,17.932275390625023
Vaseux,Okanagan,1995-08-01,8.027,,21.48445916827768,63.95996850915253,72.62713648378849,-7.345365906286457e-22,14.963769531250023
Vaseux,Okanagan,1995-09-01,7.987,,13.499833876267076,25.739139528013766,45.16318906098604,-7.345365906286457e-22,15.870019531250023
Vaseux,Okanagan,1995-10-01,7.866,,11.7574539326597,80.62507468275726,30.271026771515608,1.4015756314620376,5.227563476562523
Vaseux,Okanagan,1995-11-01,7.895,,13.198923552408814,166.60145949572325,1.6526179388165474,42.91969537734985,0.03542480468752274
Vaseux,Okanagan,1995-12-01,7.948,,11.283145810011774,89.87363241612911,-0.35785604268312454,128.84505093097687,-5.871923828124977
Vaseux,Okanagan,1996-01-01,8.013,,12.460228201234713,67.72118131630123,-0.5332040600478649,207.255557179451,-8.175756835937477
Vaseux,Okanagan,1996-02-01,8.018,,11.565288063138723,62.61847191490233,1.0987538844347,264.81926441192627,-4.110205078124977
Vaseux,Okanagan,1996-03-01,8.017,,13.055941584752873,37.91167552117258,7.798374630510807,287.0754599571228,-0.37387695312497726
Vaseux,Okanagan,1996-04-01,8.091,,68.30466678366065,67.68009625375271,9.529301896691322,210.3961855173111,3.8625732421875227
Vaseux,Okanagan,1996-05-01,8.058,,156.36797668412328,110.29469687491655,66.92570587620139,102.07130759954453,7.040917968750023
Vaseux,Okanagan,1996-06-01,8.351,,128.3751893788576,45.81078886985779,96.46489284932613,7.541323080658913,13.341699218750023
Vaseux,Okanagan,1996-07-01,8.087,,40.2521644718945,28.20966625586152,95.10878194123507,0.0005815087433802546,19.333886718750023
Vaseux,Okanagan,1996-08-01,8.005,,20.204508502501994,26.89921879209578,55.36230746656656,-7.345365906286457e-22,18.836328125000023
Vaseux,Okanagan,1996-09-01,7.91,,14.414565812330693,95.02013213932514,47.48163744807243,0.03796864257310517,11.822778320312523
Vaseux,Okanagan,1996-10-01,7.879,,11.373245884897187,86.92427212372422,23.590450640767813,10.616449639201164,4.372216796875023
Vaseux,Okanagan,1996-11-01,7.843,,10.08971594274044,104.46083033457398,3.8979481905698776,47.6028248667717,-3.0226806640624773
Vaseux,Okanagan,1996-12-01,7.862,,9.391936531756073,113.95230609923601,-1.269371248781681,144.80771124362946,-7.965551757812477
Vaseux,Okanagan,1997-01-01,7.892,,9.234973025741056,96.58794431015849,-0.16151880845427513,259.7205638885498,-4.780615234374977
Vaseux,Okanagan,1997-02-01,7.934,,7.947912672534585,37.63807564973831,-0.22646598517894745,316.09565019607544,-2.3243164062499773
Vaseux,Okanagan,1997-03-01,8.054,,9.84558925847523,84.62216355837882,6.141236983239651,366.10016226768494,-0.22092285156247726
Vaseux,Okanagan,1997-04-01,8.051,,28.4082954749465,50.10051419958472,18.317811191082,340.8909738063812,2.8130126953125227
Vaseux,Okanagan,1997-05-01,8.198,,223.00119046121836,89.12562811747193,67.42322538048029,129.51533496379852,9.806787109375023
Vaseux,Okanagan,1997-06-01,8.321,,119.69542130827904,90.01955855637789,103.46237104386091,1.7470072489231825,13.014062500000023
Vaseux,Okanagan,1997-07-01,8.326,,46.72305774874985,85.29552188701928,112.40808293223381,-7.345365906286457e-22,16.644677734375023
Vaseux,Okanagan,1997-08-01,8.318,,25.668449874501675,28.891817608382553,67.36772088333964,-7.345365906286457e-22,18.882714843750023
Vaseux,Okanagan,1997-09-01,8.132,,18.511255038902164,91.21345588937402,54.509248584508896,0.005613497705780901,13.613793945312523
Vaseux,Okanagan,1997-10-01,8.02,,15.668278967496008,91.93010651506484,29.997596750035882,1.408507232554257,5.238671875000023
Vaseux,Okanagan,1997-11-01,7.824,,13.737191911786795,42.95167629607022,6.853141821920872,6.995107978582382,1.1561523437500227
Vaseux,Okanagan,1997-12-01,7.967,,14.112325152382255,43.28667977824807,2.247015479952097,30.988158658146858,-4.442358398437477
Vaseux,Okanagan,1998-01-01,7.886,,13.301552593475208,97.27208595722914,-1.7107510939240456,107.9535111784935,-5.702368164062477
Vaseux,Okanagan,1998-02-01,7.893,,11.815702891908586,41.11047042533755,0.10750256478786469,161.44883632659912,-0.6753906249999773
Vaseux,Okanagan,1998-03-01,7.923,,16.377002466470003,62.04945896752179,2.126118168234825,194.49196755886078,0.6987548828125227
Vaseux,Okanagan,1998-04-01,7.927,,51.68372648768127,40.68079520948231,16.77513588219881,139.6588534116745,4.863916015625023
Vaseux,Okanagan,1998-05-01,7.914,,102.66002803109586,71.70114247128367,83.98114796727896,8.168376050889492,11.667382812500023
Vaseux,Okanagan,1998-06-01,8.053,,52.26215464062989,80.40983928367496,100.90665891766548,0.011312283277220558,14.092431640625023
Vaseux,Okanagan,1998-07-01,8.01,,31.597981229424477,35.661841509863734,109.45225553587079,-7.345365906286457e-22,20.664453125000023
Vaseux,Okanagan,1998-08-01,7.943,,18.324535456486046,9.531273390166461,61.406407970935106,-7.345365906286457e-22,20.409814453125023
Vaseux,Okanagan,1998-09-01,8.003,,11.634118272922933,29.96989991515875,36.197640001773834,-7.345365906286457e-22,17.041040039062523
Vaseux,Okanagan,1998-10-01,7.915,,9.707795194117352,68.46572831273079,28.875085059553385,0.36023303982801735,6.474877929687523
Vaseux,Okanagan,1998-11-01,7.885,,9.07529960386455,136.48060150444508,5.069109611213207,24.04174953699112,0.45034179687502274
Vaseux,Okanagan,1998-12-01,7.805,,7.433216931531206,113.76701924018562,0.2731485292315483,113.45698684453964,-6.165869140624977
Vaseux,Okanagan,1999-01-01,7.852,,7.338889059610665,85.198565851897,-0.6540436297655106,207.8530788421631,-3.0724853515624773
Vaseux,Okanagan,1999-02-01,7.891,,6.571718899067491,94.90682370960712,1.0370314121246338,303.7526309490204,-2.5744384765624773
Vaseux,Okanagan,1999-03-01,7.955,,8.42600580654107,56.82837683707476,9.748336393386126,362.9467487335205,0.03566894531252274
Vaseux,Okanagan,1999-04-01,7.98,,23.49202986806631,29.549275059252977,20.13432327657938,333.25323462486267,3.1003662109375227
Vaseux,Okanagan,1999-05-01,8.03,,117.15069320052862,60.757922008633614,57.0002025924623,185.15829741954803,7.055078125000023
Vaseux,Okanagan,1999-06-01,7.875,,153.41015998274088,67.71174492314458,87.48332038521767,27.309929952025414,12.466699218750023
Vaseux,Okanagan,1999-07-01,8.07,,52.71403200458735,57.2964659659192,96.4705403894186,0.04549724326352589,16.382470703125023
Vaseux,Okanagan,1999-08-01,7.989,,25.070464704185724,50.514538190327585,61.33297458291054,0.0042023698370030615,19.345605468750023
Vaseux,Okanagan,1999-09-01,7.802,,15.063792234286666,35.679194843396544,44.26389466971159,0.41121194954030216,13.018945312500023
Vaseux,Okanagan,1999-10-01,7.83,,12.038711603963748,65.20360126160085,26.35746169835329,1.026859157718718,6.095483398437523
Vaseux,Okanagan,1999-11-01,7.862,,11.73262222437188,110.20902777090669,7.655485533177853,12.215513736009598,1.2507568359375227
Vaseux,Okanagan,1999-12-01,7.877,,9.828899113927037,71.39408495277166,-0.672636553645134,81.33063465356827,-3.4090332031249773
Vaseux,Okanagan,2000-01-01,7.814,,9.872004418866709,60.07529248017818,-1.7513004131615162,145.74621617794037,-5.865942382812477
Vaseux,Okanagan,2000-02-01,7.854,,8.983608393464237,46.59902001731098,-1.1611836962401867,189.32224810123444,-2.5630859374999773
Vaseux,Okanagan,2000-03-01,7.81,,9.804347035242245,63.16284742206335,7.273961789906025,236.32703721523285,0.6927734375000227
Vaseux,Okanagan,2000-04-01,7.946,,40.268447482958436,60.69533061236143,16.802586615085602,182.11258947849274,4.974511718750023
Vaseux,Okanagan,2000-05-01,8.021,,109.06580276787281,68.87112045660615,80.80874476581812,60.93983352184296,9.042871093750023
Vaseux,Okanagan,2000-06-01,8.02,,90.79806972295046,58.69733635336161,96.44926059991121,3.0778481159359217,14.081689453125023
Vaseux,Okanagan,2000-07-01,8.012,,38.05080847814679,71.22664037160575,88.57690589502454,0.01881762182165403,17.558984375000023
Vaseux,Okanagan,2000-08-01,8.041,,20.112200698349625,26.655248017050326,55.36753311753273,-7.345365906286457e-22,17.848535156250023
Vaseux,Okanagan,2000-09-01,7.94,,13.29842460108921,54.921519476920366,44.39162090420723,0.017980250049731694,12.448632812500023
Vaseux,Okanagan,2000-10-01,7.847,,10.461108147865161,49.78592076804489,24.323745165020227,0.31289045000448823,6.570458984375023
Vaseux,Okanagan,2000-11-01,7.845,,7.881618803367019,35.17377655953169,7.112198509275913,12.181863188743591,-2.9185546874999773
Vaseux,Okanagan,2000-12-01,7.867,,7.0545552734984085,46.02108825929463,0.07929420098662376,44.08237710595131,-6.858740234374977
Vaseux,Okanagan,2001-01-01,7.85,,6.342676264466718,32.546624541282654,-0.8798292838037014,81.081822514534,-4.869238281249977
Vaseux,Okanagan,2001-02-01,7.853,,5.244424450211227,23.866154486313462,0.07227249443531036,110.61107367277145,-4.825292968749977
Vaseux,Okanagan,2001-03-01,7.887,,7.513248245231807,52.80466168187559,4.775732522830367,117.59714037179947,1.0660644531250227
Vaseux,Okanagan,2001-04-01,7.873,,18.513444811105728,64.97143534943461,19.76332627236843,109.41512882709503,3.5357910156250227
Vaseux,Okanagan,2001-05-01,7.976,,25.07464017253369,39.71322951838374,95.90243129059672,21.665727719664574,11.058007812500023
Vaseux,Okanagan,2001-06-01,7.968,,25.824385229498148,87.29963097721338,97.47674223035574,0.09390978084411472,12.571923828125023
Vaseux,Okanagan,2001-07-01,7.978,,20.000141521450132,59.58123749587685,101.09672835096717,4.6520696628249425e-05,17.810937500000023
Vaseux,Okanagan,2001-08-01,7.94,,14.125480403890833,38.38751290459186,77.2202960215509,-7.345365906286457e-22,19.083886718750023
Vaseux,Okanagan,2001-09-01,7.973,,9.91898006759584,25.477411109022796,45.02034746110439,-7.345365906286457e-22,14.764916992187523
Vaseux,Okanagan,2001-10-01,7.949,,9.17347238282673,81.5892145037651,25.302666937932372,5.077168345451355,5.109155273437523
Vaseux,Okanagan,2001-11-01,7.912,,8.609600190538913,84.58155440166593,9.411326609551907,9.89429373294115,1.4873291015625227
Vaseux,Okanagan,2001-12-01,7.927,,7.530052520451136,88.14691565930843,-0.614591408520937,87.52714097499847,-5.139868164062477
Vaseux,Okanagan,2002-01-01,7.919,,8.16125061828643,82.37654832191765,-1.8750270828604698,152.83562242984772,-4.273901367187477
Vaseux,Okanagan,2002-02-01,7.923,,7.311075692996383,53.39415743947029,0.08383765816688538,206.67245984077454,-3.4145263671874773
Vaseux,Okanagan,2002-03-01,7.976,,8.183180849300697,60.52912294398993,3.7063579075038433,262.3412311077118,-2.7488769531249773
Vaseux,Okanagan,2002-04-01,7.97,,28.323528240434825,43.723321286961436,9.639286436140537,234.40203070640564,3.5523925781250227
Vaseux,Okanagan,2002-05-01,8.01,,120.21442595869303,92.92713762260973,66.66201259940863,107.93256014585495,8.241601562500023
Vaseux,Okanagan,2002-06-01,8.047,,117.17461980879307,44.646444730460644,102.95959655195475,6.159045733511448,15.638818359375023
Vaseux,Okanagan,2002-07-01,8.007,,38.91458548605442,23.681960883550346,90.86103504523635,-7.279189844061664e-22,19.200341796875023
Vaseux,Okanagan,2002-08-01,8.03,,19.548905838746578,22.419085609726608,47.30804916471243,-7.279189844061664e-22,17.972070312500023
Vaseux,Okanagan,2002-09-01,7.988,,12.054406979586929,34.68230366706848,36.94592043757439,0.003574340325940284,13.536035156250023
Vaseux,Okanagan,2002-10-01,7.991,,8.894082304323092,18.451766343787313,19.227089826017618,0.6752712070010602,6.733178710937523
Vaseux,Okanagan,2002-11-01,7.962,,7.469192496500909,44.471221044659615,7.410147227346897,6.33707270026207,1.4779296875000227
Vaseux,Okanagan,2002-12-01,7.94,,6.590970471734181,91.67836583219469,0.5889539606869221,30.41110746562481,-1.9847167968749773
Vaseux,Okanagan,2003-01-01,7.96,,5.625366349704564,65.77653903514147,-2.4457345716655254,99.6575877070427,-2.1192382812499773
Vaseux,Okanagan,2003-02-01,7.944,,4.600607382599264,29.46092141792178,-0.30680932104587555,136.5787237882614,-1.8621582031249773
Vaseux,Okanagan,2003-03-01,7.992,,11.237980739679188,90.9242769703269,1.8675639294087887,163.47932815551758,0.6531005859375227
Vaseux,Okanagan,2003-04-01,7.918,,29.504609992727637,65.90025499463081,21.916218101978302,115.79883098602295,4.431054687500023
Vaseux,Okanagan,2003-05-01,7.893,,71.18986593559384,70.03547344356775,81.34103938937187,39.263561367988586,9.606835937500023
Vaseux,Okanagan,2003-06-01,8.001,,58.17486089654267,64.39265795052052,105.48551101237535,0.48434248310513794,16.052148437500023
Vaseux,Okanagan,2003-07-01,7.951,,28.863285842817277,6.38034931034781,73.17686919122934,-7.279189844061664e-22,20.792626953125023
Vaseux,Okanagan,2003-08-01,7.919,,16.055772895924747,16.946107614785433,49.68839092180133,-7.302405527464253e-22,20.130029296875023
Vaseux,Okanagan,2003-09-01,7.963,,10.384197521489114,35.665626637637615,34.45361740887165,0.022174866899149492,14.777612304687523
Vaseux,Okanagan,2003-10-01,7.846,,13.328708475455642,131.13101292401552,26.43394097685814,1.080195070244372,8.602441406250023
Vaseux,Okanagan,2003-11-01,7.805,,7.5401837239041924,100.23248149082065,4.855608567595482,32.754819840192795,-3.0933593749999773
Vaseux,Okanagan,2003-12-01,7.882,,7.088069993187673,45.75515748001635,-1.4132065698504448,109.91223901510239,-5.008886718749977
Vaseux,Okanagan,2004-01-01,7.869,,7.005201201536693,71.62109762430191,-0.5309665575623512,149.45782721042633,-5.859960937499977
Vaseux,Okanagan,2004-02-01,7.83,,6.409128982340917,31.639298307709396,-0.6307666189968586,212.9191905260086,-2.0979980468749773
Vaseux,Okanagan,2004-03-01,7.868,,11.297412595013157,52.53101873677224,5.8413539081811905,228.53147983551025,2.6560302734375227
Vaseux,Okanagan,2004-04-01,7.926,,52.02544969506562,36.59682464785874,46.81165795773268,108.4350198507309,7.993554687500023
Vaseux,Okanagan,2004-05-01,7.972,,90.0424555875361,98.78569864667952,86.7463112808764,9.97402984648943,10.904931640625023
Vaseux,Okanagan,2004-06-01,7.984,,52.53272596746683,57.58227780461311,108.97996835410595,0.007939532224554569,16.268212890625023
Vaseux,Okanagan,2004-07-01,8.011,,28.730793215800077,32.13160752784461,87.23971666768193,-7.306051543960571e-22,20.099267578125023
Vaseux,Okanagan,2004-08-01,8.047,,17.91183714522049,82.84077234566212,61.524981167167425,-7.345365906286457e-22,19.855371093750023
Vaseux,Okanagan,2004-09-01,8.031,,13.596204807981849,92.50366827473044,51.98547150939703,0.21415027731563896,11.944116210937523
Vaseux,Okanagan,2004-10-01,7.924,,11.490800476167351,62.81770905479789,29.830354265868664,3.2996356021612883,7.123925781250023
Vaseux,Okanagan,2004-11-01,7.856,,12.377409730106592,83.4706868045032,7.258141413331032,18.154965713620186,1.0803466796875227
Vaseux,Okanagan,2004-12-01,7.839,,13.819652609527111,78.55295250192285,0.8644121699035168,59.718821197748184,-0.8576416015624773
Vaseux,Okanagan,2005-01-01,7.834,,17.341555503662676,60.1894014980644,-1.4056279323995113,104.74838316440582,-4.497656249999977
Vaseux,Okanagan,2005-02-01,7.823,,20.061654038727283,19.03476007282734,3.7629157304763794,100.80353915691376,-0.10812988281247726
Vaseux,Okanagan,2005-03-01,7.825,,33.4681038511917,58.1642632605508,8.98822071030736,62.17934936285019,3.1371093750000227
Vaseux,Okanagan,2005-04-01,7.911,,48.873162595555186,47.22663201391697,58.375513181090355,47.871798276901245,6.898828125000023
Vaseux,Okanagan,2005-05-01,7.937,,64.86368854530156,66.99119252152741,94.92748649790883,3.7212527822703123,12.526269531250023
Vaseux,Okanagan,2005-06-01,7.974,,39.23045704141259,107.55766415968537,96.89519181847572,0.005249085461400682,13.128076171875023
Vaseux,Okanagan,2005-07-01,7.995,,25.407811510376632,34.53150577843189,105.1361276768148,-7.345365906286457e-22,18.085839843750023
Vaseux,Okanagan,2005-08-01,8.003,,16.3632255862467,29.064233414828777,63.13352892175317,-7.345365906286457e-22,19.044580078125023
Vaseux,Okanagan,2005-09-01,7.87,,11.450324964243919,53.28458268195391,42.670341208577156,0.0032564489629294258,12.204980468750023
Vaseux,Okanagan,2005-10-01,7.838,,10.633749508997425,90.89792496524751,28.405411634594202,0.4112197202630341,6.605615234375023
Vaseux,Okanagan,2005-11-01,7.848,,8.565327152609825,77.32099620625377,4.055444151163101,33.31812471151352,-0.46445312499997726
Vaseux,Okanagan,2005-12-01,7.847,,8.371806819923222,52.45282163377851,-0.12768199667334557,63.207052648067474,-4.022070312499977
Vaseux,Okanagan,2006-01-01,7.86,,8.070192387094721,108.13526157289743,-1.3279938139021397,143.45814287662506,-1.7095703124999773
Vaseux,Okanagan,2006-02-01,7.865,,7.250191527418792,62.342165037989616,1.6976408660411835,220.5570638179779,-3.3296874999999773
Vaseux,Okanagan,2006-03-01,7.86,,8.95236834185198,51.98735976591706,4.7667319886386395,270.0371444225311,0.8348632812500227
Vaseux,Okanagan,2006-04-01,7.84,,46.687162248417735,50.997796934098005,19.1802391782403,204.60091531276703,5.824121093750023
Vaseux,Okanagan,2006-05-01,7.958,,122.58414318785071,69.60132578387856,88.30338204279542,47.62847349047661,11.683496093750023
Vaseux,Okanagan,2006-06-01,8.158,,73.96738976240158,71.07486482709646,106.48730210959911,0.040031060052569956,15.700830078125023
Vaseux,Okanagan,2006-07-01,7.941,,34.35916395392269,21.072820061817765,91.6217714548111,-7.345365906286457e-22,20.966699218750023
Vaseux,Okanagan,2006-08-01,7.99,,18.357989727519453,24.137543456163257,50.85879238322377,-7.345365906286457e-22,18.890771484375023
Vaseux,Okanagan,2006-09-01,8.067,,11.60568615887314,42.55070351064205,41.26462619751692,0.10712166113080457,14.899560546875023
Vaseux,Okanagan,2006-10-01,8.004,,9.129338548518717,49.85145071987063,22.54036907106638,0.8033736958168447,7.313623046875023
Vaseux,Okanagan,2006-11-01,7.884,,10.202461271546781,156.38801269233227,5.274075083434582,35.191480070352554,-1.8221191406249773
Vaseux,Okanagan,2006-12-01,7.884,,6.742353754816577,73.66590783931315,-0.5754856392741203,121.64008617401123,-5.429052734374977
Vaseux,Okanagan,2007-01-01,7.888,,6.53739130939357,60.51056971773505,-0.6661117076873779,203.85581254959106,-7.025854492187477
Vaseux,Okanagan,2007-02-01,7.876,,5.730160104576498,49.18768769130111,1.6009341925382614,237.26895451545715,-1.7654785156249773
Vaseux,Okanagan,2007-03-01,7.912,,12.042042595567182,63.900732435286045,10.924973990768194,259.7172260284424,1.6364990234375227
Vaseux,Okanagan,2007-04-01,7.869,,42.13609267026186,33.18563452921808,28.75451697036624,158.83614122867584,5.507470703125023
Vaseux,Okanagan,2007-05-01,7.903,,101.85619443655014,27.037882595323026,94.53846421092749,34.614913165569305,12.073876953125023
Vaseux,Okanagan,2007-06-01,7.935,,57.78281483799219,85.06925543770194,86.07430849224329,0.09194816084345803,14.712548828125023
Vaseux,Okanagan,2007-07-01,7.974,,28.620643133763224,37.6781199593097,83.88144196942449,-7.345365906286457e-22,21.120019531250023
Vaseux,Okanagan,2007-08-01,7.978,,16.343569848686457,25.334582023788244,50.412374548614025,-7.345365906286457e-22,17.885644531250023
Vaseux,Okanagan,2007-09-01,7.984,,10.841928888112307,39.298367919400334,31.095603480935097,0.10761788144009188,13.165185546875023
Vaseux,Okanagan,2007-10-01,7.914,,9.343562269350514,67.40917963907123,27.221729513257742,1.736749429255724,5.494775390625023
Vaseux,Okanagan,2007-11-01,7.936,,7.540301594417542,56.0465210583061,9.76806040853262,9.785031899809837,0.16738281250002274
Vaseux,Okanagan,2007-12-01,8.048,,7.866255764383823,97.74566418491304,-0.7929420098662376,64.49873745441437,-4.699682617187477
Vaseux,Okanagan,2008-01-01,7.982,,6.529397651320323,50.62669119797647,-1.2401104904711246,125.58427453041077,-7.823828124999977
Vaseux,Okanagan,2008-02-01,7.855,,6.083965272409841,35.74869711883366,-1.1804811656475067,169.1974401473999,-2.2177490234374773
Vaseux,Okanagan,2008-03-01,7.989,,6.601456057978794,46.725349384360015,7.7659813687205315,188.96985054016113,0.31679687500002274
Vaseux,Okanagan,2008-04-01,7.887,,16.67097327299416,44.949541334062815,11.05237752199173,173.46902191638947,3.2491699218750227
Vaseux,Okanagan,2008-05-01,7.93,,65.98831503652036,59.14667120669037,81.65325038135052,49.69911649823189,11.588037109375023
Vaseux,Okanagan,2008-06-01,8.008,,51.25011317431927,54.82607055455446,105.06130289286375,0.1502851227996871,13.829736328125023
Vaseux,Okanagan,2008-07-01,8.047,,29.815648100338876,19.866914488375187,84.94445774704218,-7.345365906286457e-22,19.343896484375023
Vaseux,Okanagan,2008-08-01,8.095,,17.996470676735044,71.18982262909412,70.83511352539062,0.00027137073743688234,18.139306640625023
Vaseux,Okanagan,2008-09-01,7.963,,11.37746701715514,22.446378716267645,41.925692930817604,0.002543131586207892,14.029931640625023
Vaseux,Okanagan,2008-10-01,7.946,,9.41719053662382,43.788237613625824,26.09880641102791,0.31164215761236846,6.756005859375023
Vaseux,Okanagan,2008-11-01,8.02,,8.524823351763189,73.09935986995697,8.494807407259941,7.330266293138266,2.0063720703125227
Vaseux,Okanagan,2008-12-01,7.908,,7.11564721132163,69.33426181785762,3.4123356454074383,31.302589923143387,-7.486547851562477
Vaseux,Okanagan,2009-01-01,7.906,,6.791750231059268,46.584610478021204,-0.06431015208363533,98.01756590604782,-3.9251464843749773
Vaseux,Okanagan,2009-02-01,7.958,,5.941736919339746,35.809860564768314,2.730056643486023,114.1316369175911,-1.3434814453124773
Vaseux,Okanagan,2009-03-01,7.981,,7.080782321281731,61.533967265859246,7.8992643393576145,154.86428141593933,-1.1019042968749773
Vaseux,Okanagan,2009-04-01,7.854,,22.01619150582701,38.38043077848852,19.680506084114313,125.0246912240982,5.019433593750023
Vaseux,Okanagan,2009-05-01,7.798,,40.36210884805769,54.30911865551025,96.93315485492349,31.84761106967926,11.272851562500023
Vaseux,Okanagan,2009-06-01,7.831,,35.95887101255357,31.70133917592466,93.841259367764,0.10247734462609515,16.638818359375023
Vaseux,Okanagan,2009-07-01,7.922,,22.155832615680993,28.004315856378525,85.4117926210165,-7.345365906286457e-22,21.252832031250023
Vaseux,Okanagan,2009-08-01,7.893,,13.61521435319446,30.791004304774106,60.77816057950258,0.0017367727878081496,19.762597656250023
Vaseux,Okanagan,2009-09-01,7.899,,9.356906230095774,45.79109838232398,52.36402619630098,0.009544496606395114,15.513574218750023
Vaseux,Okanagan,2009-10-01,7.885,,8.932035940233618,102.53015905618668,22.577107418328524,3.1655707862228155,4.636254882812523
Vaseux,Okanagan,2009-11-01,7.845,,7.156920328270644,84.3090028502047,7.0729851722717285,29.27562966942787,0.5185791015625227
Vaseux,Okanagan,2009-12-01,7.871,,6.168548497953452,37.82861726358533,1.8668565899133682,68.15139949321747,-5.347143554687477
Vaseux,Okanagan,2010-01-01,7.888,,6.553337574587204,59.18495776131749,-0.9381631389260292,120.57281285524368,-0.6779541015624773
Vaseux,Okanagan,2010-02-01,7.864,,6.783549557439983,36.69302444905043,1.0605789721012115,147.38276600837708,1.0216308593750227
Vaseux,Okanagan,2010-03-01,7.856,,12.476033269194886,55.337521713227034,9.35297692194581,140.79374074935913,2.6723876953125227
Vaseux,Okanagan,2010-04-01,7.819,,29.67665554024279,50.19792588427663,35.111960023641586,101.07399523258209,5.474511718750023
Vaseux,Okanagan,2010-05-01,7.863,,62.14872468262911,90.8023330848664,82.91921485215425,33.38129073381424,9.129785156250023
Vaseux,Okanagan,2010-06-01,8.013,,62.37460998818278,78.24797881767154,107.45088569819927,0.5763449589721859,13.296044921875023
Vaseux,Okanagan,2010-07-01,8.037,,32.37740439362824,31.238429015502334,94.57230102270842,-7.345365906286457e-22,19.376611328125023
Vaseux,Okanagan,2010-08-01,8.043,,18.325800367165357,36.22857201844454,65.10725151747465,6.978104494237414e-05,18.063134765625023
Vaseux,Okanagan,2010-09-01,8.018,,13.10186373302713,81.44690422341228,43.006399646401405,0.002341541858186247,12.233544921875023
Vaseux,Okanagan,2010-10-01,7.985,,9.836895478656515,36.715142196044326,30.142911709845066,0.5139839486218989,8.002832031250023
Vaseux,Okanagan,2010-11-01,7.883,,8.72143660672009,79.51539242640138,10.71122009307146,14.6805290132761,-1.3708251953124773
Vaseux,Okanagan,2010-12-01,7.873,,7.4731292843353,69.91069298237562,-0.35278918221592903,73.670394718647,-4.367529296874977
Vaseux,Okanagan,2011-01-01,7.848,,7.409126788843423,69.5272427983582,0.2157529816031456,136.32291555404663,-4.897558593749977
Vaseux,Okanagan,2011-02-01,7.847,,6.170373817440122,62.955236062407494,1.1727623641490936,191.54615700244904,-5.503271484374977
Vaseux,Okanagan,2011-03-01,7.912,,8.508042752509937,88.07450719177723,3.579888492822647,260.1422965526581,-0.11252441406247726
Vaseux,Okanagan,2011-04-01,7.963,,13.762977614533156,76.46368118003011,20.587421022355556,281.60807490348816,2.3277832031250227
Vaseux,Okanagan,2011-05-01,8.106,,133.56983289122581,98.81977364420891,41.619033087044954,149.50688183307648,8.521875000000023
Vaseux,Okanagan,2011-06-01,8.202,,143.47443357110023,54.06826618127525,95.08970193564892,9.855239652097225,13.222070312500023
Vaseux,Okanagan,2011-07-01,8.244,,44.886703370139,42.205897509120405,80.69925149902701,6.202759550433257e-05,16.942285156250023
Vaseux,Okanagan,2011-08-01,8.018,,21.73715620301664,6.700154728605412,54.179491475224495,-7.345365906286457e-22,19.874169921875023
Vaseux,Okanagan,2011-09-01,8.012,,12.867763289250433,18.623354262672365,32.5288251042366,0.0003644121306933812,16.877099609375023
Vaseux,Okanagan,2011-10-01,7.944,,10.525281162699685,75.07173786871135,30.340678058564663,0.29670901130884886,6.900292968750023
Vaseux,Okanagan,2011-11-01,7.816,,7.9521245788782835,87.01062295585871,5.036965012550354,26.142988353967667,-1.0044921874999773
Vaseux,Okanagan,2011-12-01,7.818,,6.772441847715527,36.811513593420386,-0.4173014312982559,69.14369016885757,-1.8870605468749773
Vaseux,Okanagan,2012-01-01,7.819,,6.12560378795024,64.62578428909183,-0.9888461790978909,118.64514648914337,-4.608496093749977
Vaseux,Okanagan,2012-02-01,7.82,5.14,5.315179208992049,60.17805100418627,0.5857571959495544,169.6949303150177,-3.5829833984374773
Vaseux,Okanagan,2012-03-01,7.836,5.77,7.110795078915544,111.9772915262729,3.6572483368217945,239.24435675144196,0.14406738281252274
Vaseux,Okanagan,2012-04-01,7.879,10.1,51.381702069193125,82.47298886999488,8.485321886837482,221.16465866565704,6.023583984375023
Vaseux,Okanagan,2012-05-01,8.118,46.2,105.54652893915772,43.18938811775297,88.13665201887488,52.60590836405754,10.343652343750023
Vaseux,Okanagan,2012-06-01,8.182,52.3,88.15676439553499,138.65471351891756,93.21198798716068,1.579253701493144,12.823632812500023
Vaseux,Okanagan,2012-07-01,8.32,70.2,43.154450599104166,49.94942084886134,110.75270641595125,0.0013180864470996312,20.006494140625023
Vaseux,Okanagan,2012-08-01,7.952,25.8,22.976772277615964,11.035816074581817,59.56136342138052,-7.345365906286457e-22,20.385400390625023
Vaseux,Okanagan,2012-09-01,7.852,14.7,13.838126615155488,7.5765218934975564,28.846682980656624,0.00011630174867605092,16.479760742187523
Vaseux,Okanagan,2012-10-01,7.676,9.71,11.908277840120718,103.04440930485725,17.332416027784348,4.579063504934311,6.915795898437523
Vaseux,Okanagan,2012-11-01,7.804,5.73,11.027698928955942,100.92960437759757,6.439900025725365,18.25823448598385,1.0514160156250227
Vaseux,Okanagan,2012-12-01,7.833,5.43,10.940193518763408,111.96834151633084,-0.19453279674053192,96.38211876153946,-3.1949218749999773
Vaseux,Okanagan,2013-01-01,7.835,15.3,11.128583108074963,63.86870006099343,-0.4994538612663746,174.1962432861328,-5.762792968749977
Vaseux,Okanagan,2013-02-01,7.82,22.3,9.704166557639837,38.59604150056839,1.0560546070337296,215.50771594047546,-1.8256591796874773
Vaseux,Okanagan,2013-03-01,7.854,24.5,12.760189769323915,59.50338684488088,10.044018737971783,250.10180473327637,1.4557128906250227
Vaseux,Okanagan,2013-04-01,7.897,22.1,56.18217517621815,83.6618710309267,19.05903685837984,179.2624592781067,5.092919921875023
Vaseux,Okanagan,2013-05-01,8.156,60.9,158.42268243432045,86.41773043200374,85.65941918641329,36.771975457668304,12.211572265625023
Vaseux,Okanagan,2013-06-01,8.247,67.9,74.58781125023961,106.5793982706964,92.96227712184191,0.13708874757867306,14.392724609375023
Vaseux,Okanagan,2013-07-01,8.114,52.6,37.701491033658385,13.14362371340394,104.39420072361827,-7.345365906286457e-22,20.468408203125023
Vaseux,Okanagan,2013-08-01,7.954,15.4,21.59537613624707,53.38132381439209,64.79940004646778,-7.345365906286457e-22,19.802392578125023
Vaseux,Okanagan,2013-09-01,7.935,19.5,16.724971937946975,113.16243326291442,58.64341277629137,0.05055249130236916,14.685937500000023
Vaseux,Okanagan,2013-10-01,7.878,11.1,11.504977941513062,27.26605552015826,29.924257192760706,0.709549174644053,5.960839843750023
Vaseux,Okanagan,2013-11-01,7.877,7.4,11.055331269744784,94.3505228497088,5.617886781692505,31.457792967557907,0.32021484375002274
Vaseux,Okanagan,2013-12-01,7.826,7.57,9.82137190294452,43.97362191230059,0.47449488192796707,72.41877913475037,-4.841650390624977
Vaseux,Okanagan,2014-01-01,7.822,6.98,9.494668571278453,52.03590635210276,-1.2361551634967327,120.04722654819489,-1.7166503906249773
Vaseux,Okanagan,2014-02-01,7.838,15.7,8.135345415212214,60.373120941221714,-0.071672722697258,161.85906529426575,-6.684179687499977
Vaseux,Okanagan,2014-03-01,7.858,23.7,10.369605122832581,77.02784915454686,5.160287022590637,215.62844514846802,0.5952392578125227
Vaseux,Okanagan,2014-04-01,7.817,20.0,38.796861190348864,61.21171871200204,22.803638130426407,170.22740840911865,5.434716796875023
Vaseux,Okanagan,2014-05-01,8.192,55.6,116.37570895254612,71.54542673379183,86.17034927010536,50.769928842782974,11.653222656250023
Vaseux,Okanagan,2014-06-01,7.859,18.1,71.02210773155093,63.197663985192776,89.9212108924985,0.3105644427705556,14.697656250000023
Vaseux,Okanagan,2014-07-01,7.837,12.2,32.09106903523207,40.110328467562795,86.1993501894176,-7.345365906286457e-22,21.576074218750023
Vaseux,Okanagan,2014-08-01,7.827,17.4,17.94484572019428,53.04883455391973,65.83458418026567,-7.345365906286457e-22,20.284082031250023
Vaseux,Okanagan,2014-09-01,7.817,8.97,12.146643712185323,57.65560199506581,44.66304089874029,0.00039542592844554747,14.594628906250023
Vaseux,Okanagan,2014-10-01,7.677,10.9,11.039100150810555,88.31917447969317,28.879502322524786,0.3278546209912747,8.939111328125023
Vaseux,Okanagan,2014-11-01,7.748,7.61,9.64153470704332,90.7463044859469,10.641971603035927,9.877282194793224,-0.32980957031247726
Vaseux,Okanagan,2014-12-01,7.76,6.58,11.027820612071082,69.16040065698326,-1.3088234700262547,61.5459606051445,-3.1576904296874773
Vaseux,Okanagan,2015-01-01,7.783,9.74,11.392513668397442,72.58656551130116,-1.4810389839112759,136.52342557907104,-2.9717773437499773
Vaseux,Okanagan,2015-02-01,7.805,18.7,14.014347922056913,52.04454390332103,1.7838124185800552,157.7804982662201,1.6961914062500227
Vaseux,Okanagan,2015-03-01,7.779,17.6,44.1152558196336,56.07836239505559,12.742172461003065,105.3050309419632,4.888452148437523
Vaseux,Okanagan,2015-04-01,7.795,17.0,70.06550906226039,31.38919360935688,61.16052623838186,35.93657165765762,6.625146484375023
Vaseux,Okanagan,2015-05-01,7.935,34.5,61.21788755990565,54.86058723181486,89.78338167071342,6.456995382905006,13.611230468750023
Vaseux,Okanagan,2015-06-01,7.908,29.5,37.90883347392082,56.869606487452984,96.88302408903837,3.8767247190207854e-05,18.829248046875023
Vaseux,Okanagan,2015-07-01,7.817,8.49,20.88854368776083,32.589371665380895,67.41174915805459,-7.345365906286457e-22,21.139062500000023
Vaseux,Okanagan,2015-08-01,7.767,7.0,12.77881336864084,39.94153416715562,46.845968812704086,-7.345365906286457e-22,20.222314453125023
Vaseux,Okanagan,2015-09-01,7.737,6.38,9.117657027672976,50.746797351166606,41.58102907240391,0.004481493760977173,12.669824218750023
Vaseux,Okanagan,2015-10-01,7.735,6.5,7.804101012879983,60.54857117123902,24.72357964143157,0.08134144445648417,9.578759765625023
Vaseux,Okanagan,2015-11-01,7.798,6.28,7.471914868801832,112.95730713754892,9.121634066104889,29.947226867079735,0.07802734375002274
Vaseux,Okanagan,2015-12-01,7.801,5.08,6.42836133192759,95.98412900231779,-0.002107582986354828,100.04346817731857,-3.7710937499999773
Vaseux,Okanagan,2016-01-01,7.805,5.92,6.259691086597741,67.54070147871971,-0.8380240760743618,161.7114245891571,-3.7785400390624773
Vaseux,Okanagan,2016-02-01,7.822,9.32,6.980615216889419,53.5143471788615,1.9451011903584003,214.40713107585907,-0.07443847656247726
Vaseux,Okanagan,2016-03-01,7.823,22.2,18.194513104390353,98.89633231796324,13.386385515332222,236.68688535690308,2.7638183593750227
Vaseux,Okanagan,2016-04-01,8.026,39.5,89.15790589526296,22.67938165459782,52.946386858820915,107.6364517211914,10.480859375000023
Vaseux,Okanagan,2016-05-01,8.166,59.8,95.5071512144059,65.7122649718076,91.45654272288084,4.1617341339588165,12.968652343750023
Vaseux,Okanagan,2016-06-01,7.914,23.7,39.81426707468927,62.458617612719536,97.32227772474289,0.029734479539911263,15.895166015625023
Vaseux,Okanagan,2016-07-01,7.95,38.0,24.499587598256767,81.16038632579148,84.17318342253566,-7.345365906286457e-22,17.880273437500023
Vaseux,Okanagan,2016-08-01,7.874,16.5,15.128963277675211,26.546781475190073,54.303189273923635,-7.345365906286457e-22,19.929833984375023
Vaseux,Okanagan,2016-09-01,7.798,15.7,10.82048169337213,48.84293535724282,40.53102806210518,-7.345365906286457e-22,13.113427734375023
Vaseux,Okanagan,2016-10-01,7.755,11.1,12.477011274313554,140.8390454016626,28.77406543120742,1.4190053334459662,6.187524414062523
Vaseux,Okanagan,2016-11-01,7.86,18.0,12.033218226861209,82.99414766952395,11.694654822349548,9.376153349876404,2.9842773437500227
Vaseux,Okanagan,2016-12-01,7.814,16.1,13.107796607073396,60.72290148586035,1.385461539030075,64.22258913516998,-7.762915039062477
Vaseux,Okanagan,2017-01-01,7.764,12.2,12.933256075484678,35.32055742107332,-0.21518999710679054,110.83599925041199,-8.996313476562477
Vaseux,Okanagan,2017-02-01,7.842,11.8,11.040990124456584,67.64184590429068,0.3757048398256302,163.1275862455368,-5.413916015624977
Vaseux,Okanagan,2017-03-01,7.856,14.8,14.973191602621228,123.52887447923422,3.6322027444839478,224.76136684417725,0.22292480468752274
Vaseux,Okanagan,2017-04-01,7.887,25.9,61.50176050141454,102.85545838996768,14.591831713914871,216.66520833969116,4.053369140625023
Vaseux,Okanagan,2017-05-01,8.343,73.6,208.06308975443244,80.1085508428514,79.56213830038905,77.81681418418884,11.467675781250023
Vaseux,Okanagan,2017-06-01,8.403,76.0,81.99168602004647,30.380005482584238,96.47136088460684,0.2960267011076212,15.544091796875023
Vaseux,Okanagan,2017-07-01,8.322,69.1,29.577615729067475,4.775226829224266,72.15801160782576,-7.345365906286457e-22,21.229150390625023
Vaseux,Okanagan,2017-08-01,8.09,44.5,15.266131202224642,3.001131408382207,43.3169798925519,-7.345365906286457e-22,22.170068359375023
Vaseux,Okanagan,2017-09-01,7.908,15.5,9.534903801977634,22.641250980086625,27.95593813061714,0.019631734176073223,15.603662109375023
Vaseux,Okanagan,2017-10-01,7.801,8.84,8.284752635518089,72.64463230967522,20.91653412207961,1.9018513849005103,5.973413085937523
Vaseux,Okanagan,2017-11-01,7.846,7.44,7.717394619248807,121.01061176508665,4.313495010137558,41.23104736208916,-1.0022949218749773
Vaseux,Okanagan,2017-12-01,7.852,6.44,5.508753674803302,79.45753145031631,0.8637048304080963,86.86757832765579,-4.452856445312477
Vaseux,Okanagan,2018-01-01,7.855,9.93,5.310022854246199,97.34547603875399,-0.7936637848615646,175.41323602199554,-3.0879882812499773
Vaseux,Okanagan,2018-02-01,7.915,16.9,4.801808390766382,77.33988761901855,3.6181751638650894,273.96446466445923,-5.570532226562477
Vaseux,Okanagan,2018-03-01,7.968,27.6,5.765310401329771,73.18766694515944,7.48441694304347,337.75630593299866,0.19057617187502274
Vaseux,Okanagan,2018-04-01,8.179,59.4,31.589618884027004,97.53473801538348,17.423825338482857,342.9989814758301,4.872949218750023
Vaseux,Okanagan,2018-05-01,8.269,66.2,235.35050079226494,41.050999774597585,82.22983311861753,69.22993063926697,14.495019531250023
Vaseux,Okanagan,2018-06-01,8.253,64.0,64.36547264456749,63.45795001834631,91.86459705233574,0.02400468110863585,14.812646484375023
Vaseux,Okanagan,2018-07-01,8.091,41.6,28.430182952433825,22.453153389506042,77.17036362737417,8.528794381845728e-05,20.557763671875023
Vaseux,Okanagan,2018-08-01,7.876,9.91,15.65622171619907,26.17663360433653,48.12429007142782,-7.345365906286457e-22,20.240869140625023
Vaseux,Okanagan,2018-09-01,7.816,10.0,11.505221191328019,83.50121090188622,35.765538923442364,0.016832738765515387,12.458642578125023
Vaseux,Okanagan,2018-10-01,7.807,14.9,9.386136167449877,69.81690553948283,27.828583493828773,0.9204972884617746,6.565087890625023
Vaseux,Okanagan,2018-11-01,7.737,10.1,10.545315162744373,89.08771444112062,8.578277193009853,11.056272312998772,1.4515625000000227
Vaseux,Okanagan,2018-12-01,7.783,9.61,9.52838538796641,71.85732736252248,0.8149850182235241,52.66153812408447,-2.3417724609374773
Vaseux,Okanagan,2019-01-01,7.818,12.2,9.783874789718539,51.544074434787035,-1.1195451952517033,121.69525772333145,-0.8718017578124773
Vaseux,Okanagan,2019-02-01,7.861,14.0,8.651612792164087,38.079452235251665,1.495635136961937,159.02839601039886,-9.216528320312477
Vaseux,Okanagan,2019-03-01,7.885,16.5,15.524317335803062,29.43422069074586,1.259078737348318,166.3563847541809,-0.19406738281247726
Vaseux,Okanagan,2019-04-01,7.887,15.1,41.073731845244765,62.69528064876795,31.141333747655153,75.27235895395279,6.062646484375023
Vaseux,Okanagan,2019-05-01,7.889,11.1,61.941697960719466,40.78441939782351,92.93263033032417,12.462368234992027,13.631982421875023
Vaseux,Okanagan,2019-06-01,7.891,7.96,38.60709839500487,51.82429449632764,92.5857201218605,0.004341931798990117,15.581201171875023
Vaseux,Okanagan,2019-07-01,7.963,9.8,24.119946581777185,69.52047254890203,81.15623611956835,-7.345365906286457e-22,18.228662109375023
Vaseux,Okanagan,2019-08-01,7.961,9.28,14.741337625309825,26.4078903128393,49.32858608663082,-7.345365906286457e-22,20.227197265625023
Vaseux,Okanagan,2019-09-01,7.986,10.1,11.589060304686427,110.01882143318653,43.80580969154835,0.7819586899131536,13.164208984375023
Vaseux,Okanagan,2019-10-01,7.9,10.4,10.330281918868423,60.134463594295084,27.569466270506382,3.7509717512875795,3.8047119140625227
Vaseux,Okanagan,2019-11-01,7.888,10.7,10.316876869183034,50.15900242142379,7.655289955437183,6.773832254111767,1.1709228515625227
Vaseux,Okanagan,2019-12-01,7.873,10.4,11.045615974580869,83.5062200203538,2.004383597522974,37.78327256441116,-1.9451660156249773
Vaseux,Okanagan,2020-01-01,7.891,16.6,11.017224052920938,113.33530396223068,-1.3382574543356895,136.03359460830688,-3.2544921874999773
Vaseux,Okanagan,2020-02-01,7.933,28.6,11.452132341219112,69.71761118620634,0.15683751553297043,212.16565370559692,-0.5994628906249773
Vaseux,Okanagan,2020-03-01,7.923,32.3,11.95522298803553,49.0945721976459,5.557956174015999,245.4012781381607,0.8603759765625227
Vaseux,Okanagan,2020-04-01,7.907,31.5,39.9639259558171,29.854498570784926,11.281091719865799,206.51614665985107,5.631982421875023
Vaseux,Okanagan,2020-05-01,8.098,50.6,143.29875353723764,95.82670987583697,84.99895175918937,37.300147116184235,11.365869140625023
Vaseux,Okanagan,2020-06-01,8.33,72.7,75.9987160563469,87.49698987230659,99.20369368046522,0.10672623466234654,14.031640625000023
Vaseux,Okanagan,2020-07-01,8.243,63.7,38.4608271997422,39.46832404471934,89.99917795881629,0.0004729604370368179,18.825341796875023
Vaseux,Okanagan,2020-08-01,8.003,40.3,21.410136192571372,17.37385493470356,56.349392514675856,-7.345365906286457e-22,19.672509765625023
Vaseux,Okanagan,2020-09-01,7.824,20.0,13.379832962527871,35.201702266931534,34.26190931349993,0.0023570487428514753,16.908227539062523
Vaseux,Okanagan,2020-10-01,7.775,14.0,11.808918294264004,100.25792475789785,25.31588263809681,8.778021670877934,7.000390625000023
Vaseux,Okanagan,2020-11-01,7.819,14.4,9.214082092512399,80.80248953774571,4.934258759021759,29.638204723596573,0.24953613281252274
Vaseux,Okanagan,2020-12-01,7.809,13.1,8.67195604951121,91.4330706000328,0.5102371796965599,85.12414991855621,-2.2796386718749773
Vaseux,Okanagan,2021-01-01,7.824,12.5,8.494758483720943,74.7314931359142,-0.7635224610567093,178.01743745803833,-2.9698242187499773
Vaseux,Okanagan,2021-02-01,7.831,18.2,7.596679497510195,66.71075243502855,1.4565326273441315,241.74818396568298,-5.893896484374977
Vaseux,Okanagan,2021-03-01,7.814,18.1,9.528081340249628,28.765514201950282,10.932148434221745,260.9683573246002,1.9544921875000227
Vaseux,Okanagan,2021-04-01,7.863,23.2,33.4511767141521,24.24374339170754,24.55840352922678,194.6456879377365,6.872216796875023
Vaseux,Okanagan,2021-05-01,7.974,30.1,88.31639564596117,37.032549967989326,89.29269015789032,37.42639720439911,11.397851562500023
Vaseux,Okanagan,2021-06-01,7.831,19.6,57.69555922597647,27.52572123426944,94.63571012020111,0.1408801763318479,19.144921875000023
Vaseux,Okanagan,2021-07-01,7.743,9.72,26.06985962484032,10.783374367747456,70.77078893780708,-7.345365906286457e-22,23.399560546875023
Vaseux,Okanagan,2021-08-01,7.726,9.17,14.635598490713164,38.56337699107826,54.297516122460365,-7.345365906286457e-22,19.342919921875023
Vaseux,Okanagan,2021-09-01,7.719,9.2,10.06619946565479,63.435283955186605,36.47021949291229,0.0006590432235498156,13.673852539062523
Vaseux,Okanagan,2021-10-01,7.741,8.08,9.105400880798697,90.05974931642413,28.3199823461473,1.8603006610646844,6.107934570312523
Vaseux,Okanagan,2021-11-01,7.794,5.97,15.672934823669493,140.13536274433136,6.252927705645561,17.70772412419319,1.0946289062500227
Vaseux,Okanagan,2021-12-01,7.787,5.99,17.33481412520632,100.2425653859973,1.4575812965631485,64.07388299703598,-6.888159179687477
Vaseux,Okanagan,2022-01-01,7.803,6.04,18.482874846085906,55.7679811026901,-0.8728713728487492,144.32084560394287,-5.330053710937477
Vaseux,Okanagan,2022-02-01,7.818,5.59,15.519538661465049,32.28126326575875,2.4731718003749847,172.18327522277832,-3.0933593749999773
Vaseux,Okanagan,2022-03-01,7.82,5.72,24.31312424596399,61.6585745010525,4.962217528373003,188.88184428215027,2.2348876953125227
Vaseux,Okanagan,2022-04-01,7.844,6.94,43.382460717111826,47.66638157889247,32.04056527465582,128.3939629793167,3.2174316406250227
Vaseux,Okanagan,2022-05-01,7.866,18.3,92.13042794726789,81.40511135570705,77.98042614012957,56.8702295422554,8.435449218750023
Vaseux,Okanagan,2022-06-01,8.209,57.6,104.50868401676416,108.75037405639887,101.8196577206254,3.0553785618394613,13.748681640625023
Vaseux,Okanagan,2022-07-01,8.318,62.7,43.81191544234753,40.237931068986654,105.7468936778605,-7.345365906286457e-22,20.772119140625023
Vaseux,Okanagan,2022-08-01,8.004,28.3,22.309825115371495,18.779520760290325,55.3178028203547,-7.345365906286457e-22,22.215478515625023
Vaseux,Okanagan,2022-09-01,7.827,12.8,6.905320042278618,7.127127901185304,10.368532966822386,-7.345365906286457e-22,16.274316406250023
Vaseux,Okanagan,2022-10-01,7.855,8.85,5.1631533715408295,18.43933737836778,5.383726907894015,1.4603001764044166,11.083276367187523
Vaseux,Okanagan,2022-11-01,7.847,8.9,3.750575124286115,41.70347121544182,1.9977567717432976,41.360631585121155,-3.5778564453124773
Vaseux,Okanagan,2022-12-01,7.808,7.76,3.1855097331572324,37.974639562889934,-0.40716049261391163,99.40770268440247,-8.893774414062477
Vaseux,Okanagan,2023-01-01,7.808,7.54,2.757055524853058,27.45662216329947,-0.31236978247761726,172.22000658512115,-3.4211181640624773
Vaseux,Okanagan,2023-02-01,7.836,13.1,2.15568087878637,25.600867113098502,0.39863958954811096,213.2650762796402,-4.213232421874977
Vaseux,Okanagan,2023-03-01,7.868,21.5,2.1653405492543243,14.71406445489265,2.029111608862877,258.49974155426025,-0.16879882812497726
Vaseux,Okanagan,2023-04-01,7.839,10.6,7.251200149767101,33.37077680043876,5.476742517203093,239.97771739959717,4.058007812500023
Vaseux,Okanagan,2023-05-01,8.006,35.2,32.59215771686286,23.954595148097724,27.998907957226038,20.004412159323692,15.042382812500023
Vaseux,Okanagan,2023-06-01,7.829,24.6,19.889346440322697,22.404437768273056,32.045000698417425,0.01984883056138642,16.815576171875023
Vaseux,Okanagan,2023-07-01,7.751,10.6,11.641146207693964,9.558080113492906,24.95662635192275,-7.345365906286457e-22,20.783593750000023
Vaseux,Okanagan,2023-08-01,7.778,8.87,7.102478877641261,15.15880145598203,17.830368597060442,-7.345365906286457e-22,20.773828125000023
Vaseux,Okanagan,2023-09-01,7.789,8.56,4.859830078203231,19.744374440051615,11.228921357542276,0.010133759133168496,14.032739257812523
Vaseux,Okanagan,2023-10-01,7.772,8.81,3.9993678801693022,22.901861055288464,6.55622873455286,1.298470189794898,7.683007812500023
Vaseux,Okanagan,2023-11-01,7.929,6.27,3.399469205760397,26.274027186445892,1.5811622142791748,11.571279726922512,0.41042480468752274
Vaseux,Okanagan,2023-12-01,7.931,6.59,3.5250288565293886,36.555066937580705,0.10410882532596588,34.37429293990135,-1.0430664062499773
Vaseux,Okanagan,2024-01-01,7.928,6.6,3.3281126234214753,39.3622952979058,-0.5916894879192114,84.31460708379745,-5.727270507812477
Vaseux,Okanagan,2024-02-01,7.929,7.22,3.7080571928527206,33.433598349802196,0.4023974761366844,115.90837687253952,-0.19162597656247726
Vaseux,Okanagan,2024-03-01,7.864,7.13,16.462518367916346,43.659324990585446,2.9503130353987217,128.82237136363983,2.2220703125000227
Vaseux,Okanagan,2024-04-01,7.858,6.9,34.494559513404965,53.53844608180225,51.70311313122511,67.76420772075653,5.834863281250023
Vaseux,Okanagan,2024-05-01,7.902,10.2,55.7146780192852,50.02558615524322,87.3113889247179,17.062226310372353,10.421289062500023
Vaseux,Okanagan,2024-06-01,7.861,10.3,41.91069980151951,61.3656104542315,96.6045493260026,0.17872477474156767,14.245751953125023
Vaseux,Okanagan,2024-07-01,7.856,8.64,23.06506340391934,15.90597751783207,80.36882290616632,-7.345365906286457e-22,22.847070312500023
Vaseux,Okanagan,2024-08-01,7.905,11.1,14.306604425655678,64.83063846826553,59.97577775269747,0.0005737553010476404,19.886132812500023
Vaseux,Okanagan,2024-09-01,7.924,10.1,9.3599664978683,28.1256070593372,46.39954771846533,0.0006978104920563055,16.251245117187523
Vaseux,Okanagan,2024-10-01,7.867,8.8,8.715575619135052,74.97841236181557,24.768329691141844,0.4816908040083945,7.671899414062523
Vaseux,Okanagan,2024-11-01,7.871,7.37,7.3294356116093695,90.31555149704218,6.739175878465176,23.858550935983658,0.44875488281252274
Vaseux,Okanagan,2024-12-01,7.828,6.12,6.485064877779223,76.56923332251608,0.4396475851535797,74.20030981302261,-1.4507812499999773
Rainy,Nelson-Winnipeg,1994-01-01,337.07399999999996,213.0,19.686400366481394,18.216765427496284,3.596875692892354,66.05412811040878,-21.999914550781227
Rainy,Nelson-Winnipeg,1994-02-01,336.86199999999997,200.0,14.820563374087214,15.638883458450437,4.505424993112683,70.89216262102127,-15.349554443359352
Rainy,Nelson-Winnipeg,1994-03-01,336.6655,148.0,14.122865773970261,30.70071747060865,18.17862142343074,54.21482399106026,-2.8580688476562273
Rainy,Nelson-Winnipeg,1994-04-01,336.6275,123.0,17.45330519042909,81.32891496643424,27.304557734169066,35.30295938253403,2.2546325683593977
Rainy,Nelson-Winnipeg,1994-05-01,337.094,188.0,34.34482228476554,84.4058187212795,50.095706596039236,1.2007049517706037,10.857019042968773
Rainy,Nelson-Winnipeg,1994-06-01,337.5195,372.0,37.89784968830645,137.29630038142204,72.43160856887698,-7.34536442717226e-22,17.361901855468773
Rainy,Nelson-Winnipeg,1994-07-01,337.592,690.0,39.08895549830049,128.77298844978213,104.72483141347766,-7.34536442717226e-22,18.344506835937523
Rainy,Nelson-Winnipeg,1994-08-01,337.48749999999995,397.0,40.38282739929855,127.79587833210826,107.82271134667099,-7.34536442717226e-22,17.421136474609398
Rainy,Nelson-Winnipeg,1994-09-01,337.442,270.0,38.5325972456485,94.09495163708925,73.00951285287738,-7.34536442717226e-22,15.241052246093773
Rainy,Nelson-Winnipeg,1994-10-01,337.433,278.0,37.03926247544587,67.09311436861753,57.577066821977496,0.44182929559610784,8.864373779296898
Rainy,Nelson-Winnipeg,1994-11-01,337.37300000000005,304.0,34.94852688163519,57.54296318627894,46.05022841133177,4.228929523378611,0.8714233398437727
Rainy,Nelson-Winnipeg,1994-12-01,337.32550000000003,337.0,33.96014869213104,23.564410803373903,18.79488374106586,26.484521105885506,-6.539404296874977
Rainy,Nelson-Winnipeg,1995-01-01,337.094,296.0,28.15333171747625,31.811330700293183,6.80264136462938,45.22237926721573,-12.237066650390602
Rainy,Nelson-Winnipeg,1995-02-01,336.87350000000004,205.0,20.34283778630197,29.565519653260708,7.199181593023241,68.64578276872635,-13.356695556640602
Rainy,Nelson-Winnipeg,1995-03-01,336.72299999999996,220.0,20.579535572323948,19.383899052627385,12.117936334107071,50.33973976969719,-3.4285644531249773
Rainy,Nelson-Winnipeg,1995-04-01,336.7765,220.0,19.147242419421673,46.83102713897824,26.470923330634832,23.284362629055977,0.6428161621093977
Rainy,Nelson-Winnipeg,1995-05-01,337.09450000000004,106.0,24.342107120901346,70.41465793736279,50.37504434585571,0.6490495870821178,9.866723632812523
Rainy,Nelson-Winnipeg,1995-06-01,337.374,124.0,22.85931317601353,56.76846485584974,77.48265517875552,0.0013255902331366087,20.280908203125023
Rainy,Nelson-Winnipeg,1995-07-01,337.502,198.0,21.741116943303496,154.25970079377294,113.23255929164588,-7.34536442717226e-22,19.280023193359398
Rainy,Nelson-Winnipeg,1995-08-01,337.428,122.0,19.794995023403317,96.4986679609865,125.23340387269855,-7.34536442717226e-22,20.433892822265648
Rainy,Nelson-Winnipeg,1995-09-01,337.408,127.0,17.828456475399435,115.80056743696332,89.18556617572904,0.02296324964845553,13.265954589843773
Rainy,Nelson-Winnipeg,1995-10-01,337.56050000000005,339.0,32.0121212862432,117.0362124685198,59.39238867722452,5.19874831661582,6.167779541015648
Rainy,Nelson-Winnipeg,1995-11-01,337.499,510.0,39.41522561945021,61.565120704472065,40.804463205859065,39.38606008887291,-6.968695068359352
Rainy,Nelson-Winnipeg,1995-12-01,337.38599999999997,359.0,34.60405860096216,41.420122724957764,9.525371075142175,85.88618040084839,-13.303320312499977
Rainy,Nelson-Winnipeg,1996-01-01,337.19849999999997,303.0,26.279037236236036,51.11414915882051,3.6719071358675137,118.6915710568428,-19.268865966796852
Rainy,Nelson-Winnipeg,1996-02-01,337.0775,245.0,18.88454711297527,53.15332650206983,7.082966330926865,166.39156639575958,-13.074011230468727
Rainy,Nelson-Winnipeg,1996-03-01,336.842,281.0,16.04720001341775,22.86492963321507,12.700784078333527,190.2955323457718,-9.088049316406227
Rainy,Nelson-Winnipeg,1996-04-01,336.874,228.0,15.22795355413109,69.23040607944131,19.51146055944264,174.97409880161285,-0.7154907226562273
Rainy,Nelson-Winnipeg,1996-05-01,337.493,821.0,109.04054786078632,79.69830837100744,32.93032734654844,66.002257168293,7.721734619140648
Rainy,Nelson-Winnipeg,1996-06-01,337.8635,977.0,98.2567761093378,64.5254971459508,54.12076134234667,0.0006482937919827236,17.224389648437523
Rainy,Nelson-Winnipeg,1996-07-01,337.5965,578.0,39.87293306272477,119.22316183336079,94.20983283780515,-7.34536442717226e-22,18.562768554687523
Rainy,Nelson-Winnipeg,1996-08-01,337.573,436.0,26.020196091849357,106.70156381092966,102.0987902302295,-7.34536442717226e-22,19.904870605468773
Rainy,Nelson-Winnipeg,1996-09-01,337.48900000000003,280.0,18.91960739158094,108.20886818692088,87.45855186134577,0.000499868633596634,14.519433593750023
Rainy,Nelson-Winnipeg,1996-10-01,337.42150000000004,263.0,23.813459265511483,128.43004427850246,63.462521182373166,0.5609618383459747,6.554162597656273
Rainy,Nelson-Winnipeg,1996-11-01,337.495,474.0,45.76645209454,94.44719413295388,38.804817013442516,18.926864489912987,-5.824194335937477
Rainy,Nelson-Winnipeg,1996-12-01,337.352,528.0,49.295463832095265,43.3777894359082,10.081122483825311,64.64643031358719,-12.731512451171852
Rainy,Nelson-Winnipeg,1997-01-01,337.1785,369.0,36.64174128789455,40.51659756805748,5.1154805842088535,102.62620449066162,-16.055212402343727
Rainy,Nelson-Winnipeg,1997-02-01,336.9205,307.0,24.01570463553071,14.084527734667063,6.230250757653266,124.03379380702972,-9.701849365234352
Rainy,Nelson-Winnipeg,1997-03-01,336.7795,250.0,19.956122268922627,54.021462448872626,11.225891910726205,150.801420211792,-5.952947998046852
Rainy,Nelson-Winnipeg,1997-04-01,337.021,437.0,23.86567764915526,39.16511312127113,16.39008871279657,94.0949097275734,0.6407409667968977
Rainy,Nelson-Winnipeg,1997-05-01,337.24649999999997,437.0,62.54821992479265,71.24366704374552,47.05302440561354,4.0467968210577965,6.806909179687523
Rainy,Nelson-Winnipeg,1997-06-01,337.44550000000004,264.0,52.40571568720043,80.09516866877675,61.80229363963008,2.7296580995539443e-05,17.638452148437523
Rainy,Nelson-Winnipeg,1997-07-01,337.46500000000003,230.0,33.30098045989871,90.21493815816939,103.39815844781697,-7.34536442717226e-22,19.385003662109398
Rainy,Nelson-Winnipeg,1997-08-01,337.4115,110.0,21.145268226973712,53.189562633633614,105.99548020400107,-7.34536442717226e-22,17.961999511718773
Rainy,Nelson-Winnipeg,1997-09-01,337.30150000000003,103.0,14.897989458404481,101.79790668189526,84.30637652054429,-7.34536442717226e-22,15.105950927734398
Rainy,Nelson-Winnipeg,1997-10-01,337.264,101.0,14.226214028894901,71.29689794965088,64.20702487230301,1.6034574946388602,7.352197265625023
Rainy,Nelson-Winnipeg,1997-11-01,337.2255,96.3,16.410000971518457,57.41547094658017,40.43317981995642,21.23383805155754,-3.4451049804687273
Rainy,Nelson-Winnipeg,1997-12-01,337.17949999999996,162.0,17.134074063505977,18.28741276403889,15.232030942570418,35.97361966967583,-5.578161621093727
Rainy,Nelson-Winnipeg,1998-01-01,337.047,148.0,15.648119791876525,25.283574184868485,5.369936043280177,54.20230329036713,-10.621527099609352
Rainy,Nelson-Winnipeg,1998-02-01,336.9125,175.0,12.87505216896534,33.057873137295246,6.593297643121332,60.56255102157593,-2.9227050781249773
Rainy,Nelson-Winnipeg,1998-03-01,336.773,155.0,14.46967144147493,28.621563396882266,14.071582758333534,56.703951209783554,-4.545812988281227
Rainy,Nelson-Winnipeg,1998-04-01,336.84,97.1,19.546978874132037,22.256675292737782,34.78178638033569,6.644344422966242,6.306420898437523
Rainy,Nelson-Winnipeg,1998-05-01,336.93550000000005,103.0,21.897094324231148,66.81933789514005,59.62285865098238,0.0001108923655124272,13.673394775390648
Rainy,Nelson-Winnipeg,1998-06-01,336.9625,101.0,17.88412278983742,93.61903415992856,77.47528608888388,0.000619291199654981,15.640252685546898
Rainy,Nelson-Winnipeg,1998-07-01,336.92650000000003,104.0,14.831324020633474,76.97501522488892,123.22196131572127,-7.34536442717226e-22,19.843255615234398
Rainy,Nelson-Winnipeg,1998-08-01,336.711,97.3,11.490021861391142,86.58800437115133,107.15156164951622,-7.34536442717226e-22,20.401391601562523
Rainy,Nelson-Winnipeg,1998-09-01,336.52049999999997,74.8,9.34561772737652,81.71603316441178,87.97253016382456,-7.34536442717226e-22,15.769860839843773
Rainy,Nelson-Winnipeg,1998-10-01,336.381,74.3,14.54760238993913,112.33461345545948,54.43885049317032,0.10836060391739011,8.151086425781273
Rainy,Nelson-Winnipeg,1998-11-01,336.4355,65.4,21.617200691252947,62.792112585157156,40.386265609413385,24.08924512565136,-0.5638183593749773
Rainy,Nelson-Winnipeg,1998-12-01,336.738,66.1,23.257887398358434,29.538064263761044,25.557307351846248,25.75521357357502,-9.415899658203102
Rainy,Nelson-Winnipeg,1999-01-01,337.017,151.0,22.358505229931325,19.37365165213123,5.030848857131787,45.104093849658966,-15.437841796874977
Rainy,Nelson-Winnipeg,1999-02-01,336.88599999999997,160.0,17.85082696005702,36.20526334270835,8.76840204000473,64.96377289295197,-7.683264160156227
Rainy,Nelson-Winnipeg,1999-03-01,336.84400000000005,140.0,18.41781585244462,64.50063572265208,15.324329724535346,79.23633605241776,-3.3606628417968523
Rainy,Nelson-Winnipeg,1999-04-01,337.02049999999997,365.0,30.09666223078966,56.53762025758624,26.477384380996227,50.975047051906586,4.708825683593773
Rainy,Nelson-Winnipeg,1999-05-01,337.35249999999996,453.0,50.862606964074075,97.5257393438369,50.935268052853644,0.08944066212279722,11.335015869140648
Rainy,Nelson-Winnipeg,1999-06-01,337.483,499.0,42.60221030563116,102.0296523347497,74.45284863933921,-7.34536442717226e-22,16.319573974609398
Rainy,Nelson-Winnipeg,1999-07-01,337.541,503.0,39.73885253071785,136.0415224917233,113.39749209582806,-7.34536442717226e-22,20.454919433593773
Rainy,Nelson-Winnipeg,1999-08-01,337.493,338.0,32.75360073894262,105.51046906039119,110.44459510594606,-7.34536442717226e-22,18.380426025390648
Rainy,Nelson-Winnipeg,1999-09-01,337.54200000000003,335.0,39.77837157435715,174.72645733505487,83.64580571651459,-7.34536442717226e-22,12.658776855468773
Rainy,Nelson-Winnipeg,1999-10-01,337.52250000000004,373.0,50.826453254558146,61.89058907330036,59.23668737523258,0.4560115630738437,5.313989257812523
Rainy,Nelson-Winnipeg,1999-11-01,337.4185,381.0,43.566625099629164,13.03747238125652,31.786687904968858,1.5957803698256612,1.8119445800781477
Rainy,Nelson-Winnipeg,1999-12-01,337.2025,247.0,33.42231083661318,26.76322014303878,24.44833976915106,11.975179426372051,-7.493322753906227
Rainy,Nelson-Winnipeg,2000-01-01,337.121,195.0,24.348020262550563,24.896583694498986,5.115734107675962,39.237234741449356,-14.522589111328102
Rainy,Nelson-Winnipeg,2000-02-01,336.98,191.0,18.04801227990538,18.14471062971279,5.600856704404578,45.29843479394913,-7.545050048828102
Rainy,Nelson-Winnipeg,2000-03-01,336.895,158.0,16.063272138126194,37.35203645192087,13.872565934434533,7.643686141818762,-0.36856689453122726
Rainy,Nelson-Winnipeg,2000-04-01,336.9845,121.0,16.10935607459396,59.29511273279786,31.76944563165307,13.093316927552223,2.6451660156250227
Rainy,Nelson-Winnipeg,2000-05-01,337.2495,244.0,22.427198360674083,83.20256927981973,51.53975461144,0.03914841727237217,11.256311035156273
Rainy,Nelson-Winnipeg,2000-06-01,337.47900000000004,350.0,27.55962952505797,141.58586505800486,70.49269275739789,-7.34536442717226e-22,13.876428222656273
Rainy,Nelson-Winnipeg,2000-07-01,337.5325,465.0,32.30475774034858,71.40909065492451,101.8051072023809,-7.34536442717226e-22,19.112634277343773
Rainy,Nelson-Winnipeg,2000-08-01,337.52049999999997,346.0,28.288336121477187,124.59417106583714,109.17172324843705,-7.34536442717226e-22,18.915673828125023
Rainy,Nelson-Winnipeg,2000-09-01,337.451,245.0,21.165924263186753,64.07126784324646,89.36783764511347,0.0011805771009676391,12.815820312500023
Rainy,Nelson-Winnipeg,2000-10-01,337.3925,174.0,20.567453058902174,62.29577190242708,49.50874834321439,0.5582014564424753,7.828668212890648
Rainy,Nelson-Winnipeg,2000-11-01,337.4135,368.0,27.37922826781869,75.71320049464703,46.157698379829526,9.120629169046879,-0.5747741699218523
Rainy,Nelson-Winnipeg,2000-12-01,337.315,259.0,28.44126580748707,30.234885693062097,15.444018063135445,33.26234593987465,-17.54289855957029
Rainy,Nelson-Winnipeg,2001-01-01,337.14549999999997,241.0,23.399822646752,31.059464905411005,4.931263756589033,58.23145434260368,-9.875585937499977
Rainy,Nelson-Winnipeg,2001-02-01,336.9705,190.0,17.100362572818995,37.24062908440828,6.002915266435593,82.26191997528076,-14.528295898437477
Rainy,Nelson-Winnipeg,2001-03-01,336.82399999999996,182.0,15.460613474715501,22.55959715694189,12.359939370071515,107.27302730083466,-4.849157714843727
Rainy,Nelson-Winnipeg,2001-04-01,337.031,427.0,26.906935963779688,124.67612978070974,12.908435601275414,84.08933877944946,2.9246459960937727
Rainy,Nelson-Winnipeg,2001-05-01,337.629,865.0,94.81808706186712,127.92192911729217,46.883840346708894,0.2586419286672026,10.866754150390648
Rainy,Nelson-Winnipeg,2001-06-01,338.031,1040.0,75.325733050704,86.40870451927185,73.01586214452982,-7.34536442717226e-22,16.390283203125023
Rainy,Nelson-Winnipeg,2001-07-01,337.551,470.0,42.305430280976,92.59389410726726,109.29613560438156,-7.34536442717226e-22,19.955224609375023
Rainy,Nelson-Winnipeg,2001-08-01,337.68550000000005,750.0,27.974064461886883,132.0370715111494,121.00028735585511,-7.34536442717226e-22,20.318292236328148
Rainy,Nelson-Winnipeg,2001-09-01,337.4685,344.0,21.410860936157405,62.70139245316386,80.16936248168349,-7.34536442717226e-22,13.783807373046898
Rainy,Nelson-Winnipeg,2001-10-01,337.40250000000003,281.0,23.269780445843935,119.34054410085082,62.92509473860264,3.716618986800313,5.743890380859398
Rainy,Nelson-Winnipeg,2001-11-01,337.369,296.0,31.325655290856957,57.745794765651226,32.26482309401035,3.856251249089837,2.9961486816406477
Rainy,Nelson-Winnipeg,2001-12-01,337.3455,361.0,33.69982971344143,36.86534718144685,28.692712367046624,25.98179690539837,-6.205603027343727
Rainy,Nelson-Winnipeg,2002-01-01,337.15999999999997,301.0,29.728531662840396,20.03727323608473,6.3376671459991485,39.58119824528694,-10.724493408203102
Rainy,Nelson-Winnipeg,2002-02-01,336.97950000000003,243.0,22.167770424857736,16.651713754981756,10.17004658933729,50.4046268761158,-7.533636474609352
Rainy,Nelson-Winnipeg,2002-03-01,336.80949999999996,195.0,19.950357091147453,43.594022397883236,14.339529996505007,70.04889845848083,-9.590490722656227
Rainy,Nelson-Winnipeg,2002-04-01,336.799,110.0,24.243320804089308,58.11802111566067,21.555921994149685,36.40606626868248,1.7347045898437727
Rainy,Nelson-Winnipeg,2002-05-01,337.1145,105.0,35.235182265751064,74.72934224642813,48.12530055642128,1.3491949066519737,6.976037597656273
Rainy,Nelson-Winnipeg,2002-06-01,337.94500000000005,752.0,38.67024555802345,122.42901138961315,67.42740981280804,-7.279189844061664e-22,17.024652099609398
Rainy,Nelson-Winnipeg,2002-07-01,338.023,979.0,35.974265425466,72.84526410512626,117.4050394911319,-7.279189844061664e-22,21.855706787109398
Rainy,Nelson-Winnipeg,2002-08-01,337.46500000000003,173.0,23.724935366772115,130.04085840657353,114.25662087276578,-7.279189844061664e-22,18.813195800781273
Rainy,Nelson-Winnipeg,2002-09-01,337.39549999999997,128.0,18.624955555424094,69.57039702683687,96.11167246475816,0.006801966719649499,15.813439941406273
Rainy,Nelson-Winnipeg,2002-10-01,337.279,101.0,19.060616032220423,78.37387290783226,66.24009902589023,4.433534573763609,2.4491821289062727
Rainy,Nelson-Winnipeg,2002-11-01,337.241,100.0,18.63111276179552,28.437860892154276,34.02209957130253,19.570542499423027,-3.6790527343749773
Rainy,Nelson-Winnipeg,2002-12-01,338.052,113.0,17.968467611353844,22.325043741147965,12.796855939086527,33.72076898813248,-8.249975585937477
Rainy,Nelson-Winnipeg,2003-01-01,337.129,139.0,16.038540517911315,14.210579480277374,5.779791914392263,42.66005381941795,-15.627447509765602
Rainy,Nelson-Winnipeg,2003-02-01,336.9705,124.0,12.78979005292058,14.618047513067722,5.991332174744457,54.21674996614456,-15.992224121093727
Rainy,Nelson-Winnipeg,2003-03-01,336.82349999999997,126.0,13.334983406821266,28.76681520137936,10.366943577537313,46.13170772790909,-6.681890869140602
Rainy,Nelson-Winnipeg,2003-04-01,336.71000000000004,104.0,13.542772794608027,53.84598858654499,29.43533007055521,14.389773830771446,2.3563171386718977
Rainy,Nelson-Winnipeg,2003-05-01,336.613,100.0,19.18776932870969,71.95219746790826,54.896199610084295,0.038247628253884614,11.154168701171898
Rainy,Nelson-Winnipeg,2003-06-01,336.512,90.4,17.187691410072148,86.86739718541503,77.99617946147919,-7.279189844061664e-22,16.865289306640648
Rainy,Nelson-Winnipeg,2003-07-01,336.55100000000004,74.9,17.150795785710216,114.24835654906929,114.00672793388367,-7.279189844061664e-22,19.951379394531273
Rainy,Nelson-Winnipeg,2003-08-01,336.712,74.7,14.573758613551036,85.31416533514857,117.00874171219766,-7.302405527464253e-22,21.048425292968773
Rainy,Nelson-Winnipeg,2003-09-01,336.762,73.8,14.118364197202027,122.200814075768,97.30399819090962,0.018211938368040137,14.434014892578148
Rainy,Nelson-Winnipeg,2003-10-01,337.037,84.2,19.67139105545357,58.866120874881744,53.712636581622064,1.555906841531396,6.828668212890648
Rainy,Nelson-Winnipeg,2003-11-01,337.242,140.0,20.0615735957399,43.536481680348516,40.771805215626955,14.079208485782146,-2.9168151855468523
Rainy,Nelson-Winnipeg,2003-12-01,337.236,176.0,20.542151236440986,28.028814704157412,12.925490678753704,31.613051891326904,-6.996130371093727
Rainy,Nelson-Winnipeg,2004-01-01,337.11699999999996,233.0,18.578347633592784,43.1671105325222,4.595248625264503,60.47406047582626,-18.499731445312477
Rainy,Nelson-Winnipeg,2004-02-01,336.91700000000003,177.0,15.399741823785007,23.682758561335504,6.7284652177477255,90.32068401575089,-8.769567871093727
Rainy,Nelson-Winnipeg,2004-03-01,336.80600000000004,198.0,15.659745782613754,51.11587780993432,12.20396108692512,101.4498844742775,-3.5466369628906023
Rainy,Nelson-Winnipeg,2004-04-01,336.9315,301.0,24.458393454551697,45.74370221234858,26.09369927085936,40.30092433094978,2.3795104980468977
Rainy,Nelson-Winnipeg,2004-05-01,337.2645,476.0,49.90007670130581,128.02387261763215,46.85988824348897,1.0695806704461575,7.068780517578148
Rainy,Nelson-Winnipeg,2004-06-01,337.45550000000003,608.0,49.84805826097727,72.85453844815493,75.73791313916445,3.4120726244424304e-06,13.542718505859398
Rainy,Nelson-Winnipeg,2004-07-01,337.48699999999997,298.0,36.63161478471011,78.77668831497431,94.7511785198003,-7.306051050922505e-22,18.444482421875023
Rainy,Nelson-Winnipeg,2004-08-01,337.46849999999995,117.0,24.24933557631448,101.03742009960115,102.35943761654198,-7.34536442717226e-22,15.527825927734398
Rainy,Nelson-Winnipeg,2004-09-01,337.481,250.0,24.52015585731715,118.83677914738655,70.00318262726068,-7.34536442717226e-22,16.009332275390648
Rainy,Nelson-Winnipeg,2004-10-01,337.3855,215.0,32.26207918487489,117.22941719926894,59.33768174145371,0.24951805244199932,7.584222412109398
Rainy,Nelson-Winnipeg,2004-11-01,337.464,429.0,40.571505669504404,20.79902740661055,41.867815889418125,2.098165452480316,1.1205383300781477
Rainy,Nelson-Winnipeg,2004-12-01,337.328,289.0,36.73562977928668,68.49161838181317,22.083940217271447,32.30242431163788,-11.227301025390602
Rainy,Nelson-Winnipeg,2005-01-01,337.1925,272.0,27.60748757282272,53.31420595757663,3.6190147875458933,90.12774378061295,-16.168493652343727
Rainy,Nelson-Winnipeg,2005-02-01,337.001,266.0,19.16991570033133,21.271030185744166,6.8578984355553985,117.32979863882065,-8.965765380859352
Rainy,Nelson-Winnipeg,2005-03-01,336.8025,228.0,17.691414279397577,29.104109678883106,9.991949889808893,131.1209499835968,-6.119207763671852
Rainy,Nelson-Winnipeg,2005-04-01,337.0025,476.0,29.13854259531945,44.72561529837549,28.752306243404746,33.53090211749077,5.363366699218773
Rainy,Nelson-Winnipeg,2005-05-01,337.3695,577.0,48.45217079855502,126.58014940097928,44.897609390318394,1.4370421413332224,9.122155761718773
Rainy,Nelson-Winnipeg,2005-06-01,337.76649999999995,951.0,56.69012200087309,128.50893661379814,67.05436622723937,-7.34536442717226e-22,17.095330810546898
Rainy,Nelson-Winnipeg,2005-07-01,337.5645,508.0,46.71328130643815,72.30703649111092,126.67216127738357,-7.34536442717226e-22,20.505639648437523
Rainy,Nelson-Winnipeg,2005-08-01,337.471,181.0,29.185067571233958,85.84979455918074,108.49373112432659,-7.34536442717226e-22,18.569055175781273
Rainy,Nelson-Winnipeg,2005-09-01,337.40599999999995,115.0,23.193522356450558,98.24909968301654,84.54639231786132,-7.34536442717226e-22,15.762658691406273
Rainy,Nelson-Winnipeg,2005-10-01,337.337,146.0,23.311818426009268,91.95742569863796,54.44819387048483,0.37094688741490245,8.094476318359398
Rainy,Nelson-Winnipeg,2005-11-01,337.37,275.0,26.605183957144618,106.43439134582877,49.08472183160484,16.522051766514778,-0.5492309570312273
Rainy,Nelson-Winnipeg,2005-12-01,337.3225,346.0,31.041359179653227,32.21527568530291,16.17423602147028,53.721535950899124,-8.227880859374977
Rainy,Nelson-Winnipeg,2006-01-01,337.132,295.0,27.9479741002433,30.285967513918877,8.734368835575879,79.36153560876846,-6.317907714843727
Rainy,Nelson-Winnipeg,2006-02-01,336.95550000000003,251.0,20.83581918850541,19.869502168148756,6.363055377732962,98.04418683052063,-12.977484130859352
Rainy,Nelson-Winnipeg,2006-03-01,336.7955,204.0,20.70289774565026,49.88900828175247,11.101899988716468,104.84057664871216,-3.7424072265624773
Rainy,Nelson-Winnipeg,2006-04-01,337.0215,376.0,30.51386447623372,27.787858271040022,30.934209935367107,23.70547316968441,6.482568359375023
Rainy,Nelson-Winnipeg,2006-05-01,337.27750000000003,370.0,41.05713125318289,78.68029526434839,46.69559781905264,0.26623380836099386,11.483239746093773
Rainy,Nelson-Winnipeg,2006-06-01,337.435,219.0,30.95108550041914,60.704334173351526,88.69381388649344,-7.34536442717226e-22,18.126214599609398
Rainy,Nelson-Winnipeg,2006-07-01,337.456,133.0,21.166466758586466,88.04477006196976,126.92027864977717,-7.34536442717226e-22,22.347894287109398
Rainy,Nelson-Winnipeg,2006-08-01,337.391,103.0,13.62510898616165,58.528947294689715,115.31358095817268,-7.34536442717226e-22,19.655328369140648
Rainy,Nelson-Winnipeg,2006-09-01,337.20799999999997,101.0,9.659113129600883,66.4972560480237,87.70940825343132,-7.34536442717226e-22,14.044885253906273
Rainy,Nelson-Winnipeg,2006-10-01,336.99199999999996,101.0,8.341380394995213,58.59656317625195,61.236213427037,4.655617754906416,4.907708740234398
Rainy,Nelson-Winnipeg,2006-11-01,336.802,102.0,7.683712465222925,33.32254593260586,33.96217944100499,5.3309183567762375,-0.49481811523435226
Rainy,Nelson-Winnipeg,2006-12-01,336.681,82.6,8.304852264700457,43.47595083527267,16.215904091950506,16.02710224688053,-5.912145996093727
Rainy,Nelson-Winnipeg,2007-01-01,336.677,65.8,8.39060905855149,17.03023590380326,8.036555867874995,34.17396545410156,-11.468023681640602
Rainy,Nelson-Winnipeg,2007-02-01,336.645,65.5,7.598419324494898,18.805684754624963,6.954915588721633,40.840379893779755,-16.178137207031227
Rainy,Nelson-Winnipeg,2007-03-01,336.666,65.7,10.332196427043527,42.201552423648536,13.557238678913563,39.28706794977188,-3.4574951171874773
Rainy,Nelson-Winnipeg,2007-04-01,336.775,65.9,16.045094816945493,62.32954328879714,26.861780206672847,6.3286409713327885,2.6650329589843977
Rainy,Nelson-Winnipeg,2007-05-01,336.8945,65.8,22.635170607827604,95.92611994594336,44.82904076576233,0.0009280837502956274,11.836907958984398
Rainy,Nelson-Winnipeg,2007-06-01,337.315,200.0,27.717995108105242,114.11323444917798,79.12934990599751,-7.34536442717226e-22,17.637597656250023
Rainy,Nelson-Winnipeg,2007-07-01,337.4925,298.0,30.251832969952375,77.65196799300611,116.14481313154101,-7.34536442717226e-22,20.692864990234398
Rainy,Nelson-Winnipeg,2007-08-01,337.43100000000004,106.0,22.61765132425353,61.50810606777668,118.99692146107554,-7.34536442717226e-22,19.168939208984398
Rainy,Nelson-Winnipeg,2007-09-01,337.341,109.0,23.209014907479286,202.37137097865343,82.95448031276464,0.005056691861682339,13.953088378906273
Rainy,Nelson-Winnipeg,2007-10-01,337.46950000000004,611.0,57.359830592758954,125.54998882114887,55.75778242200613,0.006953804131626384,8.564111328125023
Rainy,Nelson-Winnipeg,2007-11-01,337.39700000000005,648.0,60.300284530967474,42.7977810613811,50.99352914839983,7.597730495035648,-1.2707580566406023
Rainy,Nelson-Winnipeg,2007-12-01,337.3245,365.0,42.982278391718864,46.34546837769449,14.485391700873151,46.14678770303726,-10.931799316406227
Rainy,Nelson-Winnipeg,2008-01-01,337.1265,290.0,29.061404056847095,15.289776551071554,4.520193047937937,71.32498174905777,-13.522070312499977
Rainy,Nelson-Winnipeg,2008-02-01,336.964,207.0,19.64887004578486,14.765869244001806,5.646598307066597,79.42795008420944,-14.195593261718727
Rainy,Nelson-Winnipeg,2008-03-01,336.797,187.0,16.036028740927577,27.613622660283,14.842460106592625,90.88265150785446,-6.874090576171852
Rainy,Nelson-Winnipeg,2008-04-01,336.7895,140.0,19.033889402635396,93.9677283167839,21.098022116348147,75.925312936306,1.2579589843750227
Rainy,Nelson-Winnipeg,2008-05-01,337.3995,676.0,42.55914140958339,85.16183472238481,44.73878280259669,3.760713152587414,6.939660644531273
Rainy,Nelson-Winnipeg,2008-06-01,337.871,986.0,48.942306311801076,129.78513725101948,68.57313215732574,2.3884508593141618e-05,14.581170654296898
Rainy,Nelson-Winnipeg,2008-07-01,337.762,867.0,43.104990967549384,93.09245296753943,100.55201919749379,-7.34536442717226e-22,18.537225341796898
Rainy,Nelson-Winnipeg,2008-08-01,337.4445,199.0,30.263412045314908,50.563839031383395,115.14550843276083,-7.34536442717226e-22,19.404870605468773
Rainy,Nelson-Winnipeg,2008-09-01,337.4475,126.0,20.995954982936382,119.38322335481644,82.81649323180318,-7.34536442717226e-22,14.169427490234398
Rainy,Nelson-Winnipeg,2008-10-01,337.42100000000005,239.0,21.997134143020958,72.89605541154742,58.957324363291264,0.2049785543931648,7.492333984375023
Rainy,Nelson-Winnipeg,2008-11-01,337.381,407.0,26.733367703855038,54.50793891213834,41.86373669654131,5.970340687781572,-0.9349121093749773
Rainy,Nelson-Winnipeg,2008-12-01,337.3065,319.0,27.419948775786906,47.93217161204666,15.119562158361077,35.26417165994644,-15.941717529296852
Rainy,Nelson-Winnipeg,2009-01-01,337.3574287324049,298.0,23.214057611767203,31.563354074023664,2.518092966056429,76.76991075277328,-18.028936767578102
Rainy,Nelson-Winnipeg,2009-02-01,337.17842873240494,244.0,17.326786182820797,33.149348106235266,5.938178626820445,93.00950169563293,-11.101934814453102
Rainy,Nelson-Winnipeg,2009-03-01,337.01742873240494,251.0,17.711708787828684,70.68797969259322,11.522664135554805,107.34257102012634,-5.898321533203102
Rainy,Nelson-Winnipeg,2009-04-01,337.116,480.0,23.89470872003585,62.19796137884259,21.091618691571057,83.5772454738617,2.0367370605468977
Rainy,Nelson-Winnipeg,2009-05-01,337.62649999999996,812.0,72.04405055381358,97.07376384176314,48.34139277227223,3.047078149393201,7.496545410156273
Rainy,Nelson-Winnipeg,2009-06-01,337.77750000000003,820.0,62.838688027113676,86.90942544490099,64.29116008803248,0.00024396319986408344,14.270928955078148
Rainy,Nelson-Winnipeg,2009-07-01,337.61350000000004,273.0,39.61991483811289,109.73760206252337,94.24710529856384,-7.34536442717226e-22,16.091943359375023
Rainy,Nelson-Winnipeg,2009-08-01,337.6935,478.0,32.74606540799141,132.38589093089104,99.90247222594917,-7.34536442717226e-22,17.509362792968773
Rainy,Nelson-Winnipeg,2009-09-01,337.5405,269.0,28.860088787041605,43.28494775108993,78.15622491762042,0.0011293960824332316,17.749780273437523
Rainy,Nelson-Winnipeg,2009-10-01,337.4925,173.0,24.31603299919516,74.71926626749337,58.38603584561497,2.5371455121785402,4.435632324218773
Rainy,Nelson-Winnipeg,2009-11-01,337.5085,277.0,22.052658023312688,43.82193787023425,27.827354497276247,2.8944015502929688,2.5466857910156477
Rainy,Nelson-Winnipeg,2009-12-01,337.40700000000004,299.0,23.87118322076276,41.781670646741986,24.64954898459837,20.08707821369171,-11.431768798828102
Rainy,Nelson-Winnipeg,2010-01-01,337.22749999999996,222.0,21.861323155462742,27.16781833441928,4.912639706162736,45.32679170370102,-13.082128906249977
Rainy,Nelson-Winnipeg,2010-02-01,337.076,210.0,16.869965475052595,7.187441224232316,5.971992388367653,62.66888976097107,-11.282110595703102
Rainy,Nelson-Winnipeg,2010-03-01,336.9515,245.0,18.081042857374996,14.89861961454153,10.28764937655069,23.016832768917084,0.8368469238281477
Rainy,Nelson-Winnipeg,2010-04-01,336.911,112.0,17.180778086185455,32.42161008529365,34.39501393586397,0.08165772305801511,7.191857910156273
Rainy,Nelson-Winnipeg,2010-05-01,336.9675,101.0,16.93907572189346,59.04369556810707,54.80341543443501,0.2406381390755996,12.394616699218773
Rainy,Nelson-Winnipeg,2010-06-01,337.2035,101.0,14.491385081782937,91.58652042970061,74.55603685230017,-7.34536442717226e-22,16.176812744140648
Rainy,Nelson-Winnipeg,2010-07-01,337.604,353.0,19.47231648955494,158.16646674647927,121.76269106566906,-7.34536442717226e-22,20.526513671875023
Rainy,Nelson-Winnipeg,2010-08-01,337.6,268.0,21.078850491903722,121.08777370303869,115.97952665761113,-7.34536442717226e-22,20.106378173828148
Rainy,Nelson-Winnipeg,2010-09-01,337.5885,204.0,26.51088929269463,145.89423313736916,95.01105872914195,-7.34536442717226e-22,11.787683105468773
Rainy,Nelson-Winnipeg,2010-10-01,337.524,269.0,38.445623009465635,43.703479575924575,55.72563817258924,0.26864613755606115,8.752954101562523
Rainy,Nelson-Winnipeg,2010-11-01,337.4865,166.0,31.591805163770914,61.9125715456903,42.5929413177073,13.195511884987354,0.04790649414064774
Rainy,Nelson-Winnipeg,2010-12-01,337.405,255.0,26.55891631729901,34.87836557906121,16.6288748732768,60.45408174395561,-11.572485351562477
Rainy,Nelson-Winnipeg,2011-01-01,337.2085,207.0,21.058631769847125,35.31659487634897,3.7534286893787794,96.85336798429489,-16.290686035156227
Rainy,Nelson-Winnipeg,2011-02-01,337.09000000000003,218.0,15.439922222867608,17.36599300056696,6.150296539999545,116.6190505027771,-12.193426513671852
Rainy,Nelson-Winnipeg,2011-03-01,336.9145,193.0,14.28548077819869,23.43920449493453,12.762928905431181,118.28236281871796,-5.816534423828102
Rainy,Nelson-Winnipeg,2011-04-01,337.1175,414.0,23.547980817966163,84.4626990146935,19.454468856565654,70.00211626291275,2.3590942382812727
Rainy,Nelson-Winnipeg,2011-05-01,337.435,513.0,54.14470552932471,67.59934569709003,44.830513186752796,1.7584816087037325,9.639489746093773
Rainy,Nelson-Winnipeg,2011-06-01,337.53999999999996,272.0,44.56086200661957,112.58726706728339,65.52675040438771,-7.34536442717226e-22,15.144799804687523
Rainy,Nelson-Winnipeg,2011-07-01,337.6225,257.0,33.33411714993417,78.44265084713697,116.42790050245821,-7.34536442717226e-22,21.406976318359398
Rainy,Nelson-Winnipeg,2011-08-01,337.60699999999997,136.0,24.132312391884625,88.43667944893241,120.60281308367848,-7.34536442717226e-22,20.283868408203148
Rainy,Nelson-Winnipeg,2011-09-01,337.47249999999997,103.0,16.311010695062578,62.30740109458566,88.30984588712454,0.0003360891582815384,14.576318359375023
Rainy,Nelson-Winnipeg,2011-10-01,337.28200000000004,100.0,13.336642587091774,56.982255657203496,64.64792834594846,0.12838946713600308,9.400628662109398
Rainy,Nelson-Winnipeg,2011-11-01,337.132,99.1,11.368431150913239,28.655940550379455,41.978718945756555,5.697902292013168,0.6416564941406477
Rainy,Nelson-Winnipeg,2011-12-01,337.044,100.0,10.786881292006,26.935388741549104,25.6019834196195,20.806370303034782,-6.616705322265602
Rainy,Nelson-Winnipeg,2012-01-01,336.97450000000003,100.0,9.896634088363498,42.66034148167819,7.816446071956307,48.92387613654137,-10.371618652343727
Rainy,Nelson-Winnipeg,2012-02-01,336.91949999999997,,8.443338330835104,25.044806767255068,8.553041203413159,74.54612106084824,-7.109655761718727
Rainy,Nelson-Winnipeg,2012-03-01,336.9235,153.0,13.218740641605109,59.41949493717402,11.825435212813318,45.67314684391022,2.0211425781250227
Rainy,Nelson-Winnipeg,2012-04-01,337.13750000000005,307.0,25.33758874051273,61.457594856619835,35.638242261484265,5.17885759472847,4.222497558593773
Rainy,Nelson-Winnipeg,2012-05-01,337.35249999999996,276.0,39.912468288093805,167.41536371409893,53.58289391733706,0.010220864169241395,11.715936279296898
Rainy,Nelson-Winnipeg,2012-06-01,337.60450000000003,603.0,59.12010557949543,104.85182516276836,94.39755929633975,1.5354327587147054e-05,18.172631835937523
Rainy,Nelson-Winnipeg,2012-07-01,337.671,425.0,43.92554808873683,117.22914292477071,129.93133626878262,-7.34536442717226e-22,22.333947753906273
Rainy,Nelson-Winnipeg,2012-08-01,337.6335,209.0,27.413786621764302,68.82101483643055,120.06605067290366,-7.34536442717226e-22,19.438073730468773
Rainy,Nelson-Winnipeg,2012-09-01,337.53049999999996,108.0,18.713079043664038,40.02896253950894,92.60741528123617,0.00016719155837563449,13.491845703125023
Rainy,Nelson-Winnipeg,2012-10-01,337.387,102.0,15.378248121123761,85.41909698396921,56.77945853676647,1.956090098246932,5.664208984375023
Rainy,Nelson-Winnipeg,2012-11-01,337.35299999999995,101.0,13.742827868554741,43.76004450023174,40.21094064228237,7.278630044311285,-1.4660705566406023
Rainy,Nelson-Winnipeg,2012-12-01,337.3505,107.0,14.498992648441344,27.274191728793085,18.27819208847359,19.797276705503464,-9.698461914062477
Rainy,Nelson-Winnipeg,2013-01-01,337.3114287324049,168.0,14.288055710494518,62.34294711612165,6.413324052118696,44.51325535774231,-13.401892089843727
Rainy,Nelson-Winnipeg,2013-02-01,337.1894287324049,172.0,12.19549693632871,33.67016511037946,4.569233045913279,87.24262565374374,-12.453680419921852
Rainy,Nelson-Winnipeg,2013-03-01,336.899,193.0,12.456335127353668,35.6885832734406,12.503707926953211,112.65652626752853,-6.696722412109352
Rainy,Nelson-Winnipeg,2013-04-01,336.793,102.0,15.984615893103182,70.4713468439877,16.17565518245101,135.53738594055176,-0.9322875976562273
Rainy,Nelson-Winnipeg,2013-05-01,337.3745,522.0,59.22986660152674,100.98859923891723,32.70605020225048,18.37901584804058,8.279260253906273
Rainy,Nelson-Winnipeg,2013-06-01,337.8885,946.0,72.8959240950644,77.7358585037291,61.08039524406195,5.118109047685948e-06,15.484429931640648
Rainy,Nelson-Winnipeg,2013-07-01,337.6495,464.0,45.300363446585834,158.87322882190347,108.35278290323913,-7.34536442717226e-22,19.476312255859398
Rainy,Nelson-Winnipeg,2013-08-01,337.65599999999995,344.0,34.385732491500676,86.68018947355449,92.60420827195048,-7.34536442717226e-22,19.433557128906273
Rainy,Nelson-Winnipeg,2013-09-01,337.62199999999996,189.0,27.68671838566661,77.94815115630627,86.19460975751281,-7.34536442717226e-22,15.876092529296898
Rainy,Nelson-Winnipeg,2013-10-01,337.51649999999995,167.0,25.272882892750204,57.70094506442547,65.49694505520165,1.9788043573498726,6.837213134765648
Rainy,Nelson-Winnipeg,2013-11-01,337.47900000000004,138.0,22.399904555641115,46.984433429315686,44.682801235467196,8.845128118991852,-2.3218139648437273
Rainy,Nelson-Winnipeg,2013-12-01,337.4,,21.579816471785307,52.80532210599631,11.168716504471377,51.38656497001648,-17.772650146484352
Rainy,Nelson-Winnipeg,2014-01-01,337.27049999999997,201.0,19.13900801446289,39.44056818727404,4.026063630590215,88.89860659837723,-19.35033264160154
Rainy,Nelson-Winnipeg,2014-02-01,337.081,197.0,14.896520879119635,47.08513570949435,4.530660226009786,119.15622651576996,-16.633551025390602
Rainy,Nelson-Winnipeg,2014-03-01,336.8885,223.0,14.02499308460392,36.94138617720455,11.472691141534597,153.5547971725464,-9.346502685546852
Rainy,Nelson-Winnipeg,2014-04-01,336.8625,157.0,13.80934874759987,72.40359904244542,18.304717959836125,168.5059666633606,-0.31592407226560226
Rainy,Nelson-Winnipeg,2014-05-01,337.3585,651.0,100.04121181555092,91.36118902824819,30.318548437207937,45.3328900039196,9.010858154296898
Rainy,Nelson-Winnipeg,2014-06-01,338.296,1050.0,110.8047435991466,170.91848887503147,57.926183799281716,2.3884508593141618e-05,15.156640625000023
Rainy,Nelson-Winnipeg,2014-07-01,338.5475,1140.0,69.61876386776567,132.62032344937325,104.75746286101639,-7.34536442717226e-22,18.281976318359398
Rainy,Nelson-Winnipeg,2014-08-01,337.774,569.0,39.374327287077904,51.55988491605967,92.10434299893677,-7.34536442717226e-22,18.785729980468773
Rainy,Nelson-Winnipeg,2014-09-01,337.5875,165.0,25.062573258765042,73.4440516680479,76.44385797902942,0.001695800165180117,13.574426269531273
Rainy,Nelson-Winnipeg,2014-10-01,337.55600000000004,164.0,20.671267760917544,68.86324589140713,60.41844596620649,0.2864929847419262,6.934075927734398
Rainy,Nelson-Winnipeg,2014-11-01,337.5694287324049,170.0,17.945378785952926,36.570163210853934,49.36112207360566,11.375624686479568,-5.354315185546852
Rainy,Nelson-Winnipeg,2014-12-01,337.4594287324049,170.0,17.25941029144451,29.34050903422758,10.275723849190399,27.811134234070778,-8.248297119140602
Rainy,Nelson-Winnipeg,2015-01-01,337.32042873240493,203.0,15.620483027305454,35.23771930485964,6.383184081641957,52.512556314468384,-13.695379638671852
Rainy,Nelson-Winnipeg,2015-02-01,337.0675,176.0,12.64390698634088,26.874541072174907,4.965563595760614,78.9869874715805,-18.34172668457029
Rainy,Nelson-Winnipeg,2015-03-01,336.924,159.0,13.188209559302777,28.67158962180838,15.316471399273723,76.93103700876236,-3.9892639160156023
Rainy,Nelson-Winnipeg,2015-04-01,336.9494287324049,124.0,15.886292676441371,42.140280129387975,31.135354656726122,30.008303001523018,3.4656616210937727
Rainy,Nelson-Winnipeg,2015-05-01,337.131,167.0,29.486318409908563,96.61639668047428,48.52570523507893,0.9579718462191522,10.159326171875023
Rainy,Nelson-Winnipeg,2015-06-01,337.54200000000003,554.0,34.15573155507445,119.99419424682856,70.22535894066095,-7.34536442717226e-22,16.190393066406273
Rainy,Nelson-Winnipeg,2015-07-01,337.525,448.0,30.657919822260737,92.87023288197815,117.94585105963051,-7.34536442717226e-22,20.445642089843773
Rainy,Nelson-Winnipeg,2015-08-01,337.5535,258.0,25.682179839350283,119.8846036568284,111.5009777713567,-7.34536442717226e-22,18.525689697265648
Rainy,Nelson-Winnipeg,2015-09-01,337.55499999999995,251.0,22.06219418440014,84.03761778026819,84.84279038384557,-7.34536442717226e-22,16.900476074218773
Rainy,Nelson-Winnipeg,2015-10-01,337.52049999999997,140.0,20.946451695635915,69.2591539118439,61.412478098645806,0.2760469214990735,7.807183837890648
Rainy,Nelson-Winnipeg,2015-11-01,337.534,441.0,28.53500540368259,88.43326941132545,38.52002788335085,5.061555653810501,2.2597290039062727
Rainy,Nelson-Winnipeg,2015-12-01,337.4525,444.0,40.97187158185989,54.099850822240114,25.299243920017034,26.703491806983948,-4.579168701171852
Rainy,Nelson-Winnipeg,2016-01-01,337.268,293.0,33.85726688429713,29.282148112542927,7.246540655614808,53.85741963982582,-12.083410644531227
Rainy,Nelson-Winnipeg,2016-02-01,337.11699999999996,283.0,24.4010187452659,38.92672969959676,8.110299153486267,84.47789400815964,-10.006781005859352
Rainy,Nelson-Winnipeg,2016-03-01,336.9995,287.0,26.736550556961447,71.13467901945114,8.99844104424119,75.30611008405685,-2.3771728515624773
Rainy,Nelson-Winnipeg,2016-04-01,337.188,399.0,43.79442427307367,48.08064317330718,28.901525074616075,31.911224126815796,2.1319213867187727
Rainy,Nelson-Winnipeg,2016-05-01,337.3035,361.0,55.631334660574794,65.66235423088074,49.3293150793761,0.13589602895081043,11.470666503906273
Rainy,Nelson-Winnipeg,2016-06-01,337.5745,401.0,38.22760074399412,113.98547329008579,73.46254773437977,-7.34536442717226e-22,15.850915527343773
Rainy,Nelson-Winnipeg,2016-07-01,337.5665,541.0,31.900690053589642,95.8026242442429,112.09256621077657,-7.34536442717226e-22,20.107263183593773
Rainy,Nelson-Winnipeg,2016-08-01,337.61,230.0,23.367142479401082,100.93956184573472,115.14346580952406,-7.34536442717226e-22,19.883172607421898
Rainy,Nelson-Winnipeg,2016-09-01,337.54650000000004,218.0,18.420220585539937,118.42348147183657,84.65625112876296,-7.34536442717226e-22,15.270837402343773
Rainy,Nelson-Winnipeg,2016-10-01,337.51099999999997,254.0,22.589043772313744,56.65248027071357,60.13184355106205,0.010954458957712632,8.343988037109398
Rainy,Nelson-Winnipeg,2016-11-01,337.41049999999996,202.0,23.57000601477921,66.35585334151983,32.736947759985924,10.338440537452698,4.191247558593773
Rainy,Nelson-Winnipeg,2016-12-01,337.45550000000003,271.0,23.973862931597978,57.629673392511904,34.585714689455926,43.433140963315964,-9.480505371093727
Rainy,Nelson-Winnipeg,2017-01-01,337.345,315.0,22.58935774443671,34.86195602454245,5.165058857528493,87.02291548252106,-10.889593505859352
Rainy,Nelson-Winnipeg,2017-02-01,337.1205,322.0,19.083936465904117,40.26917973533273,7.758828927762806,95.50447016954422,-8.411657714843727
Rainy,Nelson-Winnipeg,2017-03-01,336.951,351.0,22.935407352633774,29.589366225991398,15.36308362847194,72.20067828893661,-5.181219482421852
Rainy,Nelson-Winnipeg,2017-04-01,337.038,344.0,36.02835349738598,67.92845204472542,28.68362353183329,13.239208608865738,3.7701660156250227
Rainy,Nelson-Winnipeg,2017-05-01,337.3845,376.0,50.1422646921128,69.83887637034059,45.7800478907302,1.9094351446256042,9.158380126953148
Rainy,Nelson-Winnipeg,2017-06-01,337.588,422.0,39.85021845437586,118.51772200316191,78.15513527020812,-7.34536442717226e-22,16.406213378906273
Rainy,Nelson-Winnipeg,2017-07-01,337.6565,512.0,30.18000553129241,73.36269016377628,111.50291212834418,-7.34536442717226e-22,19.988397216796898
Rainy,Nelson-Winnipeg,2017-08-01,337.63,298.0,22.52085949294269,94.31227436289191,111.32225184701383,-7.34536442717226e-22,18.336572265625023
Rainy,Nelson-Winnipeg,2017-09-01,337.586,230.0,23.42447522096336,166.2913290783763,78.56243290007114,-7.34536442717226e-22,14.887689208984398
Rainy,Nelson-Winnipeg,2017-10-01,337.571,343.0,44.89826620556414,92.77082281187177,66.23498885892332,3.3998729195445776,8.224237060546898
Rainy,Nelson-Winnipeg,2017-11-01,337.51099999999997,322.0,37.606770638376474,45.86168099194765,48.04904339835048,43.41049864888191,-3.2226318359374773
Rainy,Nelson-Winnipeg,2017-12-01,337.4355,290.0,31.790204346179962,37.709878059104085,15.462125593330711,55.79814314842224,-13.379827880859352
Rainy,Nelson-Winnipeg,2018-01-01,337.28200000000004,244.0,25.871642166748643,30.707415542565286,5.588669504504651,78.83871346712112,-13.545416259765602
Rainy,Nelson-Winnipeg,2018-02-01,337.1155,237.0,18.877238500863314,32.08970790728927,5.536844138987362,98.1300100684166,-14.482672119140602
Rainy,Nelson-Winnipeg,2018-03-01,336.8965,225.0,16.954601102042943,13.785619114059955,18.166306137572974,115.15025049448013,-4.573309326171852
Rainy,Nelson-Winnipeg,2018-04-01,336.80449999999996,110.0,14.992044889368117,19.39639972988516,22.778324782848358,98.27549755573273,-1.4180969238281023
Rainy,Nelson-Winnipeg,2018-05-01,337.207,142.0,21.53028646716848,64.14184137247503,50.65770947840065,1.5863084699958563,12.989465332031273
Rainy,Nelson-Winnipeg,2018-06-01,337.565,244.0,25.87889030110091,117.48702730983496,73.08981148526073,-7.34536442717226e-22,17.676354980468773
Rainy,Nelson-Winnipeg,2018-07-01,337.6345,362.0,24.994521343614906,94.64455069974065,121.46526202559471,-7.34536442717226e-22,20.849908447265648
Rainy,Nelson-Winnipeg,2018-08-01,337.58942873240494,176.0,18.364162708166987,76.0653477627784,105.70918815210462,-7.34536442717226e-22,20.207788085937523
Rainy,Nelson-Winnipeg,2018-09-01,337.5664287324049,157.0,16.842596232891083,156.76071401685476,94.44903815165162,0.03628739432315342,13.768395996093773
Rainy,Nelson-Winnipeg,2018-10-01,337.44,425.0,36.271593417041004,113.87193645350635,53.50959405768663,6.116082426160574,3.7503295898437727
Rainy,Nelson-Winnipeg,2018-11-01,337.26300000000003,475.0,48.462477279827,39.74141436628997,38.18518482148647,11.991294100880623,-4.948736572265602
Rainy,Nelson-Winnipeg,2018-12-01,337.16499999999996,296.0,40.799966431222856,36.23534948565066,11.491416691569611,29.9056563526392,-8.188421630859352
Rainy,Nelson-Winnipeg,2019-01-01,337.113,210.0,29.811779386363924,31.659411499276757,4.869054420851171,70.1131820678711,-16.570532226562477
Rainy,Nelson-Winnipeg,2019-02-01,337.092,226.0,20.116626052185893,48.94896224141121,4.8628090880811214,107.42895305156708,-14.792059326171852
Rainy,Nelson-Winnipeg,2019-03-01,336.93550000000005,239.0,18.144477857276797,37.65084769111127,12.774697446729988,124.15812164545059,-5.965093994140602
Rainy,Nelson-Winnipeg,2019-04-01,336.913,336.0,26.318966411054134,61.81007483974099,18.2526366552338,69.8450431227684,2.1553588867187727
Rainy,Nelson-Winnipeg,2019-05-01,337.251,477.0,55.73762324638665,62.64270027168095,42.83102322369814,3.1607088167220354,8.004754638671898
Rainy,Nelson-Winnipeg,2019-06-01,337.4975,403.0,44.19178236275911,73.96935252472758,69.74798161536455,3.4120726244424304e-06,16.000451660156273
Rainy,Nelson-Winnipeg,2019-07-01,337.6025,294.0,29.505010577850044,92.55247144028544,109.68241514638066,-7.34536442717226e-22,20.987878417968773
Rainy,Nelson-Winnipeg,2019-08-01,337.565,227.0,19.167850143276155,98.5060902312398,119.09509729593992,-7.34536442717226e-22,18.811761474609398
Rainy,Nelson-Winnipeg,2019-09-01,337.562,476.0,19.32762796059251,157.34455548226833,68.01399635151029,-7.34536442717226e-22,14.351251220703148
Rainy,Nelson-Winnipeg,2019-10-01,337.531,696.0,42.144081089645624,104.0365684311837,67.46814143843949,0.5155095714144409,6.008264160156273
Rainy,Nelson-Winnipeg,2019-11-01,337.3325,549.0,46.366240130737424,47.55823058076203,40.2238592505455,18.73908005654812,-3.8091491699218523
Rainy,Nelson-Winnipeg,2019-12-01,337.217,298.0,35.75719881337136,51.88203835859895,12.699930579401553,53.618066012859344,-9.645483398437477
Rainy,Nelson-Winnipeg,2020-01-01,337.1715,272.0,25.7973246043548,36.51179652661085,5.543537816265598,103.80496084690094,-10.405157470703102
Rainy,Nelson-Winnipeg,2020-02-01,337.0815,257.0,18.232021888252348,17.58234266890213,7.155773259000853,125.8697509765625,-11.405035400390602
Rainy,Nelson-Winnipeg,2020-03-01,336.919,229.0,15.412268985528499,31.49610268883407,15.172089333646,134.81508195400238,-3.2935241699218523
Rainy,Nelson-Winnipeg,2020-04-01,336.93,315.0,15.78107534442097,31.88010072335601,27.402828563936055,100.18181055784225,0.8179260253906477
Rainy,Nelson-Winnipeg,2020-05-01,337.193,111.0,30.04809212870896,36.221776506863534,48.43270091805607,4.015873186290264,9.966546630859398
Rainy,Nelson-Winnipeg,2020-06-01,337.5055,211.0,28.259088867343962,88.73487124219537,77.4796586483717,1.7060363122212152e-06,17.750451660156273
Rainy,Nelson-Winnipeg,2020-07-01,337.582,154.0,21.0016873315908,80.95154794864357,117.56780697032809,-7.34536442717226e-22,22.140252685546898
Rainy,Nelson-Winnipeg,2020-08-01,337.4965,127.0,17.031421419233084,129.72664088010788,114.56210492178798,-7.34536442717226e-22,20.326196289062523
Rainy,Nelson-Winnipeg,2020-09-01,337.398,101.0,13.890908157918602,64.61966084316373,93.09719782322645,-7.34536442717226e-22,13.322900390625023
Rainy,Nelson-Winnipeg,2020-10-01,337.32550000000003,109.0,15.195839339867234,78.3287042286247,72.04727688804269,6.664973683655262,3.6291137695312727
Rainy,Nelson-Winnipeg,2020-11-01,337.2405,145.0,17.319900216534734,36.520413123071194,33.839119132608175,9.042918682098389,0.22182617187502274
Rainy,Nelson-Winnipeg,2020-12-01,337.1945,108.0,18.586592108476907,37.848043837584555,16.386598465032876,26.351207867264748,-7.429113769531227
Rainy,Nelson-Winnipeg,2021-01-01,337.15650000000005,141.0,16.871115192770958,21.273971535265446,4.438580144778825,52.4815134704113,-8.931585693359352
Rainy,Nelson-Winnipeg,2021-02-01,337.062,151.0,13.356933719478548,11.44784886855632,6.67026563314721,68.76242160797119,-15.251898193359352
Rainy,Nelson-Winnipeg,2021-03-01,336.966,116.0,13.747190911090001,31.244809506461024,19.83113429741934,48.64172637462616,-0.9537109374999773
Rainy,Nelson-Winnipeg,2021-04-01,337.0685,240.0,24.033846566453576,83.47837021574378,28.58163497876376,6.54865987598896,3.6290222167968977
Rainy,Nelson-Winnipeg,2021-05-01,337.303,247.0,32.88750443607569,56.0298771597445,50.988148897886276,0.17855035548564047,11.113916015625023
Rainy,Nelson-Winnipeg,2021-06-01,337.4085,125.0,24.209119146689773,43.01458946429193,79.30458756163716,-7.34536442717226e-22,19.775628662109398
Rainy,Nelson-Winnipeg,2021-07-01,337.44849999999997,101.0,16.676216095220298,58.03353898227215,104.1455059312284,-7.34536442717226e-22,22.713952636718773
Rainy,Nelson-Winnipeg,2021-08-01,337.29499999999996,101.0,11.407637561205775,61.420136131346226,108.86130225844681,-7.34536442717226e-22,20.794610595703148
Rainy,Nelson-Winnipeg,2021-09-01,337.158,90.6,9.107887744903564,109.41657470539212,84.11428425461054,-7.34536442717226e-22,16.008782958984398
Rainy,Nelson-Winnipeg,2021-10-01,337.2045,91.5,8.636672981083393,62.010078923776746,56.43820692785084,0.012396059901220724,10.898004150390648
Rainy,Nelson-Winnipeg,2021-11-01,337.23699999999997,120.0,9.722529212012887,65.80732762813568,52.165979286655784,17.175016924738884,0.06713256835939774
Rainy,Nelson-Winnipeg,2021-12-01,337.2165,120.0,12.638511136174202,76.23552065342665,23.007216746918857,48.50422218441963,-9.166540527343727
Rainy,Nelson-Winnipeg,2022-01-01,337.1575,177.0,13.348818029044196,32.58487500716001,4.734242640552111,84.68706905841827,-17.988058471679665
Rainy,Nelson-Winnipeg,2022-02-01,337.10450000000003,133.0,11.78749487735331,45.90308666229248,5.48551679821685,119.78459358215332,-16.765844726562477
Rainy,Nelson-Winnipeg,2022-03-01,337.04600000000005,170.0,12.263574288226664,43.2368628680706,16.202143451664597,143.12121272087097,-6.025823974609352
Rainy,Nelson-Winnipeg,2022-04-01,337.10450000000003,345.0,15.872259973548353,128.97143606096506,21.644305670633912,182.93818831443787,-0.30179443359372726
Rainy,Nelson-Winnipeg,2022-05-01,338.3775,1080.0,173.42803813517094,110.21714936941862,31.641489826142788,41.28441587090492,9.128045654296898
Rainy,Nelson-Winnipeg,2022-06-01,,1410.0,84.48548382148147,69.10652155056596,68.87305062264204,6.824145248884861e-06,16.239892578125023
Rainy,Nelson-Winnipeg,2022-07-01,338.299,1070.0,35.373077378608286,124.91310900077224,106.75515560433269,-7.34536442717226e-22,19.787500000000023
Rainy,Nelson-Winnipeg,2022-08-01,337.64300000000003,466.0,22.57010620087385,110.0918420124799,105.77559866942465,-7.34536442717226e-22,19.734033203125023
Rainy,Nelson-Winnipeg,2022-09-01,337.47900000000004,259.0,9.717555076349527,47.72550193592906,39.620044408366084,-7.34536442717226e-22,15.259545898437523
Rainy,Nelson-Winnipeg,2022-10-01,337.363,270.0,10.938902443740517,24.219847458880395,28.38981949025765,0.864240457303822,7.581292724609398
Rainy,Nelson-Winnipeg,2022-11-01,337.21000000000004,175.0,10.476582683622837,32.77229843661189,22.850774112157524,18.131621181964874,-0.7537292480468523
Rainy,Nelson-Winnipeg,2022-12-01,337.211,174.0,10.226639540633187,30.555048841051757,9.074092988157645,63.63435834646225,-10.734045410156227
Rainy,Nelson-Winnipeg,2023-01-01,337.11699999999996,198.0,9.121959301410243,12.376662896713242,2.6276802891516127,100.54733604192734,-9.327886962890602
Rainy,Nelson-Winnipeg,2023-02-01,337.0905,163.0,7.193246623501182,24.64268123731017,3.021720505785197,122.06094712018967,-11.178839111328102
Rainy,Nelson-Winnipeg,2023-03-01,336.943,301.0,6.8775458203163,21.8202595715411,6.115461947047152,153.57935428619385,-6.407873535156227
Rainy,Nelson-Winnipeg,2023-04-01,336.9135,332.0,10.797656723298132,53.974881302565336,7.031052955426276,136.8439644575119,0.18499145507814774
Rainy,Nelson-Winnipeg,2023-05-01,337.4705,720.0,55.84754957817495,21.73256571404636,15.6709369039163,21.11010253429413,12.688256835937523
Rainy,Nelson-Winnipeg,2023-06-01,337.582,570.0,31.33816528134048,28.08480814564973,23.54665193706751,-7.34536442717226e-22,19.660821533203148
Rainy,Nelson-Winnipeg,2023-07-01,337.596,184.0,14.753318188013509,35.00295476987958,43.550214264541864,-7.34536442717226e-22,19.003045654296898
Rainy,Nelson-Winnipeg,2023-08-01,337.568,131.0,8.888374868547544,42.62302932329476,39.39508553594351,-7.34536442717226e-22,18.971917724609398
Rainy,Nelson-Winnipeg,2023-09-01,337.478,104.0,6.553429848281667,33.59635476954281,31.793355010449886,-7.34536442717226e-22,16.707055664062523
Rainy,Nelson-Winnipeg,2023-10-01,337.3665,148.0,6.193934677867219,48.249196843244135,30.83739278372377,1.460205065086484,8.123620605468773
Rainy,Nelson-Winnipeg,2023-11-01,337.23900000000003,177.0,7.1693975769449025,23.220908478833735,21.17171825375408,11.97987049818039,-0.36719360351560226
Rainy,Nelson-Winnipeg,2023-12-01,337.1245,111.0,9.1900271945633,23.407614207826555,8.323461428517476,10.053738951683044,-2.0900634765624773
Rainy,Nelson-Winnipeg,2024-01-01,337.1725,,10.51281881518662,14.637110609328374,4.172363813268021,22.27655053138733,-9.631018066406227
Rainy,Nelson-Winnipeg,2024-02-01,337.12850000000003,,9.857175056822598,13.17861778079532,3.8311359530780464,20.618019625544548,-5.723822021484352
Rainy,Nelson-Winnipeg,2024-03-01,337.07349999999997,,19.29966069292277,49.63458620477468,16.891386243514717,25.033006444573402,-4.562811279296852
Rainy,Nelson-Winnipeg,2024-04-01,337.1435,,20.888933795504272,54.442413384094834,27.783417608588934,13.756298460066319,3.3396850585937727
Rainy,Nelson-Winnipeg,2024-05-01,337.512,,38.2282315986231,131.21251575648785,48.517505871132016,0.23112015333026648,10.082147216796898
Rainy,Nelson-Winnipeg,2024-06-01,337.66650000000004,,50.95656495541334,124.31274633854628,76.13158319145441,-7.34536442717226e-22,16.174371337890648
Rainy,Nelson-Winnipeg,2024-07-01,337.76800000000003,,42.73389035370201,100.25290842168033,109.26935775205493,-7.34536442717226e-22,20.610559082031273
Rainy,Nelson-Winnipeg,2024-08-01,337.595,,31.65168850682676,84.66867473907769,111.06618773192167,-7.34536442717226e-22,19.652215576171898
Rainy,Nelson-Winnipeg,2024-09-01,337.52200000000005,,22.05400785896927,41.063823737204075,85.1525366306305,-7.34536442717226e-22,18.518487548828148
Rainy,Nelson-Winnipeg,2024-10-01,337.3485,,17.652624286711216,45.78954284079373,70.64095605164766,0.0189404163393192,9.762506103515648
Rainy,Nelson-Winnipeg,2024-11-01,337.24800000000005,,14.243116602301598,56.43614684231579,43.21677843108773,2.391108777374029,2.1286560058593977
Rainy,Nelson-Winnipeg,2024-12-01,337.1905,,13.190143916290253,59.987737564370036,27.06206386210397,46.15234211087227,-7.367926025390602
Lake of the Woods,Nelson-Winnipeg,1994-01-01,322.796,409.0,17.227706324774772,17.141456017270684,3.831489782896824,58.76116454601288,-22.243475341796852
Lake of the Woods,Nelson-Winnipeg,1994-02-01,322.69875,430.0,13.397230068221688,15.489584300667048,4.111064481548965,62.43124231696129,-16.158361816406227
Lake of the Woods,Nelson-Winnipeg,1994-03-01,322.56,455.0,13.343037513550371,29.298418725375086,17.441835312638432,41.784245520830154,-3.0444091796874773
Lake of the Woods,Nelson-Winnipeg,1994-04-01,322.46475,321.0,15.61026438139379,68.39922862127423,23.138903779909015,24.2575965821743,1.6436706542968977
Lake of the Woods,Nelson-Winnipeg,1994-05-01,322.54400000000004,252.0,26.499169587623328,73.3621777035296,33.251888933591545,0.8528512553311884,9.375054931640648
Lake of the Woods,Nelson-Winnipeg,1994-06-01,322.6845,251.0,32.398944022133946,143.39845161885023,48.10406710021198,-7.345365906286457e-22,16.296868896484398
Lake of the Woods,Nelson-Winnipeg,1994-07-01,323.00475,521.0,31.600731192156672,134.09524178132415,85.08505951613188,-7.345365906286457e-22,18.272119140625023
Lake of the Woods,Nelson-Winnipeg,1994-08-01,323.12225,625.0,33.45979982987046,125.44502830132842,111.13082990050316,-7.345365906286457e-22,17.743005371093773
Lake of the Woods,Nelson-Winnipeg,1994-09-01,323.09400000000005,511.0,33.46255514770746,98.62238075584173,86.16690058261156,-7.345365906286457e-22,15.539086914062523
Lake of the Woods,Nelson-Winnipeg,1994-10-01,323.03575,494.0,32.14305127039552,74.45202907547355,73.7242994364351,0.3445114125497639,8.917718505859398
Lake of the Woods,Nelson-Winnipeg,1994-11-01,323.03650000000005,521.0,31.495336443185806,61.12487521022558,66.32776698097587,3.9815078489482403,1.0108886718750227
Lake of the Woods,Nelson-Winnipeg,1994-12-01,323.01975000000004,583.0,31.173115596175194,23.10947421938181,34.465611330233514,22.404788061976433,-5.960455322265602
Lake of the Woods,Nelson-Winnipeg,1995-01-01,322.91975,577.0,26.067481376230717,32.135985093191266,8.13940609805286,39.47284072637558,-12.616827392578102
Lake of the Woods,Nelson-Winnipeg,1995-02-01,322.76825,577.0,19.136866321787238,29.015646316111088,7.422023685649037,61.44089996814728,-13.667089843749977
Lake of the Woods,Nelson-Winnipeg,1995-03-01,322.653,491.0,21.537262422498316,20.94604028388858,10.21288611809723,42.5267368555069,-4.106726074218727
Lake of the Woods,Nelson-Winnipeg,1995-04-01,322.68075,475.0,18.39069533161819,41.102408431470394,24.02141864877194,16.459757462143898,-0.05777587890622726
Lake of the Woods,Nelson-Winnipeg,1995-05-01,322.694,309.0,21.544729184824973,66.73151953145862,35.446896916255355,0.3939756425097585,8.627587890625023
Lake of the Woods,Nelson-Winnipeg,1995-06-01,322.68825000000004,222.0,19.388051005080342,58.43243678100407,50.51679443567991,0.0007639226282663003,18.856408691406273
Lake of the Woods,Nelson-Winnipeg,1995-07-01,322.75025000000005,156.1,21.266946860123426,159.21728452667594,97.36696328036487,-7.345365906286457e-22,19.234674072265648
Lake of the Woods,Nelson-Winnipeg,1995-08-01,322.7815,153.5,19.13596031954512,107.95942274853587,126.4980691485107,-7.345365906286457e-22,20.294671630859398
Lake of the Woods,Nelson-Winnipeg,1995-09-01,322.73375,144.2,17.270537791773677,107.08055924624205,107.45093459263444,0.02135935574187897,13.641046142578148
Lake of the Woods,Nelson-Winnipeg,1995-10-01,322.7875,305.0,24.344167788513005,98.95649226382375,78.00053479149938,3.3603589981794357,6.447991943359398
Lake of the Woods,Nelson-Winnipeg,1995-11-01,322.9315,559.0,28.67885457817465,62.87389900535345,66.00525230169296,34.61228311061859,-6.511816406249977
Lake of the Woods,Nelson-Winnipeg,1995-12-01,322.91275,590.0,26.03991678915918,42.21151291858405,16.548736195545644,79.64571565389633,-13.554113769531227
Lake of the Woods,Nelson-Winnipeg,1996-01-01,322.81975,587.0,20.77549567911774,46.58223583828658,3.746521528228186,110.07103323936462,-19.947851562499977
Lake of the Woods,Nelson-Winnipeg,1996-02-01,322.68325,572.0,15.673775342293084,49.212949350476265,7.045325968647376,151.42793953418732,-13.560644531249977
Lake of the Woods,Nelson-Winnipeg,1996-03-01,322.53925000000004,583.0,13.973274297313765,22.57416257634759,12.03828034340404,171.11194133758545,-9.854406738281227
Lake of the Woods,Nelson-Winnipeg,1996-04-01,322.4345,585.0,17.563176224939525,65.84295071661472,17.905875574797392,149.30211007595062,-1.1061767578124773
Lake of the Woods,Nelson-Winnipeg,1996-05-01,323.05075,930.0,95.9552435670048,90.35224141553044,22.94836862711236,46.319328248500824,6.496301269531273
Lake of the Woods,Nelson-Winnipeg,1996-06-01,323.332,1296.0,77.79455278068781,68.83823778480291,35.27312655933201,0.0004129311435008276,15.318627929687523
Lake of the Woods,Nelson-Winnipeg,1996-07-01,323.23425,1064.0,35.36333702504635,118.36339067667723,72.69068155437708,-7.345365906286457e-22,18.405755615234398
Lake of the Woods,Nelson-Winnipeg,1996-08-01,323.17075,499.0,24.44528666092083,95.62173299491405,97.3523617722094,-7.345365906286457e-22,20.036523437500023
Lake of the Woods,Nelson-Winnipeg,1996-09-01,323.127,361.0,17.695133574306965,109.62983826175332,108.00966527312994,0.0005997333119012183,14.910516357421898
Lake of the Woods,Nelson-Winnipeg,1996-10-01,323.04125,398.0,22.108190052676946,120.00084551982582,83.19958113133907,0.8437599171884358,6.495874023437523
Lake of the Woods,Nelson-Winnipeg,1996-11-01,323.09125,707.0,36.06077400036156,93.37348630651832,64.24784660339355,19.44304071366787,-6.034246826171852
Lake of the Woods,Nelson-Winnipeg,1996-12-01,323.13375,892.0,38.231331622228026,44.6685649221763,15.99694462493062,66.27901643514633,-13.511877441406227
Lake of the Woods,Nelson-Winnipeg,1997-01-01,322.97125,785.0,29.641404398716986,35.88264330755919,5.093528248835355,100.00497847795486,-17.070989990234352
Lake of the Woods,Nelson-Winnipeg,1997-02-01,322.77725000000004,767.0,20.37649997510016,13.109937775880098,6.592360499780625,119.13517117500305,-10.193945312499977
Lake of the Woods,Nelson-Winnipeg,1997-03-01,322.51625,745.0,17.801587819121778,49.969240790233016,10.598652297630906,141.92964136600494,-6.679022216796852
Lake of the Woods,Nelson-Winnipeg,1997-04-01,322.58525000000003,825.0,27.729967259801924,43.97595184855163,12.355244834907353,80.60920983552933,-0.36527099609372726
Lake of the Woods,Nelson-Winnipeg,1997-05-01,322.87825,878.0,55.090840673074126,70.26940793730319,35.66489461809397,3.096991451457143,6.002709960937523
Lake of the Woods,Nelson-Winnipeg,1997-06-01,322.90625,468.0,46.366952592507005,92.56005054339767,42.27283992804587,2.4579234647603698e-05,15.988397216796898
Lake of the Woods,Nelson-Winnipeg,1997-07-01,323.0085,339.0,31.99012519326061,103.52331423200667,79.22353921458125,-7.345365906286457e-22,19.286859130859398
Lake of the Woods,Nelson-Winnipeg,1997-08-01,322.92175000000003,252.0,20.33544931327924,55.90480798855424,110.59057409875095,-7.345365906286457e-22,18.544976806640648
Lake of the Woods,Nelson-Winnipeg,1997-09-01,322.77625,198.7,15.039275167509913,100.52266297861934,104.96040573343635,-7.345365906286457e-22,15.517572021484398
Lake of the Woods,Nelson-Winnipeg,1997-10-01,322.74275,193.9,15.252473414875567,76.36668882332742,85.8152648434043,1.4623209135606885,7.198510742187523
Lake of the Woods,Nelson-Winnipeg,1997-11-01,322.70225,251.9,15.80022624693811,52.28917580097914,61.46150641143322,21.731842309236526,-2.8623413085937273
Lake of the Woods,Nelson-Winnipeg,1997-12-01,322.6255,336.0,16.018085414543748,16.66779298102483,27.68034895416349,32.49847888946533,-4.807165527343727
Lake of the Woods,Nelson-Winnipeg,1998-01-01,322.5415,350.0,14.541834505507722,25.930625619366765,6.610226075281389,49.18026551604271,-10.945928955078102
Lake of the Woods,Nelson-Winnipeg,1998-02-01,322.46725000000004,306.1,12.229467160068452,33.070693258196115,5.736958468332887,53.5011924803257,-3.1705993652343523
Lake of the Woods,Nelson-Winnipeg,1998-03-01,322.49075000000005,276.0,13.769582175882533,24.70474853180349,13.857920217560604,44.19959709048271,-4.526953124999977
Lake of the Woods,Nelson-Winnipeg,1998-04-01,322.51025,208.7,16.863079508766532,23.758240859024227,29.346956871449947,4.363345913589001,5.648583984375023
Lake of the Woods,Nelson-Winnipeg,1998-05-01,322.66175000000004,167.7,21.1172362905927,89.6609181072563,43.57113130390644,6.685552023100172e-05,11.954675292968773
Lake of the Woods,Nelson-Winnipeg,1998-06-01,322.85,172.0,17.84657535608858,108.45130775123835,57.749353582039475,0.00035689049582288135,15.220727539062523
Lake of the Woods,Nelson-Winnipeg,1998-07-01,322.9055,183.10000000000002,15.008228365331888,74.26724745891988,110.87806429713964,-7.345365906286457e-22,19.984368896484398
Lake of the Woods,Nelson-Winnipeg,1998-08-01,322.81600000000003,147.0,12.833835178753361,97.53056080080569,115.2537097223103,-7.345365906286457e-22,20.797082519531273
Lake of the Woods,Nelson-Winnipeg,1998-09-01,322.71375,146.0,10.93416998628527,76.19054988026619,107.95785812661052,-7.345365906286457e-22,15.833276367187523
Lake of the Woods,Nelson-Winnipeg,1998-10-01,322.6535,145.8,15.135729918256402,109.90628087893128,68.81159567274153,0.06627544644288719,8.268243408203148
Lake of the Woods,Nelson-Winnipeg,1998-11-01,322.66375,170.3,18.70452077127993,57.685860665515065,58.56242962181568,21.460626274347305,-0.40552368164060226
Lake of the Woods,Nelson-Winnipeg,1998-12-01,322.61375,270.3,19.89585586125031,27.03934779856354,44.08445046283305,21.583316847682,-9.291662597656227
Lake of the Woods,Nelson-Winnipeg,1999-01-01,322.507,321.0,19.178619026206434,20.957195316441357,5.162537607247941,39.21090438961983,-15.743566894531227
Lake of the Woods,Nelson-Winnipeg,1999-02-01,322.44725,349.0,15.614755684509873,32.79736032709479,8.64912080578506,55.34696206450462,-8.048803710937477
Lake of the Woods,Nelson-Winnipeg,1999-03-01,322.345,340.2,17.253150697797537,57.43655527476221,15.127835504245013,61.81739643216133,-3.2903808593749773
Lake of the Woods,Nelson-Winnipeg,1999-04-01,322.67225,409.0,26.919678202830255,54.8510137014091,22.989691933616996,33.51197764277458,3.8842712402343977
Lake of the Woods,Nelson-Winnipeg,1999-05-01,323.08975,685.0,40.66191252786666,111.74208670854568,35.09953187312931,0.05224955384619534,9.814965820312523
Lake of the Woods,Nelson-Winnipeg,1999-06-01,323.243,1057.0,36.16590402089059,97.94998448342085,50.37051625549793,-7.345365906286457e-22,15.322656250000023
Lake of the Woods,Nelson-Winnipeg,1999-07-01,323.21525,754.0,35.957058309577405,135.21275157108903,96.64725256152451,-7.345365906286457e-22,20.121881103515648
Lake of the Woods,Nelson-Winnipeg,1999-08-01,323.149,534.0,28.160877875052392,100.72956862859428,114.32890663854778,-7.345365906286457e-22,18.878747558593773
Lake of the Woods,Nelson-Winnipeg,1999-09-01,323.17475,451.0,33.87529402971268,172.2366688773036,101.68275330215693,-7.345365906286457e-22,12.542199707031273
Lake of the Woods,Nelson-Winnipeg,1999-10-01,323.118,679.0,39.88124430179596,54.1503137210384,72.62205518782139,0.31830405350774527,5.281762695312523
Lake of the Woods,Nelson-Winnipeg,1999-11-01,322.98800000000006,608.0,34.85076245851815,10.924229572992772,45.08257959969342,1.189228962175548,2.0949951171875227
Lake of the Woods,Nelson-Winnipeg,1999-12-01,322.86800000000005,477.0,27.80782344052568,25.95318469684571,42.781772906892,10.316240601241589,-6.578131103515602
Lake of the Woods,Nelson-Winnipeg,2000-01-01,322.764,410.0,21.116738265845925,22.97675423324108,6.094012598623522,33.88556092977524,-14.872381591796852
Lake of the Woods,Nelson-Winnipeg,2000-02-01,322.66,406.0,16.492271970491856,19.42667568800971,5.016704395529814,38.11636194586754,-8.004187011718727
Lake of the Woods,Nelson-Winnipeg,2000-03-01,322.58925,340.0,14.916174084646627,37.50234248582274,12.7285209891852,6.215767003595829,-1.1595214843749773
Lake of the Woods,Nelson-Winnipeg,2000-04-01,322.58025,230.0,14.879348454996943,51.62433721125126,30.61787341721356,8.864526636898518,2.1441284179687727
Lake of the Woods,Nelson-Winnipeg,2000-05-01,322.656,196.5,19.74945282563567,87.95895101502538,35.84454441443086,0.02691032932489179,9.779626464843773
Lake of the Woods,Nelson-Winnipeg,2000-06-01,322.8895,259.0,26.527612935751677,148.5550543293357,51.90899362787604,-7.345365906286457e-22,13.483148193359398
Lake of the Woods,Nelson-Winnipeg,2000-07-01,323.20475,631.0,28.943956829607487,73.5802548006177,83.96753529086709,-7.345365906286457e-22,19.249993896484398
Lake of the Woods,Nelson-Winnipeg,2000-08-01,323.16450000000003,507.0,29.04723200481385,137.2257675975561,115.73921167291701,-7.345365906286457e-22,19.330072021484398
Lake of the Woods,Nelson-Winnipeg,2000-09-01,323.097,492.0,18.80077295936644,64.57187002524734,106.94433934986591,0.000680353196003125,12.914239501953148
Lake of the Woods,Nelson-Winnipeg,2000-10-01,322.95000000000005,356.0,18.872768676374108,60.98645040765405,63.31327254883945,0.5878733354620636,7.774774169921898
Lake of the Woods,Nelson-Winnipeg,2000-11-01,323.11300000000006,637.0,25.64579830504954,85.60244226828218,61.91241089254618,9.03967209160328,-0.41730346679685226
Lake of the Woods,Nelson-Winnipeg,2000-12-01,323.02925000000005,625.0,26.000540354289114,28.97923899581656,30.99374007433653,31.61948174238205,-17.222555541992165
Lake of the Woods,Nelson-Winnipeg,2001-01-01,322.8995,517.0,21.686751046217978,26.139380992390215,5.059474002337083,52.726827561855316,-10.077917480468727
Lake of the Woods,Nelson-Winnipeg,2001-02-01,322.76050000000004,465.0,16.131899086758494,32.46356779709458,5.963603325653821,71.61062955856323,-15.424902343749977
Lake of the Woods,Nelson-Winnipeg,2001-03-01,322.622,406.0,15.004926244728267,20.769956056028605,11.564717453438789,89.91581201553345,-5.206976318359352
Lake of the Woods,Nelson-Winnipeg,2001-04-01,322.79650000000004,546.0,28.51763041689992,114.37870329245925,12.662941007874906,60.3070966899395,2.6606994628906477
Lake of the Woods,Nelson-Winnipeg,2001-05-01,323.19825000000003,1200.0,74.48931597173214,135.38834499195218,32.50444040168077,0.26289260131306946,9.635461425781273
Lake of the Woods,Nelson-Winnipeg,2001-06-01,323.5595,1370.0,63.21743130683899,98.2544431462884,47.94794018380344,-7.345365906286457e-22,15.219140625000023
Lake of the Woods,Nelson-Winnipeg,2001-07-01,323.40575,1299.0,40.83822772372514,106.30952450446784,91.02510171942413,-7.345365906286457e-22,19.984338378906273
Lake of the Woods,Nelson-Winnipeg,2001-08-01,323.35,1075.0,30.493878410197794,126.00902328267694,123.15614987164736,-7.345365906286457e-22,20.468530273437523
Lake of the Woods,Nelson-Winnipeg,2001-09-01,323.1,842.0,21.605066140182316,63.438196666538715,96.6504542157054,-7.345365906286457e-22,14.422784423828148
Lake of the Woods,Nelson-Winnipeg,2001-10-01,322.87625,432.0,22.253337199799716,113.68644027970731,88.07544549927115,3.5088176373392344,6.024865722656273
Lake of the Woods,Nelson-Winnipeg,2001-11-01,322.85675000000003,473.0,26.93499787710607,52.12986725382507,45.38006731308997,3.8481014780700207,2.7852111816406477
Lake of the Woods,Nelson-Winnipeg,2001-12-01,322.83875,485.0,28.043580416124314,34.59718730300665,49.2858822690323,25.892306119203568,-6.288885498046852
Lake of the Woods,Nelson-Winnipeg,2002-01-01,322.78700000000003,524.0,24.696947948541492,18.781967577524483,8.257490291725844,35.45799478888512,-11.559515380859352
Lake of the Woods,Nelson-Winnipeg,2002-02-01,322.65200000000004,525.0,18.815545132383704,14.925324590876698,9.714835323393345,43.29624027013779,-8.074530029296852
Lake of the Woods,Nelson-Winnipeg,2002-03-01,322.51475,423.0,17.561424407176673,39.45878939703107,13.497515406925231,56.789580732584,-10.254858398437477
Lake of the Woods,Nelson-Winnipeg,2002-04-01,322.43525,357.0,21.212066640146077,56.56852503307164,17.2094302251935,27.57442742586136,0.6668029785156477
Lake of the Woods,Nelson-Winnipeg,2002-05-01,322.51325,245.4,28.487827512435615,74.36517789028585,37.13827196042985,1.3619825476780534,5.833764648437523
Lake of the Woods,Nelson-Winnipeg,2002-06-01,323.064,827.0,38.198602851480246,136.96515932679176,39.633556734770536,-7.27919033709973e-22,15.412652587890648
Lake of the Woods,Nelson-Winnipeg,2002-07-01,323.58525000000003,1400.0,33.89466926455498,80.87379834614694,96.5684202965349,-7.27919033709973e-22,21.377313232421898
Lake of the Woods,Nelson-Winnipeg,2002-08-01,323.177,1007.0,22.300709097180516,127.81457230448723,121.27093132585287,-7.27919033709973e-22,19.007684326171898
Lake of the Woods,Nelson-Winnipeg,2002-09-01,322.87925,433.0,16.72377926297486,62.48693447560072,116.16632575169206,0.00391989624404232,15.910729980468773
Lake of the Woods,Nelson-Winnipeg,2002-10-01,322.6545,228.5,16.350553021766245,68.04701220244169,90.99520579911768,4.007488954812288,2.2508789062500227
Lake of the Woods,Nelson-Winnipeg,2002-11-01,322.56425,198.4,15.397196402773261,27.597725274972618,51.031928742304444,17.194146290421486,-3.1213134765624773
Lake of the Woods,Nelson-Winnipeg,2002-12-01,323.0,198.1,14.71942724310793,22.593989735469222,20.645262207835913,30.125675722956657,-8.012335205078102
Lake of the Woods,Nelson-Winnipeg,2003-01-01,322.46375,238.6,13.18005079519935,14.124844339676201,5.80105630797334,37.99287602305412,-15.815466308593727
Lake of the Woods,Nelson-Winnipeg,2003-02-01,322.39725,246.6,10.575424646958709,14.57399525679648,5.553703755140305,48.32367226481438,-16.829168701171852
Lake of the Woods,Nelson-Winnipeg,2003-03-01,322.33425,211.4,11.688035418046638,27.873656537849456,8.713768474990502,39.82899338006973,-7.399786376953102
Lake of the Woods,Nelson-Winnipeg,2003-04-01,322.34025,204.5,11.460845125839114,51.47272953763604,27.826224686577916,11.47492416203022,2.1111389160156477
Lake of the Woods,Nelson-Winnipeg,2003-05-01,322.374,156.0,15.346960979513824,72.93809158727527,41.5398363256827,0.023324710127781145,10.260797119140648
Lake of the Woods,Nelson-Winnipeg,2003-06-01,322.43325000000004,146.60000000000002,14.591099170502275,100.34234030172229,57.199724251404405,-7.27919033709973e-22,16.150354003906273
Lake of the Woods,Nelson-Winnipeg,2003-07-01,322.4615,146.9,14.476815209491178,102.15483605861664,95.45016707852483,-7.27919033709973e-22,19.855065917968773
Lake of the Woods,Nelson-Winnipeg,2003-08-01,322.40325,152.8,11.702492571203038,77.7303094509989,118.51269705221057,-7.302406020502318e-22,21.339257812500023
Lake of the Woods,Nelson-Winnipeg,2003-09-01,322.3895,96.5,12.654986057896167,125.05879160016775,119.38105802983046,0.012793982932635117,14.178826904296898
Lake of the Woods,Nelson-Winnipeg,2003-10-01,322.40025,117.19999999999999,16.239614400546998,58.20235493592918,66.41393131576478,1.6689251642674208,7.045251464843773
Lake of the Woods,Nelson-Winnipeg,2003-11-01,322.39725,140.3,16.27452322281897,39.29265425540507,65.11601619422436,13.963568955659866,-2.7135681152343523
Lake of the Woods,Nelson-Winnipeg,2003-12-01,322.41325,240.4,16.404153837356716,28.955766872968525,28.061534569133073,27.432924136519432,-6.249792480468727
Lake of the Woods,Nelson-Winnipeg,2004-01-01,322.4305,316.0,14.827883860561997,43.38929813820869,5.619607036351226,54.29195240139961,-18.882650756835915
Lake of the Woods,Nelson-Winnipeg,2004-02-01,322.41150000000005,357.0,12.387507624225691,21.901782078202814,6.313494508503936,80.83101361989975,-9.565344238281227
Lake of the Woods,Nelson-Winnipeg,2004-03-01,322.37275,302.6,14.450049086008221,51.941649755463004,12.54987987340428,89.66769278049469,-4.004400634765602
Lake of the Woods,Nelson-Winnipeg,2004-04-01,322.5555,366.0,20.330960978753865,45.170673402026296,22.895217407494783,29.403258115053177,1.5453430175781477
Lake of the Woods,Nelson-Winnipeg,2004-05-01,322.94075000000004,636.0,41.859340853989124,136.3675482571125,35.19406635314226,1.1122054420411587,6.104791259765648
Lake of the Woods,Nelson-Winnipeg,2004-06-01,323.24150000000003,1127.0,40.87541252374649,66.17707433179021,53.49425249733031,1.966338869507922e-06,12.773736572265648
Lake of the Woods,Nelson-Winnipeg,2004-07-01,323.116,707.0,29.918136540800333,79.22639022581279,77.31090043671429,-7.306051543960571e-22,18.238732910156273
Lake of the Woods,Nelson-Winnipeg,2004-08-01,322.93725,345.6,20.395378291141242,104.8946650698781,110.94078654423356,-7.345365906286457e-22,15.630029296875023
Lake of the Woods,Nelson-Winnipeg,2004-09-01,322.9785,428.0,26.939225499518216,140.00924304127693,74.59413260221481,-7.345365906286457e-22,15.647210693359398
Lake of the Woods,Nelson-Winnipeg,2004-10-01,322.9315,546.0,31.862313277088106,111.21625197120011,78.00701633095741,0.1948641729541123,7.549310302734398
Lake of the Woods,Nelson-Winnipeg,2004-11-01,323.04900000000004,635.0,34.07682292163372,17.702174372971058,59.46358200162649,1.7250316450372338,1.2302795410156477
Lake of the Woods,Nelson-Winnipeg,2004-12-01,322.96500000000003,522.0,30.601556412875652,62.46670265682042,42.26396430749446,26.910211890935898,-11.124578857421852
Lake of the Woods,Nelson-Winnipeg,2005-01-01,322.89475000000004,539.0,23.518560046795756,49.514417885802686,4.229096681228839,77.88392901420593,-16.436102294921852
Lake of the Woods,Nelson-Winnipeg,2005-02-01,322.77275000000003,611.0,16.83491957373917,19.60937399417162,6.41078082844615,100.6288006901741,-9.559149169921852
Lake of the Woods,Nelson-Winnipeg,2005-03-01,322.58225,642.0,16.84925623703748,25.487331266049296,9.567996399709955,110.24513095617294,-6.552679443359352
Lake of the Woods,Nelson-Winnipeg,2005-04-01,322.641,667.0,25.11750441044569,45.58898974210024,23.59305275604129,23.898137733340263,4.609643554687523
Lake of the Woods,Nelson-Winnipeg,2005-05-01,322.8835,644.0,40.567262563854456,128.2537868246436,34.58797023631632,1.0490348795428872,8.119714355468773
Lake of the Woods,Nelson-Winnipeg,2005-06-01,323.26325,1170.0,51.415805937722325,146.90620824694633,37.639973452314734,-7.345365906286457e-22,15.619897460937523
Lake of the Woods,Nelson-Winnipeg,2005-07-01,323.32125,1159.0,42.59034735150635,72.84902455285192,102.01699868775904,-7.345365906286457e-22,19.916040039062523
Lake of the Woods,Nelson-Winnipeg,2005-08-01,323.03825,500.0,27.599280991125852,89.02214001864195,115.86125660687685,-7.345365906286457e-22,18.614801025390648
Lake of the Woods,Nelson-Winnipeg,2005-09-01,322.90075,326.5,21.811053156852722,83.95011769607663,99.9088422395289,-7.345365906286457e-22,15.806390380859398
Lake of the Woods,Nelson-Winnipeg,2005-10-01,322.796,298.3,21.30192768527195,89.0890269074589,70.15593047253788,0.33454207004979253,8.137475585937523
Lake of the Woods,Nelson-Winnipeg,2005-11-01,322.833,392.0,22.379234433174133,102.34240908175707,73.0968383140862,14.846986159682274,-0.40848388671872726
Lake of the Woods,Nelson-Winnipeg,2005-12-01,322.844,579.0,24.81897664256394,33.13116845674813,29.746280109975487,51.69196426868439,-7.529486083984352
Lake of the Woods,Nelson-Winnipeg,2006-01-01,322.72700000000003,647.0,22.55607128608972,29.264329292345792,9.057537274202332,75.2718597650528,-6.453924560546852
Lake of the Woods,Nelson-Winnipeg,2006-02-01,322.5505,629.0,17.196904635056853,19.935776945203543,6.932882941327989,92.48942136764526,-13.196783447265602
Lake of the Woods,Nelson-Winnipeg,2006-03-01,322.3655,554.0,19.941546022892,51.150703453458846,11.353743524523452,101.42093896865845,-3.9729980468749773
Lake of the Woods,Nelson-Winnipeg,2006-04-01,322.57775000000004,627.0,27.11724315304309,30.914442613720894,23.13175646122545,19.441381096839905,5.464227294921898
Lake of the Woods,Nelson-Winnipeg,2006-05-01,322.7445,588.0,35.149009549058974,75.13600471429527,31.424798537045717,0.17110785120166838,10.230187988281273
Lake of the Woods,Nelson-Winnipeg,2006-06-01,322.68075,409.0,26.40891121700406,55.02093932591379,61.902282759547234,-7.345365906286457e-22,17.497125244140648
Lake of the Woods,Nelson-Winnipeg,2006-07-01,322.6035,180.9,19.054939271882176,78.45183904282749,109.7559928894043,-7.345365906286457e-22,22.066979980468773
Lake of the Woods,Nelson-Winnipeg,2006-08-01,322.557,153.9,12.22511540981941,60.67410949617624,128.26578272506595,-7.345365906286457e-22,20.106652832031273
Lake of the Woods,Nelson-Winnipeg,2006-09-01,322.47525,107.0,8.610922959633172,66.04666588827968,106.34309845045209,-7.345365906286457e-22,14.605371093750023
Lake of the Woods,Nelson-Winnipeg,2006-10-01,322.429,101.89999999999999,7.507536298362538,62.68503237515688,86.2274921964854,4.400524776428938,5.030603027343773
Lake of the Woods,Nelson-Winnipeg,2006-11-01,322.42725,101.8,6.833420775365084,34.92180956527591,53.80676127970219,5.036056041717529,-0.8111633300781023
Lake of the Woods,Nelson-Winnipeg,2006-12-01,322.433,154.4,7.207355491118506,39.71210354939103,32.53859840333462,16.00619964301586,-5.941809082031227
Lake of the Woods,Nelson-Winnipeg,2007-01-01,322.38,199.5,7.193598910816945,16.291291685774922,8.072286436799914,30.649667605757713,-11.927374267578102
Lake of the Woods,Nelson-Winnipeg,2007-02-01,322.30625000000003,197.7,6.5085660316981375,24.16948415338993,5.804512649774551,37.11193799972534,-16.563269042968727
Lake of the Woods,Nelson-Winnipeg,2007-03-01,322.26525000000004,196.6,10.950412950478494,45.78759765718132,11.273791606072336,39.04379531741142,-4.132818603515602
Lake of the Woods,Nelson-Winnipeg,2007-04-01,322.336,191.6,14.144377782940865,59.69562102109194,21.161434706300497,7.540401071310043,1.3966308593750227
Lake of the Woods,Nelson-Winnipeg,2007-05-01,322.39200000000005,122.3,20.04450181266293,98.06985664181411,30.69074614904821,0.0008150474286594545,10.014794921875023
Lake of the Woods,Nelson-Winnipeg,2007-06-01,322.67,136.2,27.91273291222751,127.85805389285088,50.63828662969172,-7.345365906286457e-22,16.294458007812523
Lake of the Woods,Nelson-Winnipeg,2007-07-01,322.99850000000004,323.2,28.379923955071718,78.60826211981475,95.78217635862529,-7.345365906286457e-22,20.607720947265648
Lake of the Woods,Nelson-Winnipeg,2007-08-01,322.92425000000003,264.5,20.73477493831888,67.6980628632009,133.0645470879972,-7.345365906286457e-22,19.010644531250023
Lake of the Woods,Nelson-Winnipeg,2007-09-01,322.798,198.0,21.444655722007155,167.7100220695138,94.64523056522012,0.0036465753510128707,13.993890380859398
Lake of the Woods,Nelson-Winnipeg,2007-10-01,322.89500000000004,379.1,42.297884123399854,127.21353583037853,71.24557252973318,0.027658521503326483,8.383630371093773
Lake of the Woods,Nelson-Winnipeg,2007-11-01,323.00975,831.0,43.663226533681154,40.93875177204609,73.36096605286002,6.6527072340250015,-1.2092041015624773
Lake of the Woods,Nelson-Winnipeg,2007-12-01,322.90000000000003,605.0,32.679983298294246,43.86188753414899,29.28212285041809,42.0914851129055,-10.598486328124977
Lake of the Woods,Nelson-Winnipeg,2008-01-01,322.79650000000004,580.0,23.253758845385164,12.92396683129482,4.891482225502841,62.89324909448624,-14.358923339843727
Lake of the Woods,Nelson-Winnipeg,2008-02-01,322.6265,544.0,16.43144915578887,16.719873063266277,5.163723952136934,70.46283781528473,-15.334173583984352
Lake of the Woods,Nelson-Winnipeg,2008-03-01,322.47175000000004,465.0,14.016835222719237,27.238508977461606,14.364282367751002,80.47738671302795,-7.174719238281227
Lake of the Woods,Nelson-Winnipeg,2008-04-01,322.39300000000003,326.5,18.19249999243766,85.34744381904602,21.41407225281,61.00501865148544,0.7442260742187727
Lake of the Woods,Nelson-Winnipeg,2008-05-01,322.77525,522.0,32.82425529323518,75.0152301043272,35.46969057060778,3.308164421468973,5.798516845703148
Lake of the Woods,Nelson-Winnipeg,2008-06-01,323.1065,967.0,38.0281254183501,128.39034665375948,44.053205056115985,1.966338736281159e-05,13.503503417968773
Lake of the Woods,Nelson-Winnipeg,2008-07-01,323.2615,1064.0,34.49942287988961,97.77722018770874,74.26954270340502,-7.345365906286457e-22,18.222924804687523
Lake of the Woods,Nelson-Winnipeg,2008-08-01,323.05825000000004,747.0,24.158339598216116,47.63989965431392,113.99056017398834,-7.345365906286457e-22,19.672662353515648
Lake of the Woods,Nelson-Winnipeg,2008-09-01,322.83925,275.8,18.034359673038125,115.6428549438715,98.98255812004209,-7.345365906286457e-22,14.227807617187523
Lake of the Woods,Nelson-Winnipeg,2008-10-01,322.838,279.2,19.53229960054159,80.64223849214613,78.13292276114225,0.15917218115646392,7.671990966796898
Lake of the Woods,Nelson-Winnipeg,2008-11-01,322.92275,553.0,22.789575741626322,56.262927828356624,63.83385043591261,5.913890898227692,-0.8666442871093523
Lake of the Woods,Nelson-Winnipeg,2008-12-01,322.8655,603.0,23.149900836870074,46.882241615094244,32.405604142695665,32.67498314380646,-16.161016845703102
Lake of the Woods,Nelson-Winnipeg,2009-01-01,322.76325,582.0,19.840436172671616,28.485929244197905,2.8425423297449015,70.95684111118317,-18.273931884765602
Lake of the Woods,Nelson-Winnipeg,2009-02-01,322.615,626.0,15.202745096758008,33.27927691861987,5.9489174745976925,83.47867429256439,-11.866918945312477
Lake of the Woods,Nelson-Winnipeg,2009-03-01,322.462,634.0,20.341851457487792,74.8205529525876,11.09280833043158,91.67545288801193,-6.762976074218727
Lake of the Woods,Nelson-Winnipeg,2009-04-01,322.68725,745.0,23.61863327678293,54.432599572464824,16.90376491751522,63.2312148809433,1.5194335937500227
Lake of the Woods,Nelson-Winnipeg,2009-05-01,323.0765,1139.0,56.948635377921164,98.47996197640896,35.67408642265946,1.9124571699649096,6.251336669921898
Lake of the Woods,Nelson-Winnipeg,2009-06-01,323.19625,1269.0,50.661012064665556,88.7609669007361,41.63611913099885,0.00014059322950288333,13.213555908203148
Lake of the Woods,Nelson-Winnipeg,2009-07-01,322.97125000000005,732.0,34.028204856440425,103.76133397221565,75.96997963264585,-7.345365906286457e-22,16.150445556640648
Lake of the Woods,Nelson-Winnipeg,2009-08-01,322.943,397.0,29.079755186103284,121.4868719689548,97.15637098997831,-7.345365906286457e-22,17.854486083984398
Lake of the Woods,Nelson-Winnipeg,2009-09-01,323.04425000000003,420.0,24.257818004116416,46.39540915377438,88.72670587152243,0.0006508581691377913,18.326165771484398
Lake of the Woods,Nelson-Winnipeg,2009-10-01,322.8465,428.0,20.84351214580238,75.79195383004844,81.01258845999837,2.2165593691170216,4.848962402343773
Lake of the Woods,Nelson-Winnipeg,2009-11-01,322.779,407.0,18.695988692343235,38.520932430401444,41.58987547270954,2.497634617611766,2.9314514160156477
Lake of the Woods,Nelson-Winnipeg,2009-12-01,322.7375,489.0,19.77622165577486,44.36936031561345,42.94881329406053,18.901601433753967,-10.992926025390602
Lake of the Woods,Nelson-Winnipeg,2010-01-01,322.65975000000003,491.0,18.177728226874024,28.106235899031162,5.365609453292564,44.76902633905411,-12.915075683593727
Lake of the Woods,Nelson-Winnipeg,2010-02-01,322.547,502.0,14.238972216844559,8.312390535138547,4.937236604746431,62.548428773880005,-11.367437744140602
Lake of the Woods,Nelson-Winnipeg,2010-03-01,322.42825,539.0,16.72806841088459,18.69864045875147,9.375844558235258,23.990528658032417,-0.47543945312497726
Lake of the Woods,Nelson-Winnipeg,2010-04-01,322.4075,311.0,15.784955467097461,34.134581219404936,26.638124836608768,0.09078880975721404,5.912683105468773
Lake of the Woods,Nelson-Winnipeg,2010-05-01,322.52375,147.3,15.774636121932417,64.52691555023193,38.17816928494722,0.17286378715652972,10.675744628906273
Lake of the Woods,Nelson-Winnipeg,2010-06-01,322.81175,194.5,13.629329041577876,89.98834295198321,53.06093953549862,-7.345365906286457e-22,15.488793945312523
Lake of the Woods,Nelson-Winnipeg,2010-07-01,323.06475,456.7,24.687185941729695,175.06228107959032,105.75371445156634,-7.345365906286457e-22,20.374536132812523
Lake of the Woods,Nelson-Winnipeg,2010-08-01,323.048,695.0,21.69285184936598,118.17042413167655,115.3399907052517,-7.345365906286457e-22,20.024713134765648
Lake of the Woods,Nelson-Winnipeg,2010-09-01,322.901,408.0,25.160047807730734,139.2024988308549,114.65603951364756,-7.345365906286457e-22,12.002191162109398
Lake of the Woods,Nelson-Winnipeg,2010-10-01,322.97775,564.0,31.9079402834177,50.5880257114768,71.66472170501947,0.201026676222682,8.988641357421898
Lake of the Woods,Nelson-Winnipeg,2010-11-01,322.88625,546.0,26.310320827178657,58.129546232521534,63.04960465058684,11.52127981185913,0.11556396484377274
Lake of the Woods,Nelson-Winnipeg,2010-12-01,322.79075,498.0,22.79465040192008,34.0125315124169,32.16525667812675,54.81218174099922,-11.060064697265602
Lake of the Woods,Nelson-Winnipeg,2011-01-01,322.70875,539.0,18.56673788279295,37.46837575454265,4.358339516329579,90.21014720201492,-16.473883056640602
Lake of the Woods,Nelson-Winnipeg,2011-02-01,322.57525,532.0,13.98697355762124,15.46447048895061,5.886741681024432,108.83023589849472,-12.703039550781227
Lake of the Woods,Nelson-Winnipeg,2011-03-01,322.42075,519.0,13.357712101424113,22.967797005549073,12.291536753764376,107.03566670417786,-6.884100341796852
Lake of the Woods,Nelson-Winnipeg,2011-04-01,322.595,644.0,26.338407187722623,84.7123540006578,16.164201661013067,55.57781457901001,1.8149658203125227
Lake of the Woods,Nelson-Winnipeg,2011-05-01,322.9765,898.0,45.24556268006563,71.69393915683031,28.973995300475508,1.1873559560626745,8.238580322265648
Lake of the Woods,Nelson-Winnipeg,2011-06-01,322.86975,811.0,40.7976598944515,125.71950908750296,39.47961959056556,-7.345365906286457e-22,14.049951171875023
Lake of the Woods,Nelson-Winnipeg,2011-07-01,322.8765,478.0,32.0020200451836,84.75938020274043,89.9517429061234,-7.345365906286457e-22,20.675836181640648
Lake of the Woods,Nelson-Winnipeg,2011-08-01,322.7735,282.8,22.893901681527495,79.89497040398419,122.55180766806006,-7.345365906286457e-22,20.631250000000023
Lake of the Woods,Nelson-Winnipeg,2011-09-01,322.672,156.2,15.37973410449922,63.23455832898617,109.3067997135222,0.00019663387718082959,15.008416748046898
Lake of the Woods,Nelson-Winnipeg,2011-10-01,322.63300000000004,147.6,12.441384460544214,48.920851782895625,82.83517137169838,0.10055364691652358,9.590875244140648
Lake of the Woods,Nelson-Winnipeg,2011-11-01,322.57725000000005,187.5,10.480199998710304,26.521962136030197,63.419463112950325,4.966299515217543,0.8959594726562727
Lake of the Woods,Nelson-Winnipeg,2011-12-01,322.4875,245.1,9.83530847588554,24.763944908045232,47.48988233041018,16.918323934078217,-5.849523925781227
Lake of the Woods,Nelson-Winnipeg,2012-01-01,322.41475,276.5,9.006622363813221,36.512478603981435,10.17199395573698,38.743872195482254,-10.376684570312477
Lake of the Woods,Nelson-Winnipeg,2012-02-01,322.32675,280.3,7.681932300329208,25.08971153292805,7.82160009839572,58.88747423887253,-7.748754882812477
Lake of the Woods,Nelson-Winnipeg,2012-03-01,322.31350000000003,232.4,12.222500779898837,59.168706997297704,8.11080847051926,36.03953868150711,0.9393554687500227
Lake of the Woods,Nelson-Winnipeg,2012-04-01,322.49025,245.2,19.125473918393254,57.02191614545882,34.31904246099293,3.604620462283492,3.6499877929687727
Lake of the Woods,Nelson-Winnipeg,2012-05-01,322.6625,286.4,31.023870571516454,138.34340730682015,37.99287881702185,0.005936376965109957,10.646447753906273
Lake of the Woods,Nelson-Winnipeg,2012-06-01,322.853,415.0,41.075010085478425,94.79951346293092,64.84794896095991,8.848524579718742e-06,17.627587890625023
Lake of the Woods,Nelson-Winnipeg,2012-07-01,322.93725,424.0,32.49956842046231,117.58077004924417,113.69125451892614,-7.345365906286457e-22,22.606042480468773
Lake of the Woods,Nelson-Winnipeg,2012-08-01,322.88875,274.9,19.89705942105502,64.20298293232918,131.83081708848476,-7.345365906286457e-22,19.819482421875023
Lake of the Woods,Nelson-Winnipeg,2012-09-01,322.73325,187.1,13.694280060008168,37.10244549438357,115.58483820408583,0.001153257699115784,13.761071777343773
Lake of the Woods,Nelson-Winnipeg,2012-10-01,322.68425,167.7,12.048072123434395,94.03423219919205,73.85112973861396,2.3416420444846153,5.333459472656273
Lake of the Woods,Nelson-Winnipeg,2012-11-01,322.66625,203.2,11.281957849860191,42.031671619042754,61.114656273275614,6.754452362656593,-1.7584899902343523
Lake of the Woods,Nelson-Winnipeg,2012-12-01,322.60825,257.2,11.93786971271038,26.464372815098614,29.31278565665707,17.74650253355503,-10.403814697265602
Lake of the Woods,Nelson-Winnipeg,2013-01-01,322.57425,315.0,11.808139679487795,59.48553734924644,6.835611144197173,41.05806350708008,-14.300512695312477
Lake of the Woods,Nelson-Winnipeg,2013-02-01,322.487,412.0,9.930364438332617,34.1216498054564,4.574009624775499,80.82485944032669,-12.787084960937477
Lake of the Woods,Nelson-Winnipeg,2013-03-01,322.3815,442.0,10.207740764599293,36.90923471003771,12.747177068376914,106.85400664806366,-6.947210693359352
Lake of the Woods,Nelson-Winnipeg,2013-04-01,322.27325,243.4,18.73917819466442,64.18897770345211,17.283884226344526,122.44065850973129,-1.3816589355468523
Lake of the Woods,Nelson-Winnipeg,2013-05-01,322.663,376.5,44.43904769141227,103.73121430166066,22.877578740008175,13.304726220667362,7.054498291015648
Lake of the Woods,Nelson-Winnipeg,2013-06-01,323.119,952.0,53.29285631887615,72.19527382403612,38.99284056387842,2.9495081932395806e-06,14.608758544921898
Lake of the Woods,Nelson-Winnipeg,2013-07-01,323.023,773.0,35.440130275674164,143.76620389521122,91.52789739891887,-7.345365906286457e-22,19.177331542968773
Lake of the Woods,Nelson-Winnipeg,2013-08-01,322.932,464.0,28.385506884660572,94.68565578572452,94.73249176517129,-7.345365906286457e-22,19.630731201171898
Lake of the Woods,Nelson-Winnipeg,2013-09-01,322.87275,411.0,23.03625689819455,85.0599235855043,100.66180257126689,-7.345365906286457e-22,16.058557128906273
Lake of the Woods,Nelson-Winnipeg,2013-10-01,322.74875,366.0,21.237974811811,56.61828618030995,86.78891765885055,1.5811232151463628,6.884362792968773
Lake of the Woods,Nelson-Winnipeg,2013-11-01,322.641,312.3,19.109375425614417,45.81916378811002,68.52669641375542,8.37845727801323,-2.3366455078124773
Lake of the Woods,Nelson-Winnipeg,2013-12-01,322.61800000000005,335.6,18.335917848162353,48.47230471204966,21.553800092078745,47.423481941223145,-17.97759094238279
Lake of the Woods,Nelson-Winnipeg,2014-01-01,322.567,402.0,16.30195410689339,37.919106194749475,4.373034855234437,80.65681904554367,-19.53819885253904
Lake of the Woods,Nelson-Winnipeg,2014-02-01,322.47475000000003,468.0,12.810302898287773,43.676975183188915,4.53338649822399,108.04782062768936,-17.334188842773415
Lake of the Woods,Nelson-Winnipeg,2014-03-01,322.34225000000004,493.0,12.334194558206946,37.122851237654686,12.214576592668891,137.5928670167923,-10.007177734374977
Lake of the Woods,Nelson-Winnipeg,2014-04-01,322.346,426.0,15.500435256399214,65.97546860575676,18.325403798371553,136.02779805660248,-0.8368286132812273
Lake of the Woods,Nelson-Winnipeg,2014-05-01,322.83525000000003,830.0,77.1440549287945,93.06439757347107,19.435262365732342,30.70198744535446,7.722924804687523
Lake of the Woods,Nelson-Winnipeg,2014-06-01,323.37825,1274.0,87.47236803174019,177.85363364964724,31.973597360774875,1.376437186451085e-05,13.976098632812523
Lake of the Woods,Nelson-Winnipeg,2014-07-01,323.709,1498.0,60.82480167970061,119.90279238671064,80.41179738938808,-7.345365906286457e-22,17.987634277343773
Lake of the Woods,Nelson-Winnipeg,2014-08-01,323.499,1414.0,35.06085556000471,56.19007511995733,98.00077555701137,-7.345365906286457e-22,19.395867919921898
Lake of the Woods,Nelson-Winnipeg,2014-09-01,322.986,787.0,22.789891809225082,69.93704242631793,93.4817804954946,0.0009772703606358846,13.958886718750023
Lake of the Woods,Nelson-Winnipeg,2014-10-01,322.802,337.0,18.79510749131441,68.99160635657609,79.1002744808793,0.22190919844433665,7.343438720703148
Lake of the Woods,Nelson-Winnipeg,2014-11-01,322.71750000000003,308.6,16.117386985570192,34.036621218547225,80.99929662421346,9.229101240634918,-5.123693847656227
Lake of the Woods,Nelson-Winnipeg,2014-12-01,322.67,264.5,15.550055832136422,25.272520200815052,16.785619140136987,22.522320970892906,-8.363745117187477
Lake of the Woods,Nelson-Winnipeg,2015-01-01,322.6065,383.0,14.107559632975608,33.417124883271754,6.624985922826454,43.700020760297775,-14.026678466796852
Lake of the Woods,Nelson-Winnipeg,2015-02-01,322.504,432.0,11.502476176247,25.612691417336464,5.089907441288233,66.41145795583725,-18.59941711425779
Lake of the Woods,Nelson-Winnipeg,2015-03-01,322.36975,416.0,12.980374449398369,26.29614871693775,14.837085589533672,59.382423758506775,-4.125555419921852
Lake of the Woods,Nelson-Winnipeg,2015-04-01,322.35525,220.1,13.836377765983343,35.8552357647568,26.513157645240426,19.81891319155693,2.6461120605468977
Lake of the Woods,Nelson-Winnipeg,2015-05-01,322.476,211.1,24.1578632267192,105.53534864448011,36.86478780582547,0.7195649668574333,8.692712402343773
Lake of the Woods,Nelson-Winnipeg,2015-06-01,322.79625,587.0,28.155420441180468,119.02816593647003,47.473175218328834,-7.345365906286457e-22,15.540979003906273
Lake of the Woods,Nelson-Winnipeg,2015-07-01,322.92674999999997,652.0,25.69156652316451,99.36360223218799,94.94688780978322,-7.345365906286457e-22,20.355767822265648
Lake of the Woods,Nelson-Winnipeg,2015-08-01,322.86575000000005,367.0,23.095035110600293,119.61804493330419,116.71464005485177,-7.345365906286457e-22,18.982385253906273
Lake of the Woods,Nelson-Winnipeg,2015-09-01,322.88725,315.0,21.477301488630474,87.45688246563077,98.73112197965384,-7.345365906286457e-22,16.806420898437523
Lake of the Woods,Nelson-Winnipeg,2015-10-01,322.78525,210.7,18.361737544182688,68.29793727956712,84.42605729214847,0.20413938909769058,8.212304687500023
Lake of the Woods,Nelson-Winnipeg,2015-11-01,322.821,457.0,24.50645319186151,86.87731577083468,55.11881201528013,4.624629393219948,2.1363464355468977
Lake of the Woods,Nelson-Winnipeg,2015-12-01,322.85325,702.0,33.07004494126886,48.44799533020705,42.660431703552604,23.2979878783226,-4.344549560546852
Lake of the Woods,Nelson-Winnipeg,2016-01-01,322.696,706.0,27.99425070406869,26.809651928488165,10.486529063200578,46.0234098136425,-12.203375244140602
Lake of the Woods,Nelson-Winnipeg,2016-02-01,322.502,600.0,20.84409270901233,35.02118994947523,8.281576010631397,71.46823406219482,-10.472235107421852
Lake of the Woods,Nelson-Winnipeg,2016-03-01,322.45975,521.0,24.945027427747846,69.1410859581083,9.183364309137687,58.20929631590843,-2.9414428710937273
Lake of the Woods,Nelson-Winnipeg,2016-04-01,322.62225,630.0,38.0470824893564,56.43754731863737,24.45656864438206,22.807499393820763,0.9833312988281477
Lake of the Woods,Nelson-Winnipeg,2016-05-01,322.73525,722.0,46.494908281601965,64.05865680426359,35.70820833556354,0.1081840309780091,10.541070556640648
Lake of the Woods,Nelson-Winnipeg,2016-06-01,322.77625,527.0,35.596105735749006,121.44750449806452,52.88748303428292,-7.345365906286457e-22,15.434167480468773
Lake of the Woods,Nelson-Winnipeg,2016-07-01,322.9995,845.0,30.004821717739105,103.49554754793644,94.0513382665813,-7.345365906286457e-22,19.838677978515648
Lake of the Woods,Nelson-Winnipeg,2016-08-01,322.89975000000004,486.0,22.104718314949423,101.77451116032898,123.21865558624268,-7.345365906286457e-22,20.051965332031273
Lake of the Woods,Nelson-Winnipeg,2016-09-01,322.89000000000004,389.0,17.790458514355123,112.00087610632181,101.138970348984,-7.345365906286457e-22,15.298150634765648
Lake of the Woods,Nelson-Winnipeg,2016-10-01,322.82175,441.0,20.97816829336807,54.58824709057808,77.7928656898439,0.011488334166642744,8.067712402343773
Lake of the Woods,Nelson-Winnipeg,2016-11-01,322.71675000000005,428.0,20.796790486201644,59.48163801804185,46.07146605849266,8.073440752923489,4.405816650390648
Lake of the Woods,Nelson-Winnipeg,2016-12-01,322.68175,409.0,20.496852637734264,58.48621821496636,60.20914565306157,37.23624721169472,-9.290502929687477
Lake of the Woods,Nelson-Winnipeg,2017-01-01,322.64675,506.0,19.107491709291935,35.03344615455717,6.51112366176676,77.49006897211075,-11.201300048828102
Lake of the Woods,Nelson-Winnipeg,2017-02-01,322.56050000000005,517.0,17.39545352756977,37.08292497321963,6.70061114942655,82.20651000738144,-9.018560791015602
Lake of the Woods,Nelson-Winnipeg,2017-03-01,322.51425,569.0,20.299239666201174,29.076716513372958,12.446030887076631,54.54067140817642,-6.071691894531227
Lake of the Woods,Nelson-Winnipeg,2017-04-01,322.59250000000003,567.0,29.39528552815318,61.13640032708645,26.633551460690796,9.468255564570427,2.9593750000000227
Lake of the Woods,Nelson-Winnipeg,2017-05-01,322.67775,452.0,38.02403784357011,61.655737925320864,35.77065630815923,1.3754726387560368,8.522668457031273
Lake of the Woods,Nelson-Winnipeg,2017-06-01,322.73825,371.0,32.08793350495398,116.84285011142492,51.752119325101376,-7.345365906286457e-22,15.545892333984398
Lake of the Woods,Nelson-Winnipeg,2017-07-01,322.90000000000003,341.0,24.287683481816202,73.54374742135406,85.57819784618914,-7.345365906286457e-22,19.966546630859398
Lake of the Woods,Nelson-Winnipeg,2017-08-01,322.9229934477224,273.7,18.20982195204124,83.95960298366845,117.67894588410854,-7.345365906286457e-22,19.253686523437523
Lake of the Woods,Nelson-Winnipeg,2017-09-01,322.877660114389,239.0,21.43993740901351,158.9236781001091,98.97108189761639,-7.345365906286457e-22,15.049218750000023
Lake of the Woods,Nelson-Winnipeg,2017-10-01,322.92600000000004,517.0,32.0665828185156,89.73330492153764,88.80313183180988,2.998434705659747,8.211816406250023
Lake of the Woods,Nelson-Winnipeg,2017-11-01,322.81075,616.0,27.398569509387016,43.16751379519701,74.53578058630228,37.61211410164833,-3.0154785156249773
Lake of the Woods,Nelson-Winnipeg,2017-12-01,322.7019571619801,529.0,24.242072715424,40.428818902000785,27.841977833304554,50.15074089169502,-12.936926269531227
Lake of the Woods,Nelson-Winnipeg,2018-01-01,322.61062382864674,462.0,20.54989227326587,28.282803716138005,5.413390506873839,70.82751393318176,-13.949346923828102
Lake of the Woods,Nelson-Winnipeg,2018-02-01,322.512,444.0,15.563625143840909,29.089721385389566,4.445837344974279,88.07851374149323,-15.409704589843727
Lake of the Woods,Nelson-Winnipeg,2018-03-01,322.3875,452.0,14.517005445668474,15.343927720095962,18.374687992036343,102.03760862350464,-4.426336669921852
Lake of the Woods,Nelson-Winnipeg,2018-04-01,322.29325,222.9,13.926714600529522,16.499545890837908,20.29725699685514,81.30625635385513,-2.0401367187499773
Lake of the Woods,Nelson-Winnipeg,2018-05-01,322.4805,156.4,18.553650297690183,66.61234726198018,32.871239236555994,1.0550115257501602,10.775567626953148
Lake of the Woods,Nelson-Winnipeg,2018-06-01,322.68775,190.6,23.032186436466873,114.93975296616554,45.621724566444755,-7.345365906286457e-22,16.619439697265648
Lake of the Woods,Nelson-Winnipeg,2018-07-01,322.84700000000004,253.4,22.120824723970145,88.07552489452064,102.10237745195627,-7.345365906286457e-22,20.708001708984398
Lake of the Woods,Nelson-Winnipeg,2018-08-01,322.82075000000003,200.4,14.90727550117299,70.05918375216424,117.31087672524154,-7.345365906286457e-22,20.289453125000023
Lake of the Woods,Nelson-Winnipeg,2018-09-01,322.72225000000003,172.2,14.694214914925396,149.16120562702417,115.50304479897022,0.023960821636137553,13.548364257812523
Lake of the Woods,Nelson-Winnipeg,2018-10-01,322.83475,371.3,26.599402481224388,109.58486003801227,71.70810759998858,5.462988745421171,3.8002258300781477
Lake of the Woods,Nelson-Winnipeg,2018-11-01,322.8885,705.4,34.6901617012918,34.16132996790111,63.1695706397295,9.89924930036068,-4.794042968749977
Lake of the Woods,Nelson-Winnipeg,2018-12-01,322.7495,542.6,30.241933825891465,34.43703625816852,20.60317189898342,25.377266108989716,-7.976904296874977
Lake of the Woods,Nelson-Winnipeg,2019-01-01,322.61875000000003,480.6,23.04611320141703,28.94752600695938,5.626550962915644,59.59498509764671,-16.757299804687477
Lake of the Woods,Nelson-Winnipeg,2019-02-01,322.5195,379.3,16.217272030189633,48.2391226105392,4.638965881895274,94.69692409038544,-16.097845458984352
Lake of the Woods,Nelson-Winnipeg,2019-03-01,322.469,454.6,16.051691258326173,37.24279219750315,11.388098209863529,112.0540201663971,-6.425207519531227
Lake of the Woods,Nelson-Winnipeg,2019-04-01,322.50775,627.6,25.54680802859366,57.886973954737186,16.13345928490162,57.01781436800957,1.5060058593750227
Lake of the Woods,Nelson-Winnipeg,2019-05-01,322.73900000000003,687.0,44.01115782093257,63.60765569843352,34.39489542506635,2.121793571859598,7.139306640625023
Lake of the Woods,Nelson-Winnipeg,2019-06-01,322.856,531.5,35.30654241330922,72.83477112650871,49.72708993591368,1.966338869507922e-06,15.475915527343773
Lake of the Woods,Nelson-Winnipeg,2019-07-01,322.9015,367.8,24.596882867626846,91.19360730983317,91.91715065389872,-7.345365906286457e-22,20.541253662109398
Lake of the Woods,Nelson-Winnipeg,2019-08-01,322.87850000000003,291.9,16.707633156329393,94.8676080442965,129.65918378904462,-7.345365906286457e-22,19.073602294921898
Lake of the Woods,Nelson-Winnipeg,2019-09-01,322.92075,487.9,18.856439273804426,159.6562983468175,85.25154087692499,-7.345365906286457e-22,14.485406494140648
Lake of the Woods,Nelson-Winnipeg,2019-10-01,323.2395,,36.3487908616662,110.69002747535706,84.70482123084366,0.4612991469912231,5.745080566406273
Lake of the Woods,Nelson-Winnipeg,2019-11-01,323.21750000000003,,38.097992073744535,44.84723671339452,65.25987759232521,16.501719132065773,-3.3169006347656023
Lake of the Woods,Nelson-Winnipeg,2019-12-01,322.993,,29.89041496766731,49.44139230065048,23.21833051973954,46.16682976484299,-9.610235595703102
Lake of the Woods,Nelson-Winnipeg,2020-01-01,322.77025000000003,691.0,22.331285290420055,34.02855130843818,6.0889822780154645,91.18139743804932,-10.892736816406227
Lake of the Woods,Nelson-Winnipeg,2020-02-01,322.57575,637.0,16.363607544917613,16.18057192536071,6.460095435613766,110.53606867790222,-11.924902343749977
Lake of the Woods,Nelson-Winnipeg,2020-03-01,322.394,587.0,14.590677921660244,27.64084259979427,14.981429761974141,115.33450335264206,-4.028784179687477
Lake of the Woods,Nelson-Winnipeg,2020-04-01,322.48400000000004,543.0,17.158585251308978,34.06593343243003,26.373122236691415,70.72365283966064,0.28173217773439774
Lake of the Woods,Nelson-Winnipeg,2020-05-01,322.59825,296.0,25.20709129748866,36.773216212168336,35.38248932454735,2.4007679894566536,8.466394042968773
Lake of the Woods,Nelson-Winnipeg,2020-06-01,322.70975,297.0,24.025639286264777,92.88722416386008,48.16128755919635,9.83169434753961e-07,16.229547119140648
Lake of the Woods,Nelson-Winnipeg,2020-07-01,322.73475,285.0,17.776623426470906,76.85162778943777,103.3215131610632,-7.345365906286457e-22,21.626092529296898
Lake of the Woods,Nelson-Winnipeg,2020-08-01,322.6395,207.6,15.913368493784219,125.29541878029704,126.2309835292399,-7.345365906286457e-22,20.702996826171898
Lake of the Woods,Nelson-Winnipeg,2020-09-01,322.56825000000003,163.4,11.945246660616249,61.480344738811255,112.48346418142319,-7.345365906286457e-22,13.565148925781273
Lake of the Woods,Nelson-Winnipeg,2020-10-01,322.49375,145.4,12.557934882352129,69.50922729447484,94.17888312600553,5.53405424579978,3.8472534179687727
Lake of the Woods,Nelson-Winnipeg,2020-11-01,322.49275,170.2,13.454098370857537,29.143367428332567,50.461330683901906,7.230012211948633,-0.06378784179685226
Lake of the Woods,Nelson-Winnipeg,2020-12-01,322.46500000000003,227.0,14.124976063612849,34.952221205458045,29.48298561386764,21.591242402791977,-6.697363281249977
Lake of the Woods,Nelson-Winnipeg,2021-01-01,322.4375,218.0,12.891383201349527,22.693737235385925,5.769713679910637,45.35336792469025,-9.026159667968727
Lake of the Woods,Nelson-Winnipeg,2021-02-01,322.42275,216.0,10.342378285713494,9.686780511401594,7.016094750724733,59.68901515007019,-15.835211181640602
Lake of the Woods,Nelson-Winnipeg,2021-03-01,322.39175,202.8,10.98543347325176,25.2761886222288,18.937894434202462,36.062128841876984,-1.3300231933593523
Lake of the Woods,Nelson-Winnipeg,2021-04-01,322.50225,200.6,18.130253884010017,84.695213008672,25.250125327147543,5.1591903902590275,2.3446594238281477
Lake of the Woods,Nelson-Winnipeg,2021-05-01,322.69,251.0,23.800734372343868,53.80424065515399,38.70449843816459,0.10698849655454978,9.529565429687523
Lake of the Woods,Nelson-Winnipeg,2021-06-01,322.70321180327466,191.4,17.912514740601182,38.84673002175987,58.436732506379485,-7.345365906286457e-22,18.635064697265648
Lake of the Woods,Nelson-Winnipeg,2021-07-01,322.6149571619801,142.6,13.429995160549879,56.40422215219587,100.8751722984016,-7.345365906286457e-22,22.511437988281273
Lake of the Woods,Nelson-Winnipeg,2021-08-01,322.52495716198007,121.8,9.088569087907672,64.27063490264118,126.10839726403356,-7.345365906286457e-22,20.807153320312523
Lake of the Woods,Nelson-Winnipeg,2021-09-01,322.47475000000003,97.0,8.228541410062462,96.38235904276371,98.61983126029372,-7.345365906286457e-22,16.477868652343773
Lake of the Woods,Nelson-Winnipeg,2021-10-01,322.46775,87.69999999999999,7.164855123846792,75.99384873174131,75.67971060052514,0.007802432264725212,11.128656005859398
Lake of the Woods,Nelson-Winnipeg,2021-11-01,322.521,96.80000000000001,7.478221377823502,67.26116174831986,73.61185038462281,19.05745454132557,0.19820556640627274
Lake of the Woods,Nelson-Winnipeg,2021-12-01,322.53575,199.8,9.58623384940438,66.77702022716403,41.20778013020754,47.51954227685928,-9.456762695312477
Lake of the Woods,Nelson-Winnipeg,2022-01-01,322.5635,220.0,9.738296503201127,30.607449705712497,5.332907181582414,81.0147151350975,-18.029425048828102
Lake of the Woods,Nelson-Winnipeg,2022-02-01,322.5545,300.4,8.592396741732955,45.9591425023973,5.4497248493134975,114.24330621957779,-17.461508178710915
Lake of the Woods,Nelson-Winnipeg,2022-03-01,322.4475,403.0,9.193242702167481,37.73524484131485,15.071271802298725,131.30827248096466,-6.543035888671852
Lake of the Woods,Nelson-Winnipeg,2022-04-01,322.52975000000004,563.0,18.60699208918959,134.37727466225624,20.49565315246582,153.25893461704254,-0.6295532226562273
Lake of the Woods,Nelson-Winnipeg,2022-05-01,323.4735,1163.0,138.6430305428803,128.38338874280453,16.81251428090036,29.861727729439735,8.044854736328148
Lake of the Woods,Nelson-Winnipeg,2022-06-01,323.9825,1365.0,66.82762876152992,67.96945352107286,46.888914657756686,3.932677739015844e-06,14.968133544921898
Lake of the Woods,Nelson-Winnipeg,2022-07-01,324.01575,1304.0,31.830934109166265,128.22301033884287,86.94407041184604,-7.345365906286457e-22,19.577752685546898
Lake of the Woods,Nelson-Winnipeg,2022-08-01,323.6925,1183.0,20.896044734399766,103.80394756793976,110.5052747298032,-7.345365906286457e-22,20.294793701171898
Lake of the Woods,Nelson-Winnipeg,2022-09-01,323.14675,1027.0,8.930860203690827,43.72274153865874,52.20456048846245,-7.345365906286457e-22,15.478936767578148
Lake of the Woods,Nelson-Winnipeg,2022-10-01,322.791,543.0,9.300425386754796,24.157282197847962,39.879006799310446,0.8126317989081144,7.629113769531273
Lake of the Woods,Nelson-Winnipeg,2022-11-01,322.69275000000005,323.8,8.728245156817138,30.578069854527712,34.2467799782753,17.169814556837082,-0.9097961425781023
Lake of the Woods,Nelson-Winnipeg,2022-12-01,322.63475000000005,356.0,8.411911345319822,29.04643985675648,16.651560261379927,57.4331097304821,-10.763891601562477
Lake of the Woods,Nelson-Winnipeg,2023-01-01,322.56050000000005,440.0,7.5119878456462175,10.944016219582409,2.6711918180808425,89.33261036872864,-9.779455566406227
Lake of the Woods,Nelson-Winnipeg,2023-02-01,322.42900000000003,380.0,5.97520760493353,19.937180215492845,3.0258009501267225,106.60779476165771,-11.870977783203102
Lake of the Woods,Nelson-Winnipeg,2023-03-01,322.3835,343.0,5.775088196969591,20.13026492204517,6.395461023203097,131.65445625782013,-7.301336669921852
Lake of the Woods,Nelson-Winnipeg,2023-04-01,322.48475,494.0,9.666629775892943,47.75069304741919,8.139433921314776,108.21980237960815,-0.08032836914060226
Lake of the Woods,Nelson-Winnipeg,2023-05-01,322.86175000000003,761.0,37.25755249615759,21.880444779526442,9.704115946078673,13.312062248587608,11.151818847656273
Lake of the Woods,Nelson-Winnipeg,2023-06-01,322.9785,759.0,22.183152032084763,31.404158798977733,16.00528776179999,-7.345365906286457e-22,18.373529052734398
Lake of the Woods,Nelson-Winnipeg,2023-07-01,322.82500000000005,408.0,11.517500737681985,34.76275526918471,44.2346662748605,-7.345365906286457e-22,18.985314941406273
Lake of the Woods,Nelson-Winnipeg,2023-08-01,322.72900000000004,201.7,7.395315173198469,40.08492920547724,45.92603410128504,-7.345365906286457e-22,19.500299072265648
Lake of the Woods,Nelson-Winnipeg,2023-09-01,322.64125,123.2,5.909272731514648,36.53629682958126,39.798495126888156,-7.345365906286457e-22,16.982690429687523
Lake of the Woods,Nelson-Winnipeg,2023-10-01,322.63800000000003,139.7,5.59198200062383,51.84714775532484,41.70723760034889,1.5284125693142414,8.459802246093773
Lake of the Woods,Nelson-Winnipeg,2023-11-01,322.65925000000004,248.0,6.115688447607681,21.641611238010228,33.0671074334532,10.98813395947218,-0.14789428710935226
Lake of the Woods,Nelson-Winnipeg,2023-12-01,322.59975000000003,291.0,7.846899563446641,22.380519367288798,18.99833226343617,9.729459881782532,-2.0181640624999773
Lake of the Woods,Nelson-Winnipeg,2024-01-01,322.55425,,8.668115304317325,14.323340583359823,5.55412309768144,22.19320461153984,-10.037603759765602
Lake of the Woods,Nelson-Winnipeg,2024-02-01,322.48975,,8.288076583994552,14.968482544645667,4.532281702267937,18.906449899077415,-6.057928466796852
Lake of the Woods,Nelson-Winnipeg,2024-03-01,322.42,,16.722593747545034,45.26999476365745,17.61824794812128,22.30709046125412,-5.710424804687477
Lake of the Woods,Nelson-Winnipeg,2024-04-01,322.41600000000005,,18.41259829234332,55.550696561113,24.16279341559857,11.025534011423588,2.9635559082031477
Lake of the Woods,Nelson-Winnipeg,2024-05-01,322.67225,,32.175195519812405,124.02389664202929,33.47754466813058,0.18263158563058823,9.178033447265648
Lake of the Woods,Nelson-Winnipeg,2024-06-01,323.0965,,42.23757656291127,125.48998463898897,59.03391866013408,-7.345365906286457e-22,15.550012207031273
Lake of the Woods,Nelson-Winnipeg,2024-07-01,323.25875,,35.239061806350946,108.6893177125603,92.45321294292808,-7.345365906286457e-22,20.930993652343773
Lake of the Woods,Nelson-Winnipeg,2024-08-01,323.014,,27.357583807315677,90.38721863180399,116.6897532530129,-7.345365906286457e-22,20.253808593750023
Lake of the Woods,Nelson-Winnipeg,2024-09-01,322.78775,,19.579376676119864,42.229631217196584,97.56936924532056,-7.345365906286457e-22,18.920861816406273
Lake of the Woods,Nelson-Winnipeg,2024-10-01,322.6635,,16.219018551055342,39.808612084016204,95.17378499731421,0.010996749551850371,9.781274414062523
Lake of the Woods,Nelson-Winnipeg,2024-11-01,322.63425,,13.408158556558192,57.62188578955829,60.13511912897229,2.271936275064945,2.0626159667968977
Lake of the Woods,Nelson-Winnipeg,2024-12-01,322.59075,,12.312083883443847,54.119937820360065,48.139173071831465,40.84433615207672,-7.150488281249977
Playgreen,Nelson-Winnipeg,1994-01-01,217.298,2410.0,5.919934003031813,25.59883106732741,0.6870304387120996,52.93448641896248,-28.271322631835915
Playgreen,Nelson-Winnipeg,1994-02-01,217.225,2180.0,4.712528781965375,17.79805845580995,1.9932831055484712,66.54621660709381,-23.323370361328102
Playgreen,Nelson-Winnipeg,1994-03-01,217.262,2000.0,8.345226553501561,20.847613632213324,10.825071309227496,46.08084633946419,-7.490820312499977
Playgreen,Nelson-Winnipeg,1994-04-01,217.367,1630.0,5.678516317857429,28.77193212043494,19.548195996321738,17.68883317708969,-2.3016418457031023
Playgreen,Nelson-Winnipeg,1994-05-01,217.518,1150.0,8.532047184417024,66.4221162442118,30.06006998475641,4.225707147270441,5.575250244140648
Playgreen,Nelson-Winnipeg,1994-06-01,217.561,1110.0,13.067878608126193,111.12491833046079,75.42428327724338,1.3605455169454217,15.113488769531273
Playgreen,Nelson-Winnipeg,1994-07-01,217.617,1140.0,12.628377415239811,95.43054923415184,100.43343156576157,1.091059297323227,17.902215576171898
Playgreen,Nelson-Winnipeg,1994-08-01,217.606,1380.0,9.765887254616246,75.07153577171266,98.60243275761604,1.0972111485898495,16.242700195312523
Playgreen,Nelson-Winnipeg,1994-09-01,217.529,1520.0,9.009909408632666,46.32447031326592,64.53121779486537,1.0898059699684381,13.894189453125023
Playgreen,Nelson-Winnipeg,1994-10-01,217.28,1980.0,9.462704765610397,62.370966421440244,38.15021854825318,1.8674122402444482,5.667443847656273
Playgreen,Nelson-Winnipeg,1994-11-01,217.169,2060.0,9.286977583542466,34.685858990997076,27.706590481102467,8.74775368720293,-3.6094421386718523
Playgreen,Nelson-Winnipeg,1994-12-01,217.107,2360.0,8.856255881255493,21.830142475664616,4.749134212033823,21.014397963881493,-12.036718749999977
Playgreen,Nelson-Winnipeg,1995-01-01,217.096,2370.0,7.302668585907668,21.51221683016047,3.2523706831852905,38.13566640019417,-17.50572814941404
Playgreen,Nelson-Winnipeg,1995-02-01,217.071,2270.0,5.77877665637061,20.286596147343516,3.3492449729237705,49.76240172982216,-18.579290771484352
Playgreen,Nelson-Winnipeg,1995-03-01,217.075,2170.0,9.247509355191141,40.40646553039551,8.05697578471154,43.52351278066635,-9.345953369140602
Playgreen,Nelson-Winnipeg,1995-04-01,217.29,1820.0,8.029217133298516,36.74650099128485,20.163260051049292,28.771044686436653,-3.5961059570312273
Playgreen,Nelson-Winnipeg,1995-05-01,217.508,1410.0,9.156915766652673,57.54494422581047,32.76274923700839,7.8840963542461395,6.070062255859398
Playgreen,Nelson-Winnipeg,1995-06-01,217.59,1480.0,12.343200214672834,73.93897511065006,81.50867884978652,1.6514852177351713,17.964990234375023
Playgreen,Nelson-Winnipeg,1995-07-01,217.553,1600.0,12.02226776513271,96.12317173741758,106.42323293723166,1.0884518269449472,17.464379882812523
Playgreen,Nelson-Winnipeg,1995-08-01,217.568,1680.0,15.10833585052751,118.81811614148319,102.33295569196343,1.0958958882838488,17.661187744140648
Playgreen,Nelson-Winnipeg,1995-09-01,217.426,1990.0,7.270206551766023,39.11348758265376,63.58580198138952,1.1654376285150647,10.596429443359398
Playgreen,Nelson-Winnipeg,1995-10-01,217.215,2340.0,6.868341835797764,52.935515879653394,37.70158486440778,2.819604938849807,3.2949157714843977
Playgreen,Nelson-Winnipeg,1995-11-01,216.983,2060.0,6.629038107348606,44.03534112498164,17.43506931234151,21.540964022278786,-12.823126220703102
Playgreen,Nelson-Winnipeg,1995-12-01,216.972,2090.0,6.222457421245053,28.43376836972311,2.3059037484927103,50.39704963564873,-18.410650634765602
Playgreen,Nelson-Winnipeg,1996-01-01,216.967,1960.0,5.500474013388157,24.08032474340871,1.309462015342433,70.45911997556686,-26.049536132812477
Playgreen,Nelson-Winnipeg,1996-02-01,217.009,1910.0,4.92870484595187,23.047513619530946,4.083776744664647,82.46079832315445,-17.137884521484352
Playgreen,Nelson-Winnipeg,1996-03-01,217.033,1850.0,7.8935749479569495,25.365261069964617,7.559355683042668,76.10174268484116,-14.121435546874977
Playgreen,Nelson-Winnipeg,1996-04-01,217.092,1790.0,9.905682527460158,50.49821804277599,17.005395493470132,54.43060025572777,-3.2649902343749773
Playgreen,Nelson-Winnipeg,1996-05-01,217.509,1810.0,21.700010052882135,74.4690413121134,20.576751325279474,18.9780592918396,3.9628234863281477
Playgreen,Nelson-Winnipeg,1996-06-01,217.676,3280.0,23.988619213923812,81.02106861770153,56.9521717261523,3.4371817018836737,14.051568603515648
Playgreen,Nelson-Winnipeg,1996-07-01,217.599,3380.0,16.437176847830415,95.3092910349369,103.0282920692116,1.157822785899043,19.214257812500023
Playgreen,Nelson-Winnipeg,1996-08-01,217.64,2360.0,11.762690410250798,60.138815897516906,99.62192550301552,1.0906539391726255,18.764306640625023
Playgreen,Nelson-Winnipeg,1996-09-01,217.586,1960.0,8.106335008051246,74.91315482184291,74.71435703337193,1.2236038455739617,12.406884765625023
Playgreen,Nelson-Winnipeg,1996-10-01,217.268,2440.0,7.791972486302257,56.38508789706975,37.063586292788386,3.049783408641815,1.7972656250000227
Playgreen,Nelson-Winnipeg,1996-11-01,217.128,2210.0,8.971721108537167,49.15310419164598,14.877974172122777,23.211384192109108,-11.916998291015602
Playgreen,Nelson-Winnipeg,1996-12-01,217.138,2490.0,9.01563192019239,34.254571539349854,2.6157091997447424,59.0297095477581,-19.043646240234352
Playgreen,Nelson-Winnipeg,1997-01-01,217.167,2390.0,7.5720169697888196,29.06691120006144,2.060751743556466,86.31514012813568,-23.49828186035154
Playgreen,Nelson-Winnipeg,1997-02-01,217.204,2330.0,5.72398432996124,13.774321880191565,2.824348135618493,102.06995904445648,-16.333990478515602
Playgreen,Nelson-Winnipeg,1997-03-01,217.253,2280.0,8.376816840609536,33.64819393027574,7.448497810401022,110.67390441894531,-11.916021728515602
Playgreen,Nelson-Winnipeg,1997-04-01,217.353,2270.0,15.800076071172953,47.94534877873957,15.722002135589719,59.086985886096954,-3.0971435546874773
Playgreen,Nelson-Winnipeg,1997-05-01,217.709,3260.0,18.66523310309276,55.49470265395939,29.623343783896416,12.28493545204401,3.5087219238281477
Playgreen,Nelson-Winnipeg,1997-06-01,217.812,3710.0,22.376374108716846,98.8254533149302,60.76246267184615,1.7859057988971472,14.061212158203148
Playgreen,Nelson-Winnipeg,1997-07-01,,3560.0,18.019556649960577,79.20072390697896,107.16092307120562,1.0960812214761972,19.216790771484398
Playgreen,Nelson-Winnipeg,1997-08-01,,2120.0,11.029194691218436,67.91708548553288,96.80324979126453,1.0938197374343872,16.647119140625023
Playgreen,Nelson-Winnipeg,1997-09-01,,1330.0,8.692547853570431,65.33361040055752,63.617590349167585,1.2148779351264238,12.126184082031273
Playgreen,Nelson-Winnipeg,1997-10-01,,1910.0,11.254599608946592,67.55731673911214,47.32780414633453,3.030207008123398,1.5905700683593977
Playgreen,Nelson-Winnipeg,1997-11-01,,2180.0,9.12598567083478,19.13354848511517,13.64011288387701,12.877720408141613,-8.767431640624977
Playgreen,Nelson-Winnipeg,1997-12-01,,2760.0,8.053160301642492,12.521724333055317,4.638020109268837,16.71697199344635,-9.808905029296852
Playgreen,Nelson-Winnipeg,1998-01-01,217.302,2380.0,6.918441140442155,31.27868240699172,2.428557228995487,38.26368600130081,-20.668615722656227
Playgreen,Nelson-Winnipeg,1998-02-01,217.293,2300.0,5.850319401361048,27.4378783069551,3.630415885709226,45.7727387547493,-7.960485839843727
Playgreen,Nelson-Winnipeg,1998-03-01,217.355,1890.0,7.601535762660205,21.99245704105124,7.61870588758029,47.41712287068367,-9.612615966796852
Playgreen,Nelson-Winnipeg,1998-04-01,217.537,1720.0,8.704263309482485,31.35420265607536,23.029406438581645,10.133312083780766,2.7418762207031477
Playgreen,Nelson-Winnipeg,1998-05-01,217.687,1620.0,13.084737700410187,76.38066238723695,46.847600024193525,1.9196274224668741,7.395562744140648
Playgreen,Nelson-Winnipeg,1998-06-01,217.693,2310.0,15.582679188810289,127.539555542171,76.28094870597124,1.1330051347613335,14.661462402343773
Playgreen,Nelson-Winnipeg,1998-07-01,217.656,2560.0,15.63350745709613,77.27940217591822,120.71271054446697,1.0875825537368655,19.182214355468773
Playgreen,Nelson-Winnipeg,1998-08-01,217.639,1380.0,10.131876799277961,68.75601899810135,109.5075651537627,1.090056961402297,19.283197021484398
Playgreen,Nelson-Winnipeg,1998-09-01,217.487,1300.0,6.986717053223401,51.189742516726255,67.90273357182741,1.1157478438690305,12.202020263671898
Playgreen,Nelson-Winnipeg,1998-10-01,217.348,1500.0,7.936656795209274,64.95989393442869,33.31070637796074,2.583596622571349,4.048760986328148
Playgreen,Nelson-Winnipeg,1998-11-01,217.189,1740.0,7.415096915792674,29.602409340441227,21.009217598475516,10.991500690579414,-4.150335693359352
Playgreen,Nelson-Winnipeg,1998-12-01,217.037,1840.0,7.086375626386143,23.44007062492892,3.861149773001671,21.37688361108303,-16.591650390624977
Playgreen,Nelson-Winnipeg,1999-01-01,217.009,1840.0,6.405180174624547,25.544171046931297,1.524967112345621,41.328854858875275,-21.420904541015602
Playgreen,Nelson-Winnipeg,1999-02-01,216.954,1800.0,5.409775651060045,18.834175541996956,4.478682589251548,53.839679807424545,-12.571997070312477
Playgreen,Nelson-Winnipeg,1999-03-01,216.951,1680.0,8.40947445249185,25.062321277800947,11.058536649215966,50.445862114429474,-6.248876953124977
Playgreen,Nelson-Winnipeg,1999-04-01,217.078,1550.0,7.652556232642382,43.701870599761605,21.704021492041647,17.166078090667725,2.9627014160156477
Playgreen,Nelson-Winnipeg,1999-05-01,217.232,1620.0,12.477918004151434,99.52418995089829,44.93114666547626,7.0771886967122555,8.479608154296898
Playgreen,Nelson-Winnipeg,1999-06-01,217.491,1520.0,14.421372616197914,92.01725944876671,90.81979980692267,2.9697618447244167,15.141137695312523
Playgreen,Nelson-Winnipeg,1999-07-01,217.611,1560.0,18.64764525089413,115.57321064174175,117.34557244926691,1.3098727213218808,18.120507812500023
Playgreen,Nelson-Winnipeg,1999-08-01,217.63,1560.0,12.511337088653818,73.84207868017256,88.73713994398713,1.0938429040834308,17.067895507812523
Playgreen,Nelson-Winnipeg,1999-09-01,217.476,1810.0,11.20560133131221,69.56131663173437,65.67561998963356,1.186680281534791,9.957025146484398
Playgreen,Nelson-Winnipeg,1999-10-01,217.369,2010.0,11.22945116367191,33.6344838142395,35.027722478844225,2.1765357814729214,2.0962158203125227
Playgreen,Nelson-Winnipeg,1999-11-01,217.262,2050.0,10.313664679415524,17.4860522383824,24.627529783174396,5.842735059559345,-2.9515136718749773
Playgreen,Nelson-Winnipeg,1999-12-01,217.181,2230.0,8.68673439254053,22.829642053693533,6.669408016023226,14.404482208192348,-13.199285888671852
Playgreen,Nelson-Winnipeg,2000-01-01,217.093,2250.0,7.007447275100276,20.54191124625504,1.3932516339991707,31.508155167102814,-21.243688964843727
Playgreen,Nelson-Winnipeg,2000-02-01,217.096,2110.0,6.3550907507305965,19.942801969591528,3.9485243905801326,36.44179925322533,-12.311468505859352
Playgreen,Nelson-Winnipeg,2000-03-01,217.178,1860.0,6.451289867982268,28.656560461968184,11.107375554274768,19.291125237941742,-5.587438964843727
Playgreen,Nelson-Winnipeg,2000-04-01,217.303,1590.0,6.126570951892063,37.96924953348935,18.418505787849426,11.93672139197588,-1.0631469726562273
Playgreen,Nelson-Winnipeg,2000-05-01,217.404,931.0,8.178628253517672,69.25819395110011,37.72056754678488,6.4293392933905125,5.974206542968773
Playgreen,Nelson-Winnipeg,2000-06-01,217.471,1190.0,14.98744881246239,113.83614270016551,67.88897328078747,2.709224820137024,11.389398193359398
Playgreen,Nelson-Winnipeg,2000-07-01,217.678,1710.0,17.25234230980277,88.61007145605981,102.2637952119112,1.1394789908081293,18.285211181640648
Playgreen,Nelson-Winnipeg,2000-08-01,217.72,1640.0,14.055175008252263,95.94187629409134,103.31146605312824,1.09523581340909,17.245507812500023
Playgreen,Nelson-Winnipeg,2000-09-01,217.599,2010.0,10.38314716424793,63.88527341187,63.14469734206796,1.2377850944176316,9.404687500000023
Playgreen,Nelson-Winnipeg,2000-10-01,217.485,2110.0,8.762447687331587,26.895061368122697,32.86641777958721,1.503353239968419,4.366998291015648
Playgreen,Nelson-Winnipeg,2000-11-01,217.274,2100.0,9.743270929902792,54.72252261824906,23.323834757320583,16.851739957928658,-7.039587402343727
Playgreen,Nelson-Winnipeg,2000-12-01,217.395,2620.0,8.774082700256258,24.73858353914693,2.2396585627575405,34.37580168247223,-23.858953857421852
Playgreen,Nelson-Winnipeg,2001-01-01,217.308,2490.0,7.55051123269368,12.058617256116122,3.207228393875994,48.30306023359299,-13.369482421874977
Playgreen,Nelson-Winnipeg,2001-02-01,217.219,2280.0,5.889372201636434,15.845377696678042,2.359027334023267,56.00089579820633,-20.46172180175779
Playgreen,Nelson-Winnipeg,2001-03-01,217.169,2050.0,6.346758804284036,19.070607202593237,8.404225343838334,51.66419968008995,-7.835485839843727
Playgreen,Nelson-Winnipeg,2001-04-01,217.26,2080.0,9.307206782978028,43.877901043742895,16.5735388873145,27.892282232642174,0.27941284179689774
Playgreen,Nelson-Winnipeg,2001-05-01,217.511,2780.0,15.468726225662977,70.05018321797252,36.78969794418663,3.814852796494961,7.492181396484398
Playgreen,Nelson-Winnipeg,2001-06-01,217.588,3200.0,16.52903971262276,90.97923059016466,86.01012406870723,1.251183683052659,13.877587890625023
Playgreen,Nelson-Winnipeg,2001-07-01,217.582,3420.0,16.969152085948735,105.727817164734,112.34664544463158,1.0910134296864271,19.164971923828148
Playgreen,Nelson-Winnipeg,2001-08-01,217.693,2150.0,11.933461471926421,44.98716362286359,102.89399139583111,1.0877290042117238,18.448114013671898
Playgreen,Nelson-Winnipeg,2001-09-01,217.604,2230.0,8.19040898932144,34.743830328807235,61.62454141303897,1.1098319664597511,12.340112304687523
Playgreen,Nelson-Winnipeg,2001-10-01,217.32,2230.0,7.372138978098519,42.32752020470798,46.3531588902697,3.7391053047031164,3.2524047851562727
Playgreen,Nelson-Winnipeg,2001-11-01,217.181,2130.0,7.583869155496359,25.72330296970904,20.043295808136463,5.473777651786804,-2.8888000488281023
Playgreen,Nelson-Winnipeg,2001-12-01,216.951,2290.0,7.298309064935893,22.402172617148608,6.0087827005190775,21.976619958877563,-13.072912597656227
Playgreen,Nelson-Winnipeg,2002-01-01,216.887,2080.0,6.312592682661489,16.70898648444563,2.364380379731301,27.490707114338875,-19.463598632812477
Playgreen,Nelson-Winnipeg,2002-02-01,216.831,1820.0,4.928488575387746,14.8211142513901,4.282678652089089,33.15984085202217,-14.754492187499977
Playgreen,Nelson-Winnipeg,2002-03-01,216.838,1630.0,5.157707128091715,27.97521569300443,6.950058945221826,41.412558406591415,-15.058874511718727
Playgreen,Nelson-Winnipeg,2002-04-01,216.866,1610.0,8.498493698425591,44.2075717728585,15.352178597822785,29.478544369339943,-4.133520507812477
Playgreen,Nelson-Winnipeg,2002-05-01,217.057,1270.0,9.52487756148912,51.25860159751028,28.529802337288857,13.358778320252895,2.6025939941406477
Playgreen,Nelson-Winnipeg,2002-06-01,217.269,1220.0,19.11092083901167,104.12192903459072,63.68069211021066,3.5371272824704647,14.384057617187523
Playgreen,Nelson-Winnipeg,2002-07-01,217.461,2140.0,16.06706326128915,75.87588182650506,116.51494656689465,1.0920412605628371,19.737969970703148
Playgreen,Nelson-Winnipeg,2002-08-01,217.438,2140.0,10.742225975263864,106.15951800718904,88.29565905034542,1.12280179746449,16.622338867187523
Playgreen,Nelson-Winnipeg,2002-09-01,217.435,2010.0,7.934640452731401,64.58915770053864,71.63825444877148,1.1698896996676922,11.077874755859398
Playgreen,Nelson-Winnipeg,2002-10-01,217.229,1980.0,6.907603237777948,36.19604161940515,41.15644749253988,5.259235855191946,-0.9816345214843523
Playgreen,Nelson-Winnipeg,2002-11-01,217.066,1980.0,6.176134193083271,18.80959316622466,11.59584615379572,12.78874184936285,-8.352148437499977
Playgreen,Nelson-Winnipeg,2002-12-01,217.0,2220.0,5.652266001561657,28.22044416097924,6.1412302165990695,20.22230252623558,-11.946630859374977
Playgreen,Nelson-Winnipeg,2003-01-01,216.818,1870.0,5.050949388532899,16.853198932949454,2.304902736796066,36.277368664741516,-19.27373352050779
Playgreen,Nelson-Winnipeg,2003-02-01,216.811,1640.0,4.001408931799233,18.364852527156472,1.8533645488787442,50.10538548231125,-23.462103271484352
Playgreen,Nelson-Winnipeg,2003-03-01,216.829,1520.0,11.40561027568765,24.648103630170226,8.065111993346363,47.29247838258743,-11.987585449218727
Playgreen,Nelson-Winnipeg,2003-04-01,216.866,1400.0,6.635347235715017,49.178689951077104,15.40744153317064,18.558774143457413,-1.6453918457031023
Playgreen,Nelson-Winnipeg,2003-05-01,216.983,1100.0,7.442267538863234,58.62147163134068,39.27780070807785,7.181299384683371,8.485345458984398
Playgreen,Nelson-Winnipeg,2003-06-01,217.033,1040.0,9.779790707398206,81.93290093913674,89.4106482155621,1.8731013406068087,16.609826660156273
Playgreen,Nelson-Winnipeg,2003-07-01,216.979,1080.0,8.819350623525679,74.82642820104957,115.11151283048093,1.0882046772167087,18.556848144531273
Playgreen,Nelson-Winnipeg,2003-08-01,216.948,969.0,5.940026414464228,51.406208192929626,114.18243683874607,1.0875456500798464,20.271295166015648
Playgreen,Nelson-Winnipeg,2003-09-01,216.857,587.0,6.207187834661454,80.90095594525337,70.53224137052894,1.2701040832325816,11.076226806640648
Playgreen,Nelson-Winnipeg,2003-10-01,216.849,573.0,6.4916600967990234,39.64850434567779,35.778751014731824,2.806738018989563,3.5783935546875227
Playgreen,Nelson-Winnipeg,2003-11-01,216.793,922.0,6.066618952900171,21.969520021229982,16.682379646226764,17.596928402781487,-8.545629882812477
Playgreen,Nelson-Winnipeg,2003-12-01,216.791,905.0,5.66476714448072,18.33376695867628,4.4647990725934505,24.617264047265053,-11.590185546874977
Playgreen,Nelson-Winnipeg,2004-01-01,216.811,883.0,4.9547191883903,34.47876207064837,2.073063420539256,42.387377470731735,-24.859869384765602
Playgreen,Nelson-Winnipeg,2004-02-01,216.823,1020.0,4.182639138889499,15.629307774361223,3.474829711194616,64.55999612808228,-13.817449951171852
Playgreen,Nelson-Winnipeg,2004-03-01,216.824,1020.0,8.81130012567155,47.140471055172384,9.941489697666839,65.7796710729599,-9.598760986328102
Playgreen,Nelson-Winnipeg,2004-04-01,,878.0,7.7460764441639185,31.236388022080064,25.552684091962874,26.23162232339382,-1.1203063964843523
Playgreen,Nelson-Winnipeg,2004-05-01,,1190.0,14.389160147402436,101.22377518564463,35.91672913171351,9.974191896617413,2.7818847656250227
Playgreen,Nelson-Winnipeg,2004-06-01,217.525,2260.0,17.075417563319206,84.37136420980096,55.14093674719334,2.3641109000891447,10.461450195312523
Playgreen,Nelson-Winnipeg,2004-07-01,217.665,2410.0,16.12313254736364,91.0002076998353,98.05086674168706,1.0915141319856048,17.557550048828148
Playgreen,Nelson-Winnipeg,2004-08-01,217.563,2120.0,11.28987004631199,95.7852799911052,85.36012074910104,1.0962807573378086,13.441461181640648
Playgreen,Nelson-Winnipeg,2004-09-01,217.584,1860.0,14.1332350904122,77.53177313134074,54.318755865097046,1.1561564169824123,11.452020263671898
Playgreen,Nelson-Winnipeg,2004-10-01,217.503,2470.0,13.969701511086896,54.70069241710007,42.74632653687149,5.183116998523474,2.9233032226562727
Playgreen,Nelson-Winnipeg,2004-11-01,217.631,2190.0,12.00227765366435,13.459647016134113,21.229885169304907,5.947418976575136,-4.512304687499977
Playgreen,Nelson-Winnipeg,2004-12-01,217.555,2690.0,10.471259913174435,43.61354641150683,3.2600318736513145,22.743498906493187,-22.349020385742165
Playgreen,Nelson-Winnipeg,2005-01-01,217.51,2680.0,8.49227377329953,30.06187081336975,1.8221022546640597,53.20921912789345,-21.606634521484352
Playgreen,Nelson-Winnipeg,2005-02-01,217.463,2570.0,6.445098610129207,14.691852033138275,3.529254929162562,64.0329122543335,-15.788366699218727
Playgreen,Nelson-Winnipeg,2005-03-01,217.42,2440.0,9.073012130102143,28.972400177735835,6.894095669849776,60.31927093863487,-11.403662109374977
Playgreen,Nelson-Winnipeg,2005-04-01,217.548,2820.0,12.050475343130529,31.905124196782708,18.484483589418232,17.387788742780685,2.6106201171875227
Playgreen,Nelson-Winnipeg,2005-05-01,217.549,3520.0,13.414977729553357,72.91770866140723,39.4298245664686,4.001552704721689,6.889794921875023
Playgreen,Nelson-Winnipeg,2005-06-01,217.712,3690.0,24.71546467859298,149.24488496035337,73.29870946705341,1.2264061952009797,14.367761230468773
Playgreen,Nelson-Winnipeg,2005-07-01,218.001,4030.0,20.49451950006187,77.83747860230505,115.84871215745807,1.0878489119932055,18.360223388671898
Playgreen,Nelson-Winnipeg,2005-08-01,217.973,4010.0,15.619315556250513,93.76993984915316,94.39452062360942,1.1130659841001034,16.213922119140648
Playgreen,Nelson-Winnipeg,2005-09-01,,3840.0,13.597151264548302,69.25755646079779,64.6702735684812,1.4131783973425627,11.442529296875023
Playgreen,Nelson-Winnipeg,2005-10-01,217.657,2820.0,10.924683476332575,39.6649066824466,31.336377491243184,2.1076290868222713,4.370263671875023
Playgreen,Nelson-Winnipeg,2005-11-01,217.576,2230.0,9.592066635377705,43.056918075308204,23.00431311596185,10.354699566960335,-4.574468994140602
Playgreen,Nelson-Winnipeg,2005-12-01,217.44,2690.0,9.006782958749682,28.89562858035788,5.644984194077551,25.70752240717411,-13.256903076171852
Playgreen,Nelson-Winnipeg,2006-01-01,217.398,2690.0,7.889371510827914,25.310954719316214,3.250434747315012,43.27332600951195,-11.825720214843727
Playgreen,Nelson-Winnipeg,2006-02-01,217.378,2660.0,6.174024601932615,17.80756190419197,3.29677268746309,56.09868839383125,-17.312460327148415
Playgreen,Nelson-Winnipeg,2006-03-01,217.36,2580.0,8.028544165426865,37.538402364589274,9.20089622377418,71.96605950593948,-7.412695312499977
Playgreen,Nelson-Winnipeg,2006-04-01,217.429,2880.0,15.069837681949139,37.262459518387914,17.57003366947174,20.634833723306656,3.0338684082031477
Playgreen,Nelson-Winnipeg,2006-05-01,217.479,3420.0,15.008950140327215,79.04173852875829,32.5135022867471,3.901937510818243,6.374353027343773
Playgreen,Nelson-Winnipeg,2006-06-01,217.562,2930.0,13.88131349813193,76.49022387340665,86.56111545860767,1.194202108308673,16.839898681640648
Playgreen,Nelson-Winnipeg,2006-07-01,217.549,2640.0,10.51214846665971,58.850227389484644,119.31320326402783,1.0875387815758586,19.369287109375023
Playgreen,Nelson-Winnipeg,2006-08-01,217.396,2280.0,9.626603627111763,67.87930056452751,104.04043714515865,1.091340440325439,17.637506103515648
Playgreen,Nelson-Winnipeg,2006-09-01,217.231,1330.0,7.359310984611511,78.02446838468313,72.20894331112504,1.5955173876136541,11.162225341796898
Playgreen,Nelson-Winnipeg,2006-10-01,217.086,955.0,6.150695393444039,48.78298193216324,48.17519325297326,5.570969078689814,2.2059265136718977
Playgreen,Nelson-Winnipeg,2006-11-01,217.042,1800.0,5.3853758436162025,44.804178178310394,17.543277936056256,17.120858654379845,-8.431646728515602
Playgreen,Nelson-Winnipeg,2006-12-01,216.866,2070.0,5.133751415996812,25.031844328623265,3.4728034734143876,40.73159769177437,-10.997320556640602
Playgreen,Nelson-Winnipeg,2007-01-01,216.819,1920.0,4.8063461581477895,18.44734908081591,2.4113399631460197,55.64418435096741,-17.73851623535154
Playgreen,Nelson-Winnipeg,2007-02-01,216.863,1750.0,4.0602965746074915,23.985202657058835,2.2373319370672107,66.8552964925766,-20.534735107421852
Playgreen,Nelson-Winnipeg,2007-03-01,216.926,1670.0,8.843123185215518,37.43832465261221,8.345574809936807,68.00629943609238,-9.090704345703102
Playgreen,Nelson-Winnipeg,2007-04-01,217.072,1460.0,9.067131613846868,39.32432737201452,13.3990214089863,28.766093775629997,-1.7550109863281023
Playgreen,Nelson-Winnipeg,2007-05-01,217.325,1150.0,14.630297955591232,97.06940432079136,39.30195129942149,6.612988654524088,6.655267333984398
Playgreen,Nelson-Winnipeg,2007-06-01,217.486,2210.0,23.71008158661425,119.11426205188036,81.15408942103386,1.8811849877238274,13.522912597656273
Playgreen,Nelson-Winnipeg,2007-07-01,217.672,3060.0,16.742870211601257,56.194936274550855,109.35499635525048,1.0906426468864083,19.993676757812523
Playgreen,Nelson-Winnipeg,2007-08-01,217.578,2260.0,11.984080454567447,73.49724345840514,104.6417118050158,1.0958712082356215,15.808709716796898
Playgreen,Nelson-Winnipeg,2007-09-01,217.496,1980.0,9.44555358728394,70.82084426656365,60.615953989326954,1.2548414524644613,9.664208984375023
Playgreen,Nelson-Winnipeg,2007-10-01,217.37,2470.0,12.554180750157684,47.93585266452283,34.03564274776727,1.678033615462482,4.822595214843773
Playgreen,Nelson-Winnipeg,2007-11-01,217.237,2480.0,11.679174494929612,30.16764298081398,23.488925071433187,9.042308665812016,-7.449163818359352
Playgreen,Nelson-Winnipeg,2007-12-01,,2560.0,9.630653687054291,26.057827635668218,2.8339076452539302,32.85326436161995,-17.884115600585915
Playgreen,Nelson-Winnipeg,2008-01-01,,2380.0,7.6612130214925855,15.773715858813375,2.2714301958330907,44.75776106119156,-19.464804077148415
Playgreen,Nelson-Winnipeg,2008-02-01,217.282,2210.0,6.053316697943956,18.05206184508279,2.6117524175788276,58.59814956784248,-21.672399902343727
Playgreen,Nelson-Winnipeg,2008-03-01,217.309,2100.0,6.085567380068824,24.70318228006363,8.016338950255886,56.00711330771446,-12.232183837890602
Playgreen,Nelson-Winnipeg,2008-04-01,217.367,1800.0,7.771785312797874,41.49783169850707,21.298318170011044,33.80664065480232,-1.4718078613281023
Playgreen,Nelson-Winnipeg,2008-05-01,217.527,1440.0,9.571736096404493,47.800379106774926,37.93294262140989,8.06329119950533,4.616784667968773
Playgreen,Nelson-Winnipeg,2008-06-01,217.598,2200.0,15.871510840952396,100.62206536531448,69.59174294024706,2.0078110974282026,14.215173339843773
Playgreen,Nelson-Winnipeg,2008-07-01,217.578,3360.0,16.305088414810598,109.31553691625595,103.35488081909716,1.095107989385724,17.787561035156273
Playgreen,Nelson-Winnipeg,2008-08-01,217.658,3440.0,11.29413302987814,63.877354143187404,105.962437344715,1.0934401070699096,19.144799804687523
Playgreen,Nelson-Winnipeg,2008-09-01,217.687,2330.0,9.533993143122643,62.40020273253322,66.99695717543364,1.1260597966611385,10.470513916015648
Playgreen,Nelson-Winnipeg,2008-10-01,217.571,2740.0,8.164054714143276,50.31616555061191,37.29040047619492,1.477287500165403,4.741479492187523
Playgreen,Nelson-Winnipeg,2008-11-01,217.338,2540.0,8.01247515482828,31.820620642974973,23.03627086803317,7.817603647708893,-5.274542236328102
Playgreen,Nelson-Winnipeg,2008-12-01,217.163,2540.0,7.541969476733357,30.838471837341785,3.321779950056225,25.142842903733253,-23.868841552734352
Playgreen,Nelson-Winnipeg,2009-01-01,217.178,2240.0,6.633505574427545,22.933752683456987,2.3637298800167628,51.07096955180168,-21.117086791992165
Playgreen,Nelson-Winnipeg,2009-02-01,217.198,2120.0,5.420147790573537,24.260286008939147,2.5470519030932337,61.773769557476044,-17.22991027832029
Playgreen,Nelson-Winnipeg,2009-03-01,217.211,2080.0,10.566502634901553,41.222681174986064,9.312749694800004,67.15638190507889,-12.492651367187477
Playgreen,Nelson-Winnipeg,2009-04-01,217.367,2210.0,10.97688014851883,35.85645463317633,15.33999340608716,35.509999841451645,-0.7785095214843523
Playgreen,Nelson-Winnipeg,2009-05-01,217.587,3310.0,14.604206691728905,52.21867060754448,33.047132194042206,8.372628130018711,3.1221862792968977
Playgreen,Nelson-Winnipeg,2009-06-01,217.712,3690.0,16.549451393075287,74.26777621731162,54.09351666457951,2.0390325225889683,11.927728271484398
Playgreen,Nelson-Winnipeg,2009-07-01,217.701,3650.0,13.728908350458369,90.38202185183764,91.2508585024625,1.0886747622862458,15.508203125000023
Playgreen,Nelson-Winnipeg,2009-08-01,217.655,3610.0,15.205274743493646,91.99997433461249,81.89058443531394,1.0926767718046904,15.444146728515648
Playgreen,Nelson-Winnipeg,2009-09-01,217.714,3170.0,11.583495943341404,32.61329373344779,68.31795908510685,1.095007755793631,16.027398681640648
Playgreen,Nelson-Winnipeg,2009-10-01,217.545,2370.0,8.913712779758498,64.43486758507788,36.46161512006074,3.909109625965357,1.9506469726562727
Playgreen,Nelson-Winnipeg,2009-11-01,217.518,2360.0,6.9703404733445495,14.139583508949727,18.768988084048033,4.85003599897027,-0.7553466796874773
Playgreen,Nelson-Winnipeg,2009-12-01,217.285,2420.0,6.581130423001014,26.970970444381237,6.4495571568841115,17.962664365768433,-17.113104248046852
Playgreen,Nelson-Winnipeg,2010-01-01,217.18,,5.938645568676293,25.867293472401798,4.289931035600603,35.98532825708389,-15.541906738281227
Playgreen,Nelson-Winnipeg,2010-02-01,217.187,2170.0,4.594504134729505,11.501994566060603,3.7479597376659513,53.04456874728203,-14.142767333984352
Playgreen,Nelson-Winnipeg,2010-03-01,217.217,2020.0,8.39758591610007,15.491891594137996,7.977034692885354,27.174079790711403,-3.8334716796874773
Playgreen,Nelson-Winnipeg,2010-04-01,217.401,1330.0,5.961144051980227,58.00568265840411,23.870806326158345,7.328008767217398,3.7820983886718977
Playgreen,Nelson-Winnipeg,2010-05-01,217.578,1030.0,10.602379363263026,109.79698249138892,46.145316562615335,6.669096648693085,7.428521728515648
Playgreen,Nelson-Winnipeg,2010-06-01,217.694,2320.0,13.894126459490508,107.35336923971772,90.68039478734136,2.6908796280622482,15.305200195312523
Playgreen,Nelson-Winnipeg,2010-07-01,217.694,3350.0,15.35035332199186,107.15475189499557,110.95913406461477,1.1088254395872355,19.208581542968773
Playgreen,Nelson-Winnipeg,2010-08-01,217.698,3300.0,15.20150707801804,113.25349076651037,99.92807358503342,1.0976475896313787,16.553857421875023
Playgreen,Nelson-Winnipeg,2010-09-01,217.75,3570.0,14.76451987400651,84.24250641837716,56.85250391252339,1.2049543438479304,9.202081298828148
Playgreen,Nelson-Winnipeg,2010-10-01,217.615,3520.0,13.452203274937347,40.65367707516998,42.72120515815914,2.5486235972493887,5.445458984375023
Playgreen,Nelson-Winnipeg,2010-11-01,217.64,3010.0,11.003950203303248,38.33195543847978,21.46841143257916,12.49679271131754,-5.719213867187477
Playgreen,Nelson-Winnipeg,2010-12-01,217.611,2920.0,9.851499693468213,22.32709899544716,4.4885274255648255,39.417002350091934,-15.105871582031227
Playgreen,Nelson-Winnipeg,2011-01-01,217.515,2690.0,8.377535006729886,34.30368471890688,1.8709716096054763,64.90792334079742,-21.742407226562477
Playgreen,Nelson-Winnipeg,2011-02-01,217.463,2490.0,6.5500769997015595,18.44220352359116,3.425146045628935,84.50203388929367,-17.679266357421852
Playgreen,Nelson-Winnipeg,2011-03-01,217.421,2370.0,6.944951033801772,28.637326962780207,6.279590874328278,92.2197550535202,-13.495947265624977
Playgreen,Nelson-Winnipeg,2011-04-01,217.537,2530.0,14.777955366298556,49.321220722049475,16.07634185347706,43.01967844367027,-0.8620971679687273
Playgreen,Nelson-Winnipeg,2011-05-01,217.809,3660.0,18.38079240405932,75.24442253634334,35.55813687853515,9.147019125521183,6.283715820312523
Playgreen,Nelson-Winnipeg,2011-06-01,218.112,4190.0,24.316706112585962,106.81131156161427,76.01213408634067,2.555565908551216,15.085931396484398
Playgreen,Nelson-Winnipeg,2011-07-01,218.186,4310.0,21.31009817821905,94.22597894445062,114.0187093988061,1.0963613167405128,19.391015625000023
Playgreen,Nelson-Winnipeg,2011-08-01,218.09,4160.0,12.939465144881979,60.38224173244089,106.05402337387204,1.0885322699323297,18.213983154296898
Playgreen,Nelson-Winnipeg,2011-09-01,217.858,3900.0,8.655304263811558,37.425082409754395,72.14552024379373,1.1151059297844768,13.431176757812523
Playgreen,Nelson-Winnipeg,2011-10-01,217.546,2710.0,6.854283463326283,35.19785206299275,44.32717617601156,1.5185129595920444,5.661523437500023
Playgreen,Nelson-Winnipeg,2011-11-01,217.416,2370.0,5.658610170939937,27.364500565454364,24.805980501696467,9.724367409944534,-5.184576416015602
Playgreen,Nelson-Winnipeg,2011-12-01,217.161,2580.0,5.234452561126091,20.10302513372153,5.949249796685763,18.389135599136353,-12.761602783203102
Playgreen,Nelson-Winnipeg,2012-01-01,217.059,2240.0,4.777598311193287,24.270223744679242,3.3213290662388317,30.153779312968254,-17.099218749999977
Playgreen,Nelson-Winnipeg,2012-02-01,217.048,2010.0,4.059248094563372,15.06759476615116,3.975363099016249,37.751875817775726,-12.688421630859352
Playgreen,Nelson-Winnipeg,2012-03-01,217.161,1450.0,6.650872383033857,46.00285261403769,13.192911923397332,32.0093035697937,-4.564978027343727
Playgreen,Nelson-Winnipeg,2012-04-01,217.377,1190.0,7.867379172239453,51.54635407961905,22.750180796720088,13.38136661797762,0.5736328125000227
Playgreen,Nelson-Winnipeg,2012-05-01,217.466,1210.0,11.027417320292443,90.54445009678602,45.702236937358975,7.43938097730279,6.422967529296898
Playgreen,Nelson-Winnipeg,2012-06-01,,1590.0,19.46048636455089,112.93062474578619,77.67862407490611,3.1691845506429672,15.305993652343773
Playgreen,Nelson-Winnipeg,2012-07-01,217.676,2270.0,15.65580308670178,87.55384758114815,117.64219310134649,1.1277375742793083,21.086389160156273
Playgreen,Nelson-Winnipeg,2012-08-01,217.611,2290.0,9.972851723432541,67.93961930088699,99.50327291153371,1.0915432358160615,17.536981201171898
Playgreen,Nelson-Winnipeg,2012-09-01,217.527,1520.0,6.097586156101897,21.30274660885334,71.36150496080518,1.0954475728794932,11.302331542968773
Playgreen,Nelson-Winnipeg,2012-10-01,217.348,1830.0,5.955697954050265,73.71947797946632,42.36521851271391,5.38551714271307,1.9645324707031477
Playgreen,Nelson-Winnipeg,2012-11-01,217.261,2210.0,5.528373731067404,39.77890592068434,19.12425155751407,20.48126608133316,-9.384893798828102
Playgreen,Nelson-Winnipeg,2012-12-01,217.165,2410.0,5.472484932397492,25.13215661747381,2.7330851517035626,40.47825559973717,-18.908209228515602
Playgreen,Nelson-Winnipeg,2013-01-01,217.123,2230.0,5.136950683663599,34.017103957012296,2.0106943920836784,60.15802174806595,-21.797811889648415
Playgreen,Nelson-Winnipeg,2013-02-01,217.11,2170.0,4.246876924298704,20.03403683193028,2.7026979660149664,82.42293447256088,-17.496160888671852
Playgreen,Nelson-Winnipeg,2013-03-01,217.102,2120.0,4.402089005452581,30.912258895114064,8.442374761216342,101.7964780330658,-10.923620605468727
Playgreen,Nelson-Winnipeg,2013-04-01,217.105,2050.0,11.600168945733458,41.793761774897575,18.50539119914174,95.08126974105835,-4.249090576171852
Playgreen,Nelson-Winnipeg,2013-05-01,217.291,1940.0,15.274072531610727,65.9989973064512,32.26007986813784,12.167507782578468,6.028436279296898
Playgreen,Nelson-Winnipeg,2013-06-01,217.547,2550.0,21.937817218713462,109.87059446051717,68.43927316367626,1.8336183857172728,15.117181396484398
Playgreen,Nelson-Winnipeg,2013-07-01,217.579,3610.0,15.474244195502251,85.19392483867705,116.15228350274265,1.0886579984799027,18.437432861328148
Playgreen,Nelson-Winnipeg,2013-08-01,217.562,2840.0,10.605307063087821,55.282074958086014,95.98965779878199,1.0875305160880089,17.986779785156273
Playgreen,Nelson-Winnipeg,2013-09-01,217.627,2130.0,8.133277588058263,51.9790209364146,66.84718653559685,1.1372278677299619,13.920312500000023
Playgreen,Nelson-Winnipeg,2013-10-01,217.424,2190.0,7.291603775229305,41.28425579983741,45.27000559028238,2.572070574387908,2.9776550292968977
Playgreen,Nelson-Winnipeg,2013-11-01,217.263,2330.0,5.86933339945972,37.7534469589591,18.291593296453357,17.019817605614662,-8.464056396484352
Playgreen,Nelson-Winnipeg,2013-12-01,217.194,2390.0,5.559038836508989,34.26180372480303,2.3506623692810535,43.62495616078377,-24.769232177734352
Playgreen,Nelson-Winnipeg,2014-01-01,217.207,2120.0,5.095513130072504,30.294679338112473,2.015574493270833,69.7704553604126,-23.183859252929665
Playgreen,Nelson-Winnipeg,2014-02-01,217.215,2090.0,4.155457369051874,18.70852499268949,2.298280072864145,84.69846844673157,-21.757711791992165
Playgreen,Nelson-Winnipeg,2014-03-01,217.215,2040.0,5.6148225703509524,25.096275378018618,6.276927073486149,89.38330411911011,-15.416265869140602
Playgreen,Nelson-Winnipeg,2014-04-01,217.238,1980.0,10.626492148730904,58.854909148067236,16.068562399595976,62.921762466430664,-3.9129394531249773
Playgreen,Nelson-Winnipeg,2014-05-01,217.527,2160.0,18.80671182880178,68.4016419108957,27.71591441705823,17.317770048975945,5.989251708984398
Playgreen,Nelson-Winnipeg,2014-06-01,217.649,3740.0,30.249240808188915,146.15914318710566,64.90509258583188,2.404304686933756,13.700646972656273
Playgreen,Nelson-Winnipeg,2014-07-01,217.873,3930.0,21.282475849147886,69.0229891333729,113.02662966772914,1.0901784989982843,18.082757568359398
Playgreen,Nelson-Winnipeg,2014-08-01,217.977,4030.0,14.467432134551927,89.5542181096971,100.36564967595041,1.0876731248572469,17.456262207031273
Playgreen,Nelson-Winnipeg,2014-09-01,217.897,3840.0,9.928521467372775,48.60001034103334,54.52430807054043,1.377347274683416,10.555535888671898
Playgreen,Nelson-Winnipeg,2014-10-01,217.633,3210.0,8.326969254994765,37.01878210995346,39.61977770086378,1.7662132158875465,4.158715820312523
Playgreen,Nelson-Winnipeg,2014-11-01,217.516,2360.0,7.303422025870532,39.65137177146971,24.321358068846166,11.197175830602646,-11.830603027343727
Playgreen,Nelson-Winnipeg,2014-12-01,217.45,2650.0,6.981890575843863,16.42523508053273,2.635656579514034,26.665372774004936,-14.304296874999977
Playgreen,Nelson-Winnipeg,2015-01-01,217.383,2310.0,6.347819813527167,25.117307901382446,3.064183641981799,38.99424895644188,-19.60863342285154
Playgreen,Nelson-Winnipeg,2015-02-01,217.363,2080.0,5.102429306134582,25.653379736468196,2.3560299014206976,54.24332991242409,-23.547949218749977
Playgreen,Nelson-Winnipeg,2015-03-01,217.358,2080.0,9.880901197902858,26.802120206411928,8.729832479730248,44.41743716597557,-9.356848144531227
Playgreen,Nelson-Winnipeg,2015-04-01,217.4,2010.0,6.758355157217011,30.6195009034127,15.60968637932092,17.462730407714844,-1.3511108398437273
Playgreen,Nelson-Winnipeg,2015-05-01,217.454,2030.0,11.203365313122049,57.69595399033278,39.86672218888998,5.443525966256857,5.763665771484398
Playgreen,Nelson-Winnipeg,2015-06-01,217.574,2310.0,12.598836910910904,64.29598666727543,73.2500315643847,1.2132348492741585,15.197534179687523
Playgreen,Nelson-Winnipeg,2015-07-01,217.594,1960.0,12.762556289089844,110.42166431434453,112.0201216544956,1.0903279762715101,19.282342529296898
Playgreen,Nelson-Winnipeg,2015-08-01,217.633,1850.0,10.22723049391061,85.4963413439691,84.7079826053232,1.0991987073794007,16.908471679687523
Playgreen,Nelson-Winnipeg,2015-09-01,217.656,2280.0,9.800972475204617,70.25312399491668,65.71543402969837,1.2271925806999207,12.471490478515648
Playgreen,Nelson-Winnipeg,2015-10-01,217.56,2110.0,8.005269628483802,43.88294171076268,40.7073013484478,1.3627049047499895,5.029809570312523
Playgreen,Nelson-Winnipeg,2015-11-01,217.383,2180.0,8.189646760001779,43.07277384214103,24.119073059409857,7.714140694588423,-3.5128845214843523
Playgreen,Nelson-Winnipeg,2015-12-01,217.17,2410.0,9.085059456992894,23.289901728276163,5.987216965877451,21.03514038026333,-10.006719970703102
Playgreen,Nelson-Winnipeg,2016-01-01,217.268,2360.0,7.858287368435413,20.083060837350786,2.524170311517082,34.1130755841732,-16.837011718749977
Playgreen,Nelson-Winnipeg,2016-02-01,217.316,2320.0,6.2454385188175365,22.781158913858235,3.6507264740066603,43.4284582734108,-17.171881103515602
Playgreen,Nelson-Winnipeg,2016-03-01,217.328,2320.0,7.536395569331944,36.46906744688749,10.075322119519114,36.17411479353905,-7.379095458984352
Playgreen,Nelson-Winnipeg,2016-04-01,,2400.0,10.838087182492018,42.37149492837489,19.021000480279326,18.287377431988716,-2.5866455078124773
Playgreen,Nelson-Winnipeg,2016-05-01,,2150.0,13.163547409931198,72.83920119516551,37.69106860272586,2.2930263075977564,8.133843994140648
Playgreen,Nelson-Winnipeg,2016-06-01,217.627,2390.0,14.388775744009763,91.31232742220163,86.87915280461311,1.1453710030764341,15.553857421875023
Playgreen,Nelson-Winnipeg,2016-07-01,217.566,3070.0,15.591083327308297,127.74372287094593,104.05398486182094,1.088228658773005,18.761529541015648
Playgreen,Nelson-Winnipeg,2016-08-01,217.556,2870.0,14.12405670271255,105.03552667796612,97.07485372200608,1.095513696782291,17.020196533203148
Playgreen,Nelson-Winnipeg,2016-09-01,217.527,2340.0,11.03889400837943,73.55187786743045,62.27763136848807,1.134618534706533,12.553460693359398
Playgreen,Nelson-Winnipeg,2016-10-01,217.626,2180.0,14.773095725104213,85.50718240439892,40.3392935404554,7.953002117574215,2.6432128906250227
Playgreen,Nelson-Winnipeg,2016-11-01,217.81,2470.0,13.759533176198602,29.354357393458486,17.521011759527028,5.54750906303525,0.48839721679689774
Playgreen,Nelson-Winnipeg,2016-12-01,217.733,2580.0,12.325049669016153,34.740419941954315,8.671393967233598,26.074852794408798,-16.687048339843727
Playgreen,Nelson-Winnipeg,2017-01-01,217.699,2690.0,10.184545622905716,20.245671330485493,2.357041958021,47.47645929455757,-14.578985595703102
Playgreen,Nelson-Winnipeg,2017-02-01,217.653,2690.0,8.744633640162647,20.93723602592945,4.7656106180511415,49.404725432395935,-14.402014160156227
Playgreen,Nelson-Winnipeg,2017-03-01,217.648,2640.0,11.567111039767042,35.933947074227035,10.559978691162542,40.917493402957916,-10.862768554687477
Playgreen,Nelson-Winnipeg,2017-04-01,217.857,3110.0,11.886646680068225,47.7992242667824,19.279744592495263,14.770408160984516,-1.3884033203124773
Playgreen,Nelson-Winnipeg,2017-05-01,217.821,3750.0,14.73846405860968,53.222453920170665,31.901296344585717,6.931384094059467,6.218682861328148
Playgreen,Nelson-Winnipeg,2017-06-01,217.794,3670.0,17.677482683211565,94.16592540219426,68.7947147525847,1.578560215421021,14.022119140625023
Playgreen,Nelson-Winnipeg,2017-07-01,217.752,3770.0,13.426308694761246,56.78143980912864,116.19115830399096,1.0875365696847439,19.452081298828148
Playgreen,Nelson-Winnipeg,2017-08-01,217.564,2810.0,8.716891054064035,46.18548334110528,113.9338647481054,1.0876121232286096,19.235986328125023
Playgreen,Nelson-Winnipeg,2017-09-01,217.486,1610.0,8.011652680579573,72.32084171846509,67.02064303681254,1.290347776375711,12.556787109375023
Playgreen,Nelson-Winnipeg,2017-10-01,217.355,1640.0,7.624377234606072,52.594094653613865,48.06073778308928,3.053277963772416,4.913720703125023
Playgreen,Nelson-Winnipeg,2017-11-01,217.112,2340.0,6.333634082693607,32.732023391872644,19.878364400938153,22.818606346845627,-11.096350097656227
Playgreen,Nelson-Winnipeg,2017-12-01,217.03,2270.0,5.800662940600887,23.353970085736364,3.3685401431284845,32.6693058013916,-17.991049194335915
Playgreen,Nelson-Winnipeg,2018-01-01,217.047,2070.0,5.255597410723567,23.483887780457735,2.315581623406615,45.080192387104034,-20.606054687499977
Playgreen,Nelson-Winnipeg,2018-02-01,,1950.0,4.218204005155712,16.710569616407156,1.5875673707341775,61.00768968462944,-20.111883544921852
Playgreen,Nelson-Winnipeg,2018-03-01,,1900.0,5.37859508767724,36.415796843357384,12.376603350276127,75.3936693072319,-8.080023193359352
Playgreen,Nelson-Winnipeg,2018-04-01,217.081,1590.0,11.046593135688454,17.973706126213074,15.711784944869578,57.699818164110184,-4.866674804687477
Playgreen,Nelson-Winnipeg,2018-05-01,,1420.0,8.675776043673977,46.54220619704574,40.349586051888764,5.480466410517693,8.130731201171898
Playgreen,Nelson-Winnipeg,2018-06-01,,1530.0,12.390798947308213,94.51586985960603,78.8724166341126,1.1771051213145256,16.679742431640648
Playgreen,Nelson-Winnipeg,2018-07-01,217.28,1440.0,11.603040096815675,90.25165485218167,120.33375701867044,1.10256124753505,18.603784179687523
Playgreen,Nelson-Winnipeg,2018-08-01,217.265,1220.0,7.020237579126842,49.15219871327281,101.78846307098866,1.094646519050002,16.611383056640648
Playgreen,Nelson-Winnipeg,2018-09-01,217.154,894.0,6.491313397418708,81.02894760668278,65.88366581127048,1.7433438915759325,7.468865966796898
Playgreen,Nelson-Winnipeg,2018-10-01,217.024,1400.0,7.100950970198028,49.18749711941928,34.22396827954799,6.464296020567417,-0.19187011718747726
Playgreen,Nelson-Winnipeg,2018-11-01,216.837,2060.0,8.029488672036678,29.744087951257825,15.828661853447556,13.954308815300465,-10.957678222656227
Playgreen,Nelson-Winnipeg,2018-12-01,216.831,1960.0,7.480419211788103,20.6786731723696,3.4453929401934147,24.907339364290237,-13.429296874999977
Playgreen,Nelson-Winnipeg,2019-01-01,216.891,1890.0,6.2792593089398,25.82732157316059,2.2921221316209994,43.07864233851433,-22.22490539550779
Playgreen,Nelson-Winnipeg,2019-02-01,216.939,1850.0,4.771055013407022,27.497822884470224,1.650956051889807,68.06877255439758,-22.084600830078102
Playgreen,Nelson-Winnipeg,2019-03-01,216.98,1870.0,8.96189667400904,16.31180994445458,10.399916965980083,66.03527069091797,-8.467138671874977
Playgreen,Nelson-Winnipeg,2019-04-01,217.071,1670.0,7.232265779748559,35.73401249013841,16.259217518381774,25.077199563384056,-1.0356811523437273
Playgreen,Nelson-Winnipeg,2019-05-01,217.324,1570.0,10.470811510458589,41.50978522375226,36.60390945151448,7.030719425529242,4.822076416015648
Playgreen,Nelson-Winnipeg,2019-06-01,217.401,1690.0,13.919241609983146,86.46725909784436,70.62910124659538,1.4820042997598648,14.648431396484398
Playgreen,Nelson-Winnipeg,2019-07-01,217.37,1700.0,13.102672004606575,90.3143915347755,108.29957365058362,1.0944096138700843,18.843957519531273
Playgreen,Nelson-Winnipeg,2019-08-01,,1640.0,8.519649796653539,74.09680029377341,104.25139032304287,1.0876806918531656,16.202020263671898
Playgreen,Nelson-Winnipeg,2019-09-01,,1130.0,10.455579904373735,101.31744900718331,60.53867284208536,1.3577271020039916,11.640039062500023
Playgreen,Nelson-Winnipeg,2019-10-01,,1910.0,11.574483069125563,63.18332417868078,38.94477733410895,6.128294859081507,2.2777954101562727
Playgreen,Nelson-Winnipeg,2019-11-01,217.506,2540.0,10.64303854946047,31.789062777534127,16.208604793064296,14.8452864959836,-8.487036132812477
Playgreen,Nelson-Winnipeg,2019-12-01,,2690.0,8.755519549595192,21.156625356525183,2.3700612000538968,28.735190629959106,-16.400244140624977
Playgreen,Nelson-Winnipeg,2020-01-01,,2680.0,7.060952004394494,26.687099947594106,2.379452620516531,49.79440197348595,-15.517797851562477
Playgreen,Nelson-Winnipeg,2020-02-01,217.479,2650.0,5.77631859050598,16.28772250842303,3.4216065832879394,60.520824044942856,-16.233526611328102
Playgreen,Nelson-Winnipeg,2020-03-01,217.455,2560.0,6.261265007196926,28.69171812199056,9.64632973773405,63.239745795726776,-10.042700195312477
Playgreen,Nelson-Winnipeg,2020-04-01,217.549,2560.0,10.775788687169552,34.49999028816819,15.832938370294869,49.89740625023842,-3.5321716308593523
Playgreen,Nelson-Winnipeg,2020-05-01,217.707,2730.0,10.66343070124276,47.89079586043954,26.705689262598753,11.31992507725954,4.075769042968773
Playgreen,Nelson-Winnipeg,2020-06-01,217.714,2740.0,17.942803096957505,106.15756502375007,59.923266526311636,2.7540402952581644,13.646875000000023
Playgreen,Nelson-Winnipeg,2020-07-01,217.745,3280.0,18.310832558199763,99.47352856397629,105.06322840228677,1.1112317442893982,20.030786132812523
Playgreen,Nelson-Winnipeg,2020-08-01,217.594,3060.0,11.860318598337471,68.37324728257954,102.94248745776713,1.0893313447013497,18.003717041015648
Playgreen,Nelson-Winnipeg,2020-09-01,217.552,1590.0,8.445848361589015,41.566273430362344,60.860628727823496,1.1095539666712284,9.967523193359398
Playgreen,Nelson-Winnipeg,2020-10-01,217.476,1500.0,7.630985986907035,36.1425147857517,44.61366671603173,4.717350006103516,0.5075012207031477
Playgreen,Nelson-Winnipeg,2020-11-01,,2170.0,6.732970214216039,30.9998681768775,13.353415997698903,18.86998489499092,-8.149999999999977
Playgreen,Nelson-Winnipeg,2020-12-01,,2210.0,6.208497841726057,21.484092867467552,2.9540858886321075,30.27457371354103,-13.835913085937477
Playgreen,Nelson-Winnipeg,2021-01-01,,2030.0,5.4369704448617995,20.460336236283183,1.8633461695571896,44.62787136435509,-13.835394287109352
Playgreen,Nelson-Winnipeg,2021-02-01,,1880.0,4.344837332610041,12.753147748298943,3.2868387643247843,54.40455675125122,-20.666479492187477
Playgreen,Nelson-Winnipeg,2021-03-01,,1790.0,5.380362985306419,21.702133875805885,12.189572502393275,35.101212561130524,-7.034582519531227
Playgreen,Nelson-Winnipeg,2021-04-01,217.03,1770.0,5.563278682529926,36.59543814137578,21.968770888634026,19.250765442848206,-0.6926940917968523
Playgreen,Nelson-Winnipeg,2021-05-01,217.128,1220.0,7.670587976463139,50.33345927949995,31.11640573479235,7.836200296878815,4.669396972656273
Playgreen,Nelson-Winnipeg,2021-06-01,217.233,1220.0,10.984210821334273,58.569920947775245,78.06974463164806,1.9977844785898924,16.148431396484398
Playgreen,Nelson-Winnipeg,2021-07-01,217.221,754.0,7.39402680483181,40.31503468286246,120.1374342199415,1.0875108418986201,20.406976318359398
Playgreen,Nelson-Winnipeg,2021-08-01,217.128,532.0,6.68807266629301,90.34309652633965,96.41782916150987,1.109715667553246,17.000390625000023
Playgreen,Nelson-Winnipeg,2021-09-01,217.107,617.0,4.611687763826922,37.91152616031468,59.91009995341301,1.1160402791574597,13.917626953125023
Playgreen,Nelson-Winnipeg,2021-10-01,216.999,626.0,4.525430427747779,46.67889594566077,42.161046410910785,1.3935097958892584,7.391473388671898
Playgreen,Nelson-Winnipeg,2021-11-01,,826.0,3.633305968833156,40.35141784697771,26.725080097094178,15.056228265166283,-4.264440917968727
Playgreen,Nelson-Winnipeg,2021-12-01,,994.0,3.667816024972126,37.863027886487544,3.8926683337194845,37.6916229724884,-18.93352355957029
Playgreen,Nelson-Winnipeg,2022-01-01,,1080.0,3.438950196141377,33.09678670484573,1.7070233516278677,65.92270731925964,-23.696356201171852
Playgreen,Nelson-Winnipeg,2022-02-01,216.935,1260.0,2.972757414681837,31.2924450263381,2.383186074439436,90.04420042037964,-23.006842041015602
Playgreen,Nelson-Winnipeg,2022-03-01,216.943,1350.0,4.482854274101555,31.762448488734663,9.097706759348512,96.91799432039261,-10.691473388671852
Playgreen,Nelson-Winnipeg,2022-04-01,217.022,1520.0,8.578391571063548,76.03085367009044,20.94120194669813,79.12975549697876,-2.2262939453124773
Playgreen,Nelson-Winnipeg,2022-05-01,217.522,2530.0,42.07529593259096,98.5140586271882,22.767136339098215,19.897062331438065,5.315545654296898
Playgreen,Nelson-Winnipeg,2022-06-01,218.063,3840.0,26.870713918469846,102.56596840918064,78.10125360265374,2.9772454872727394,13.665155029296898
Playgreen,Nelson-Winnipeg,2022-07-01,218.282,4290.0,18.700683081988245,88.44326203688979,109.08759315498173,1.1070703621953726,18.923760986328148
Playgreen,Nelson-Winnipeg,2022-08-01,218.212,4230.0,11.488902207929641,63.04016010835767,98.63499202765524,1.087628654204309,18.219873046875023
Playgreen,Nelson-Winnipeg,2022-09-01,217.961,3970.0,4.000550543423742,16.66376832872629,29.928633011877537,1.0968076530843973,13.337304687500023
Playgreen,Nelson-Winnipeg,2022-10-01,217.58,3170.0,3.5020942304981872,16.19096676586196,20.815794181544334,2.3677460849285126,4.052026367187523
Playgreen,Nelson-Winnipeg,2022-11-01,,2600.0,2.9499634547391906,23.775416775606573,11.1147336428985,22.463656961917877,-6.999212646484352
Playgreen,Nelson-Winnipeg,2022-12-01,,2380.0,2.762181480647996,21.894654724746943,1.76757643930614,50.418198108673096,-17.899862670898415
Playgreen,Nelson-Winnipeg,2023-01-01,,2320.0,2.4715193067095242,8.289532590424642,1.0751262598205358,74.33952391147614,-14.486975097656227
Playgreen,Nelson-Winnipeg,2023-02-01,217.289,2260.0,1.9989681022707373,9.441649890504777,1.1741954804165289,85.21731197834015,-18.69365539550779
Playgreen,Nelson-Winnipeg,2023-03-01,217.223,1850.0,1.9848446972901002,9.889288223348558,2.9268900834722444,95.32448649406433,-12.813208007812477
Playgreen,Nelson-Winnipeg,2023-04-01,217.207,1770.0,3.5104220296489075,21.359334932640195,8.464108686894178,56.62795528769493,-1.9148925781249773
Playgreen,Nelson-Winnipeg,2023-05-01,217.418,1470.0,6.151511901407503,18.219937628600746,12.48726318590343,4.906643647700548,9.922326660156273
Playgreen,Nelson-Winnipeg,2023-06-01,217.55,1550.0,5.658557784045115,35.386994713917375,37.18358580954373,1.242225174792111,19.083154296875023
Playgreen,Nelson-Winnipeg,2023-07-01,217.458,1550.0,4.368176858406514,29.867319972254336,47.96794638969004,1.0875505395233631,17.173181152343773
Playgreen,Nelson-Winnipeg,2023-08-01,217.405,1340.0,3.2511378012713976,35.658109933137894,38.46405353397131,1.0901022469624877,17.653771972656273
Playgreen,Nelson-Winnipeg,2023-09-01,217.313,1140.0,2.561233050073497,18.487240886315703,25.112894363701344,1.1041860561817884,15.231439208984398
Playgreen,Nelson-Winnipeg,2023-10-01,,853.0,2.5292141654063016,26.441777648869902,20.423893816769123,2.8916795272380114,4.957025146484398
Playgreen,Nelson-Winnipeg,2023-11-01,,1440.0,2.332143412786536,12.855019303970039,13.02501215832308,11.91810518503189,-4.787451171874977
Playgreen,Nelson-Winnipeg,2023-12-01,216.858,1560.0,2.424430480459705,11.218011029995978,2.3608177434653044,16.40971563756466,-7.712438964843727
Playgreen,Nelson-Winnipeg,2024-01-01,,,2.3705707280896604,11.300773359835148,1.3048337459622417,27.388732880353928,-15.492803955078102
Playgreen,Nelson-Winnipeg,2024-02-01,,,2.154703535779845,14.87356168217957,2.5373237222083844,27.752412483096123,-12.759649658203102
Playgreen,Nelson-Winnipeg,2024-03-01,,,4.770357103552669,35.11436434928328,10.158983059227467,37.0795838534832,-11.143408203124977
Playgreen,Nelson-Winnipeg,2024-04-01,,,6.633687880821526,47.54525609314442,15.972896944731474,18.67329515516758,1.1013732910156477
Playgreen,Nelson-Winnipeg,2024-05-01,,,12.329484976362437,103.36043126881123,31.897427630610764,6.6097998060286045,6.584893798828148
Playgreen,Nelson-Winnipeg,2024-06-01,,,17.45451008901,105.10993888601661,77.55998522043228,2.1946090273559093,13.654504394531273
Playgreen,Nelson-Winnipeg,2024-07-01,,,14.759502897504717,71.60062086768448,109.73060806281865,1.0890132980421185,20.267785644531273
Playgreen,Nelson-Winnipeg,2024-08-01,,,10.948846698738635,76.98111422359943,107.41941235028207,1.1035044444724917,19.128900146484398
Playgreen,Nelson-Winnipeg,2024-09-01,,,7.830194954294711,53.026056848466396,65.25814533233643,1.0991081362590194,16.454888916015648
Playgreen,Nelson-Winnipeg,2024-10-01,,,6.068263275665231,20.39196970872581,50.20994914229959,1.4531309716403484,5.085168457031273
Playgreen,Nelson-Winnipeg,2024-11-01,,,5.352417065296322,53.550320444628596,22.35116553492844,10.205470956861973,-2.0370544433593523
Playgreen,Nelson-Winnipeg,2024-12-01,,,5.037109352997504,35.207585198804736,5.429296623333357,43.155159801244736,-12.684179687499977
Kiskitto,Nelson-Winnipeg,1994-01-01,212.914,2410.0,14.010940125444904,9.310750378062949,0.6608186722587561,65.60532748699188,-28.37059631347654
Kiskitto,Nelson-Winnipeg,1994-02-01,212.892,2180.0,11.538429069332778,16.335590044036508,2.3902323737274855,73.93746078014374,-23.507696533203102
Kiskitto,Nelson-Winnipeg,1994-03-01,212.865,2000.0,11.725582153303549,32.37496118526906,12.96417962294072,89.3821269273758,-7.182226562499977
Kiskitto,Nelson-Winnipeg,1994-04-01,212.872,1630.0,12.104401539545506,19.968923879787326,25.14176128897816,61.97535619139671,-2.1272644042968523
Kiskitto,Nelson-Winnipeg,1994-05-01,212.942,1150.0,13.686731428606436,51.53371696360409,39.43757642991841,6.419181823730469,6.807489013671898
Kiskitto,Nelson-Winnipeg,1994-06-01,212.999,1110.0,14.075378130655736,61.18847290053964,80.04046976566315,-7.345365906286457e-22,15.604028320312523
Kiskitto,Nelson-Winnipeg,1994-07-01,213.045,1140.0,14.197010110365227,87.6682922244072,96.60413372330368,-7.345365906286457e-22,17.689385986328148
Kiskitto,Nelson-Winnipeg,1994-08-01,213.058,1380.0,12.731518159853294,50.98105384968221,100.41042137891054,-7.345365906286457e-22,16.076928710937523
Kiskitto,Nelson-Winnipeg,1994-09-01,212.985,1520.0,10.997786012012511,32.336373114958405,66.77726749330759,-7.345365906286457e-22,13.713586425781273
Kiskitto,Nelson-Winnipeg,1994-10-01,212.912,1980.0,10.303030401701108,33.29843981191516,40.56408314500004,0.5871731555089355,5.383081054687523
Kiskitto,Nelson-Winnipeg,1994-11-01,212.939,2060.0,9.007227199617773,29.07129528466612,27.693863958120346,11.782894842326641,-4.369024658203102
Kiskitto,Nelson-Winnipeg,1994-12-01,212.916,2360.0,8.624104171758518,21.800919610541314,3.5922581373597495,24.257825687527657,-12.516394042968727
Kiskitto,Nelson-Winnipeg,1995-01-01,212.877,2370.0,8.104044536594301,20.142959139775485,3.213993455574382,39.49148580431938,-17.685888671874977
Kiskitto,Nelson-Winnipeg,1995-02-01,212.853,2270.0,6.893080426380038,13.038902310654521,3.7697332445532084,51.71817168593407,-18.398352050781227
Kiskitto,Nelson-Winnipeg,1995-03-01,212.841,2170.0,7.490442862035707,39.03900505974889,8.902469329768792,63.38057667016983,-9.431890869140602
Kiskitto,Nelson-Winnipeg,1995-04-01,212.828,1820.0,7.086192345013842,14.024371630512178,25.602751993574202,54.475702345371246,-3.4066528320312273
Kiskitto,Nelson-Winnipeg,1995-05-01,212.857,1410.0,7.8030634613242,26.018902310170233,43.21415221784264,5.654210690408945,7.410913085937523
Kiskitto,Nelson-Winnipeg,1995-06-01,212.833,1480.0,7.1317995025310665,41.50213091634214,84.63677717372775,-7.345365906286457e-22,18.355645751953148
Kiskitto,Nelson-Winnipeg,1995-07-01,212.77,1600.0,7.241810773848556,85.65220143646002,104.36740843579173,-7.345365906286457e-22,17.226831054687523
Kiskitto,Nelson-Winnipeg,1995-08-01,212.782,1680.0,17.573349934536964,155.69980069994926,99.47866760194302,-7.345365906286457e-22,17.408380126953148
Kiskitto,Nelson-Winnipeg,1995-09-01,212.902,1990.0,7.205754518508911,37.22807625308633,65.09989500045776,0.06509864033432677,10.543908691406273
Kiskitto,Nelson-Winnipeg,1995-10-01,212.919,2340.0,7.67959572840482,24.3944592657499,38.646666216664016,1.5258374623954296,3.0891967773437727
Kiskitto,Nelson-Winnipeg,1995-11-01,212.927,2060.0,7.277707481989637,28.35019666235894,16.769415233284235,15.951281413435936,-13.382055664062477
Kiskitto,Nelson-Winnipeg,1995-12-01,212.914,2090.0,7.391026025288738,35.21145391277969,1.9488982725306414,46.30685970187187,-18.568884277343727
Kiskitto,Nelson-Winnipeg,1996-01-01,212.904,1960.0,7.161072571761906,8.659674145746976,1.163738688774174,58.944202959537506,-26.12175598144529
Kiskitto,Nelson-Winnipeg,1996-02-01,212.859,1910.0,6.440980694605969,28.90104951802641,4.349020309746265,67.99623370170593,-16.907843017578102
Kiskitto,Nelson-Winnipeg,1996-03-01,212.851,1850.0,6.62764701701235,28.534695971757174,8.500498399371281,91.278076171875,-14.022924804687477
Kiskitto,Nelson-Winnipeg,1996-04-01,212.839,1790.0,6.820196576882154,36.730460124090314,18.75896647106856,92.87349134683609,-3.2045654296874773
Kiskitto,Nelson-Winnipeg,1996-05-01,212.978,1810.0,13.853108684998006,73.3399975579232,21.531600097659975,38.41931000351906,4.367791748046898
Kiskitto,Nelson-Winnipeg,1996-06-01,213.293,3280.0,17.465437995269895,80.16195148229599,66.9438298791647,0.020814977688132785,15.105920410156273
Kiskitto,Nelson-Winnipeg,1996-07-01,213.284,3380.0,17.490223108325154,72.76217336766422,95.8616437856108,-7.345365906286457e-22,19.115441894531273
Kiskitto,Nelson-Winnipeg,1996-08-01,213.223,2360.0,15.756737906485796,60.33918063621968,100.12694424949586,-7.345365906286457e-22,18.592553710937523
Kiskitto,Nelson-Winnipeg,1996-09-01,213.104,1960.0,12.911143130622804,44.66986865736544,74.60616761818528,0.007919643394416198,12.000787353515648
Kiskitto,Nelson-Winnipeg,1996-10-01,213.052,2440.0,12.067495088558644,61.88773806206882,38.49960817024112,3.3919706474989653,1.4279113769531477
Kiskitto,Nelson-Winnipeg,1996-11-01,213.047,2210.0,10.394901037216187,26.406253455206752,13.748807832598686,20.032260566949844,-12.318762207031227
Kiskitto,Nelson-Winnipeg,1996-12-01,213.032,2490.0,10.15474894666113,31.55262127984315,2.050607647106517,47.10794612765312,-19.608312988281227
Kiskitto,Nelson-Winnipeg,1997-01-01,213.01,2390.0,9.536754369037226,22.706099436618388,2.2044612051104195,69.46779042482376,-23.577276611328102
Kiskitto,Nelson-Winnipeg,1997-02-01,212.968,2330.0,8.081304025836289,12.957063619978726,3.7014028639532626,80.26375621557236,-16.033331298828102
Kiskitto,Nelson-Winnipeg,1997-03-01,212.93,2280.0,8.442633697995916,21.31899946834892,9.198601881507784,86.10638231039047,-11.870153808593727
Kiskitto,Nelson-Winnipeg,1997-04-01,212.912,2270.0,9.579276375006884,54.666559444740415,19.92757141124457,90.19122272729874,-2.9716552734374773
Kiskitto,Nelson-Winnipeg,1997-05-01,213.034,3260.0,12.478979915613309,36.3939848029986,34.94900930672884,22.454883903265,3.9963623046875227
Kiskitto,Nelson-Winnipeg,1997-06-01,213.127,3710.0,14.00362903950736,84.67702427878976,69.1178091801703,0.006261079306568718,14.873986816406273
Kiskitto,Nelson-Winnipeg,1997-07-01,,3560.0,20.507930079475045,100.88944179005921,98.58819213695824,-7.345365906286457e-22,19.120538330078148
Kiskitto,Nelson-Winnipeg,1997-08-01,,2120.0,15.268731396645308,87.49308856204152,95.83861194550991,-7.345365906286457e-22,16.486108398437523
Kiskitto,Nelson-Winnipeg,1997-09-01,,1330.0,15.660581993870437,90.85753932595253,63.81747778505087,-7.345365906286457e-22,11.914941406250023
Kiskitto,Nelson-Winnipeg,1997-10-01,,1910.0,18.40578025439754,94.41913315095007,49.1500225616619,5.363340023905039,1.1781250000000227
Kiskitto,Nelson-Winnipeg,1997-11-01,,2180.0,20.636420231312513,16.944032977335155,13.301928411237895,22.07888662815094,-9.085455322265602
Kiskitto,Nelson-Winnipeg,1997-12-01,,2760.0,20.241232414264232,19.55753465881571,4.900387124507688,37.50017285346985,-9.832006835937477
Kiskitto,Nelson-Winnipeg,1998-01-01,,2380.0,18.123898247722536,39.77139014750719,2.099393321259413,61.122313141822815,-21.373358154296852
Kiskitto,Nelson-Winnipeg,1998-02-01,,2300.0,14.661351684480906,33.8149219751358,3.8517601788043976,83.97745341062546,-8.249548339843727
Kiskitto,Nelson-Winnipeg,1998-03-01,,1890.0,14.740156620973721,12.530598556622863,9.440540859941393,101.73026472330093,-9.475439453124977
Kiskitto,Nelson-Winnipeg,1998-04-01,,1720.0,15.696491464041173,12.78402894968167,30.005016596987844,32.92087838053703,3.4264160156250227
Kiskitto,Nelson-Winnipeg,1998-05-01,,1620.0,17.606811423320323,62.835847260430455,57.38941254094243,0.5343063967302442,8.419824218750023
Kiskitto,Nelson-Winnipeg,1998-06-01,,2310.0,19.01423733215779,120.18986977636814,73.73204687610269,0.00012439230090421916,14.662622070312523
Kiskitto,Nelson-Winnipeg,1998-07-01,,2560.0,20.16766369342804,83.12795218080282,118.2225001975894,-7.345365906286457e-22,19.009667968750023
Kiskitto,Nelson-Winnipeg,1998-08-01,213.203,1380.0,20.21944022271782,114.85974327661097,108.61118556931615,-7.345365906286457e-22,19.073449707031273
Kiskitto,Nelson-Winnipeg,1998-09-01,213.081,1300.0,16.05441968422383,18.334760097786784,68.46432806923985,-7.345365906286457e-22,11.928704833984398
Kiskitto,Nelson-Winnipeg,1998-10-01,213.033,1500.0,15.959004522301257,56.07361311558634,33.900634734891355,3.298427676782012,3.7890258789062727
Kiskitto,Nelson-Winnipeg,1998-11-01,213.032,1740.0,13.942063960712403,31.87849768437445,21.63630968425423,7.870093919336796,-4.494055175781227
Kiskitto,Nelson-Winnipeg,1998-12-01,213.029,1840.0,13.742726732743904,16.887669102288783,2.924288986832835,36.23950108885765,-16.990026855468727
Kiskitto,Nelson-Winnipeg,1999-01-01,,1840.0,12.846183846704662,9.594992588972673,1.668025171966292,41.588906198740005,-21.59178771972654
Kiskitto,Nelson-Winnipeg,1999-02-01,212.969,1800.0,10.765732382424176,26.714413426816463,4.346102476119995,58.941550552845,-12.901647949218727
Kiskitto,Nelson-Winnipeg,1999-03-01,212.931,1680.0,11.318907956592739,10.453681083163247,11.665626108879223,65.79627096652985,-6.386175537109352
Kiskitto,Nelson-Winnipeg,1999-04-01,212.909,1550.0,11.196881532669067,16.46178017836064,23.59754405915737,20.93489281833172,3.3943115234375227
Kiskitto,Nelson-Winnipeg,1999-05-01,212.929,1620.0,11.445036332588643,57.98088188748807,53.22788888588548,0.19993989553768188,9.196130371093773
Kiskitto,Nelson-Winnipeg,1999-06-01,,1520.0,15.540816821157932,135.41135005652905,84.4098161906004,-7.345365906286457e-22,14.989038085937523
Kiskitto,Nelson-Winnipeg,1999-07-01,212.965,1560.0,15.510526020079851,133.1245698966086,117.3979805316776,-7.345365906286457e-22,17.863000488281273
Kiskitto,Nelson-Winnipeg,1999-08-01,212.935,1560.0,15.343204140663147,50.84174044895917,88.50251976400614,-7.345365906286457e-22,16.898461914062523
Kiskitto,Nelson-Winnipeg,1999-09-01,212.843,1810.0,14.891032478772104,76.07784820720553,68.4775854460895,0.020607658370863646,9.803033447265648
Kiskitto,Nelson-Winnipeg,1999-10-01,212.851,2010.0,14.829973399173468,36.24573943670839,36.986038787290454,2.2358272690325975,1.8345275878906477
Kiskitto,Nelson-Winnipeg,1999-11-01,212.858,2050.0,14.311441336758435,33.431395422667265,24.349280283786356,8.691662922501564,-3.4182495117187273
Kiskitto,Nelson-Winnipeg,1999-12-01,212.853,2230.0,14.472564856987447,33.12963107600808,5.964418349321932,28.382757678627968,-13.587805175781227
Kiskitto,Nelson-Winnipeg,2000-01-01,212.851,2250.0,13.7190876994282,17.9624660522677,1.3192667647672351,50.543203949928284,-21.629705810546852
Kiskitto,Nelson-Winnipeg,2000-02-01,212.826,2110.0,12.035754189128056,13.101251504849643,4.604486428434029,56.770987808704376,-12.100958251953102
Kiskitto,Nelson-Winnipeg,2000-03-01,212.811,1860.0,14.61274258326739,27.43768278742209,13.41734515153803,47.89514094591141,-5.438208007812477
Kiskitto,Nelson-Winnipeg,2000-04-01,212.819,1590.0,12.163837091065943,19.136799965053797,20.642594899982214,13.591310009360313,-0.7846130371093523
Kiskitto,Nelson-Winnipeg,2000-05-01,212.92,931.0,14.335199346533045,81.27555274404585,47.756484360434115,1.4696535654366016,6.849877929687523
Kiskitto,Nelson-Winnipeg,2000-06-01,213.037,1190.0,15.503634349443018,89.49089096859097,69.65566193684936,-7.345365906286457e-22,11.448693847656273
Kiskitto,Nelson-Winnipeg,2000-07-01,213.173,1710.0,17.120271921157837,68.35810444317758,98.29031559638679,-7.345365906286457e-22,18.153985595703148
Kiskitto,Nelson-Winnipeg,2000-08-01,213.097,1640.0,20.108876924496144,115.63723208382726,102.82171284779906,-7.345365906286457e-22,16.961114501953148
Kiskitto,Nelson-Winnipeg,2000-09-01,213.017,2010.0,16.04955119546503,73.84527940303087,63.71213821694255,0.007173289304773789,9.035729980468773
Kiskitto,Nelson-Winnipeg,2000-10-01,213.002,2110.0,16.88683364773169,20.712511788588017,36.20187717024237,0.16104656970128417,4.140222167968773
Kiskitto,Nelson-Winnipeg,2000-11-01,213.024,2100.0,15.500077279284596,52.90272063575685,23.486766731366515,31.153513118624687,-7.607489013671852
Kiskitto,Nelson-Winnipeg,2000-12-01,213.019,2620.0,14.934210339561105,12.215883907629177,1.7676076786301564,44.26960274577141,-24.39299621582029
Kiskitto,Nelson-Winnipeg,2001-01-01,212.986,2490.0,13.737152825342491,17.193492385558784,3.292400775535498,53.413018584251404,-13.069738769531227
Kiskitto,Nelson-Winnipeg,2001-02-01,212.954,2280.0,11.382094002328813,13.81259155459702,2.6808232069015503,67.6422119140625,-20.482763671874977
Kiskitto,Nelson-Winnipeg,2001-03-01,212.921,2050.0,11.566595872864127,28.167287237010896,10.372137650847435,79.864002764225,-7.752081298828102
Kiskitto,Nelson-Winnipeg,2001-04-01,212.895,2080.0,12.272826279513538,22.51909871120006,20.96079639159143,59.139832854270935,0.5677734375000227
Kiskitto,Nelson-Winnipeg,2001-05-01,,2780.0,14.192762464517727,70.253990823403,48.53020911104977,0.9075662237592041,8.780297851562523
Kiskitto,Nelson-Winnipeg,2001-06-01,,3200.0,16.217431984841824,100.1062081195414,85.70950711145997,-7.345365906286457e-22,13.920251464843773
Kiskitto,Nelson-Winnipeg,2001-07-01,,3420.0,15.496366599109024,73.91414069570601,111.9365761987865,-7.345365906286457e-22,19.071313476562523
Kiskitto,Nelson-Winnipeg,2001-08-01,,2150.0,14.363698632223532,57.139104581438005,105.48569774255157,-7.345365906286457e-22,18.284082031250023
Kiskitto,Nelson-Winnipeg,2001-09-01,,2230.0,12.335867795627564,59.88276796415448,62.87294207140803,-7.345365906286457e-22,12.094262695312523
Kiskitto,Nelson-Winnipeg,2001-10-01,212.959,2230.0,11.573605210287496,28.54081121040508,47.33876429963857,0.878997496329248,2.8509460449218977
Kiskitto,Nelson-Winnipeg,2001-11-01,212.93,2130.0,10.648913739714772,23.332363343797624,17.928635934367776,6.574008613824844,-3.4753173828124773
Kiskitto,Nelson-Winnipeg,2001-12-01,212.898,2290.0,10.344594717025757,23.772651911713183,4.905686306301504,21.654419600963593,-13.661596679687477
Kiskitto,Nelson-Winnipeg,2002-01-01,,2080.0,9.728100529173389,9.64734292938374,2.26008276513312,31.873703002929688,-19.902502441406227
Kiskitto,Nelson-Winnipeg,2002-02-01,,1820.0,8.283552597276866,22.57635840214789,4.753115645144135,44.553011655807495,-14.707098388671852
Kiskitto,Nelson-Winnipeg,2002-03-01,212.784,1630.0,8.62894457532093,28.36392039898783,8.027953212149441,52.478790283203125,-15.031134033203102
Kiskitto,Nelson-Winnipeg,2002-04-01,212.768,1610.0,8.830686856526881,60.56510377675295,16.372905811294913,71.19862735271454,-4.236547851562477
Kiskitto,Nelson-Winnipeg,2002-05-01,,1270.0,12.69792765378952,45.30291853006929,32.12873125448823,40.74561223387718,3.1619506835937727
Kiskitto,Nelson-Winnipeg,2002-06-01,212.772,1220.0,12.144858192186803,55.26203429326415,72.67714943736792,0.028941942218807526,15.272058105468773
Kiskitto,Nelson-Winnipeg,2002-07-01,212.689,2140.0,13.068752188701183,90.31569794751704,111.36582540348172,-7.279191323175861e-22,19.438500976562523
Kiskitto,Nelson-Winnipeg,2002-08-01,212.6,2140.0,21.53736347099766,131.92254025489092,86.33506554178894,-7.279191323175861e-22,16.411401367187523
Kiskitto,Nelson-Winnipeg,2002-09-01,212.621,2010.0,15.977840521372855,90.26211686432362,71.99220824986696,0.013309976566233672,10.644494628906273
Kiskitto,Nelson-Winnipeg,2002-10-01,212.61,1980.0,17.23551412578672,28.659563045948744,42.556723463349044,3.0845559667795897,-1.2528747558593523
Kiskitto,Nelson-Winnipeg,2002-11-01,212.586,1980.0,16.421203035861254,19.860853208228946,10.568549623712897,11.169184930622578,-8.460119628906227
Kiskitto,Nelson-Winnipeg,2002-12-01,213.0,2220.0,15.730858664028347,46.993788331747055,6.033701982232742,28.475802391767502,-11.927526855468727
Kiskitto,Nelson-Winnipeg,2003-01-01,212.569,1870.0,14.403646171558648,12.217222800245509,2.45367251773132,54.256606847047806,-19.213995361328102
Kiskitto,Nelson-Winnipeg,2003-02-01,212.551,1640.0,11.837747762911022,10.014862986281514,2.0964717550668865,63.10993432998657,-23.567419433593727
Kiskitto,Nelson-Winnipeg,2003-03-01,212.535,1520.0,12.47578696347773,23.199232353363186,9.040087461471558,63.15048784017563,-11.989233398437477
Kiskitto,Nelson-Winnipeg,2003-04-01,212.535,1400.0,13.704824668820947,14.075241924729198,17.616032855585217,34.17885676026344,-1.4238342285156023
Kiskitto,Nelson-Winnipeg,2003-05-01,212.535,1100.0,12.210254062665626,22.522492508869618,52.74028657004237,0.4674662777688354,10.152185058593773
Kiskitto,Nelson-Winnipeg,2003-06-01,212.453,1040.0,11.75619981950149,63.3314810693264,86.35246194899082,-7.279191323175861e-22,16.641564941406273
Kiskitto,Nelson-Winnipeg,2003-07-01,212.407,1080.0,12.832983484258875,93.35184446536005,113.53065236471593,-7.279191323175861e-22,18.354486083984398
Kiskitto,Nelson-Winnipeg,2003-08-01,212.328,969.0,9.869121829979122,36.568751791492105,113.52046090178192,-7.302405034426187e-22,20.100457763671898
Kiskitto,Nelson-Winnipeg,2003-09-01,212.374,587.0,10.832081898115575,137.44446448981762,73.0399671010673,0.0026122384042537306,10.879449462890648
Kiskitto,Nelson-Winnipeg,2003-10-01,212.591,573.0,9.427832206711173,43.8431502552703,38.30442577600479,3.6862001288682222,3.3537536621093977
Kiskitto,Nelson-Winnipeg,2003-11-01,212.715,922.0,9.125604119617492,12.105794157832861,16.403141780756414,21.895533427596092,-9.095129394531227
Kiskitto,Nelson-Winnipeg,2003-12-01,212.716,905.0,9.304093808168545,12.32694071950391,4.103743311134167,31.647931784391403,-12.001776123046852
Kiskitto,Nelson-Winnipeg,2004-01-01,212.707,883.0,9.00555233238265,21.451679756864905,1.8800474790623412,42.17790439724922,-25.15794982910154
Kiskitto,Nelson-Winnipeg,2004-02-01,212.704,1020.0,8.06557753821835,22.029065701644868,3.9278338808799163,58.69309976696968,-13.775244140624977
Kiskitto,Nelson-Winnipeg,2004-03-01,212.704,1020.0,8.236750989453867,43.886164436116815,11.790425516664982,83.86939764022827,-9.592016601562477
Kiskitto,Nelson-Winnipeg,2004-04-01,212.695,878.0,8.943194698076695,25.612939498387277,31.528514809906483,59.72762778401375,-0.9067749023437273
Kiskitto,Nelson-Winnipeg,2004-05-01,212.756,1190.0,11.261547595495358,88.52942031808197,44.774929294362664,18.191171810030937,3.1275268554687727
Kiskitto,Nelson-Winnipeg,2004-06-01,212.886,2260.0,13.612871698569506,65.49441022798419,65.71687990799546,0.02715898517635651,11.217462158203148
Kiskitto,Nelson-Winnipeg,2004-07-01,212.933,2410.0,15.184659045189619,74.90674732252955,96.08793468214571,-7.306051543960571e-22,17.629632568359398
Kiskitto,Nelson-Winnipeg,2004-08-01,212.935,2120.0,14.004403550643474,73.04140646010637,84.40153137780726,-7.345365906286457e-22,13.254449462890648
Kiskitto,Nelson-Winnipeg,2004-09-01,212.945,1860.0,13.071473222225904,65.43686846271157,55.277408100664616,0.00095367431640625,11.304193115234398
Kiskitto,Nelson-Winnipeg,2004-10-01,,2470.0,13.179255038267002,44.13256759289652,44.516367837786674,5.681120790541172,2.6299682617187727
Kiskitto,Nelson-Winnipeg,2004-11-01,213.013,2190.0,12.174216681160033,32.099608797580004,21.808103774674237,11.897211894392967,-5.079626464843727
Kiskitto,Nelson-Winnipeg,2004-12-01,213.045,2690.0,12.115275691030547,36.044710665009916,2.477661160810385,41.34219512343407,-22.847372436523415
Kiskitto,Nelson-Winnipeg,2005-01-01,213.049,2680.0,11.563753883820027,39.05131493229419,2.043155771389138,65.72403758764267,-21.746893310546852
Kiskitto,Nelson-Winnipeg,2005-02-01,213.048,2570.0,9.865789557807148,20.72549215517938,4.06259298324585,94.48084980249405,-15.692358398437477
Kiskitto,Nelson-Winnipeg,2005-03-01,213.033,2440.0,10.32508333446458,41.171373799443245,9.059421106940135,108.37674885988235,-11.348883056640602
Kiskitto,Nelson-Winnipeg,2005-04-01,213.123,2820.0,19.350952352397144,31.433114781975746,22.510503767989576,43.42850297689438,2.7748046875000227
Kiskitto,Nelson-Winnipeg,2005-05-01,213.297,3520.0,18.886754871346056,62.1906453743577,50.2898171544075,1.6079363413155079,7.953729248046898
Kiskitto,Nelson-Winnipeg,2005-06-01,213.424,3690.0,20.98573953844607,94.44770403206348,71.47741969674826,-7.345365906286457e-22,14.290277099609398
Kiskitto,Nelson-Winnipeg,2005-07-01,213.451,4030.0,29.382393637206405,143.3518761768937,112.62464430183172,-7.345365906286457e-22,18.226373291015648
Kiskitto,Nelson-Winnipeg,2005-08-01,213.481,4010.0,22.524661442730576,79.36474005691707,92.8700091317296,-7.345365906286457e-22,15.878656005859398
Kiskitto,Nelson-Winnipeg,2005-09-01,213.713,3840.0,37.58959472179413,151.51315368711948,65.49253826960921,-7.345365906286457e-22,11.116601562500023
Kiskitto,Nelson-Winnipeg,2005-10-01,,2820.0,35.17751966137439,37.201806204393506,32.86835935432464,1.0814252309501171,3.9724060058593977
Kiskitto,Nelson-Winnipeg,2005-11-01,213.551,2230.0,30.10370652191341,20.415970939211547,26.011457084678113,5.666525568813086,-4.812475585937477
Kiskitto,Nelson-Winnipeg,2005-12-01,213.378,2690.0,26.642550190445036,40.15052050817758,4.977495249477215,28.932446613907814,-13.427191162109352
Kiskitto,Nelson-Winnipeg,2006-01-01,213.219,2690.0,22.53028587438166,33.49862771574408,3.2208904667641036,56.821323931217194,-11.948126220703102
Kiskitto,Nelson-Winnipeg,2006-02-01,213.101,2660.0,17.43370690383017,10.050960932858288,3.6341066006571054,73.89209419488907,-17.183142089843727
Kiskitto,Nelson-Winnipeg,2006-03-01,212.99,2580.0,16.821610450278968,12.706893001450226,10.371073032729328,80.3249180316925,-7.400549316406227
Kiskitto,Nelson-Winnipeg,2006-04-01,212.931,2880.0,18.09641718864441,24.167654919438064,19.49796569533646,29.66325171291828,3.6084228515625227
Kiskitto,Nelson-Winnipeg,2006-05-01,212.954,3420.0,17.13641983224079,65.10595954023302,42.79997607227415,0.11220185842830688,7.310327148437523
Kiskitto,Nelson-Winnipeg,2006-06-01,212.908,2930.0,16.094371676445007,64.00104844942689,83.6114608682692,-7.345365906286457e-22,16.802545166015648
Kiskitto,Nelson-Winnipeg,2006-07-01,212.913,2640.0,17.097808478865772,143.62284494563937,116.03860394097865,-7.345365906286457e-22,19.105706787109398
Kiskitto,Nelson-Winnipeg,2006-08-01,212.908,2280.0,20.17082687234506,113.95152658224106,102.89645986631513,-7.345365906286457e-22,17.358636474609398
Kiskitto,Nelson-Winnipeg,2006-09-01,212.873,1330.0,16.20367169380188,29.730701353400946,74.67851741239429,-7.345365906286457e-22,11.024194335937523
Kiskitto,Nelson-Winnipeg,2006-10-01,212.937,955.0,16.609170415904373,58.703458053059876,49.48031762614846,7.508402224630117,1.9217468261718977
Kiskitto,Nelson-Winnipeg,2006-11-01,213.002,1800.0,15.168728423304856,78.33956507965922,16.664767172187567,32.006096094846725,-9.046362304687477
Kiskitto,Nelson-Winnipeg,2006-12-01,213.067,2070.0,14.970311720389873,19.47521441616118,3.138152496831026,78.70898395776749,-11.204626464843727
Kiskitto,Nelson-Winnipeg,2007-01-01,213.088,1920.0,13.934941729530692,18.877772381529212,2.2687057207804173,92.8136557340622,-17.840917968749977
Kiskitto,Nelson-Winnipeg,2007-02-01,213.085,1750.0,11.629730463027954,17.791084479540586,2.5434436975046992,103.21111232042313,-20.47460021972654
Kiskitto,Nelson-Winnipeg,2007-03-01,213.089,1670.0,12.23483681678772,35.82897211890668,9.45591286290437,119.86766010522842,-9.210913085937477
Kiskitto,Nelson-Winnipeg,2007-04-01,213.116,1460.0,16.46463351789862,16.287045436911285,16.31213177461177,82.57728815078735,-1.5300964355468523
Kiskitto,Nelson-Winnipeg,2007-05-01,213.323,1150.0,19.23959457781166,61.068559531122446,49.01730257552117,1.3702226569876075,7.941125488281273
Kiskitto,Nelson-Winnipeg,2007-06-01,213.367,2210.0,23.158173426054418,110.5810166336596,81.75014052540064,0.00037317690271265747,13.770135498046898
Kiskitto,Nelson-Winnipeg,2007-07-01,213.439,3060.0,22.431431571021676,66.56871596351266,105.86525755934417,-7.345365906286457e-22,19.755151367187523
Kiskitto,Nelson-Winnipeg,2007-08-01,213.212,2260.0,22.040895360987633,98.31723058596253,105.15094571746886,-7.345365906286457e-22,15.517785644531273
Kiskitto,Nelson-Winnipeg,2007-09-01,213.044,1980.0,19.213382620364428,77.91560841724277,60.9269505366683,0.011444091796875,9.409295654296898
Kiskitto,Nelson-Winnipeg,2007-10-01,212.974,2470.0,18.09321017935872,55.271284421905875,35.47019942197949,0.8039060048758984,4.518823242187523
Kiskitto,Nelson-Winnipeg,2007-11-01,212.951,2480.0,16.91807177849114,40.11679091490805,23.22183921933174,23.25381338596344,-8.086798095703102
Kiskitto,Nelson-Winnipeg,2007-12-01,212.918,2560.0,16.746852605137974,15.660738223232329,2.2273141803452745,39.87810015678406,-18.380712890624977
Kiskitto,Nelson-Winnipeg,2008-01-01,212.86,2380.0,15.55450918385759,21.759888506494462,2.028566217632033,52.361860871315,-19.73967590332029
Kiskitto,Nelson-Winnipeg,2008-02-01,212.821,2210.0,13.34291129023768,20.58631315594539,3.032198015716858,72.75258004665375,-21.680731201171852
Kiskitto,Nelson-Winnipeg,2008-03-01,212.785,2100.0,13.012094656005502,32.19979000277817,9.360388648929074,92.44794398546219,-12.283758544921852
Kiskitto,Nelson-Winnipeg,2008-04-01,212.755,1800.0,13.422745687421411,6.895468686707318,27.747495914809406,68.4221088886261,-1.3527587890624773
Kiskitto,Nelson-Winnipeg,2008-05-01,212.838,1440.0,12.905276467790827,13.309726695297286,49.676651251502335,8.812738582491875,5.749536132812523
Kiskitto,Nelson-Winnipeg,2008-06-01,212.866,2200.0,12.342709524091333,55.94657035544515,78.3117231912911,0.00029024869263594155,14.802117919921898
Kiskitto,Nelson-Winnipeg,2008-07-01,212.965,3360.0,13.530506839742884,155.37094557657838,96.80356015451252,-7.345365906286457e-22,17.572137451171898
Kiskitto,Nelson-Winnipeg,2008-08-01,213.061,3440.0,11.587282846448943,32.742059556767344,104.00981944985688,-7.345365906286457e-22,18.943872070312523
Kiskitto,Nelson-Winnipeg,2008-09-01,212.993,2330.0,10.971420560963452,56.852399138733745,67.32844049111009,-7.345365906286457e-22,10.213555908203148
Kiskitto,Nelson-Winnipeg,2008-10-01,212.949,2740.0,10.41344302939251,22.955108201131225,39.010018575936556,0.07455245213350281,4.400415039062523
Kiskitto,Nelson-Winnipeg,2008-11-01,212.918,2540.0,9.579907637089491,21.793648484162986,23.71553680859506,4.790761973708868,-5.597082519531227
Kiskitto,Nelson-Winnipeg,2008-12-01,212.918,2540.0,9.43417931557633,11.674199893604964,2.6065316051244736,18.082909286022186,-24.296728515624977
Kiskitto,Nelson-Winnipeg,2009-01-01,212.896,2240.0,8.972609619377181,24.978028784971684,2.565448172390461,24.069413542747498,-21.000585937499977
Kiskitto,Nelson-Winnipeg,2009-02-01,212.887,2120.0,7.668026257306337,25.870891520753503,2.449786406941712,50.800200551748276,-17.431982421874977
Kiskitto,Nelson-Winnipeg,2009-03-01,212.869,2080.0,8.073486387729645,45.207914896309376,9.613593632820994,69.03918087482452,-12.559210205078102
Kiskitto,Nelson-Winnipeg,2009-04-01,212.903,2210.0,17.66874105669558,46.89936758950353,18.777467776089907,65.6786784529686,-0.7059692382812273
Kiskitto,Nelson-Winnipeg,2009-05-01,213.01,3310.0,10.658731043804437,53.24733711313456,35.82061035558581,8.598990738391876,3.7962280273437727
Kiskitto,Nelson-Winnipeg,2009-06-01,213.043,3690.0,12.28453649673611,63.41740256175399,59.78314904496074,0.005307404990162468,12.682824707031273
Kiskitto,Nelson-Winnipeg,2009-07-01,213.055,3650.0,16.152575553860515,120.14476023614407,81.51814131997526,-7.345365906286457e-22,15.314294433593773
Kiskitto,Nelson-Winnipeg,2009-08-01,213.123,3610.0,15.23185771657154,69.32949088513851,81.83555630967021,-7.345365906286457e-22,15.278833007812523
Kiskitto,Nelson-Winnipeg,2009-09-01,213.093,3170.0,13.752462691627443,16.88786898739636,66.85954984277487,-7.345365906286457e-22,15.713342285156273
Kiskitto,Nelson-Winnipeg,2009-10-01,213.014,2370.0,13.56302370550111,43.28175727277994,41.12787242047489,1.5559818129986525,1.6680236816406477
Kiskitto,Nelson-Winnipeg,2009-11-01,213.028,2360.0,11.990514176432043,15.964583144523203,18.362870905548334,4.508640617132187,-1.2116149902343523
Kiskitto,Nelson-Winnipeg,2009-12-01,213.013,2420.0,11.667970975395292,11.408279940951616,5.225807952228934,9.818574413657188,-17.712118530273415
Kiskitto,Nelson-Winnipeg,2010-01-01,212.99,,10.971713432809338,32.19807939603925,4.722580109955743,22.5616954267025,-15.633093261718727
Kiskitto,Nelson-Winnipeg,2010-02-01,212.988,2170.0,9.257028577849269,9.936821763403714,3.8349926471710205,44.1540852189064,-14.197119140624977
Kiskitto,Nelson-Winnipeg,2010-03-01,212.969,2020.0,10.77532026101835,15.46895899809897,9.198304149322212,30.779507011175156,-3.6347412109374773
Kiskitto,Nelson-Winnipeg,2010-04-01,212.944,1330.0,9.455330728087574,33.564496552571654,27.02023833990097,4.473146982491016,4.363061523437523
Kiskitto,Nelson-Winnipeg,2010-05-01,212.94,1030.0,9.931242297170684,66.78145192563534,57.849046075716615,2.4246133398264647,8.219995117187523
Kiskitto,Nelson-Winnipeg,2010-06-01,212.963,2320.0,9.284282277803868,39.191715186461806,88.53415958583355,-7.345365906286457e-22,15.409265136718773
Kiskitto,Nelson-Winnipeg,2010-07-01,,3350.0,10.860376030905172,138.6655354872346,110.8379119541496,-7.345365906286457e-22,19.028314208984398
Kiskitto,Nelson-Winnipeg,2010-08-01,212.974,3300.0,21.384693623986095,222.38421719521284,99.29425409063697,-7.345365906286457e-22,16.185632324218773
Kiskitto,Nelson-Winnipeg,2010-09-01,213.211,3570.0,21.536709973588586,48.080115811899304,56.0903234872967,-7.345365906286457e-22,9.008447265625023
Kiskitto,Nelson-Winnipeg,2010-10-01,213.287,3520.0,23.931427975185215,35.567119368351996,44.52883650083095,1.0177363874390721,5.084497070312523
Kiskitto,Nelson-Winnipeg,2010-11-01,213.302,3010.0,21.118255681358278,28.550574788823724,24.65077384840697,11.081073433160782,-6.405401611328102
Kiskitto,Nelson-Winnipeg,2010-12-01,213.285,2920.0,19.799610774498433,18.968674528878182,3.816604978055693,28.193846344947815,-15.454809570312477
Kiskitto,Nelson-Winnipeg,2011-01-01,213.233,2690.0,17.6719335722737,22.246933251153678,1.8162714404752478,39.22039642930031,-22.018621826171852
Kiskitto,Nelson-Winnipeg,2011-02-01,213.186,2490.0,14.254530426114798,21.625296445563436,3.835931420326233,61.361562460660934,-17.522558593749977
Kiskitto,Nelson-Winnipeg,2011-03-01,213.133,2370.0,14.126525173196569,13.895677169784904,6.7264327517477795,72.8120356798172,-13.628637695312477
Kiskitto,Nelson-Winnipeg,2011-04-01,213.107,2530.0,13.917127798777074,24.814929929561913,18.31862493418157,42.789749801158905,-0.5278076171874773
Kiskitto,Nelson-Winnipeg,2011-05-01,,3660.0,14.349539211252704,46.18014220613986,46.166121726855636,3.0156010761857033,7.422418212890648
Kiskitto,Nelson-Winnipeg,2011-06-01,,4190.0,14.02656314894557,63.227133359760046,75.85169048979878,0.0019488127236400032,15.370629882812523
Kiskitto,Nelson-Winnipeg,2011-07-01,,4310.0,18.12250161310658,144.10224789753556,108.14438480883837,-7.345365906286457e-22,19.125756835937523
Kiskitto,Nelson-Winnipeg,2011-08-01,,4160.0,21.77339291665703,147.08802895620465,105.42285279370844,-7.345365906286457e-22,17.884698486328148
Kiskitto,Nelson-Winnipeg,2011-09-01,213.32,3900.0,19.708735635504127,45.1041420456022,73.33677029237151,0.0004561051127893734,13.277032470703148
Kiskitto,Nelson-Winnipeg,2011-10-01,213.281,2710.0,18.567908962722868,48.73579950071871,45.893081463873386,0.5942220450378954,5.320947265625023
Kiskitto,Nelson-Winnipeg,2011-11-01,213.269,2370.0,16.513564623892307,41.3705559913069,24.766945280134678,19.075309857726097,-5.939489746093727
Kiskitto,Nelson-Winnipeg,2011-12-01,213.239,2580.0,15.957097231876105,28.17073551705107,4.832864171476103,41.50017350912094,-13.092291259765602
Kiskitto,Nelson-Winnipeg,2012-01-01,213.164,2240.0,14.643290807725862,40.5811567325145,3.077369568927679,72.72086292505264,-17.276464843749977
Kiskitto,Nelson-Winnipeg,2012-02-01,213.093,2010.0,12.512975779827684,6.840476882643998,4.094442512723617,89.57672119140625,-12.729925537109352
Kiskitto,Nelson-Winnipeg,2012-03-01,213.016,1450.0,14.168922236422077,50.66770606208593,15.362746198661625,77.35376805067062,-4.947912597656227
Kiskitto,Nelson-Winnipeg,2012-04-01,213.046,1190.0,15.488541685044765,25.683808489702642,27.19738462474197,26.855427771806717,0.35695800781252274
Kiskitto,Nelson-Winnipeg,2012-05-01,213.084,1210.0,18.96377728553489,55.807433323934674,54.72042574547231,1.262208679690957,7.524194335937523
Kiskitto,Nelson-Winnipeg,2012-06-01,213.117,1590.0,19.900338957086205,95.87712585926056,75.65350038930774,0.0004975692036168766,15.276422119140648
Kiskitto,Nelson-Winnipeg,2012-07-01,213.133,2270.0,20.270926237571985,90.3299746569246,112.48131422325969,-7.345365906286457e-22,20.876031494140648
Kiskitto,Nelson-Winnipeg,2012-08-01,213.03,2290.0,20.547073741909117,81.19132881984115,99.75981339812279,-7.345365906286457e-22,17.418725585937523
Kiskitto,Nelson-Winnipeg,2012-09-01,212.893,1520.0,14.737737947143614,33.39040791615844,73.17873649299145,0.0011609947705437662,11.204095458984398
Kiskitto,Nelson-Winnipeg,2012-10-01,212.794,1830.0,14.683770656120032,84.2524126637727,44.39836845267564,4.6950215473771095,1.4736877441406477
Kiskitto,Nelson-Winnipeg,2012-11-01,212.87,2210.0,13.012737035751343,24.401634000241756,18.67753453552723,18.9423356205225,-9.820776367187477
Kiskitto,Nelson-Winnipeg,2012-12-01,212.918,2410.0,13.123893091687933,48.17906196694821,2.263396614580415,59.486471116542816,-19.60198059082029
Kiskitto,Nelson-Winnipeg,2013-01-01,212.906,2230.0,12.489062210079283,26.872466201893985,2.059114893199876,80.82029223442078,-21.864141845703102
Kiskitto,Nelson-Winnipeg,2013-02-01,212.896,2170.0,10.589324519969523,10.58214029762894,3.2496066705789417,93.31437945365906,-17.40520324707029
Kiskitto,Nelson-Winnipeg,2013-03-01,212.871,2120.0,10.913760313997045,17.228805227205157,10.07994418614544,104.51598465442657,-11.019842529296852
Kiskitto,Nelson-Winnipeg,2013-04-01,212.764,2050.0,10.224639263469726,18.62259116023779,23.757132003083825,101.1585146188736,-4.119512939453102
Kiskitto,Nelson-Winnipeg,2013-05-01,212.902,1940.0,15.358298260252923,44.72882952541113,41.67041985783726,19.422946497797966,7.241510009765648
Kiskitto,Nelson-Winnipeg,2013-06-01,213.091,2550.0,13.46210396150127,91.54717437922955,72.3937014117837,-7.345365906286457e-22,15.593652343750023
Kiskitto,Nelson-Winnipeg,2013-07-01,213.019,3610.0,13.618656317703426,65.95879443921149,110.90517416596413,-7.345365906286457e-22,18.163354492187523
Kiskitto,Nelson-Winnipeg,2013-08-01,212.883,2840.0,12.537625938421115,51.719209528528154,97.86414355039597,-7.345365906286457e-22,17.712182617187523
Kiskitto,Nelson-Winnipeg,2013-09-01,212.809,2130.0,11.029836314264685,58.970642276108265,68.4248423203826,-7.345365906286457e-22,13.750390625000023
Kiskitto,Nelson-Winnipeg,2013-10-01,212.784,2190.0,11.428306490415707,78.73854250647128,47.88790876045823,2.2296076640486717,2.6062866210937727
Kiskitto,Nelson-Winnipeg,2013-11-01,212.794,2330.0,10.684462613426149,52.24885884672403,16.587335849180818,22.30316586792469,-9.084478759765602
Kiskitto,Nelson-Winnipeg,2013-12-01,212.792,2390.0,10.997511475579813,14.149594004265964,1.8122519431926776,49.56141859292984,-25.384970092773415
Kiskitto,Nelson-Winnipeg,2014-01-01,212.774,2120.0,10.644974012393504,38.57636172324419,2.155245849280618,72.61263579130173,-23.105810546874977
Kiskitto,Nelson-Winnipeg,2014-02-01,212.753,2090.0,9.174988605082035,13.0116599611938,2.760859322734177,92.54775196313858,-21.799688720703102
Kiskitto,Nelson-Winnipeg,2014-03-01,212.727,2040.0,9.608057618606836,20.441757747903466,7.840558770112693,105.48902302980423,-15.162939453124977
Kiskitto,Nelson-Winnipeg,2014-04-01,212.696,1980.0,9.58473770879209,24.442693102173507,20.328217651695013,105.07795214653015,-3.8478454589843523
Kiskitto,Nelson-Winnipeg,2014-05-01,212.822,2160.0,15.058822085848078,56.32230790797621,36.28095122985542,18.852565437555313,7.049005126953148
Kiskitto,Nelson-Winnipeg,2014-06-01,212.955,3740.0,16.860025352798402,102.90250880643725,71.52242353186011,-7.345365906286457e-22,14.131616210937523
Kiskitto,Nelson-Winnipeg,2014-07-01,213.001,3930.0,18.67588108871132,94.7031443938613,108.89412136748433,-7.345365906286457e-22,17.985314941406273
Kiskitto,Nelson-Winnipeg,2014-08-01,212.959,4030.0,19.60504549788311,107.97944478690624,101.71772912144661,-7.345365906286457e-22,17.431787109375023
Kiskitto,Nelson-Winnipeg,2014-09-01,212.917,3840.0,16.935438034124672,46.028459910303354,55.765112629160285,0.11659705342026427,10.288049316406273
Kiskitto,Nelson-Winnipeg,2014-10-01,212.917,3210.0,17.53907644888386,41.858117445372045,40.941156446933746,1.9092145375907421,3.9915100097656477
Kiskitto,Nelson-Winnipeg,2014-11-01,212.929,2360.0,16.07445941772312,22.70835160743445,23.698111181147397,9.77325439453125,-12.120825195312477
Kiskitto,Nelson-Winnipeg,2014-12-01,212.945,2650.0,15.636372903827578,16.523266560398042,2.347106499655638,23.977860808372498,-14.621313476562477
Kiskitto,Nelson-Winnipeg,2015-01-01,212.944,2310.0,14.346667448990047,16.84131851652637,3.425245718972292,33.690743148326874,-19.47386779785154
Kiskitto,Nelson-Winnipeg,2015-02-01,212.946,2080.0,11.83912658598274,14.130695490166545,2.810741832945496,47.96931892633438,-23.27782287597654
Kiskitto,Nelson-Winnipeg,2015-03-01,212.946,2080.0,12.270235369214788,24.641533673275262,9.966089593945071,52.47381329536438,-9.091528320312477
Kiskitto,Nelson-Winnipeg,2015-04-01,212.981,2010.0,14.761362690478563,52.104099886491895,16.618312220089138,37.39340230822563,-1.1273864746093523
Kiskitto,Nelson-Winnipeg,2015-05-01,213.074,2030.0,13.72560442541726,33.65162597037852,50.78817391768098,0.797852233517915,7.101098632812523
Kiskitto,Nelson-Winnipeg,2015-06-01,213.126,2310.0,14.285629440564662,84.35560623183846,75.77471667900681,0.002653702495081234,15.408502197265648
Kiskitto,Nelson-Winnipeg,2015-07-01,213.161,1960.0,18.11560324858874,150.8592744357884,104.78460881859064,-7.345365906286457e-22,18.940942382812523
Kiskitto,Nelson-Winnipeg,2015-08-01,213.307,1850.0,14.707339316373691,84.55481473356485,85.60589957050979,-7.345365906286457e-22,16.711572265625023
Kiskitto,Nelson-Winnipeg,2015-09-01,213.403,2280.0,17.10388285573572,79.90760961547494,66.66554370895028,-7.345365906286457e-22,12.142694091796898
Kiskitto,Nelson-Winnipeg,2015-10-01,213.45,2110.0,17.630550602916628,34.77707889396697,41.29805613774806,0.9044149774126709,4.693719482421898
Kiskitto,Nelson-Winnipeg,2015-11-01,213.47,2180.0,16.56216394621879,23.799060727469623,23.759330506436527,7.628938648849726,-3.9533447265624773
Kiskitto,Nelson-Winnipeg,2015-12-01,213.453,2410.0,16.259062627796084,19.337440200615674,4.986919826478697,19.3755105137825,-10.435766601562477
Kiskitto,Nelson-Winnipeg,2016-01-01,213.411,2360.0,15.112236142158508,15.479787427466363,2.3954236967256293,30.828559771180153,-16.923559570312477
Kiskitto,Nelson-Winnipeg,2016-02-01,213.371,2320.0,13.004564971197397,16.78231975529343,3.889221217832528,47.38583788275719,-17.19042053222654
Kiskitto,Nelson-Winnipeg,2016-03-01,213.329,2320.0,13.277586956974119,26.65326854912564,10.912025347352028,46.33348062634468,-7.248388671874977
Kiskitto,Nelson-Winnipeg,2016-04-01,213.302,2400.0,12.897849082946777,16.100361244753003,20.971015328541398,24.956122040748596,-2.1745056152343523
Kiskitto,Nelson-Winnipeg,2016-05-01,213.298,2150.0,12.740938225761056,52.48742352705449,48.45316684804857,1.628170837648213,9.534417724609398
Kiskitto,Nelson-Winnipeg,2016-06-01,213.326,2390.0,13.37395078735426,85.9745079651475,84.4597932882607,-7.345365906286457e-22,15.735131835937523
Kiskitto,Nelson-Winnipeg,2016-07-01,213.353,3070.0,12.826014746678993,113.08097932487726,102.05745417624712,-7.345365906286457e-22,18.585534667968773
Kiskitto,Nelson-Winnipeg,2016-08-01,213.356,2870.0,13.643581012729555,84.42550152540207,95.01241776160896,-7.345365906286457e-22,16.680139160156273
Kiskitto,Nelson-Winnipeg,2016-09-01,213.299,2340.0,13.348304782994092,80.7860610075295,63.938722014427185,-7.345365906286457e-22,12.302819824218773
Kiskitto,Nelson-Winnipeg,2016-10-01,213.508,2180.0,25.06278862711042,162.76350943371654,43.42552041634917,13.021344318985939,2.1578308105468977
Kiskitto,Nelson-Winnipeg,2016-11-01,213.73,2470.0,30.660893535241485,20.61663893982768,17.901223618537188,3.3029059413820505,0.23684082031252274
Kiskitto,Nelson-Winnipeg,2016-12-01,213.689,2580.0,31.359167536720634,20.258206757716835,7.111379716661759,14.539304189383984,-17.21141662597654
Kiskitto,Nelson-Winnipeg,2017-01-01,213.573,2690.0,27.01323397923261,24.554406409151852,2.251607547805179,27.214381843805313,-14.687811279296852
Kiskitto,Nelson-Winnipeg,2017-02-01,213.461,2690.0,20.67901799455285,7.863527396693826,5.046189704444259,38.238525390625,-14.426733398437477
Kiskitto,Nelson-Winnipeg,2017-03-01,213.366,2640.0,19.725942809600383,59.168320847675204,10.605145565932617,66.72614812850952,-11.185766601562477
Kiskitto,Nelson-Winnipeg,2017-04-01,213.349,3110.0,21.4192463317886,44.36074057593942,20.925663993693888,46.11819609999657,-1.5378173828124773
Kiskitto,Nelson-Winnipeg,2017-05-01,213.386,3750.0,20.697845320682973,37.81973943114281,36.956254742108285,4.431185312569141,7.132348632812523
Kiskitto,Nelson-Winnipeg,2017-06-01,213.447,3670.0,21.53156907297671,109.3896059319377,68.138362839818,-7.345365906286457e-22,14.039300537109398
Kiskitto,Nelson-Winnipeg,2017-07-01,213.44,3770.0,21.16040384862572,41.86862288042903,109.4561459030956,-7.345365906286457e-22,19.291955566406273
Kiskitto,Nelson-Winnipeg,2017-08-01,213.21,2810.0,17.514182429295033,31.573264044709504,114.10046485252678,-7.345365906286457e-22,18.998681640625023
Kiskitto,Nelson-Winnipeg,2017-09-01,213.05,1610.0,14.314269355963916,60.023912228643894,70.85947087034583,-7.345365906286457e-22,12.455804443359398
Kiskitto,Nelson-Winnipeg,2017-10-01,213.048,1640.0,15.893057745415717,86.27435704693198,51.4347399584949,1.1550240451470017,4.554589843750023
Kiskitto,Nelson-Winnipeg,2017-11-01,213.051,2340.0,11.34264370193705,41.34819027967751,18.484635511413217,23.08625727891922,-11.720892333984352
Kiskitto,Nelson-Winnipeg,2017-12-01,213.025,2270.0,11.160363763337955,14.019340684171766,3.2208230259129778,47.76863381266594,-18.11473693847654
Kiskitto,Nelson-Winnipeg,2018-01-01,212.984,2070.0,10.512533714063466,46.66954535059631,2.2914975706953555,66.06035679578781,-20.795858764648415
Kiskitto,Nelson-Winnipeg,2018-02-01,212.964,1950.0,8.907052804715931,8.567032753489912,2.13810516288504,94.01586651802063,-19.59880676269529
Kiskitto,Nelson-Winnipeg,2018-03-01,212.922,1900.0,9.218846767907962,10.120130813447759,13.348510372452438,96.14115208387375,-8.101782226562477
Kiskitto,Nelson-Winnipeg,2018-04-01,212.888,1590.0,10.50219900207594,12.776711373589933,17.855685437098145,75.07332414388657,-4.484777832031227
Kiskitto,Nelson-Winnipeg,2018-05-01,212.944,1420.0,9.842902451055124,27.581389993429184,54.621058981865644,2.4366378784179688,10.101342773437523
Kiskitto,Nelson-Winnipeg,2018-06-01,212.96,1530.0,10.166495048906654,79.51786508783698,79.08426225185394,-7.345365906286457e-22,17.004205322265648
Kiskitto,Nelson-Winnipeg,2018-07-01,213.134,1440.0,13.791531353490427,143.5368238016963,119.88948285579681,-7.345365906286457e-22,18.435632324218773
Kiskitto,Nelson-Winnipeg,2018-08-01,213.276,1220.0,12.845074117649347,85.17656615003943,101.59838362596929,-7.345365906286457e-22,16.458703613281273
Kiskitto,Nelson-Winnipeg,2018-09-01,213.209,894.0,12.54728646017611,74.4374468922615,67.42001976817846,0.1700442808214575,6.987847900390648
Kiskitto,Nelson-Winnipeg,2018-10-01,213.117,1400.0,13.639875600347295,52.78275941964239,33.85242016520351,9.39481146633625,-0.5891174316406023
Kiskitto,Nelson-Winnipeg,2018-11-01,213.08,2060.0,12.88417523028329,11.06314652133733,14.811919536441565,18.646489828824997,-11.369238281249977
Kiskitto,Nelson-Winnipeg,2018-12-01,212.99,1960.0,13.010106165893376,17.443506221752614,3.342944197356701,26.178069412708282,-13.564123535156227
Kiskitto,Nelson-Winnipeg,2019-01-01,212.914,1890.0,12.271239538677037,30.550173250958323,2.2396935237338766,49.44183677434921,-22.329962158203102
Kiskitto,Nelson-Winnipeg,2019-02-01,212.849,1850.0,10.343720437958837,11.385683668777347,2.0160065905656666,64.69374150037766,-22.078253173828102
Kiskitto,Nelson-Winnipeg,2019-03-01,212.787,1870.0,11.034546652808785,12.92030472541228,14.260195195674896,62.90394067764282,-7.966467285156227
Kiskitto,Nelson-Winnipeg,2019-04-01,212.742,1670.0,10.8395452843979,22.603714023716748,22.783271851949394,34.86405313014984,-0.6701416015624773
Kiskitto,Nelson-Winnipeg,2019-05-01,212.805,1570.0,11.965487530687824,59.686021180823445,49.21389603987336,7.217614445835352,6.107720947265648
Kiskitto,Nelson-Winnipeg,2019-06-01,212.813,1690.0,11.933585337828845,46.23671527951956,78.12462514266372,-7.345365906286457e-22,14.936212158203148
Kiskitto,Nelson-Winnipeg,2019-07-01,212.777,1700.0,12.116681347833946,98.5351272393018,104.25546113401651,-7.345365906286457e-22,18.488061523437523
Kiskitto,Nelson-Winnipeg,2019-08-01,,1640.0,11.690445244312286,112.30011261068285,102.90280426852405,-7.345365906286457e-22,15.859765625000023
Kiskitto,Nelson-Winnipeg,2019-09-01,,1130.0,12.485139013733715,58.98496136069298,59.498792979866266,-7.345365906286457e-22,11.285455322265648
Kiskitto,Nelson-Winnipeg,2019-10-01,212.919,1910.0,12.207080057123676,81.45373011939228,40.50740576349199,5.852574948221445,1.9347778320312727
Kiskitto,Nelson-Winnipeg,2019-11-01,213.078,2540.0,12.16290460433811,38.15529984422028,15.880788560025394,36.33876517415047,-8.795629882812477
Kiskitto,Nelson-Winnipeg,2019-12-01,,2690.0,12.716716359136626,21.251313213724643,1.8636679233168252,59.17420610785484,-16.798406982421852
Kiskitto,Nelson-Winnipeg,2020-01-01,,2680.0,12.224413483636454,29.632227029651403,2.302305023476947,87.79894560575485,-15.766668701171852
Kiskitto,Nelson-Winnipeg,2020-02-01,213.291,2650.0,10.775741859106347,15.63920802436769,4.179305717116222,100.42028874158859,-15.907507324218727
Kiskitto,Nelson-Winnipeg,2020-03-01,,2560.0,10.834507615072653,44.162882142700255,11.89385136240162,123.71029704809189,-10.049597167968727
Kiskitto,Nelson-Winnipeg,2020-04-01,213.387,2560.0,11.495451908558607,54.305613739416,19.774706452153623,152.98661589622498,-3.5860961914062273
Kiskitto,Nelson-Winnipeg,2020-05-01,213.689,2730.0,29.394333600066602,88.09009753167629,31.709870789200068,73.72453808784485,4.563134765625023
Kiskitto,Nelson-Winnipeg,2020-06-01,,2740.0,43.710950994864106,143.49464792758226,62.360549345612526,0.006385471351677552,13.581048583984398
Kiskitto,Nelson-Winnipeg,2020-07-01,,3280.0,51.169332466088235,147.22175942733884,96.71648521907628,-7.345365906286457e-22,19.726342773437523
Kiskitto,Nelson-Winnipeg,2020-08-01,213.504,3060.0,45.30298709869385,81.05853665620089,102.16466663405299,-7.345365906286457e-22,17.684869384765648
Kiskitto,Nelson-Winnipeg,2020-09-01,213.285,1590.0,35.78539006412029,68.11420898884535,64.47647698223591,-7.345365906286457e-22,9.676446533203148
Kiskitto,Nelson-Winnipeg,2020-10-01,213.113,1500.0,31.050763907842338,45.847555506043136,47.25503840018064,2.2984794341027737,0.21218261718752274
Kiskitto,Nelson-Winnipeg,2020-11-01,213.052,2170.0,25.40243323892355,45.75095255859196,11.394821922294796,49.34227839112282,-8.678686523437477
Kiskitto,Nelson-Winnipeg,2020-12-01,213.021,2210.0,22.171823540702462,22.030306921806186,2.597979473648593,68.20674240589142,-14.015295410156227
Kiskitto,Nelson-Winnipeg,2021-01-01,212.964,2030.0,18.833442765753716,26.428424811456352,1.8040685936284717,88.88016641139984,-13.901342773437477
Kiskitto,Nelson-Winnipeg,2021-02-01,212.895,1880.0,14.739631675183773,13.023823266848922,3.6363553372211754,105.42578995227814,-20.517004394531227
Kiskitto,Nelson-Winnipeg,2021-03-01,212.818,1790.0,14.567402482498437,38.815796142444015,14.295450295321643,106.61183297634125,-6.986853027343727
Kiskitto,Nelson-Winnipeg,2021-04-01,212.814,1770.0,13.829197268933058,16.853693523444235,28.93638506066054,82.5224369764328,-0.47238769531247726
Kiskitto,Nelson-Winnipeg,2021-05-01,212.881,1220.0,15.9639558987692,36.053408053703606,39.619063143618405,18.06798204779625,5.330102539062523
Kiskitto,Nelson-Winnipeg,2021-06-01,212.939,1220.0,18.674375605769455,69.90486290305853,81.42465027049184,0.0005804973852718831,16.342309570312523
Kiskitto,Nelson-Winnipeg,2021-07-01,212.866,754.0,16.96286181686446,52.311981678940356,115.99983740597963,-7.345365906286457e-22,20.310571289062523
Kiskitto,Nelson-Winnipeg,2021-08-01,212.766,532.0,14.73234430886805,75.27029095217586,100.37196520715952,-7.345365906286457e-22,16.950830078125023
Kiskitto,Nelson-Winnipeg,2021-09-01,212.707,617.0,12.070290686096996,31.998910708352923,61.250554863363504,-7.345365906286457e-22,13.783959960937523
Kiskitto,Nelson-Winnipeg,2021-10-01,212.641,626.0,11.196244100574404,37.410081597045064,44.17421040125191,0.033917633118107915,7.000665283203148
Kiskitto,Nelson-Winnipeg,2021-11-01,212.643,826.0,9.608634863980114,42.30887861922383,28.95212033763528,13.797014020383358,-4.697698974609352
Kiskitto,Nelson-Winnipeg,2021-12-01,212.662,994.0,9.219680418027565,37.60693850927055,2.8804116082028486,50.19954964518547,-19.769979858398415
Kiskitto,Nelson-Winnipeg,2022-01-01,212.658,1080.0,8.596714615123346,31.33320529013872,1.8192867682955693,74.94320720434189,-23.74162902832029
Kiskitto,Nelson-Winnipeg,2022-02-01,212.654,1260.0,7.260843180119991,21.38075092807412,2.8153372986707836,102.20270603895187,-22.880636596679665
Kiskitto,Nelson-Winnipeg,2022-03-01,212.643,1350.0,7.537419587606564,37.15540328994393,11.224101908737794,115.17263203859329,-10.474127197265602
Kiskitto,Nelson-Winnipeg,2022-04-01,212.659,1520.0,7.171497854869813,25.189436855725944,24.87505436874926,134.61722433567047,-2.2368530273437273
Kiskitto,Nelson-Winnipeg,2022-05-01,212.865,2530.0,23.881679633632302,109.67402812093496,27.32706896495074,34.576416015625,5.931665039062523
Kiskitto,Nelson-Winnipeg,2022-06-01,213.17,3840.0,20.794234005734324,88.89185730367899,83.19087093695998,0.05166426853975281,14.011895751953148
Kiskitto,Nelson-Winnipeg,2022-07-01,213.195,4290.0,20.349947968497872,64.76030149497092,103.64347533322871,-7.345365906286457e-22,18.692285156250023
Kiskitto,Nelson-Winnipeg,2022-08-01,213.07,4230.0,17.71971507696435,60.96191727556288,99.4583135470748,-7.345365906286457e-22,18.137719726562523
Kiskitto,Nelson-Winnipeg,2022-09-01,212.928,3970.0,7.453640573658049,11.925911530852318,28.972483123652637,-7.345365906286457e-22,13.227014160156273
Kiskitto,Nelson-Winnipeg,2022-10-01,212.805,3170.0,6.858908687718213,28.574534342624247,23.22949457447976,5.703303962945938,3.8834777832031477
Kiskitto,Nelson-Winnipeg,2022-11-01,212.795,2600.0,5.744951631641015,30.571751995012164,11.35205413447693,24.51067417860031,-7.596228027343727
Kiskitto,Nelson-Winnipeg,2022-12-01,212.817,2380.0,5.554378876695409,14.991064555943012,1.4213481917977333,63.202112913131714,-18.474981689453102
Kiskitto,Nelson-Winnipeg,2023-01-01,212.809,2320.0,5.170775766600855,9.306283493060619,1.0816455796884838,83.14095437526703,-14.656958007812477
Kiskitto,Nelson-Winnipeg,2023-02-01,212.795,2260.0,4.347744106780738,12.037523090839386,1.4075367362238467,103.02291065454483,-18.767218017578102
Kiskitto,Nelson-Winnipeg,2023-03-01,212.776,1850.0,4.4771716493414715,7.468507668818347,3.6527140109683387,114.48308825492859,-12.820104980468727
Kiskitto,Nelson-Winnipeg,2023-04-01,212.754,1770.0,4.390319518279284,5.331307766027749,9.74541180767119,85.39801090955734,-1.7060302734374773
Kiskitto,Nelson-Winnipeg,2023-05-01,212.81,1470.0,5.197086269618012,22.18374004587531,16.355313127860427,4.67818696051836,11.459161376953148
Kiskitto,Nelson-Winnipeg,2023-06-01,212.802,1550.0,5.04475407069549,24.366697180084884,32.77396783232689,-7.345365906286457e-22,19.401727294921898
Kiskitto,Nelson-Winnipeg,2023-07-01,,1550.0,4.990013534552418,36.52780910488218,43.64582779817283,-7.345365906286457e-22,17.069787597656273
Kiskitto,Nelson-Winnipeg,2023-08-01,212.675,1340.0,4.989476263290271,45.41006241925061,35.973424557596445,-7.345365906286457e-22,17.511987304687523
Kiskitto,Nelson-Winnipeg,2023-09-01,212.649,1140.0,4.230217746226117,16.835906426422298,23.259412846527994,-7.345365906286457e-22,15.048608398437523
Kiskitto,Nelson-Winnipeg,2023-10-01,212.601,853.0,4.2009614408016205,12.605328432982787,20.857812312897295,0.11954100045841187,4.495080566406273
Kiskitto,Nelson-Winnipeg,2023-11-01,212.59,1440.0,3.876739356201142,12.621220957953483,13.082037912681699,9.764008224010468,-4.945196533203102
Kiskitto,Nelson-Winnipeg,2023-12-01,212.591,1560.0,3.87628584576305,5.011687535443343,2.2926156452740543,22.35943265259266,-7.804083251953102
Kiskitto,Nelson-Winnipeg,2024-01-01,,,3.741229789739009,12.163637322373688,1.373872990370728,33.64446759223938,-15.661260986328102
Kiskitto,Nelson-Winnipeg,2024-02-01,,,3.338894974149298,9.139267669524997,2.5477462040726095,46.48134112358093,-13.043920898437477
Kiskitto,Nelson-Winnipeg,2024-03-01,,,6.60050286387559,33.014529617503285,11.295826494460925,60.25322526693344,-11.219458007812477
Kiskitto,Nelson-Winnipeg,2024-04-01,,,7.902234792709351,59.17973583564162,17.66434928867966,37.67399117350578,1.1814514160156477
Kiskitto,Nelson-Winnipeg,2024-05-01,,,10.549653699854389,87.59554452262819,37.84501599147916,2.3203310556709766,7.314721679687523
Kiskitto,Nelson-Winnipeg,2024-06-01,,,14.645949995610863,87.08105189725757,75.59204008430243,-7.345365906286457e-22,13.423547363281273
Kiskitto,Nelson-Winnipeg,2024-07-01,,,16.770113608799875,83.98142224177718,103.9034875575453,-7.345365906286457e-22,20.160089111328148
Kiskitto,Nelson-Winnipeg,2024-08-01,,,14.565856079570949,68.8835782930255,109.7106437664479,-7.345365906286457e-22,19.004571533203148
Kiskitto,Nelson-Winnipeg,2024-09-01,,,12.517344730440527,48.10444777831435,66.37369282543659,-7.345365906286457e-22,16.187371826171898
Kiskitto,Nelson-Winnipeg,2024-10-01,,,11.712046165484935,28.260764316655695,53.13474382273853,0.16336856060661376,4.664025878906273
Kiskitto,Nelson-Winnipeg,2024-11-01,,,10.457748721819371,50.950582372024655,28.354370151646435,12.771109119057655,-2.6991638183593523
Kiskitto,Nelson-Winnipeg,2024-12-01,,,10.021611233241856,32.45691873598844,3.8300651794997975,52.324749529361725,-13.079748535156227
Sipiwesk,Nelson-Winnipeg,1994-01-01,186.741,2610.0,6.105116655817255,25.289815734140575,0.5999493005219847,53.111035376787186,-29.319555664062477
Sipiwesk,Nelson-Winnipeg,1994-02-01,186.418,2430.0,4.869254596997052,17.81502482481301,1.7537798266857862,66.65214151144028,-24.457113647460915
Sipiwesk,Nelson-Winnipeg,1994-03-01,186.239,2200.0,8.431553549598902,21.095205913297832,9.84324439195916,46.99017107486725,-8.495275878906227
Sipiwesk,Nelson-Winnipeg,1994-04-01,186.072,2070.0,5.834040784975514,28.46049377694726,20.141185959801078,18.69044080376625,-3.2555297851562273
Sipiwesk,Nelson-Winnipeg,1994-05-01,185.427,1960.0,8.677647245349362,66.32840097881854,30.410632491111755,4.293553996831179,5.948876953125023
Sipiwesk,Nelson-Winnipeg,1994-06-01,185.265,1650.0,13.141543313395232,110.0060879252851,63.34585603326559,1.3334406539797783,15.296899414062523
Sipiwesk,Nelson-Winnipeg,1994-07-01,185.21,1630.0,12.71571940742433,95.36492545157671,93.79135491326451,1.069122226908803,17.509790039062523
Sipiwesk,Nelson-Winnipeg,1994-08-01,185.239,1690.0,9.86196001758799,74.4315090123564,95.30558832921088,1.0751503286883235,15.762780761718773
Sipiwesk,Nelson-Winnipeg,1994-09-01,185.372,1770.0,9.075050766114146,46.10322997905314,63.05497605353594,1.0678940452635288,13.249169921875023
Sipiwesk,Nelson-Winnipeg,1994-10-01,185.637,2040.0,9.498129482381046,61.92527757957578,37.0806670980528,1.8600109033286572,4.358056640625023
Sipiwesk,Nelson-Winnipeg,1994-11-01,185.932,2170.0,9.294168557971716,34.66509631834924,23.289128439500928,8.947815746068954,-5.711279296874977
Sipiwesk,Nelson-Winnipeg,1994-12-01,186.348,2290.0,8.86414127307944,21.826573298312724,3.186728630680591,21.327417343854904,-13.444799804687477
Sipiwesk,Nelson-Winnipeg,1995-01-01,186.522,2450.0,7.330181746510789,21.516127046197653,2.6818605547305197,38.42373192310333,-18.464910888671852
Sipiwesk,Nelson-Winnipeg,1995-02-01,186.54,2370.0,5.810586153529584,20.143138244748116,2.860506996512413,50.116561353206635,-20.154806518554665
Sipiwesk,Nelson-Winnipeg,1995-03-01,186.487,2340.0,9.22078563598916,40.212650899775326,8.56793564162217,44.21232268214226,-10.381689453124977
Sipiwesk,Nelson-Winnipeg,1995-04-01,186.148,2260.0,8.01678659627214,36.346823908388615,20.464626140892506,29.58768978714943,-4.577368164062477
Sipiwesk,Nelson-Winnipeg,1995-05-01,185.558,1970.0,9.156316693406552,56.89644021913409,34.32688978500664,7.945063523948193,6.148767089843773
Sipiwesk,Nelson-Winnipeg,1995-06-01,185.303,1870.0,12.275131302885711,73.50262720137835,72.59116508066654,1.6182829858735204,17.676232910156273
Sipiwesk,Nelson-Winnipeg,1995-07-01,185.331,1780.0,11.968160804826766,96.24934522435069,99.3790770880878,1.0665671434253454,16.436425781250023
Sipiwesk,Nelson-Winnipeg,1995-08-01,185.78,2100.0,15.195319661870599,119.6608750615269,91.85231360606849,1.0738614946603775,16.804650878906273
Sipiwesk,Nelson-Winnipeg,1995-09-01,185.839,2250.0,7.36837915610522,39.06095400452614,62.32366897165775,1.1431621387600899,9.510461425781273
Sipiwesk,Nelson-Winnipeg,1995-10-01,186.141,2490.0,6.987238477449864,52.50120221171528,39.15258718188852,2.8435452841222286,2.5063110351562727
Sipiwesk,Nelson-Winnipeg,1995-11-01,186.104,2260.0,6.730594031978399,43.70581358671188,15.746613498777151,21.51685208082199,-14.404028320312477
Sipiwesk,Nelson-Winnipeg,1995-12-01,186.139,2170.0,6.326883376459591,28.609112778212875,1.905758457724005,50.46631768345833,-19.298773193359352
Sipiwesk,Nelson-Winnipeg,1996-01-01,186.048,2130.0,5.604429010418244,23.774813627824187,0.8659567683935165,70.43392211198807,-27.131597900390602
Sipiwesk,Nelson-Winnipeg,1996-02-01,185.982,2020.0,5.016472292481922,23.183617158792913,3.5778583551291376,82.38793909549713,-17.87560119628904
Sipiwesk,Nelson-Winnipeg,1996-03-01,185.977,1990.0,7.921008713310584,25.538174901157618,7.03071549651213,76.72231644392014,-14.952124023437477
Sipiwesk,Nelson-Winnipeg,1996-04-01,185.957,1930.0,9.889678331092,50.075476756319404,17.6189630292356,55.59332296252251,-3.9199584960937273
Sipiwesk,Nelson-Winnipeg,1996-05-01,186.107,2350.0,21.647352958098054,74.40389390103519,19.986902363598347,19.799422472715378,3.8124023437500227
Sipiwesk,Nelson-Winnipeg,1996-06-01,187.154,3340.0,24.10930988844484,81.63327584043145,52.22365725785494,3.3690810669213533,14.529016113281273
Sipiwesk,Nelson-Winnipeg,1996-07-01,187.754,3840.0,16.711323230993003,94.7315318044275,94.2124673165381,1.134543213993311,18.815454101562523
Sipiwesk,Nelson-Winnipeg,1996-08-01,187.133,3390.0,12.04817317193374,60.58779964223504,96.94982063956559,1.0687250178307295,18.055993652343773
Sipiwesk,Nelson-Winnipeg,1996-09-01,185.881,2260.0,8.351983269676566,74.54286329448223,72.43402535095811,1.199393067508936,11.750207519531273
Sipiwesk,Nelson-Winnipeg,1996-10-01,186.226,2560.0,8.00401734886691,56.6669013351202,37.91763377375901,3.1343719456344843,0.39791259765627274
Sipiwesk,Nelson-Winnipeg,1996-11-01,186.243,2340.0,9.112179977819324,48.63105481490493,14.06628725817427,23.35953898727894,-13.121435546874977
Sipiwesk,Nelson-Winnipeg,1996-12-01,186.664,2590.0,9.142435155808926,34.07952666748315,1.8420049746055156,58.924879878759384,-20.353460693359352
Sipiwesk,Nelson-Winnipeg,1997-01-01,186.646,2510.0,7.700882677454501,28.920538839884102,1.3693975342903286,86.10299229621887,-24.883947753906227
Sipiwesk,Nelson-Winnipeg,1997-02-01,186.664,2480.0,5.839775723870844,13.774450635537505,2.628678921610117,101.76356881856918,-17.615942382812477
Sipiwesk,Nelson-Winnipeg,1997-03-01,186.663,2470.0,8.441242476692423,33.32667564973235,7.427675504004583,110.32435297966003,-13.099707031249977
Sipiwesk,Nelson-Winnipeg,1997-04-01,186.549,2540.0,15.726301353424788,48.02618524990976,17.308539245277643,59.932347387075424,-3.9882568359374773
Sipiwesk,Nelson-Winnipeg,1997-05-01,187.118,3270.0,18.62280716886744,55.2212365437299,28.5299503011629,12.780280783772469,2.8064208984375227
Sipiwesk,Nelson-Winnipeg,1997-06-01,188.22,4140.0,22.32272643595934,98.4794832766056,53.54316788725555,1.7504222923889756,14.051660156250023
Sipiwesk,Nelson-Winnipeg,1997-07-01,188.274,4100.0,18.122728972230107,79.87063936889172,89.01746291667223,1.0740431025624275,18.880639648437523
Sipiwesk,Nelson-Winnipeg,1997-08-01,187.205,3380.0,11.36442759889178,69.21433890238404,89.34418158605695,1.07182702049613,15.825097656250023
Sipiwesk,Nelson-Winnipeg,1997-09-01,185.739,2070.0,9.058789000846446,65.88831078261137,58.96205781027675,1.190451206639409,11.339135742187523
Sipiwesk,Nelson-Winnipeg,1997-10-01,185.731,2030.0,11.815546895377338,68.31344100646675,47.44845605455339,3.1269965693354607,0.25393066406252274
Sipiwesk,Nelson-Winnipeg,1997-11-01,186.396,2490.0,9.748834418132901,19.164353725500405,11.008550645783544,13.172083534300327,-9.967016601562477
Sipiwesk,Nelson-Winnipeg,1997-12-01,186.943,2710.0,8.556121087167412,12.708375346846879,3.9272643625736237,17.359916120767593,-11.215979003906227
Sipiwesk,Nelson-Winnipeg,1998-01-01,187.158,2690.0,7.303275328013115,31.313803978264332,1.765559078194201,38.945917040109634,-23.111608886718727
Sipiwesk,Nelson-Winnipeg,1998-02-01,187.067,2600.0,6.119775411207229,27.561933267861605,3.5009540151804686,46.72255739569664,-9.384924316406227
Sipiwesk,Nelson-Winnipeg,1998-03-01,186.665,2350.0,7.810422859620303,21.825542964506894,7.589285436552018,48.74260351061821,-10.428930664062477
Sipiwesk,Nelson-Winnipeg,1998-04-01,186.014,2320.0,8.897006919141859,30.883904546499252,23.245926713570952,10.884466581046581,2.1465698242187727
Sipiwesk,Nelson-Winnipeg,1998-05-01,185.761,2130.0,13.231005403213203,76.05391484685242,43.53663406800479,1.9012108677998185,7.567407226562523
Sipiwesk,Nelson-Winnipeg,1998-06-01,186.201,2610.0,15.695078764110804,127.05301400274038,66.89662579447031,1.1107276659458876,14.080773925781273
Sipiwesk,Nelson-Winnipeg,1998-07-01,186.444,2740.0,15.760534442961216,77.50727375969291,107.7003488317132,1.0657153325155377,18.688867187500023
Sipiwesk,Nelson-Winnipeg,1998-08-01,185.922,2250.0,10.32999050221406,69.68008587136865,102.55843820050359,1.0681399144232273,18.712304687500023
Sipiwesk,Nelson-Winnipeg,1998-09-01,185.372,1640.0,7.179045933298767,50.61349715106189,65.94031350687146,1.0933142621070147,11.173669433593773
Sipiwesk,Nelson-Winnipeg,1998-10-01,185.454,1720.0,8.106898254482076,64.5791431888938,34.098794450983405,2.5877240113914013,3.3965087890625227
Sipiwesk,Nelson-Winnipeg,1998-11-01,185.66,1840.0,7.556982454843819,29.65274266898632,20.195769611746073,10.935544036328793,-4.999914550781227
Sipiwesk,Nelson-Winnipeg,1998-12-01,185.857,1920.0,7.229865848785266,23.292196972761303,3.375749773113057,21.69436775147915,-17.631262207031227
Sipiwesk,Nelson-Winnipeg,1999-01-01,185.938,1900.0,6.543292722199112,25.223257252946496,1.262169738765806,41.37970507144928,-22.591406249999977
Sipiwesk,Nelson-Winnipeg,1999-02-01,186.026,1950.0,5.524082283955067,18.99340027011931,3.931073471903801,54.00997772812843,-13.997351074218727
Sipiwesk,Nelson-Winnipeg,1999-03-01,185.947,1830.0,8.473990310449153,24.838820041622967,10.235852096229792,50.87193846702576,-7.324133300781227
Sipiwesk,Nelson-Winnipeg,1999-04-01,185.707,1890.0,7.73508392740041,43.07950381189585,20.559851545840502,17.26359687745571,2.8208251953125227
Sipiwesk,Nelson-Winnipeg,1999-05-01,185.543,1820.0,12.465478212106973,98.64197880961001,45.64467538148165,6.939243990927935,8.794824218750023
Sipiwesk,Nelson-Winnipeg,1999-06-01,185.56,1850.0,14.434910262934864,92.55957556888461,77.10861973464489,2.910057082772255,14.775354003906273
Sipiwesk,Nelson-Winnipeg,1999-07-01,185.622,1910.0,18.573952023871243,115.63959228806198,106.15619784221053,1.2835360830649734,17.619897460937523
Sipiwesk,Nelson-Winnipeg,1999-08-01,185.603,1910.0,12.545163976028562,73.41200904920697,87.9820694681257,1.071849837899208,16.579980468750023
Sipiwesk,Nelson-Winnipeg,1999-09-01,185.681,1970.0,11.264853528700769,69.86059946939349,61.80026102811098,1.1630706721916795,9.093469238281273
Sipiwesk,Nelson-Winnipeg,1999-10-01,185.929,2220.0,11.301812715828419,33.7713792687282,36.9101008400321,2.2053406573832035,0.7289062500000227
Sipiwesk,Nelson-Winnipeg,1999-11-01,186.063,2160.0,10.408844682388008,17.83842744771391,20.511969923973083,5.971247795969248,-5.147314453124977
Sipiwesk,Nelson-Winnipeg,1999-12-01,186.407,2220.0,8.825506462017074,23.07387808104977,5.130484030814841,14.858818612992764,-15.195349121093727
Sipiwesk,Nelson-Winnipeg,2000-01-01,186.55,2290.0,7.165849368902855,20.474748278502375,0.9184180817101151,32.08806738257408,-22.726461791992165
Sipiwesk,Nelson-Winnipeg,2000-02-01,186.56,2330.0,6.490019848570228,19.83001845655963,4.096463497262448,37.06676512956619,-13.118627929687477
Sipiwesk,Nelson-Winnipeg,2000-03-01,186.297,2110.0,6.623951077926904,28.684420976787806,10.725597181590274,20.190738141536713,-6.520178222656227
Sipiwesk,Nelson-Winnipeg,2000-04-01,186.013,2090.0,6.283399852691218,37.780869752168655,18.6948012560606,12.240049429237843,-1.8739379882812273
Sipiwesk,Nelson-Winnipeg,2000-05-01,,1710.0,8.394887379836291,69.702273234725,36.08618746511638,6.367794703692198,5.619348144531273
Sipiwesk,Nelson-Winnipeg,2000-06-01,,1520.0,15.13276482000947,113.15581854432821,61.97875365614891,2.655912656337023,10.891015625000023
Sipiwesk,Nelson-Winnipeg,2000-07-01,,2010.0,17.353742674458772,88.21801049634814,89.59180815145373,1.1165684554725885,17.771386718750023
Sipiwesk,Nelson-Winnipeg,2000-08-01,185.761,2080.0,14.28783917799592,96.46122227422893,94.79137416929007,1.073214691132307,16.654321289062523
Sipiwesk,Nelson-Winnipeg,2000-09-01,185.948,2260.0,10.566779819782823,63.98280384019017,64.82072174549103,1.213948125950992,8.473107910156273
Sipiwesk,Nelson-Winnipeg,2000-10-01,186.086,2410.0,8.996144897537306,26.8154387595132,33.479702775366604,1.478581572882831,3.4477783203125227
Sipiwesk,Nelson-Winnipeg,2000-11-01,,2390.0,9.920562151819468,54.7390419524163,21.27894200384617,17.233936116099358,-8.572790527343727
Sipiwesk,Nelson-Winnipeg,2000-12-01,,2450.0,8.95544490776956,24.439434870146215,1.6523432568646967,34.6771739423275,-25.025106811523415
Sipiwesk,Nelson-Winnipeg,2001-01-01,,2650.0,7.723748509306461,12.252877582795918,2.482037147274241,48.527609556913376,-14.963171386718727
Sipiwesk,Nelson-Winnipeg,2001-02-01,186.989,2670.0,6.036113773006946,15.842973720282316,1.93779484834522,56.45725503563881,-21.529119873046852
Sipiwesk,Nelson-Winnipeg,2001-03-01,186.376,2440.0,6.484012890723534,19.320637278724462,8.457791875116527,52.536942064762115,-8.750952148437477
Sipiwesk,Nelson-Winnipeg,2001-04-01,185.93,2310.0,9.428378543816507,43.41451800428331,17.435778281651437,28.866959735751152,0.007836914062522737
Sipiwesk,Nelson-Winnipeg,2001-05-01,186.699,2980.0,15.57173253968358,70.30449341982603,39.60582218132913,3.764692461118102,8.144982910156273
Sipiwesk,Nelson-Winnipeg,2001-06-01,187.348,3460.0,16.668460448272526,91.25132812187076,74.23678413033485,1.2261099182069302,13.411950683593773
Sipiwesk,Nelson-Winnipeg,2001-07-01,187.688,3750.0,17.07014284329489,104.88350642845035,104.6004262752831,1.069077174179256,18.602319335937523
Sipiwesk,Nelson-Winnipeg,2001-08-01,186.871,2990.0,12.06516195088625,45.33724253997207,97.89232886396348,1.0658588726073503,17.533959960937523
Sipiwesk,Nelson-Winnipeg,2001-09-01,186.125,2520.0,8.330901910085231,35.00117571093142,58.75985138118267,1.0875173611566424,11.420251464843773
Sipiwesk,Nelson-Winnipeg,2001-10-01,186.202,2480.0,7.500580191845074,42.09259687922895,43.67534478660673,3.6948653869330883,2.2100463867187727
Sipiwesk,Nelson-Winnipeg,2001-11-01,186.172,2380.0,7.675279048271477,25.593158206902444,19.39719426445663,5.548430141061544,-4.874853515624977
Sipiwesk,Nelson-Winnipeg,2001-12-01,186.354,2300.0,7.38289522996638,22.474227414932102,4.537552187684923,22.05117978155613,-14.399328613281227
Sipiwesk,Nelson-Winnipeg,2002-01-01,186.468,2250.0,6.397317789378576,16.558086790610105,1.5975939168129116,27.71000564098358,-21.25688781738279
Sipiwesk,Nelson-Winnipeg,2002-02-01,186.222,2030.0,5.005888058803976,15.111012617126107,3.4569213166832924,33.59336778521538,-16.613867187499977
Sipiwesk,Nelson-Winnipeg,2002-03-01,185.772,2000.0,5.2345260919537395,28.043372905813158,6.408328918041661,41.93730652332306,-15.779425048828102
Sipiwesk,Nelson-Winnipeg,2002-04-01,185.508,1730.0,8.509173640049994,44.67168124392629,15.576535952277482,30.785569921135902,-5.076513671874977
Sipiwesk,Nelson-Winnipeg,2002-05-01,185.498,1770.0,9.643421886721626,51.047006039880216,24.319724878296256,14.520756900310516,1.8091674804687727
Sipiwesk,Nelson-Winnipeg,2002-06-01,185.173,1830.0,19.02169198729098,103.03788352757692,55.04095461219549,3.469248069450259,14.200646972656273
Sipiwesk,Nelson-Winnipeg,2002-07-01,185.006,2150.0,16.073728853370994,76.14386244677007,105.03183118999004,1.0700843995437026,18.894067382812523
Sipiwesk,Nelson-Winnipeg,2002-08-01,185.833,2430.0,10.891748883295804,106.09329515136778,82.51281222328544,1.100226421840489,16.042138671875023
Sipiwesk,Nelson-Winnipeg,2002-09-01,185.981,2410.0,8.16824845969677,65.52411708980799,68.34630388766527,1.1469825403764844,9.999719238281273
Sipiwesk,Nelson-Winnipeg,2002-10-01,186.006,2340.0,7.184777015936561,35.97579197958112,42.732767993584275,5.235183518379927,-1.6780761718749773
Sipiwesk,Nelson-Winnipeg,2002-11-01,185.937,2160.0,6.443426973419264,18.931925296783447,9.83739533694461,12.828412465751171,-9.506689453124977
Sipiwesk,Nelson-Winnipeg,2002-12-01,186.0,2230.0,5.905647820327431,28.493928315583616,5.192578333662823,20.55463194847107,-13.404089355468727
Sipiwesk,Nelson-Winnipeg,2003-01-01,186.113,2130.0,5.277243893942796,16.74482983071357,1.902859628899023,36.782167851924896,-20.17369689941404
Sipiwesk,Nelson-Winnipeg,2003-02-01,185.642,1900.0,4.18465631082654,18.218607641756535,1.579504576511681,50.549522042274475,-24.676229858398415
Sipiwesk,Nelson-Winnipeg,2003-03-01,185.211,1780.0,11.46935744327493,24.75781342945993,7.462693771230988,47.86341264843941,-13.001531982421852
Sipiwesk,Nelson-Winnipeg,2003-04-01,185.169,1600.0,6.836707616457716,48.473618226125836,15.606441884301603,19.214535132050514,-2.7129272460937273
Sipiwesk,Nelson-Winnipeg,2003-05-01,185.271,1500.0,7.5735173595603555,57.85245285369456,41.83001513592899,7.067069411277771,9.443933105468773
Sipiwesk,Nelson-Winnipeg,2003-06-01,185.072,1270.0,9.854034287855029,81.4837496727705,74.90067277103662,1.8354402855038643,16.411523437500023
Sipiwesk,Nelson-Winnipeg,2003-07-01,185.028,1280.0,8.919571788283065,75.31997794285417,104.87719811499119,1.0663248831406236,17.998254394531273
Sipiwesk,Nelson-Winnipeg,2003-08-01,184.971,1230.0,6.040186228347011,51.0849894490093,110.33494304865599,1.0656791273504496,19.565026855468773
Sipiwesk,Nelson-Winnipeg,2003-09-01,184.831,861.0,6.296832725638524,81.50280453264713,69.44180466234684,1.24477653298527,10.523889160156273
Sipiwesk,Nelson-Winnipeg,2003-10-01,184.78,765.0,6.554910592967644,39.633787353523076,36.39272891450673,2.8146749828010798,2.5977416992187727
Sipiwesk,Nelson-Winnipeg,2003-11-01,184.94,941.0,6.1277562053874135,21.794921485707164,16.87060226686299,17.60699413716793,-9.245642089843727
Sipiwesk,Nelson-Winnipeg,2003-12-01,185.064,1050.0,5.736836828873493,18.234806193504483,3.7100254266988486,24.701710790395737,-12.828161621093727
Sipiwesk,Nelson-Winnipeg,2004-01-01,185.053,1020.0,5.035170033806935,34.16086710058153,1.560891658300534,42.32288897037506,-26.225042724609352
Sipiwesk,Nelson-Winnipeg,2004-02-01,185.122,1070.0,4.25975643156562,15.743512602057308,3.3170268579851836,64.3782690167427,-15.112158203124977
Sipiwesk,Nelson-Winnipeg,2004-03-01,185.198,1190.0,8.798737631877884,46.9323075376451,9.176855703117326,66.03299081325531,-10.919531249999977
Sipiwesk,Nelson-Winnipeg,2004-04-01,185.121,1150.0,7.770241645630449,31.135270837694407,25.10560385417193,26.829838752746582,-2.0262817382812273
Sipiwesk,Nelson-Winnipeg,2004-05-01,184.89,1550.0,14.32278662105091,100.56864889338613,31.8640130572021,10.205303318798542,2.1573120117187727
Sipiwesk,Nelson-Winnipeg,2004-06-01,185.273,2220.0,16.986094415187836,83.9089066721499,47.997403889894485,2.3174798116087914,10.376672363281273
Sipiwesk,Nelson-Winnipeg,2004-07-01,186.174,2710.0,16.075776889920235,90.35166399553418,85.30459459871054,1.0695677483454347,17.402673339843773
Sipiwesk,Nelson-Winnipeg,2004-08-01,186.263,2560.0,11.320743069518358,95.35274910740554,75.64430753700435,1.074238563887775,12.917321777343773
Sipiwesk,Nelson-Winnipeg,2004-09-01,185.857,2350.0,14.08456068020314,77.06879870966077,50.39890296757221,1.1331530986353755,10.750268554687523
Sipiwesk,Nelson-Winnipeg,2004-10-01,185.925,2480.0,13.930878136307001,54.64708257932216,43.3552231406793,5.233997013419867,1.8405395507812727
Sipiwesk,Nelson-Winnipeg,2004-11-01,186.378,2630.0,11.988162877969444,13.93767393892631,19.410437671467662,6.199175957590342,-6.546728515624977
Sipiwesk,Nelson-Winnipeg,2004-12-01,186.689,2520.0,10.491494875168428,43.32262056414038,1.8285330443177372,23.26551452279091,-24.264105224609352
Sipiwesk,Nelson-Winnipeg,2005-01-01,187.397,2770.0,8.54534047539346,30.242009612265974,1.6360149020329118,53.61440032720566,-22.864233398437477
Sipiwesk,Nelson-Winnipeg,2005-02-01,187.419,2970.0,6.508301186840981,14.74231923930347,3.273401758633554,64.79440629482269,-17.125311279296852
Sipiwesk,Nelson-Winnipeg,2005-03-01,187.024,2860.0,9.092320513445884,29.062421759590507,6.599017360713333,61.41534447669983,-12.598120117187477
Sipiwesk,Nelson-Winnipeg,2005-04-01,187.084,3080.0,12.21979153342545,32.06732450053096,17.907412257045507,18.020955845713615,2.1286254882812727
Sipiwesk,Nelson-Winnipeg,2005-05-01,187.764,3790.0,13.584892585640773,72.5438364315778,40.66628287546337,3.9676614105701447,7.389428710937523
Sipiwesk,Nelson-Winnipeg,2005-06-01,188.263,4140.0,24.752853205427527,148.48051127046347,63.22709145024419,1.2017476838082075,13.251611328125023
Sipiwesk,Nelson-Winnipeg,2005-07-01,188.596,4170.0,20.64931858330965,78.69197358377278,106.41776910051703,1.0659763356670737,17.831079101562523
Sipiwesk,Nelson-Winnipeg,2005-08-01,188.827,4310.0,15.808065130840987,93.59969478100538,87.74133585393429,1.0906863026320934,15.427453613281273
Sipiwesk,Nelson-Winnipeg,2005-09-01,188.922,4420.0,14.161295257508755,70.81371266394854,62.904367223381996,1.3848345261067152,10.079125976562523
Sipiwesk,Nelson-Winnipeg,2005-10-01,188.179,4020.0,11.481725960038602,39.70417124219239,29.945022659376264,2.0965379662811756,3.2107177734375227
Sipiwesk,Nelson-Winnipeg,2005-11-01,186.685,2820.0,10.059986379928887,42.57671884261072,21.840096451342106,10.268045589327812,-6.073522949218727
Sipiwesk,Nelson-Winnipeg,2005-12-01,186.581,2770.0,9.4012230692897,29.05718347756192,4.732183326268569,25.78715607523918,-15.222692871093727
Sipiwesk,Nelson-Winnipeg,2006-01-01,187.269,2840.0,8.206057507777587,25.480223586782813,2.5609280564822257,43.58247667551041,-13.737402343749977
Sipiwesk,Nelson-Winnipeg,2006-02-01,187.426,2910.0,6.409520574379712,17.60160713456571,2.794866217300296,56.490685790777206,-18.07860412597654
Sipiwesk,Nelson-Winnipeg,2006-03-01,187.332,2980.0,8.207691425923258,37.00532822404057,8.91973328543827,72.13395088911057,-8.133337402343727
Sipiwesk,Nelson-Winnipeg,2006-04-01,187.014,3100.0,15.135715948417783,36.903036525473,19.104134989902377,20.811252295970917,3.3507324218750227
Sipiwesk,Nelson-Winnipeg,2006-05-01,187.602,3640.0,15.041439939523116,78.93265667371452,38.30763045698404,3.8259101565927267,6.540124511718773
Sipiwesk,Nelson-Winnipeg,2006-06-01,187.599,3690.0,13.919418852310628,76.0094728320837,76.01700956001878,1.1701910989359021,16.602685546875023
Sipiwesk,Nelson-Winnipeg,2006-07-01,186.813,3060.0,10.713921568822116,61.22469389811158,104.793356731534,1.0656723752617836,18.175378417968773
Sipiwesk,Nelson-Winnipeg,2006-08-01,186.507,2810.0,9.894528309814632,68.47903062589467,98.33686286583543,1.0693976655602455,16.850915527343773
Sipiwesk,Nelson-Winnipeg,2006-09-01,185.716,2050.0,7.589789747726172,77.00314046815038,70.76460868120193,1.5634375158697367,10.541406250000023
Sipiwesk,Nelson-Winnipeg,2006-10-01,185.051,1380.0,6.403658131603152,49.224672140553594,46.26661445945501,5.738202482461929,1.6263671875000227
Sipiwesk,Nelson-Winnipeg,2006-11-01,185.083,1630.0,5.616337439278141,45.46411684714258,16.604047268629074,17.623629420995712,-10.130651855468727
Sipiwesk,Nelson-Winnipeg,2006-12-01,186.201,2200.0,5.364102296880446,24.853641691152006,2.605090761790052,41.689418256282806,-12.397009277343727
Sipiwesk,Nelson-Winnipeg,2007-01-01,186.013,2290.0,5.018676572944969,18.51289888145402,1.8517182616051286,56.61192536354065,-19.08623352050779
Sipiwesk,Nelson-Winnipeg,2007-02-01,,2100.0,4.234659834764898,23.82991067133844,2.203618409112096,67.83519685268402,-21.44566955566404
Sipiwesk,Nelson-Winnipeg,2007-03-01,,1860.0,8.931043499615043,37.53809561021626,8.410117734456435,69.3618655204773,-10.600805664062477
Sipiwesk,Nelson-Winnipeg,2007-04-01,185.4,1730.0,9.269404399674386,38.895830512046814,12.989890237804502,30.292702838778496,-2.1851562499999773
Sipiwesk,Nelson-Winnipeg,2007-05-01,185.445,1890.0,14.889631711412221,96.27562505193055,42.479710071347654,6.51859724894166,7.332666015625023
Sipiwesk,Nelson-Winnipeg,2007-06-01,185.6,2310.0,23.817088804207742,118.85770596563816,70.51107008010149,1.8433654913678765,13.037805175781273
Sipiwesk,Nelson-Winnipeg,2007-07-01,186.654,3140.0,16.945517563726753,56.35095154866576,96.4775993488729,1.068713958375156,19.273034667968773
Sipiwesk,Nelson-Winnipeg,2007-08-01,186.901,3270.0,12.324768176767975,74.73221491090953,98.56032440438867,1.0738372802734375,14.816735839843773
Sipiwesk,Nelson-Winnipeg,2007-09-01,186.035,2470.0,9.786995651666075,70.77669259160757,56.8819313775748,1.2302212417125702,8.487634277343773
Sipiwesk,Nelson-Winnipeg,2007-10-01,186.23,2680.0,12.80723325908184,48.182941507548094,33.702334272675216,1.6695703379809856,3.7677246093750227
Sipiwesk,Nelson-Winnipeg,2007-11-01,186.661,2990.0,11.902851692866534,30.410672770813107,21.370257600210607,9.541149251163006,-9.266394042968727
Sipiwesk,Nelson-Winnipeg,2007-12-01,,2630.0,9.870135923847556,25.907804898452014,1.8963726761285216,33.24739634990692,-19.538946533203102
Sipiwesk,Nelson-Winnipeg,2008-01-01,187.057,2850.0,7.890263805165887,15.905286418274045,1.742058084346354,45.233361423015594,-20.541036987304665
Sipiwesk,Nelson-Winnipeg,2008-02-01,186.823,2740.0,6.247163255466148,18.133640580344945,2.2007639636285603,59.2607706785202,-22.654257202148415
Sipiwesk,Nelson-Winnipeg,2008-03-01,186.45,2620.0,6.260722322622314,24.873476068023592,7.445047725923359,57.166144251823425,-13.565618896484352
Sipiwesk,Nelson-Winnipeg,2008-04-01,185.969,2550.0,7.9176234430633485,40.82190804183483,24.21819604933262,34.94900092482567,-1.8793090820312273
Sipiwesk,Nelson-Winnipeg,2008-05-01,185.099,2010.0,9.677303809439763,47.10417299065739,40.69585760589689,8.268260397017002,4.572106933593773
Sipiwesk,Nelson-Winnipeg,2008-06-01,185.673,2110.0,15.84959914907813,99.61970848962665,61.342581175267696,1.9674645736813545,14.153161621093773
Sipiwesk,Nelson-Winnipeg,2008-07-01,187.118,3410.0,16.351381258573383,110.38955976255238,88.76513037830591,1.0730894282460213,16.964074707031273
Sipiwesk,Nelson-Winnipeg,2008-08-01,187.941,4050.0,11.420392227591947,63.845769269391894,105.91740580275655,1.071455073542893,18.902368164062523
Sipiwesk,Nelson-Winnipeg,2008-09-01,187.019,3470.0,9.676991903688759,62.60173162445426,65.85291121155024,1.103418879210949,9.344323730468773
Sipiwesk,Nelson-Winnipeg,2008-10-01,186.723,3210.0,8.3313504292164,49.75845001172274,36.81326750665903,1.4524301514029503,3.7495971679687727
Sipiwesk,Nelson-Winnipeg,2008-11-01,186.837,3100.0,8.162569720298052,31.682944390922785,21.221686620265245,7.7788145281374454,-6.644201660156227
Sipiwesk,Nelson-Winnipeg,2008-12-01,187.015,2770.0,7.688980607781559,30.464141280390322,2.144406142178923,25.088276714086533,-25.244329833984352
Sipiwesk,Nelson-Winnipeg,2009-01-01,186.721,2760.0,6.772169377654791,22.89736259263009,1.9674765353556722,50.63994601368904,-21.76555480957029
Sipiwesk,Nelson-Winnipeg,2009-02-01,186.374,2550.0,5.532967217732221,24.37478699721396,2.305312315002084,61.6583526134491,-18.38072814941404
Sipiwesk,Nelson-Winnipeg,2009-03-01,186.228,2430.0,10.578764689853415,41.13068012520671,8.202543365769088,67.32480227947235,-13.568212890624977
Sipiwesk,Nelson-Winnipeg,2009-04-01,186.043,2500.0,11.10669138142839,35.95258109271526,17.623890889808536,36.11283749341965,-1.1523193359374773
Sipiwesk,Nelson-Winnipeg,2009-05-01,186.658,3440.0,14.59513939335011,52.13826126419008,30.35143972374499,8.367715403437614,2.9009643554687727
Sipiwesk,Nelson-Winnipeg,2009-06-01,187.921,4310.0,16.53616433031857,74.26421390846372,44.80677656829357,1.9997204653918743,11.756188964843773
Sipiwesk,Nelson-Winnipeg,2009-07-01,188.149,4470.0,13.875608216039836,91.06957027688622,78.11345648951828,1.0667855385690928,15.153405761718773
Sipiwesk,Nelson-Winnipeg,2009-08-01,188.109,4360.0,15.320670325309038,91.42225841060281,76.07239950448275,1.0707071051001549,14.658715820312523
Sipiwesk,Nelson-Winnipeg,2009-09-01,187.906,4330.0,11.754531296901405,32.59147983044386,62.42591422051191,1.0729912901297212,14.934899902343773
Sipiwesk,Nelson-Winnipeg,2009-10-01,186.792,3260.0,9.093282278627157,64.07294794917107,38.27854653354734,3.90191120095551,0.9927612304687727
Sipiwesk,Nelson-Winnipeg,2009-11-01,,2830.0,7.146658608689904,14.197486743796617,18.838924588635564,4.951991606503725,-2.2510131835937273
Sipiwesk,Nelson-Winnipeg,2009-12-01,186.454,2630.0,6.754585585440509,26.634045876562595,5.168875242816284,17.88594387471676,-19.047186279296852
Sipiwesk,Nelson-Winnipeg,2010-01-01,186.877,,6.100802245782688,26.09336783643812,4.150964989094064,35.8361154794693,-16.506658935546852
Sipiwesk,Nelson-Winnipeg,2010-02-01,186.616,2620.0,4.733515088446438,11.456424952484667,2.9464145191013813,53.05589735507965,-14.945166015624977
Sipiwesk,Nelson-Winnipeg,2010-03-01,186.356,2450.0,8.541590854292735,15.431343694217503,8.972886600531638,27.399132028222084,-4.082006835937477
Sipiwesk,Nelson-Winnipeg,2010-04-01,185.84,2120.0,6.066817149985582,57.501556584611535,28.915650327689946,7.292316295206547,3.7890869140625227
Sipiwesk,Nelson-Winnipeg,2010-05-01,185.252,1550.0,10.623453388689086,108.72157383710146,45.04384100437164,6.588732358068228,7.170251464843773
Sipiwesk,Nelson-Winnipeg,2010-06-01,185.438,2320.0,13.829340459778905,105.77986249700189,85.52134037017822,2.636775840073824,15.225671386718773
Sipiwesk,Nelson-Winnipeg,2010-07-01,186.984,3350.0,15.27344819623977,107.35218622721732,99.62642937898636,1.0865310905501246,18.986840820312523
Sipiwesk,Nelson-Winnipeg,2010-08-01,187.606,3960.0,15.3309321613051,115.34260353073478,97.48534159734845,1.0755780385807157,15.720788574218773
Sipiwesk,Nelson-Winnipeg,2010-09-01,,4310.0,14.890360180288553,83.79939710721374,53.62538038752973,1.1809429852291942,8.429772949218773
Sipiwesk,Nelson-Winnipeg,2010-10-01,,4500.0,13.693541375687346,40.75650835875422,43.528849724680185,2.54774815402925,4.423791503906273
Sipiwesk,Nelson-Winnipeg,2010-11-01,187.677,3880.0,11.250819079577923,38.16619981080294,20.53484204225242,12.511628679931164,-7.015661621093727
Sipiwesk,Nelson-Winnipeg,2010-12-01,187.811,3130.0,10.102260566782206,22.320819552987814,3.5522508260328323,39.252232760190964,-15.987829589843727
Sipiwesk,Nelson-Winnipeg,2011-01-01,188.538,3170.0,8.611054479843006,33.934857696294785,1.279789168620482,64.48880583047867,-22.772161865234352
Sipiwesk,Nelson-Winnipeg,2011-02-01,188.048,3410.0,6.739829375874251,18.51473026908934,3.3183267805725336,84.05956625938416,-18.595907592773415
Sipiwesk,Nelson-Winnipeg,2011-03-01,187.169,3180.0,7.119395027984865,28.300362697336823,6.12902725697495,91.8564721941948,-14.291540527343727
Sipiwesk,Nelson-Winnipeg,2011-04-01,186.778,2960.0,14.790171990171075,48.915763618424535,18.638504552654922,43.07261109352112,-1.3961547851562273
Sipiwesk,Nelson-Winnipeg,2011-05-01,,3860.0,18.345288292039186,74.77000704966486,38.5485120350495,9.050310589373112,6.285791015625023
Sipiwesk,Nelson-Winnipeg,2011-06-01,188.507,4840.0,24.159192689694464,105.77181586995721,63.546630553901196,2.504274481907487,14.815576171875023
Sipiwesk,Nelson-Winnipeg,2011-07-01,188.946,5240.0,21.265070245135576,94.97542679309845,94.23414221964777,1.0743176098912954,18.602929687500023
Sipiwesk,Nelson-Winnipeg,2011-08-01,189.159,5450.0,13.090252061374485,62.00626795180142,95.8811966702342,1.0666459565982223,17.262536621093773
Sipiwesk,Nelson-Winnipeg,2011-09-01,188.927,5420.0,8.914042264223099,37.58722683414817,70.68854989483953,1.0927560506388545,13.073388671875023
Sipiwesk,Nelson-Winnipeg,2011-10-01,187.779,4250.0,7.117278873920441,35.51859443541616,44.6816326584667,1.5427996404469013,4.567163085937523
Sipiwesk,Nelson-Winnipeg,2011-11-01,186.68,2880.0,5.904220015509054,27.56963891442865,22.690141922794282,9.905480779707432,-6.991796874999977
Sipiwesk,Nelson-Winnipeg,2011-12-01,,2870.0,5.477431797771715,20.25346108712256,4.187279293546453,18.883854150772095,-14.819494628906227
Sipiwesk,Nelson-Winnipeg,2012-01-01,,2780.0,5.000119737815112,24.59608350181952,2.6551133778411895,31.033989042043686,-19.271871948242165
Sipiwesk,Nelson-Winnipeg,2012-02-01,,2420.0,4.248064346029423,14.914950297679752,3.1387219205498695,38.86432573199272,-14.028417968749977
Sipiwesk,Nelson-Winnipeg,2012-03-01,,1930.0,6.817930814577267,46.30059562623501,13.72731412993744,33.13435986638069,-6.490759277343727
Sipiwesk,Nelson-Winnipeg,2012-04-01,185.64,1770.0,8.048481540754437,51.05462623760104,22.116456530056894,14.110599644482136,-0.41672363281247726
Sipiwesk,Nelson-Winnipeg,2012-05-01,,1830.0,11.255559569690377,89.66911025345325,46.34290607646108,7.343100383877754,6.435388183593773
Sipiwesk,Nelson-Winnipeg,2012-06-01,185.582,1960.0,19.53954517375678,112.54190700128675,63.85490298271179,3.106718184426427,14.236657714843773
Sipiwesk,Nelson-Winnipeg,2012-07-01,186.19,2600.0,15.802079811692238,87.35786401666701,107.27408295497298,1.1050630128011107,20.366235351562523
Sipiwesk,Nelson-Winnipeg,2012-08-01,186.402,2770.0,10.216742201009765,68.19675164297223,93.72400608845055,1.069596386514604,17.071313476562523
Sipiwesk,Nelson-Winnipeg,2012-09-01,185.883,2280.0,6.295533530646935,21.885454771108925,69.24864370375872,1.0734895477071404,10.556787109375023
Sipiwesk,Nelson-Winnipeg,2012-10-01,,2060.0,6.151980604045093,73.95140593871474,41.363560827448964,5.394355393946171,1.0256591796875227
Sipiwesk,Nelson-Winnipeg,2012-11-01,186.195,2410.0,5.704088107449934,39.4132174551487,17.337711760774255,20.622186362743378,-11.015234374999977
Sipiwesk,Nelson-Winnipeg,2012-12-01,,2690.0,5.652132924296893,25.4921960295178,2.2797822603024542,40.97289219498634,-20.170980834960915
Sipiwesk,Nelson-Winnipeg,2013-01-01,186.782,2700.0,5.308403371600434,33.78846729174256,1.3324137835297734,60.66380813717842,-23.597692871093727
Sipiwesk,Nelson-Winnipeg,2013-02-01,186.569,2650.0,4.393265233375132,19.82475072145462,2.8093585278838873,82.72218704223633,-18.430639648437477
Sipiwesk,Nelson-Winnipeg,2013-03-01,186.175,2560.0,4.550946527160704,30.618990887887776,8.879208326106891,101.88309103250504,-11.693090820312477
Sipiwesk,Nelson-Winnipeg,2013-04-01,185.933,2380.0,11.588488414417952,41.319995652884245,19.759332644753158,95.26189416646957,-5.034521484374977
Sipiwesk,Nelson-Winnipeg,2013-05-01,186.022,2430.0,15.297743142582476,65.62759354710579,37.41683019325137,12.31879461556673,6.857568359375023
Sipiwesk,Nelson-Winnipeg,2013-06-01,186.142,2480.0,21.806603763252497,108.94888546317816,61.19402591139078,1.79675139952451,15.747460937500023
Sipiwesk,Nelson-Winnipeg,2013-07-01,187.422,3670.0,15.460061316844076,84.73178674466908,107.71253239363432,1.0667691240087152,18.258813476562523
Sipiwesk,Nelson-Winnipeg,2013-08-01,187.539,3820.0,10.65112353535369,55.53698423318565,90.22307978011668,1.0656642261892557,17.009973144531273
Sipiwesk,Nelson-Winnipeg,2013-09-01,186.374,2810.0,8.190068474505097,52.1098414901644,64.695761539042,1.1143623851239681,13.033776855468773
Sipiwesk,Nelson-Winnipeg,2013-10-01,186.206,2600.0,7.3670369311003014,41.853086673654616,45.46517715789378,2.5759562849998474,2.0114990234375227
Sipiwesk,Nelson-Winnipeg,2013-11-01,186.496,2610.0,5.959858390269801,38.15679461695254,15.601381310261786,17.32628233730793,-10.583593749999977
Sipiwesk,Nelson-Winnipeg,2013-12-01,186.651,2700.0,5.662659561494365,33.82468596100807,1.4472987095359713,43.99077221751213,-26.37438049316404
Sipiwesk,Nelson-Winnipeg,2014-01-01,186.853,2560.0,5.2023516182089224,30.428575817495584,1.606564677786082,70.0702890753746,-24.08849182128904
Sipiwesk,Nelson-Winnipeg,2014-02-01,186.753,2430.0,4.253031103871763,18.656211206689477,2.066990244202316,85.13394743204117,-22.49645080566404
Sipiwesk,Nelson-Winnipeg,2014-03-01,186.751,2400.0,5.692167076631449,25.049699237570167,6.256457534618676,90.06612747907639,-16.200415039062477
Sipiwesk,Nelson-Winnipeg,2014-04-01,186.667,2350.0,10.605141869746149,58.11986164189875,16.525774262845516,64.1941949725151,-4.814855957031227
Sipiwesk,Nelson-Winnipeg,2014-05-01,186.653,2790.0,18.768934125546366,68.01663991063833,27.406009496189654,17.65632815659046,6.119836425781273
Sipiwesk,Nelson-Winnipeg,2014-06-01,187.502,3820.0,30.050893547013402,145.12340538203716,56.56670196913183,2.355986274778843,13.519738769531273
Sipiwesk,Nelson-Winnipeg,2014-07-01,188.283,4620.0,21.448182757012546,70.0758711900562,97.3673602566123,1.0682590072974563,17.648522949218773
Sipiwesk,Nelson-Winnipeg,2014-08-01,188.626,4990.0,14.67811645125039,89.76844092831016,96.27504041418433,1.0658040409907699,16.891320800781273
Sipiwesk,Nelson-Winnipeg,2014-09-01,188.511,4880.0,10.156771168112755,48.48060314543545,53.13631030730903,1.350411563180387,9.581689453125023
Sipiwesk,Nelson-Winnipeg,2014-10-01,188.144,4530.0,8.59244170715101,37.36019611824304,38.58255816157907,1.78474688436836,3.2707153320312727
Sipiwesk,Nelson-Winnipeg,2014-11-01,,2980.0,7.562110258731991,39.315756876021624,20.954632200300694,11.196963489055634,-13.573217773437477
Sipiwesk,Nelson-Winnipeg,2014-12-01,,3070.0,7.235736135044135,16.369524877518415,2.4932697706390172,26.61692351102829,-15.373754882812477
Sipiwesk,Nelson-Winnipeg,2015-01-01,187.039,2970.0,6.574649785761721,25.024913484230638,2.8270934126339853,38.920361548662186,-20.92241516113279
Sipiwesk,Nelson-Winnipeg,2015-02-01,186.68,2800.0,5.28416340239346,25.38489713333547,2.239049761556089,54.186202585697174,-24.33031311035154
Sipiwesk,Nelson-Winnipeg,2015-03-01,186.265,2660.0,9.983333700802177,26.847263623494655,8.42012875364162,44.673141092062,-10.594335937499977
Sipiwesk,Nelson-Winnipeg,2015-04-01,186.106,2530.0,6.977512239245698,30.97845590673387,13.578189827967435,17.962707206606865,-2.3186401367187273
Sipiwesk,Nelson-Winnipeg,2015-05-01,186.154,2540.0,11.299484089249745,57.28132673539221,40.716294664889574,5.354389548301697,6.207727050781273
Sipiwesk,Nelson-Winnipeg,2015-06-01,186.294,2680.0,12.692697637248784,64.72139619290829,60.43079774826765,1.1891123140230775,14.643762207031273
Sipiwesk,Nelson-Winnipeg,2015-07-01,186.229,2630.0,12.876609369413927,110.61428440734744,96.57703107222915,1.0684055741876364,18.391076660156273
Sipiwesk,Nelson-Winnipeg,2015-08-01,,2490.0,10.345767601393163,85.46038973145187,79.58356058225036,1.0770979570224881,16.066552734375023
Sipiwesk,Nelson-Winnipeg,2015-09-01,186.367,2770.0,10.003215575125068,70.75155386701226,59.98595617711544,1.2025194009765983,11.351953125000023
Sipiwesk,Nelson-Winnipeg,2015-10-01,186.38,2830.0,8.26883118133992,43.66911586839706,39.564078324474394,1.369585283100605,3.5455566406250227
Sipiwesk,Nelson-Winnipeg,2015-11-01,186.317,2570.0,8.42210662085563,42.68110147677362,20.941458642482758,7.768311537802219,-5.302526855468727
Sipiwesk,Nelson-Winnipeg,2015-12-01,186.69,2690.0,9.284670843044296,23.20986770791933,4.48947204858996,21.085508167743683,-11.581274414062477
Sipiwesk,Nelson-Winnipeg,2016-01-01,186.777,2700.0,8.048260351642966,19.997779512777925,2.1717460767831653,34.11909192800522,-17.784796142578102
Sipiwesk,Nelson-Winnipeg,2016-02-01,186.86,2790.0,6.412878923583776,22.646638739388436,2.9950551979709417,43.61215606331825,-18.834082031249977
Sipiwesk,Nelson-Winnipeg,2016-03-01,186.657,2850.0,7.675104483496398,36.22346185147762,10.261762916343287,36.50336712598801,-8.665380859374977
Sipiwesk,Nelson-Winnipeg,2016-04-01,186.388,2920.0,10.902771900873631,41.7646870482713,19.584515830501914,18.491657450795174,-3.1346801757812273
Sipiwesk,Nelson-Winnipeg,2016-05-01,186.279,2710.0,13.168180303182453,72.44317047297955,38.26436004601419,2.2947126999497414,8.329492187500023
Sipiwesk,Nelson-Winnipeg,2016-06-01,186.253,2650.0,14.376095496118069,91.17121808230877,73.86944023892283,1.1223418405279517,15.138085937500023
Sipiwesk,Nelson-Winnipeg,2016-07-01,187.055,3410.0,15.550864220131189,127.30361334979534,93.52836897596717,1.0663485154509544,18.198693847656273
Sipiwesk,Nelson-Winnipeg,2016-08-01,187.172,3520.0,14.113054145127535,104.30804244242609,86.17361169308424,1.0734869865700603,16.300134277343773
Sipiwesk,Nelson-Winnipeg,2016-09-01,186.698,3040.0,11.107719037681818,73.81010334938765,60.25944370776415,1.1118055554106832,11.966943359375023
Sipiwesk,Nelson-Winnipeg,2016-10-01,186.689,3170.0,15.008385351393372,87.0544514618814,43.43905730638653,8.210369385778904,1.5596557617187727
Sipiwesk,Nelson-Winnipeg,2016-11-01,186.468,3150.0,14.152094372548163,29.205131577327847,17.364292871207,5.606708582490683,-0.8886474609374773
Sipiwesk,Nelson-Winnipeg,2016-12-01,,2810.0,12.78623953112401,34.47026677895337,5.684505886165425,25.872476398944855,-18.21050109863279
Sipiwesk,Nelson-Winnipeg,2017-01-01,,3270.0,10.577582783298567,20.339014881756157,2.331510971998796,47.15412110090256,-15.389196777343727
Sipiwesk,Nelson-Winnipeg,2017-02-01,187.558,3350.0,9.01207234710455,20.749848103150725,3.8426739629358053,49.32546988129616,-15.887854003906227
Sipiwesk,Nelson-Winnipeg,2017-03-01,187.28,3340.0,11.743869225028902,36.441170843318105,9.154078288702294,41.679855436086655,-12.156225585937477
Sipiwesk,Nelson-Winnipeg,2017-04-01,187.43,3530.0,12.095976853743196,47.84943885169923,18.19094060920179,15.995832160115242,-2.8824829101562273
Sipiwesk,Nelson-Winnipeg,2017-05-01,188.063,4350.0,14.922845090040937,52.96076717786491,28.179856948554516,7.095720618963242,6.018518066406273
Sipiwesk,Nelson-Winnipeg,2017-06-01,188.159,4200.0,17.831927980296314,94.27104843780398,59.45937009528279,1.546827726997435,13.550683593750023
Sipiwesk,Nelson-Winnipeg,2017-07-01,188.321,4390.0,13.679682393558323,56.661278707906604,102.03647217713296,1.0656702797859907,18.844140625000023
Sipiwesk,Nelson-Winnipeg,2017-08-01,187.794,3960.0,8.940038620494306,45.85975711233914,108.17027487792075,1.0657443199306726,18.869348144531273
Sipiwesk,Nelson-Winnipeg,2017-09-01,185.996,2480.0,8.166154730133712,72.02343083918095,64.73410176113248,1.264403690584004,11.886560058593773
Sipiwesk,Nelson-Winnipeg,2017-10-01,185.621,2020.0,7.785676803905517,53.330182447098196,46.891036443412304,3.0283345840871334,3.5601440429687727
Sipiwesk,Nelson-Winnipeg,2017-11-01,,2290.0,6.453105452237651,32.878919737413526,17.54974073264748,22.8999275714159,-12.944982910156227
Sipiwesk,Nelson-Winnipeg,2017-12-01,186.577,2630.0,5.927237463765778,23.269942845217884,2.6927431172225624,33.15267339348793,-19.359945678710915
Sipiwesk,Nelson-Winnipeg,2018-01-01,186.383,2390.0,5.378907255362719,23.980183876119554,1.9770896760746837,45.77866196632385,-22.032980346679665
Sipiwesk,Nelson-Winnipeg,2018-02-01,186.179,2400.0,4.326923633925617,16.568537801504135,1.8580252071842551,61.97451800107956,-20.749945068359352
Sipiwesk,Nelson-Winnipeg,2018-03-01,185.846,2320.0,5.46987887355499,35.889770835638046,12.019048648653552,76.13541930913925,-9.119909667968727
Sipiwesk,Nelson-Winnipeg,2018-04-01,185.446,2040.0,11.06814423110336,17.913328483700752,16.067870892584324,58.372750878334045,-5.127233886718727
Sipiwesk,Nelson-Winnipeg,2018-05-01,185.43,1830.0,8.7459497153759,45.99759087432176,42.65467915683985,5.443943664431572,8.658227539062523
Sipiwesk,Nelson-Winnipeg,2018-06-01,185.468,1840.0,12.411036004777998,94.57353036850691,70.18525153398514,1.1534378863871098,16.359216308593773
Sipiwesk,Nelson-Winnipeg,2018-07-01,185.64,2070.0,11.827023117803037,91.77059424109757,108.61702472902834,1.0803928598761559,17.971948242187523
Sipiwesk,Nelson-Winnipeg,2018-08-01,185.395,1840.0,7.266072338097729,49.94478705339134,97.2567843273282,1.0726371547207236,15.939782714843773
Sipiwesk,Nelson-Winnipeg,2018-09-01,185.012,1490.0,6.780543189961463,81.07643807306886,62.11795611307025,1.7149184131994843,6.326013183593773
Sipiwesk,Nelson-Winnipeg,2018-10-01,185.082,1490.0,7.403840689221397,49.246827024035156,33.695022691972554,6.565651390701532,-1.2749389648437273
Sipiwesk,Nelson-Winnipeg,2018-11-01,185.898,2070.0,8.26570118078962,29.43180617876351,11.365018144715577,14.244232326745987,-12.721350097656227
Sipiwesk,Nelson-Winnipeg,2018-12-01,186.164,2300.0,7.706641539698467,20.56989085394889,2.762436808552593,25.180069729685783,-14.624609374999977
Sipiwesk,Nelson-Winnipeg,2019-01-01,186.014,2140.0,6.49078720016405,25.87381290504709,1.7878583166748285,43.422020971775055,-23.602499389648415
Sipiwesk,Nelson-Winnipeg,2019-02-01,185.722,2180.0,4.948627785779536,27.186769526451826,1.351796672679484,68.21247935295105,-22.688299560546852
Sipiwesk,Nelson-Winnipeg,2019-03-01,,2120.0,9.057693358045071,16.202574712224305,11.43890485400334,66.23906642198563,-8.710119628906227
Sipiwesk,Nelson-Winnipeg,2019-04-01,185.646,2070.0,7.361342723015696,35.50656954757869,17.529704491607845,25.570308789610863,-1.4786132812499773
Sipiwesk,Nelson-Winnipeg,2019-05-01,185.643,2070.0,10.551053041126579,41.672087158076465,40.368803311139345,7.010775152593851,5.210900878906273
Sipiwesk,Nelson-Winnipeg,2019-06-01,185.656,2090.0,13.932833389844745,85.84397379308939,60.8380394987762,1.4522203709930182,14.386804199218773
Sipiwesk,Nelson-Winnipeg,2019-07-01,185.648,2090.0,13.155151362298056,90.86444904096425,100.82246828824282,1.0724050225690007,18.211877441406273
Sipiwesk,Nelson-Winnipeg,2019-08-01,185.685,2110.0,8.708556357305497,75.65955864265561,98.25212648138404,1.0658114915713668,15.245080566406273
Sipiwesk,Nelson-Winnipeg,2019-09-01,185.277,1950.0,10.660664993338287,100.33550905063748,57.577810948714614,1.330435392446816,11.056542968750023
Sipiwesk,Nelson-Winnipeg,2019-10-01,185.162,1950.0,11.772749247029424,63.592570601031184,40.644651278853416,6.129326764494181,1.6416259765625227
Sipiwesk,Nelson-Winnipeg,2019-11-01,186.461,2620.0,10.84738498320803,31.865834025666118,15.000554267317057,15.346958301961422,-9.866735839843727
Sipiwesk,Nelson-Winnipeg,2019-12-01,187.137,3090.0,8.989738242235035,21.225112781394273,1.7652360838837922,29.438050463795662,-17.818441772460915
Sipiwesk,Nelson-Winnipeg,2020-01-01,187.426,3140.0,7.289063127245754,26.71921532601118,1.9710069173015654,50.71517825126648,-16.935614013671852
Sipiwesk,Nelson-Winnipeg,2020-02-01,187.466,3140.0,5.968729063170031,16.275329049676657,3.326842706883326,61.48702651262283,-17.307653808593727
Sipiwesk,Nelson-Winnipeg,2020-03-01,187.35,3070.0,6.429641580325551,28.81568478187546,9.477226878516376,64.54150378704071,-11.214697265624977
Sipiwesk,Nelson-Winnipeg,2020-04-01,187.291,3020.0,10.848572419490665,35.135080106556416,15.480339643545449,52.26045101881027,-3.9679321289062273
Sipiwesk,Nelson-Winnipeg,2020-05-01,187.588,3800.0,11.244162742514163,48.62129350658506,27.66983991023153,12.793075293302536,3.8343750000000227
Sipiwesk,Nelson-Winnipeg,2020-06-01,187.446,3910.0,18.759254598990083,107.1134302765131,46.823445009067655,2.6987786404788494,12.367333984375023
Sipiwesk,Nelson-Winnipeg,2020-07-01,187.616,4050.0,19.351148512214422,100.51024286076427,88.68130343034863,1.0888889664784074,19.459985351562523
Sipiwesk,Nelson-Winnipeg,2020-08-01,,4160.0,12.814642279408872,69.06684418208897,96.87851648777723,1.0674289660528302,17.006188964843773
Sipiwesk,Nelson-Winnipeg,2020-09-01,186.3,2830.0,9.145904041361064,41.85659810900688,58.20773541927338,1.0872837156057358,9.066857910156273
Sipiwesk,Nelson-Winnipeg,2020-10-01,185.52,2080.0,8.214781963033602,36.44406876992434,46.98364017531276,4.698270000517368,-0.46628417968747726
Sipiwesk,Nelson-Winnipeg,2020-11-01,,2200.0,7.186476141214371,31.46906616166234,10.515788162592798,19.587021321058273,-10.088537597656227
Sipiwesk,Nelson-Winnipeg,2020-12-01,186.594,2620.0,6.58533837122377,21.570270997472107,1.959216722752899,31.28369152545929,-15.576177978515602
Sipiwesk,Nelson-Winnipeg,2021-01-01,186.498,2520.0,5.743467234424315,20.693413622211665,1.210541173350066,45.90039700269699,-14.788092041015602
Sipiwesk,Nelson-Winnipeg,2021-02-01,186.013,2420.0,4.576456791255623,12.827829108573496,2.8964647790417075,55.917367339134216,-21.515356445312477
Sipiwesk,Nelson-Winnipeg,2021-03-01,185.645,2180.0,5.581912788329646,22.01379812322557,11.3115232961718,37.057798355817795,-8.093847656249977
Sipiwesk,Nelson-Winnipeg,2021-04-01,185.592,2150.0,5.73896206333302,36.21719777584076,21.209983387961984,21.21850475668907,-1.4111083984374773
Sipiwesk,Nelson-Winnipeg,2021-05-01,185.595,2010.0,7.95801862841472,50.185675849206746,24.235223070718348,8.50196834653616,3.7892089843750227
Sipiwesk,Nelson-Winnipeg,2021-06-01,185.404,1810.0,11.346621613483876,59.05407015234232,63.804821111261845,1.9577834755182266,14.744287109375023
Sipiwesk,Nelson-Winnipeg,2021-07-01,185.005,1330.0,7.773652032483369,40.5202858382836,106.56560305505991,1.0656450176611543,19.762902832031273
Sipiwesk,Nelson-Winnipeg,2021-08-01,184.78,860.0,6.973057854338549,90.22435010410845,91.41535824164748,1.0874033905565739,16.525903320312523
Sipiwesk,Nelson-Winnipeg,2021-09-01,184.807,877.0,4.847112286370248,37.85179113037884,56.224968284368515,1.0936008766293526,13.029260253906273
Sipiwesk,Nelson-Winnipeg,2021-10-01,184.791,895.0,4.733049005153589,46.62849800661206,40.69399903528392,1.3669534819200635,6.406030273437523
Sipiwesk,Nelson-Winnipeg,2021-11-01,184.831,910.0,3.815106611000374,40.386380860581994,27.603369089774787,15.039832331240177,-5.722631835937477
Sipiwesk,Nelson-Winnipeg,2021-12-01,185.014,1190.0,3.838309203274548,37.89932234212756,2.8331310604698956,38.000885397195816,-21.246847534179665
Sipiwesk,Nelson-Winnipeg,2022-01-01,185.026,1250.0,3.595534319174476,32.97335596289486,1.2080871383659542,66.22061878442764,-25.006079101562477
Sipiwesk,Nelson-Winnipeg,2022-02-01,184.834,1470.0,3.1013988773338497,31.026961281895638,1.92690035328269,90.33714234828949,-24.094931030273415
Sipiwesk,Nelson-Winnipeg,2022-03-01,184.757,1510.0,4.585501505061984,31.743913306854665,8.559452078770846,97.29773551225662,-11.458959960937477
Sipiwesk,Nelson-Winnipeg,2022-04-01,184.966,1620.0,8.58747196616605,74.90364834666252,20.098359673283994,80.15580475330353,-2.5306152343749773
Sipiwesk,Nelson-Winnipeg,2022-05-01,185.982,2510.0,41.80903313681483,98.78037916496396,25.286412565037608,20.100774243474007,5.214807128906273
Sipiwesk,Nelson-Winnipeg,2022-06-01,187.97,4380.0,26.889393338933587,102.44823759421706,66.01151078939438,2.9229135252535343,13.464685058593773
Sipiwesk,Nelson-Winnipeg,2022-07-01,188.812,5170.0,18.865875725168735,88.23697874322534,95.0327068567276,1.0848112870007753,18.428979492187523
Sipiwesk,Nelson-Winnipeg,2022-08-01,188.951,5320.0,11.710274207871407,63.07736039161682,94.13356287404895,1.0657605016604066,17.493066406250023
Sipiwesk,Nelson-Winnipeg,2022-09-01,188.71,5130.0,4.108255379833281,16.60260488279164,28.299657278694212,1.0747549822553992,12.719995117187523
Sipiwesk,Nelson-Winnipeg,2022-10-01,188.062,4510.0,3.6043356885784306,16.580510535277426,22.44971413165331,2.4555539712309837,3.2831054687500227
Sipiwesk,Nelson-Winnipeg,2022-11-01,187.154,3170.0,3.0376811628229916,23.877578205429018,10.512974113225937,22.642910480499268,-8.787634277343727
Sipiwesk,Nelson-Winnipeg,2022-12-01,187.463,2990.0,2.85192157025449,21.74011367605999,1.315543646342121,50.728488713502884,-19.308477783203102
Sipiwesk,Nelson-Winnipeg,2023-01-01,187.088,2920.0,2.5580389265087433,8.310271892696619,0.954342627665028,74.59747791290283,-15.595800781249977
Sipiwesk,Nelson-Winnipeg,2023-02-01,186.698,2880.0,2.0729942771140486,9.53377760015428,0.935722142457962,85.72883903980255,-20.756384277343727
Sipiwesk,Nelson-Winnipeg,2023-03-01,,2490.0,2.061587198113557,9.882822923827916,3.036736568901688,95.9567055106163,-13.812963867187477
Sipiwesk,Nelson-Winnipeg,2023-04-01,185.662,2250.0,3.5508086148183793,20.99730831105262,8.274223655462265,57.500217109918594,-2.5758422851562273
Sipiwesk,Nelson-Winnipeg,2023-05-01,185.587,2110.0,6.18203982594423,18.458498700056225,13.204828428570181,4.935408942401409,10.522363281250023
Sipiwesk,Nelson-Winnipeg,2023-06-01,185.6,2050.0,5.696727748727426,35.14023846946657,28.400311712175608,1.2172486167401075,18.723657226562523
Sipiwesk,Nelson-Winnipeg,2023-07-01,185.622,2070.0,4.426003215485252,30.15065094223246,41.18209215812385,1.0656840167939663,16.526025390625023
Sipiwesk,Nelson-Winnipeg,2023-08-01,185.42,1820.0,3.349538288603071,35.90561740566045,34.442669712007046,1.0681843850761652,17.162500000000023
Sipiwesk,Nelson-Winnipeg,2023-09-01,185.296,1650.0,2.6398561749374494,18.706179689615965,23.378360783681273,1.081984955817461,14.845361328125023
Sipiwesk,Nelson-Winnipeg,2023-10-01,185.022,1210.0,2.614889082906302,26.193088269792497,20.78939345665276,2.837061882019043,3.7752929687500227
Sipiwesk,Nelson-Winnipeg,2023-11-01,185.211,1440.0,2.4189770920202136,12.863395095337182,11.659003794193268,11.893370188772678,-6.178503417968727
Sipiwesk,Nelson-Winnipeg,2023-12-01,185.607,1790.0,2.509488957002759,11.115684086689726,1.9158141367370263,16.604239121079445,-8.770544433593727
Sipiwesk,Nelson-Winnipeg,2024-01-01,,,2.449438856274355,11.346225335728377,1.2044904433423653,27.634067460894585,-16.749212646484352
Sipiwesk,Nelson-Winnipeg,2024-02-01,,,2.221733840997331,14.795259397942573,2.164841163903475,28.397124260663986,-14.673620605468727
Sipiwesk,Nelson-Winnipeg,2024-03-01,,,4.885354806901887,34.97827728278935,9.18413931503892,37.85951808094978,-12.269323730468727
Sipiwesk,Nelson-Winnipeg,2024-04-01,,,6.747602310497314,47.77700174599886,15.360036632046103,19.32874135673046,0.41243896484377274
Sipiwesk,Nelson-Winnipeg,2024-05-01,,,12.439728889148682,102.94858645647764,28.642550809308887,6.562982220202684,6.327355957031273
Sipiwesk,Nelson-Winnipeg,2024-06-01,,,17.62090832926333,104.77773612365127,65.21373521536589,2.150483662262559,12.904260253906273
Sipiwesk,Nelson-Winnipeg,2024-07-01,,,14.973932324210182,71.73917279578745,99.15275732055306,1.0671173222362995,19.848657226562523
Sipiwesk,Nelson-Winnipeg,2024-08-01,,,11.158273322507739,77.13605766184628,102.66813356429338,1.0813170811161399,18.687036132812523
Sipiwesk,Nelson-Winnipeg,2024-09-01,,,8.01595626398921,52.7934345882386,62.898772303014994,1.0770091321319342,15.822961425781273
Sipiwesk,Nelson-Winnipeg,2024-10-01,,,6.2588204455096275,20.713856094516814,52.20180633477867,1.4380586799234152,3.7251220703125227
Sipiwesk,Nelson-Winnipeg,2024-11-01,,,5.518159596249461,53.40664065442979,22.75182050652802,10.268822312355042,-3.2675537109374773
Sipiwesk,Nelson-Winnipeg,2024-12-01,,,5.195944060687907,35.08426633197814,4.088436719030142,43.287187814712524,-13.702001953124977
Split,Nelson-Winnipeg,1994-01-01,167.828,3670.0,6.595640355953947,24.60651856381446,0.44351119595376076,53.54231223464012,-30.794409179687477
Split,Nelson-Winnipeg,1994-02-01,167.754,3450.0,5.276071780826896,18.00947799347341,1.3383392943069339,67.00265407562256,-26.291998291015602
Split,Nelson-Winnipeg,1994-03-01,167.349,3170.0,8.670291455928236,22.053335153032094,6.890144853969105,49.59439858794212,-11.980993652343727
Split,Nelson-Winnipeg,1994-04-01,166.9,2730.0,6.16585195530206,27.74477528873831,15.591071569360793,22.031769156455994,-6.359075927734352
Split,Nelson-Winnipeg,1994-05-01,166.933,3080.0,9.238993312465027,66.02113414555788,19.529571291059256,4.945648368448019,3.8307128906250227
Split,Nelson-Winnipeg,1994-06-01,166.572,2680.0,13.494982849806547,107.84132173284888,44.13346876390278,1.2785434955731034,13.875787353515648
Split,Nelson-Winnipeg,1994-07-01,166.676,2740.0,13.04923539282754,94.1663314588368,72.93646037578583,1.019208342768252,16.195672607421898
Split,Nelson-Winnipeg,1994-08-01,166.667,2700.0,10.179790027905256,72.90577050298452,81.10351767390966,1.0249549522995949,14.735314941406273
Split,Nelson-Winnipeg,1994-09-01,166.625,2650.0,9.287242137361318,45.81495188176632,53.78909292630851,1.0180375538766384,11.890191650390648
Split,Nelson-Winnipeg,1994-10-01,166.808,2820.0,9.62081048055552,61.01301172748208,32.20866422634572,1.8570318352431059,2.8658996582031477
Split,Nelson-Winnipeg,1994-11-01,167.079,3140.0,9.341724507976323,35.09609028697014,20.591646898537874,9.811549447476864,-7.828619384765602
Split,Nelson-Winnipeg,1994-12-01,167.324,2970.0,8.909724070690572,21.92249719519168,2.6773708887048997,23.035870864987373,-15.155615234374977
Split,Nelson-Winnipeg,1995-01-01,167.644,3310.0,7.415071508148685,21.36340126162395,1.93202181981178,40.00864550471306,-20.47887268066404
Split,Nelson-Winnipeg,1995-02-01,167.478,3280.0,5.899337294977158,19.891194999217987,1.8577169685158879,51.89196765422821,-22.99651184082029
Split,Nelson-Winnipeg,1995-03-01,167.201,3200.0,9.166850097244605,39.273654110729694,7.013516500592232,46.72059044241905,-12.510229492187477
Split,Nelson-Winnipeg,1995-04-01,167.058,3140.0,7.986433629412204,35.538888769224286,14.129970513749868,32.57369250059128,-6.862707519531227
Split,Nelson-Winnipeg,1995-05-01,166.868,3030.0,9.206063230521977,55.336298304609954,19.897377002052963,8.724665269255638,2.8152404785156477
Split,Nelson-Winnipeg,1995-06-01,166.764,2880.0,12.15636235428974,72.2352834418416,44.40907621756196,1.5430202474817634,15.116784667968773
Split,Nelson-Winnipeg,1995-07-01,166.546,2540.0,11.920426215510815,96.94843483157456,78.36304628290236,1.016772584989667,14.890496826171898
Split,Nelson-Winnipeg,1995-08-01,166.845,2980.0,15.413416607771069,121.62126647308469,74.90909309126437,1.0237264214083552,15.660089111328148
Split,Nelson-Winnipeg,1995-09-01,166.955,3090.0,7.7389361103996634,39.18425180017948,55.301778484135866,1.0981389787048101,7.868463134765648
Split,Nelson-Winnipeg,1995-10-01,167.167,3410.0,7.4165570113109425,51.701565738767385,35.20553535781801,3.0408611055463552,1.3491760253906477
Split,Nelson-Winnipeg,1995-11-01,167.23,3160.0,7.105661934474483,42.77951898984611,12.52758112968877,21.62882126867771,-15.969061279296852
Split,Nelson-Winnipeg,1995-12-01,167.309,3110.0,6.695106363622472,29.00178002892062,1.9856217331835069,50.7727675139904,-20.255987548828102
Split,Nelson-Winnipeg,1996-01-01,167.556,3200.0,5.951805782387964,23.099387413822114,0.6922654501977377,70.65140455961227,-28.808264160156227
Split,Nelson-Winnipeg,1996-02-01,167.332,3090.0,5.30195735336747,23.432656133081764,2.600669497041963,82.51779526472092,-19.605917358398415
Split,Nelson-Winnipeg,1996-03-01,167.291,3020.0,8.05856368970126,26.014053786639124,5.802153857075609,78.49258184432983,-16.977880859374977
Split,Nelson-Winnipeg,1996-04-01,167.032,3020.0,9.889667853713036,48.82996785454452,14.257384173106402,58.75447392463684,-6.118048095703102
Split,Nelson-Winnipeg,1996-05-01,167.228,3400.0,21.6277297004126,73.47917021252215,16.53689908562228,22.372335195541382,2.0239196777343977
Split,Nelson-Winnipeg,1996-06-01,168.034,4790.0,24.236831814050674,82.20486575737596,30.847624875605106,3.2159406691789627,12.562280273437523
Split,Nelson-Winnipeg,1996-07-01,168.318,5100.0,17.215990112163126,93.65465072914958,71.29147020168602,1.0815750574693084,17.821588134765648
Split,Nelson-Winnipeg,1996-08-01,167.958,4570.0,12.579487985931337,61.29214377142489,85.10853885672987,1.0188296437263489,16.570886230468773
Split,Nelson-Winnipeg,1996-09-01,167.121,3380.0,8.8516014511697,73.8265598192811,60.99444581195712,1.1451694881543517,10.871667480468773
Split,Nelson-Winnipeg,1996-10-01,167.333,3460.0,8.434571471298113,57.52038222271949,36.17208229843527,3.7381506990641356,-0.5069641113281023
Split,Nelson-Winnipeg,1996-11-01,167.441,3500.0,9.396470559295267,47.46963386423886,13.14696273766458,24.625930935144424,-14.481329345703102
Split,Nelson-Winnipeg,1996-12-01,167.758,3720.0,9.399158792803064,33.35447842255235,1.5072240785229951,59.47188660502434,-21.239523315429665
Split,Nelson-Winnipeg,1997-01-01,167.803,3630.0,7.969836791744456,28.692871157545596,0.7153571186790941,86.45537495613098,-26.88310852050779
Split,Nelson-Winnipeg,1997-02-01,167.843,3640.0,6.0866245767101645,13.893397757783532,1.481965373386629,101.94647312164307,-20.528768920898415
Split,Nelson-Winnipeg,1997-03-01,167.695,3720.0,8.57182510662824,32.64026762917638,4.668175868573599,110.568568110466,-16.218908691406227
Split,Nelson-Winnipeg,1997-04-01,167.517,3920.0,15.483166789636016,47.60062205605209,14.425298140849918,63.16313147544861,-5.960302734374977
Split,Nelson-Winnipeg,1997-05-01,167.858,4410.0,18.57795607065782,54.4378039194271,16.36084553319961,15.394113026559353,-0.22708740234372726
Split,Nelson-Winnipeg,1997-06-01,168.469,5420.0,22.304494050331414,97.29442186653614,35.35381285473704,1.6801232704892755,11.463037109375023
Split,Nelson-Winnipeg,1997-07-01,168.458,5370.0,18.418784835375845,81.15798281505704,64.87800134345889,1.0238995309919119,17.814691162109398
Split,Nelson-Winnipeg,1997-08-01,168.099,4860.0,12.209248990984634,72.56042282097042,77.5924720801413,1.0217869421467185,14.825921630859398
Split,Nelson-Winnipeg,1997-09-01,167.396,3830.0,10.200771794188768,67.94610992074013,51.45390168763697,1.1349209817126393,10.070245361328148
Split,Nelson-Winnipeg,1997-10-01,167.322,3660.0,13.452908809995279,69.6483205538243,43.15709229558706,3.575338050723076,-1.2942871093749773
Split,Nelson-Winnipeg,1997-11-01,167.669,3890.0,11.414585751481354,19.284197478555143,8.089618349913508,14.214585535228252,-11.775213623046852
Split,Nelson-Winnipeg,1997-12-01,168.206,3980.0,9.889452427159995,13.084207195788622,3.072718405746855,19.267750903964043,-13.797094726562477
Split,Nelson-Winnipeg,1998-01-01,168.059,4040.0,8.30551900435239,31.103359651751816,1.2801877237507142,40.85025191307068,-26.09746398925779
Split,Nelson-Winnipeg,1998-02-01,167.905,3950.0,6.808376114349812,27.91906800121069,3.1535645539406687,49.27857592701912,-12.340673828124977
Split,Nelson-Winnipeg,1998-03-01,167.531,3810.0,8.337656036019325,21.541982830967754,6.494278335594572,52.29043588042259,-13.042913818359352
Split,Nelson-Winnipeg,1998-04-01,167.371,3660.0,9.404128650203347,29.920540982857347,14.202842430677265,13.716675341129303,-0.7811035156249773
Split,Nelson-Winnipeg,1998-05-01,167.401,3900.0,13.802505942294374,75.54791448637843,26.860172569286078,1.9604573026299477,4.935083007812523
Split,Nelson-Winnipeg,1998-06-01,167.613,4000.0,16.162635292857885,125.67645404487848,43.071628315374255,1.065544900484383,12.144464111328148
Split,Nelson-Winnipeg,1998-07-01,167.715,4260.0,16.177346871700138,77.75512407533824,90.52598709240556,1.0159604717046022,17.288201904296898
Split,Nelson-Winnipeg,1998-08-01,167.364,3860.0,10.825620760442689,70.23963471874595,88.91116711311042,1.0182720143347979,17.802148437500023
Split,Nelson-Winnipeg,1998-09-01,166.798,2780.0,7.641466800123453,49.994863802567124,61.06926826760173,1.0422709165140986,10.102777099609398
Split,Nelson-Winnipeg,1998-10-01,166.788,2810.0,8.472997869830579,63.209344167262316,31.596891349181533,2.555874641984701,2.8514343261718977
Split,Nelson-Winnipeg,1998-11-01,166.865,2810.0,7.855641015339643,29.651219956576824,18.183995853178203,10.820075869560242,-6.328222656249977
Split,Nelson-Winnipeg,1998-12-01,167.162,2870.0,7.520010374719277,22.776317317038774,3.324485478515271,22.30118215084076,-19.41380920410154
Split,Nelson-Winnipeg,1999-01-01,167.21,2820.0,6.8166631972417235,24.50853760819882,1.2052080455760006,41.3549542427063,-23.971716308593727
Split,Nelson-Winnipeg,1999-02-01,167.302,2940.0,5.745517439208925,19.32903449051082,2.95106865814887,54.33328449726105,-15.936804199218727
Split,Nelson-Winnipeg,1999-03-01,166.804,2680.0,8.576250489568338,24.44730041315779,8.589650242356583,51.813215017318726,-9.350073242187477
Split,Nelson-Winnipeg,1999-04-01,166.666,2830.0,7.898643671069294,42.307181283831596,16.890416736714542,17.72686094045639,1.3230529785156477
Split,Nelson-Winnipeg,1999-05-01,166.595,2430.0,12.46693529537879,97.25591097958386,35.16123641747981,6.6503360867500305,7.293298339843773
Split,Nelson-Winnipeg,1999-06-01,166.725,2870.0,14.403304376173764,91.45822143182158,52.02552652917802,2.774749184027314,13.676660156250023
Split,Nelson-Winnipeg,1999-07-01,166.72,2800.0,18.34162708837539,114.67499774880707,93.2094887830317,1.2236118782311678,16.550256347656273
Split,Nelson-Winnipeg,1999-08-01,166.672,2650.0,12.52379221841693,72.18987075611949,77.75508076883852,1.0218085953965783,15.487939453125023
Split,Nelson-Winnipeg,1999-09-01,166.754,2750.0,11.364786769263446,70.978794246912,54.154114332050085,1.11240369733423,7.921746826171898
Split,Nelson-Winnipeg,1999-10-01,166.954,3190.0,11.336614901665598,33.93747773952782,33.280265517532825,2.3738944437354803,-0.5891174316406023
Split,Nelson-Winnipeg,1999-11-01,167.095,3070.0,10.475852759554982,18.65493308287114,16.860075993463397,6.652199197560549,-7.750921630859352
Split,Nelson-Winnipeg,1999-12-01,167.449,3210.0,8.986400935100392,23.760201293043792,4.142317673540674,16.57787710428238,-17.583273315429665
Split,Nelson-Winnipeg,2000-01-01,167.725,3290.0,7.387368881609291,20.18299780320376,0.5136813433637144,34.09387543797493,-24.574865722656227
Split,Nelson-Winnipeg,2000-02-01,168.211,3430.0,6.684713371214457,19.509457983076572,3.421594767132774,39.1751267015934,-15.590612792968727
Split,Nelson-Winnipeg,2000-03-01,167.498,3490.0,6.839423018391244,28.608854743652046,9.42779250908643,23.206626996397972,-8.305670166015602
Split,Nelson-Winnipeg,2000-04-01,167.075,3160.0,6.70366280246526,37.947624223306775,12.813890352845192,14.32501245290041,-4.448522949218727
Split,Nelson-Winnipeg,2000-05-01,166.906,3170.0,8.922232431359589,70.73179865255952,27.584605501033366,6.358193699270487,3.8593688964843977
Split,Nelson-Winnipeg,2000-06-01,166.757,2840.0,15.579874743707478,110.78344658017159,40.57563375681639,2.539254492148757,8.652734375000023
Split,Nelson-Winnipeg,2000-07-01,167.247,3370.0,17.969317501410842,88.81150442175567,72.34824984334409,1.0648405877873302,16.124688720703148
Split,Nelson-Winnipeg,2000-08-01,167.234,3630.0,14.770500943996012,96.30216471850872,84.36342887580395,1.023109769448638,15.716149902343773
Split,Nelson-Winnipeg,2000-09-01,167.337,3550.0,11.141904979012907,64.5472970791161,61.34938448667526,1.166800269857049,7.578179931640648
Split,Nelson-Winnipeg,2000-10-01,167.404,3780.0,9.606236941181123,26.72840893501416,28.248613234609365,1.4442267129197717,2.5334106445312727
Split,Nelson-Winnipeg,2000-11-01,167.454,3640.0,10.392761905677617,54.350498830899596,18.98622780572623,17.928658053278923,-10.345831298828102
Split,Nelson-Winnipeg,2000-12-01,167.734,3580.0,9.434339008294046,23.721589939668775,1.6040540285757743,35.15062853693962,-26.35137023925779
Split,Nelson-Winnipeg,2001-01-01,168.173,3760.0,8.173869049642235,12.798409559763968,1.7038355872500688,48.898275941610336,-18.00041809082029
Split,Nelson-Winnipeg,2001-02-01,168.152,3990.0,6.410509464330971,15.816104598343372,1.3237990060588345,57.44319409132004,-23.547918701171852
Split,Nelson-Winnipeg,2001-03-01,167.717,3840.0,6.829647478298284,20.075052743777633,6.27464716671966,54.660748690366745,-11.058721923828102
Split,Nelson-Winnipeg,2001-04-01,167.304,3510.0,9.845737949945033,42.37197688780725,13.705517922062427,31.650546938180923,-1.8137268066406023
Split,Nelson-Winnipeg,2001-05-01,167.87,4370.0,15.90766105800867,71.08823279850185,29.47372163180262,3.6431942135095596,6.676171875000023
Split,Nelson-Winnipeg,2001-06-01,168.062,4760.0,17.020447994582355,91.15841472521424,49.32319396175444,1.171646872535348,11.963159179687523
Split,Nelson-Winnipeg,2001-07-01,168.254,5010.0,17.319563019555062,103.06867538020015,79.92512616328895,1.0191655019298196,17.322076416015648
Split,Nelson-Winnipeg,2001-08-01,167.824,4430.0,12.40608876105398,46.74423101823777,86.0086283646524,1.0160973761230707,15.950555419921898
Split,Nelson-Winnipeg,2001-09-01,167.303,3630.0,8.68128816364333,35.90937587432563,53.041381761431694,1.0371815878897905,10.240289306640648
Split,Nelson-Winnipeg,2001-10-01,167.258,3500.0,7.843241066439077,41.75092664081603,39.8861343273893,3.6508156917989254,1.4558044433593977
Split,Nelson-Winnipeg,2001-11-01,167.365,3520.0,7.94408842921257,25.493743596598506,16.816708375699818,6.074823439121246,-7.676916503906227
Split,Nelson-Winnipeg,2001-12-01,167.707,3320.0,7.647218706551939,22.76796818478033,3.241598416934721,22.732196375727654,-15.678472900390602
Split,Nelson-Winnipeg,2002-01-01,167.833,3560.0,6.661150458967313,16.17749303113669,1.2498900905484334,28.81326526403427,-23.611166381835915
Split,Nelson-Winnipeg,2002-02-01,167.574,3180.0,5.243752559181303,15.477962093427777,2.106287924107164,35.06052866578102,-20.183370971679665
Split,Nelson-Winnipeg,2002-03-01,167.238,2930.0,5.4718042083550245,27.980322251096368,5.52912442071829,43.49387437105179,-17.58928527832029
Split,Nelson-Winnipeg,2002-04-01,166.762,2690.0,8.553046791348606,45.6169992685318,14.295656292233616,34.10694748163223,-7.044195556640602
Split,Nelson-Winnipeg,2002-05-01,166.794,2810.0,10.025766852777451,50.806131679564714,20.734242629259825,18.456893041729927,-0.29505004882810226
Split,Nelson-Winnipeg,2002-06-01,166.954,3190.0,18.938323482871056,100.21361522376537,37.13638172484934,3.3522939775139093,11.350579833984398
Split,Nelson-Winnipeg,2002-07-01,167.018,3210.0,16.24498440651223,76.9556500017643,68.09605681337416,1.0201256955042481,16.913995361328148
Split,Nelson-Winnipeg,2002-08-01,167.174,3320.0,11.22480203048326,105.20943836309016,68.73318203724921,1.0488604893907905,14.632684326171898
Split,Nelson-Winnipeg,2002-09-01,167.123,3220.0,8.67367023602128,67.1823788434267,57.03019327484071,1.0999885853379965,8.563806152343773
Split,Nelson-Winnipeg,2002-10-01,167.057,3300.0,7.860211801016703,35.43380030896515,40.172776440158486,5.232716910541058,-2.2342590332031023
Split,Nelson-Winnipeg,2002-11-01,167.068,2990.0,7.101405499270186,19.280732958577573,9.92464047158137,13.01437895745039,-11.236853027343727
Split,Nelson-Winnipeg,2002-12-01,168.0,3200.0,6.531954088131897,28.511539625469595,3.6300985448178835,21.445952355861664,-16.098883056640602
Split,Nelson-Winnipeg,2003-01-01,167.915,3410.0,5.830869675264694,16.573076252825558,2.09540957439458,37.75344789028168,-21.410116577148415
Split,Nelson-Winnipeg,2003-02-01,167.565,3010.0,4.626660782378167,17.932627350091934,1.2539371091406792,51.430121064186096,-26.568365478515602
Split,Nelson-Winnipeg,2003-03-01,167.272,2730.0,11.640588636510074,24.852762930095196,6.004109207424335,49.14717376232147,-15.270574951171852
Split,Nelson-Winnipeg,2003-04-01,166.607,2410.0,7.3371006874367595,47.051404835656285,16.627099248580635,20.84026299417019,-5.208471679687477
Split,Nelson-Winnipeg,2003-05-01,166.34,2310.0,7.8663459862582386,56.17364391218871,30.400123447179794,6.870001554489136,7.040155029296898
Split,Nelson-Winnipeg,2003-06-01,166.065,1920.0,10.008277022279799,80.45467548072338,44.91392523050308,1.7497495282441378,13.717767333984398
Split,Nelson-Winnipeg,2003-07-01,166.065,2050.0,9.099411952774972,75.24443697184324,82.8111651353538,1.0165417334064841,17.088677978515648
Split,Nelson-Winnipeg,2003-08-01,166.05,1760.0,6.2660048133693635,51.14923825021833,98.41275750659406,1.0159260127693415,18.315087890625023
Split,Nelson-Winnipeg,2003-09-01,165.713,1510.0,6.4505716727580875,81.4527366310358,61.97585491463542,1.1877246433869004,9.746240234375023
Split,Nelson-Winnipeg,2003-10-01,165.604,1420.0,6.658282756689005,39.573118556290865,32.30184537824243,2.930491231381893,1.7472778320312727
Split,Nelson-Winnipeg,2003-11-01,165.855,1560.0,6.220673531061038,21.568145602941513,16.694749938324094,18.05400475859642,-10.174932861328102
Split,Nelson-Winnipeg,2003-12-01,166.311,1850.0,5.848942018928938,18.045150791294873,3.1136592879192904,25.39907395839691,-14.751593017578102
Split,Nelson-Winnipeg,2004-01-01,166.412,1850.0,5.165818074601702,33.43444026540965,0.8927320832299301,42.78125613927841,-28.972692871093727
Split,Nelson-Winnipeg,2004-02-01,166.552,1840.0,4.388507368275896,16.09332481166348,2.4214101940742694,64.64342772960663,-18.46904602050779
Split,Nelson-Winnipeg,2004-03-01,166.485,2060.0,8.72447420260869,46.00483027752489,6.8515704915625975,67.17068701982498,-14.196447753906227
Split,Nelson-Winnipeg,2004-04-01,166.05,1790.0,7.745264447294176,31.220808159559965,19.65922478120774,29.04353477060795,-5.102728271484352
Split,Nelson-Winnipeg,2004-05-01,166.268,2220.0,14.13487340323627,97.9848459828645,23.37237895699218,12.152085080742836,-0.5236267089843523
Split,Nelson-Winnipeg,2004-06-01,166.857,2950.0,16.7284399503842,82.16452784836292,30.713954474776983,2.2230951581150293,7.818994140625023
Split,Nelson-Winnipeg,2004-07-01,167.236,3380.0,15.915734111331403,88.6354346293956,55.20242708735168,1.0196331422775984,16.047143554687523
Split,Nelson-Winnipeg,2004-08-01,167.147,3410.0,11.316860822262242,93.93786080181599,62.45949934236705,1.0241074487566948,11.992425537109398
Split,Nelson-Winnipeg,2004-09-01,167.108,3340.0,13.894772564526647,75.8092082105577,41.17360571399331,1.081338501535356,9.656579589843773
Split,Nelson-Winnipeg,2004-10-01,167.339,3540.0,13.751159771345556,54.461196647025645,38.640318205580115,5.366745870560408,0.9199768066406477
Split,Nelson-Winnipeg,2004-11-01,167.658,3870.0,11.868203873746097,15.131869004108012,15.976167633198202,7.1029034443199635,-8.510748291015602
Split,Nelson-Winnipeg,2004-12-01,167.841,3600.0,10.450049652718008,42.31182881630957,1.4203716527845245,24.767138063907623,-26.265112304687477
Split,Nelson-Winnipeg,2005-01-01,168.11,4030.0,8.583688380895182,30.817009857855737,1.1590450085350312,54.89544942975044,-24.856512451171852
Split,Nelson-Winnipeg,2005-02-01,168.257,4240.0,6.583985697943717,14.783131424337626,2.1377934608608484,66.9873058795929,-19.905599975585915
Split,Nelson-Winnipeg,2005-03-01,167.939,4060.0,9.066905913641676,28.9592151530087,4.622187523636967,64.39860165119171,-14.609503173828102
Split,Nelson-Winnipeg,2005-04-01,167.848,4210.0,12.34360970556736,32.868540147319436,16.43011753913015,20.485442131757736,0.9938293457031477
Split,Nelson-Winnipeg,2005-05-01,168.309,5110.0,13.967952108941972,71.767199318856,29.42522196099162,4.18145814910531,5.467797851562523
Split,Nelson-Winnipeg,2005-06-01,168.769,5850.0,25.025078211911023,147.49773312360048,45.143753523007035,1.147339353337884,11.256402587890648
Split,Nelson-Winnipeg,2005-07-01,168.877,6090.0,21.71175694093108,83.0048534553498,89.32660636492074,1.01620948407799,16.539941406250023
Split,Nelson-Winnipeg,2005-08-01,169.069,6430.0,17.64264755183831,95.8949897903949,70.60499722138047,1.0397657752037048,14.226892089843773
Split,Nelson-Winnipeg,2005-09-01,169.134,6550.0,16.903314390219748,73.39079165831208,54.037204245105386,1.321470714174211,8.666772460937523
Split,Nelson-Winnipeg,2005-10-01,168.805,6010.0,14.231271867174655,40.26083298958838,26.614305330440402,2.1631254348903894,2.3602233886718977
Split,Nelson-Winnipeg,2005-11-01,167.98,4620.0,12.011482031084597,41.554042836651206,19.524566014297307,10.160486213862896,-7.885534667968727
Split,Nelson-Winnipeg,2005-12-01,168.179,4010.0,10.780231939861551,29.227249906398356,4.397499869810417,25.961974635720253,-17.923315429687477
Split,Nelson-Winnipeg,2006-01-01,168.251,4240.0,9.170102595817298,25.846555072348565,1.8867113794840407,44.339194893836975,-16.955145263671852
Split,Nelson-Winnipeg,2006-02-01,168.236,4240.0,7.061276468448341,17.138870200142264,2.086203923681751,57.44611471891403,-19.657415771484352
Split,Nelson-Winnipeg,2006-03-01,167.995,4490.0,8.681091014295816,35.685277543962,7.4808766366913915,72.51354306936264,-9.785742187499977
Split,Nelson-Winnipeg,2006-04-01,167.954,4260.0,15.307576395571232,36.19417198933661,16.9651850592345,21.274058148264885,2.1148925781250227
Split,Nelson-Winnipeg,2006-05-01,168.279,5110.0,15.136107947910205,79.01529991067946,27.362829307094216,3.6632202100008726,4.821710205078148
Split,Nelson-Winnipeg,2006-06-01,168.348,5230.0,14.032088220119476,74.57873784005642,54.44645066745579,1.1155622778460383,14.894525146484398
Split,Nelson-Winnipeg,2006-07-01,167.894,4530.0,11.192598234629259,66.29745848476887,88.5937160346657,1.015919609926641,16.385095214843773
Split,Nelson-Winnipeg,2006-08-01,167.732,4300.0,10.506845224881545,69.8301789816469,83.917350275442,1.0194709757342935,15.728021240234398
Split,Nelson-Winnipeg,2006-09-01,167.157,3430.0,8.230616804212332,74.73415229469538,60.500947292894125,1.4904503477737308,9.471856689453148
Split,Nelson-Winnipeg,2006-10-01,166.578,2590.0,7.048000654322095,49.8143081786111,39.21192791312933,6.261028349399567,1.1561523437500227
Split,Nelson-Winnipeg,2006-11-01,166.858,2690.0,6.178777548484504,46.54282936826348,16.298956470564008,19.08957213163376,-11.694189453124977
Split,Nelson-Winnipeg,2006-12-01,167.631,3290.0,5.895294860238209,24.36833461979404,2.182024378271308,43.90326142311096,-14.385534667968727
Split,Nelson-Winnipeg,2007-01-01,167.758,3460.0,5.491667005117051,18.690224562305957,1.4507932282867841,58.82952734827995,-20.915853881835915
Split,Nelson-Winnipeg,2007-02-01,167.662,3210.0,4.61524841375649,23.34256353788078,1.5961905155563727,70.13140618801117,-22.88548889160154
Split,Nelson-Winnipeg,2007-03-01,167.341,3060.0,9.101207368075848,38.19136694073677,6.620901578571647,72.7282166481018,-13.408422851562477
Split,Nelson-Winnipeg,2007-04-01,166.983,2990.0,9.70052758930251,38.04939100518823,9.804705914575607,34.67130288481712,-3.5789855957031023
Split,Nelson-Winnipeg,2007-05-01,167.268,3590.0,15.68571524694562,94.69848172739148,31.794448383152485,6.3360994681715965,5.755731201171898
Split,Nelson-Winnipeg,2007-06-01,167.311,3660.0,24.17715615592897,116.20708974078298,45.61961512081325,1.757328980602324,10.957696533203148
Split,Nelson-Winnipeg,2007-07-01,167.818,4360.0,17.4048172775656,56.98629398830235,77.53335149027407,1.0188191663473845,17.787469482421898
Split,Nelson-Winnipeg,2007-08-01,168.049,4660.0,13.001669518416747,77.93649169616401,83.0226163379848,1.0237032547593117,13.618707275390648
Split,Nelson-Winnipeg,2007-09-01,167.458,3860.0,10.534160246606916,71.45821815356612,48.801940865814686,1.1857426725327969,6.739038085937523
Split,Nelson-Winnipeg,2007-10-01,167.551,3900.0,13.476122898282483,49.038995523005724,30.99669935181737,1.7453166656196117,2.7586608886718977
Split,Nelson-Winnipeg,2007-11-01,167.88,4350.0,12.576262524817139,30.52288549952209,16.496977186761796,10.702813975512981,-11.786993408203102
Split,Nelson-Winnipeg,2007-12-01,167.891,3690.0,10.580208239844069,25.608713971450925,1.3390030253503937,34.075524657964706,-22.21465148925779
Split,Nelson-Winnipeg,2008-01-01,168.128,4000.0,8.546782220946625,16.44396153278649,1.2907646596431732,46.52038589119911,-22.441870117187477
Split,Nelson-Winnipeg,2008-02-01,167.897,3980.0,6.786826474126428,18.224928819108754,1.4326438249554485,61.02723255753517,-24.501104736328102
Split,Nelson-Winnipeg,2008-03-01,167.807,3740.0,6.738409705576487,25.296452455222607,5.08900813292712,60.25664135813713,-16.566381835937477
Split,Nelson-Winnipeg,2008-04-01,167.533,3790.0,8.240287424996495,39.60586502216756,19.626060384325683,38.41548040509224,-3.7766784667968523
Split,Nelson-Winnipeg,2008-05-01,167.197,3490.0,10.037145635578781,45.715416548773646,23.253899591509253,9.771827608346939,2.4100891113281477
Split,Nelson-Winnipeg,2008-06-01,167.085,3340.0,15.91920736245811,97.11878607049584,41.691516526043415,1.8759643426164985,11.791284179687523
Split,Nelson-Winnipeg,2008-07-01,167.871,4310.0,16.666019218973815,112.99609136767685,63.53357993066311,1.0229904437437654,15.895104980468773
Split,Nelson-Winnipeg,2008-08-01,168.355,5250.0,11.943624063860625,64.4510353449732,94.85222701914608,1.0214323410764337,18.170953369140648
Split,Nelson-Winnipeg,2008-09-01,167.998,4660.0,10.121849190909415,62.683315481990576,56.81458977051079,1.0519694769755006,7.887811279296898
Split,Nelson-Winnipeg,2008-10-01,167.803,4330.0,8.836844644974917,48.61684737261385,32.41286159027368,1.4487713342532516,2.9036804199218977
Split,Nelson-Winnipeg,2008-11-01,167.902,4280.0,8.62580694956705,31.60562482662499,18.557945732027292,7.889636792242527,-8.355657958984352
Split,Nelson-Winnipeg,2008-12-01,167.856,3790.0,8.149968372890726,29.59137095604092,1.8495255317247938,25.230679661035538,-26.579748535156227
Split,Nelson-Winnipeg,2009-01-01,168.019,3770.0,7.204961002571508,22.662356263026595,1.5240321881719865,49.92944002151489,-22.99553527832029
Split,Nelson-Winnipeg,2009-02-01,167.799,3780.0,5.881136341486126,24.556459160521626,2.175054483814165,61.561468988657,-20.148016357421852
Split,Nelson-Winnipeg,2009-03-01,167.548,3640.0,10.688324720831588,41.01988405454904,6.027850191458128,68.0181011557579,-15.827856445312477
Split,Nelson-Winnipeg,2009-04-01,167.406,3690.0,11.23566529713571,35.50518653355539,17.521996633149683,38.18648308515549,-2.5588134765624773
Split,Nelson-Winnipeg,2009-05-01,167.935,4360.0,14.817701419815421,52.353231119923294,24.781025713309646,8.811096660792828,0.007806396484397737
Split,Nelson-Winnipeg,2009-06-01,168.412,5450.0,16.642590053379536,73.79871094599366,27.28563908021897,1.9452490378171206,9.515618896484398
Split,Nelson-Winnipeg,2009-07-01,168.613,6230.0,14.387810428161174,92.98265655525029,51.46385997068137,1.0169807355850935,13.694390869140648
Split,Nelson-Winnipeg,2009-08-01,168.537,5610.0,15.83462645066902,89.75280728191137,64.81548119336367,1.0207192972302437,13.155572509765648
Split,Nelson-Winnipeg,2009-09-01,168.351,5210.0,12.339787208475173,33.050120109692216,53.182735573500395,1.0229386389255524,12.867608642578148
Split,Nelson-Winnipeg,2009-10-01,167.838,4420.0,9.670565137639642,63.75756114721298,34.105250728316605,4.090370144695044,0.27117309570314774
Split,Nelson-Winnipeg,2009-11-01,167.668,3980.0,7.681742717977613,14.372147270478308,15.158691094256938,6.200422067195177,-4.526464843749977
Split,Nelson-Winnipeg,2009-12-01,167.854,3660.0,7.254534313688055,25.923288776539266,3.2353385977330618,18.867429345846176,-21.689154052734352
Split,Nelson-Winnipeg,2010-01-01,168.133,,6.547936893184669,26.386872224975377,2.9959605672047473,36.75457462668419,-18.636724853515602
Split,Nelson-Winnipeg,2010-02-01,167.906,3780.0,5.104142241179943,11.40518276952207,1.9140111689921468,54.229486733675,-16.516394042968727
Split,Nelson-Winnipeg,2010-03-01,167.425,3610.0,8.817241236101836,15.31035074731335,8.229601808125153,29.269706457853317,-5.068365478515602
Split,Nelson-Winnipeg,2010-04-01,167.133,3360.0,6.3773033616598696,56.02654768154025,22.501334315165877,7.677992805838585,1.9792419433593977
Split,Nelson-Winnipeg,2010-05-01,166.635,2600.0,10.75615081936121,106.02735378779471,30.16597602982074,6.312910467386246,4.224298095703148
Split,Nelson-Winnipeg,2010-06-01,167.031,3360.0,13.752338709309697,101.63584956899285,61.45344581454992,2.5136840995401144,13.314843750000023
Split,Nelson-Winnipeg,2010-07-01,167.729,4030.0,15.14271309133619,107.26135806180537,89.16234481148422,1.0358045110478997,18.262963867187523
Split,Nelson-Winnipeg,2010-08-01,168.163,4940.0,15.541309723630548,119.59247244521976,84.76762287318707,1.0253627551719546,14.539727783203148
Split,Nelson-Winnipeg,2010-09-01,168.563,5570.0,15.245012473315,83.70047667995095,48.767735715955496,1.1294444557279348,7.391259765625023
Split,Nelson-Winnipeg,2010-10-01,168.619,5670.0,14.368705044034868,41.31538956426084,39.60320574697107,2.69480561837554,3.3532958984375227
Split,Nelson-Winnipeg,2010-11-01,168.463,5150.0,11.916801449842751,37.489860551431775,17.608536290936172,13.092152774333954,-8.086279296874977
Split,Nelson-Winnipeg,2010-12-01,168.183,4270.0,10.739881108747795,22.38554833456874,2.7157727017765865,39.3989272415638,-16.853369140624977
Split,Nelson-Winnipeg,2011-01-01,168.286,4220.0,9.180547582218423,33.01951347384602,0.8935218065744266,64.14585560560226,-23.84905090332029
Split,Nelson-Winnipeg,2011-02-01,168.611,4540.0,7.190633215941489,18.570430809631944,2.557402243837714,83.5735946893692,-20.537145996093727
Split,Nelson-Winnipeg,2011-03-01,168.22,4430.0,7.525976747274399,27.484832738991827,4.978377619409002,91.50853008031845,-15.952246093749977
Split,Nelson-Winnipeg,2011-04-01,167.697,4120.0,14.836012269370258,48.16126311197877,16.82536443695426,43.9586415886879,-3.4340576171874773
Split,Nelson-Winnipeg,2011-05-01,168.056,4640.0,18.260102602653205,72.7671030908823,29.167631291784346,8.930441923439503,3.9602294921875227
Split,Nelson-Winnipeg,2011-06-01,168.517,5430.0,23.816205211915076,103.66253787651658,43.233633041381836,2.388233318924904,12.800317382812523
Split,Nelson-Winnipeg,2011-07-01,168.78,5930.0,21.06828009709716,96.11207083798945,75.8367832750082,1.0241612326353788,17.049371337890648
Split,Nelson-Winnipeg,2011-08-01,169.023,6310.0,13.542981818318367,65.71310944855213,80.99163533188403,1.0168477892875671,15.946588134765648
Split,Nelson-Winnipeg,2011-09-01,168.934,6140.0,9.407050092704594,37.43949229829013,59.8189327865839,1.042269286699593,12.056939697265648
Split,Nelson-Winnipeg,2011-10-01,168.36,5210.0,7.689659978495911,36.71016916632652,39.82914658263326,1.7242503818124533,3.4029785156250227
Split,Nelson-Winnipeg,2011-11-01,167.74,4130.0,6.4614860457368195,27.761570527218282,19.33851046487689,10.362537577748299,-8.827734374999977
Split,Nelson-Winnipeg,2011-12-01,168.092,3820.0,6.041272048605606,20.580984535627067,2.8803782261093147,20.123759284615517,-18.113409423828102
Split,Nelson-Winnipeg,2012-01-01,168.264,4010.0,5.5221313232323155,24.93146527558565,1.8323251824767794,33.01665931940079,-22.340887451171852
Split,Nelson-Winnipeg,2012-02-01,168.008,3590.0,4.69267250446137,14.642351598013192,2.6693072213674895,41.21486842632294,-15.908117675781227
Split,Nelson-Winnipeg,2012-03-01,167.44,3210.0,7.145794850657694,47.22828941885382,11.112094158306718,36.341480910778046,-9.983282470703102
Split,Nelson-Winnipeg,2012-04-01,166.917,2830.0,8.39559274027124,50.417870515957475,18.00371683202684,18.0809423327446,-2.4983886718749773
Split,Nelson-Winnipeg,2012-05-01,166.904,3070.0,11.874974239617586,86.79755008779466,30.775359831750393,7.471458986401558,4.573297119140648
Split,Nelson-Winnipeg,2012-06-01,,3230.0,19.845989299938083,111.15134926512837,39.89833756349981,2.97106453217566,11.764978027343773
Split,Nelson-Winnipeg,2012-07-01,,3890.0,16.177808807697147,86.43148024566472,90.24852234870195,1.053471234627068,18.911859130859398
Split,Nelson-Winnipeg,2012-08-01,167.608,3990.0,10.666795977158472,68.89291084371507,80.32405842095613,1.0196604998782277,15.824792480468773
Split,Nelson-Winnipeg,2012-09-01,167.31,3710.0,6.744146085111424,23.53846386540681,59.34405606240034,1.0241199051961303,9.680718994140648
Split,Nelson-Winnipeg,2012-10-01,167.049,3200.0,6.58456607197877,74.4705859106034,36.352370865643024,5.502630490809679,0.6067138671875227
Split,Nelson-Winnipeg,2012-11-01,167.505,3620.0,6.1010284116491675,38.46852807328105,13.459768379107118,21.414197981357574,-13.165045166015602
Split,Nelson-Winnipeg,2012-12-01,167.9,3620.0,6.056439699023031,25.65578813664615,2.0920027964166366,42.09425300359726,-21.336691284179665
Split,Nelson-Winnipeg,2013-01-01,167.993,3810.0,5.694306688383222,32.97001775354147,0.7803338976373198,61.5912489593029,-26.42259826660154
Split,Nelson-Winnipeg,2013-02-01,,3710.0,4.7234713565558195,19.340066704899073,1.8182715866714716,83.12474936246872,-20.59319152832029
Split,Nelson-Winnipeg,2013-03-01,167.748,3790.0,4.886958500719629,29.815148271154612,6.426906955312006,101.71286761760712,-13.796087646484352
Split,Nelson-Winnipeg,2013-04-01,167.339,3540.0,11.550616181921214,40.44735920615494,15.11020353063941,95.37243098020554,-6.934973144531227
Split,Nelson-Winnipeg,2013-05-01,167.387,3640.0,15.279982064384967,63.680425053462386,23.07335118530318,12.591135688126087,4.565637207031273
Split,Nelson-Winnipeg,2013-06-01,167.267,3720.0,21.414404036477208,106.4167614094913,46.4264745824039,1.7128696199506521,14.662469482421898
Split,Nelson-Winnipeg,2013-07-01,,4460.0,15.360182092990726,84.39362794160843,89.0303032938391,1.0169651359319687,17.673577880859398
Split,Nelson-Winnipeg,2013-08-01,,4860.0,10.770236258395016,57.42879258468747,77.06202520057559,1.0159119265154004,15.307885742187523
Split,Nelson-Winnipeg,2013-09-01,,3910.0,8.350552234333009,53.17440954968333,56.56180554069579,1.0625597788020968,11.290490722656273
Split,Nelson-Winnipeg,2013-10-01,167.505,3940.0,7.633544679265469,43.40346297249198,40.64404498785734,2.692114794626832,0.8798461914062727
Split,Nelson-Winnipeg,2013-11-01,167.582,3850.0,6.340925028780475,39.22385280020535,14.280227478593588,18.448635935783386,-13.245153808593727
Split,Nelson-Winnipeg,2013-12-01,,3810.0,6.0853616741951555,32.729017082601786,1.044851633196231,45.304831117391586,-28.115393066406227
Split,Nelson-Winnipeg,2014-01-01,,3630.0,5.612525521428324,30.5359362391755,0.9742977890709881,71.17769122123718,-25.99400939941404
Split,Nelson-Winnipeg,2014-02-01,,3540.0,4.605610913131386,18.43858859501779,1.7247931682504714,86.44947409629822,-23.44750061035154
Split,Nelson-Winnipeg,2014-03-01,,3570.0,5.990331424982287,24.818002246320248,4.946370056131855,91.86048060655594,-18.02226867675779
Split,Nelson-Winnipeg,2014-04-01,,3620.0,10.629907774273306,56.417088489979506,13.77758919261396,67.50382483005524,-6.940374755859352
Split,Nelson-Winnipeg,2014-05-01,,4120.0,18.791532900650054,67.2212871722877,21.68065565638244,19.123800098896027,4.712823486328148
Split,Nelson-Winnipeg,2014-06-01,168.233,5030.0,29.85191415064037,142.11982022970915,43.77089207991958,2.2578020580112934,12.048883056640648
Split,Nelson-Winnipeg,2014-07-01,168.583,5580.0,21.738446375820786,71.21961750090122,78.5517543554306,1.0183855192735791,16.445397949218773
Split,Nelson-Winnipeg,2014-08-01,168.694,5760.0,15.059016062878072,88.71539286337793,86.61478222347796,1.0160451056435704,15.757379150390648
Split,Nelson-Winnipeg,2014-09-01,168.6,5630.0,10.55948407156393,47.891344875097275,47.72301181219518,1.2888036435469985,7.992303466796898
Split,Nelson-Winnipeg,2014-10-01,168.462,5410.0,9.038370539201424,38.23168890085071,31.928539741784334,1.856293878518045,2.3829589843750227
Split,Nelson-Winnipeg,2014-11-01,167.85,4240.0,7.983948744367808,38.633993826806545,18.90041457954794,11.334903538227081,-15.561315917968727
Split,Nelson-Winnipeg,2014-12-01,168.025,4080.0,7.6570465753320605,16.14229567348957,2.2505131564685144,26.554815471172333,-16.952001953124977
Split,Nelson-Winnipeg,2015-01-01,168.138,4120.0,6.962315586861223,24.817650381010026,2.077951190585736,38.811586797237396,-23.51506652832029
Split,Nelson-Winnipeg,2015-02-01,168.103,3880.0,5.602126766461879,24.718961445614696,1.6556537884753197,54.10395190119743,-26.24602355957029
Split,Nelson-Winnipeg,2015-03-01,167.858,3870.0,10.156895325053483,26.857722143176943,6.878914937260561,45.33444717526436,-13.423345947265602
Split,Nelson-Winnipeg,2015-04-01,167.441,3760.0,7.4190739542245865,31.62427106872201,11.776464816648513,18.9217459410429,-4.401251220703102
Split,Nelson-Winnipeg,2015-05-01,167.378,3780.0,11.42673211870715,56.574257905595005,29.24340864410624,5.229254253208637,4.287744140625023
Split,Nelson-Winnipeg,2015-06-01,167.403,3660.0,12.843787553720176,65.77296182513237,39.43342831917107,1.1347541585564613,12.100976562500023
Split,Nelson-Winnipeg,2015-07-01,167.377,3700.0,13.13599364948459,111.4638929720968,76.80255430750549,1.0185251012444496,16.761834716796898
Split,Nelson-Winnipeg,2015-08-01,167.418,3800.0,10.65924169961363,85.11993568390608,69.63932001963258,1.0268117766827345,14.186853027343773
Split,Nelson-Winnipeg,2015-09-01,167.533,3790.0,10.538848873693496,72.08134280517697,49.271746538579464,1.1464768322184682,9.492364501953148
Split,Nelson-Winnipeg,2015-10-01,167.571,4020.0,9.055698552401736,43.35366771556437,34.22610112465918,1.4621419832110405,2.0006652832031477
Split,Nelson-Winnipeg,2015-11-01,167.502,3770.0,9.135597792919725,41.89886734820902,16.31425868254155,8.162646554410458,-7.327978515624977
Split,Nelson-Winnipeg,2015-12-01,167.891,3770.0,9.897959447698668,23.218936810735613,3.7422454624902457,21.733274683356285,-13.382299804687477
Split,Nelson-Winnipeg,2016-01-01,168.073,3780.0,8.60460993135348,19.786205608397722,1.8818796597770415,34.74479168653488,-20.060507202148415
Split,Nelson-Winnipeg,2016-02-01,168.095,3960.0,6.8821798922726884,22.272179718129337,2.1089617221150547,44.63312402367592,-21.694662475585915
Split,Nelson-Winnipeg,2016-03-01,167.865,4030.0,8.046418020967394,35.77165596652776,8.334006561199203,38.32355886697769,-11.498602294921852
Split,Nelson-Winnipeg,2016-04-01,167.564,3740.0,11.157443805132061,40.503095369786024,15.974042471498251,20.210064947605133,-6.166937255859352
Split,Nelson-Winnipeg,2016-05-01,167.326,3740.0,13.283482956467196,71.64018857292831,27.677211037371308,2.3368732072412968,5.846826171875023
Split,Nelson-Winnipeg,2016-06-01,167.233,3610.0,14.424563851207495,89.99791229143739,50.88769015856087,1.0699440026655793,13.160302734375023
Split,Nelson-Winnipeg,2016-07-01,167.739,4040.0,15.560519765131176,126.40455598011613,77.06393068656325,1.016564085148275,16.609490966796898
Split,Nelson-Winnipeg,2016-08-01,168.079,4750.0,14.113109180470929,101.69787309132516,77.80587207525969,1.023369375616312,15.220361328125023
Split,Nelson-Winnipeg,2016-09-01,167.839,4420.0,11.259165185038,74.2999347858131,51.356510957702994,1.0598989902064204,10.929895019531273
Split,Nelson-Winnipeg,2016-10-01,167.856,4420.0,15.130714484257624,90.12968209572136,38.397736847400665,10.515747591853142,0.22899780273439774
Split,Nelson-Winnipeg,2016-11-01,167.822,4390.0,14.691670658066869,29.04786786530167,15.027903718873858,7.790865376591682,-2.9668029785156023
Split,Nelson-Winnipeg,2016-12-01,168.017,4010.0,13.617495162179694,33.81865913979709,4.093236973858438,27.17544324696064,-20.35088195800779
Split,Nelson-Winnipeg,2017-01-01,168.359,4510.0,11.31554989842698,20.383275928907096,1.9651199399959296,48.18504676222801,-17.37480773925779
Split,Nelson-Winnipeg,2017-02-01,168.468,4570.0,9.528778144158423,20.64865129068494,2.7825941215269268,51.05771869421005,-18.58037414550779
Split,Nelson-Winnipeg,2017-03-01,168.402,4530.0,12.073281919583678,38.54597138706595,6.835117630544119,46.20623588562012,-14.349859619140602
Split,Nelson-Winnipeg,2017-04-01,168.202,4700.0,12.297534558456391,47.72744025103748,15.578048187308013,22.920366376638412,-5.215948486328102
Split,Nelson-Winnipeg,2017-05-01,169.08,6500.0,15.992152038961649,52.87297046743333,17.828434240072966,10.418243706226349,4.114343261718773
Split,Nelson-Winnipeg,2017-06-01,168.749,5940.0,19.33288061991334,93.76938454806805,38.66943530738354,1.477591460570693,11.407464599609398
Split,Nelson-Winnipeg,2017-07-01,168.618,5630.0,14.894253778038546,56.26602750271559,80.57667966932058,1.01591763086617,17.546685791015648
Split,Nelson-Winnipeg,2017-08-01,168.311,5180.0,9.802093292819336,45.05352000705898,92.1750336419791,1.015988178551197,17.580712890625023
Split,Nelson-Winnipeg,2017-09-01,167.377,3930.0,8.690496033523232,71.4498502202332,58.242446975782514,1.2053727405145764,10.832666015625023
Split,Nelson-Winnipeg,2017-10-01,167.036,3100.0,8.189931249944493,54.546308354474604,39.926936267875135,3.079057903960347,1.8818298339843977
Split,Nelson-Winnipeg,2017-11-01,167.444,3220.0,6.7879406560678035,33.13206369057298,14.587040932383388,23.24831858277321,-14.744329833984352
Split,Nelson-Winnipeg,2017-12-01,167.845,3850.0,6.258384222746827,23.091911629308015,2.1461377255036496,34.55270454287529,-21.434347534179665
Split,Nelson-Winnipeg,2018-01-01,167.761,3380.0,5.687203069101088,24.84230260597542,1.1373883753549308,47.667115926742554,-24.366217041015602
Split,Nelson-Winnipeg,2018-02-01,167.926,3510.0,4.589481046423316,16.230612061917782,1.3731291110161692,64.31849300861359,-23.233358764648415
Split,Nelson-Winnipeg,2018-03-01,,3560.0,5.685846132109873,34.85760372132063,8.578609791584313,78.04444432258606,-11.398840332031227
Split,Nelson-Winnipeg,2018-04-01,,3180.0,11.130605125799775,17.979081021621823,13.183916453272104,60.26522070169449,-6.370092773437477
Split,Nelson-Winnipeg,2018-05-01,,3300.0,8.946122281486169,44.82269997242838,30.347177642397583,5.39304269477725,5.793664550781273
Split,Nelson-Winnipeg,2018-06-01,166.973,3000.0,12.511614477261901,94.83582805842161,44.993546325713396,1.1005200212821364,13.571221923828148
Split,Nelson-Winnipeg,2018-07-01,167.203,3490.0,12.358401989331469,95.05232470110059,86.70517010614276,1.0299528948962688,16.828942871093773
Split,Nelson-Winnipeg,2018-08-01,,3200.0,7.914373796666041,52.07159090787172,87.91271410882473,1.0225592413917184,14.923974609375023
Split,Nelson-Winnipeg,2018-09-01,,2800.0,7.49674451071769,80.70593001320958,56.62110401317477,1.6582610551267862,5.564050292968773
Split,Nelson-Winnipeg,2018-10-01,166.647,2660.0,8.186922350432724,48.9106458844617,32.55958040244877,6.825885269790888,-1.7604736328124773
Split,Nelson-Winnipeg,2018-11-01,167.246,3120.0,8.894455677364022,29.055968625470996,11.097239039372653,15.418021939694881,-14.277685546874977
Split,Nelson-Winnipeg,2018-12-01,167.644,3460.0,8.291766484035179,20.31749696470797,2.3621266373083927,26.447642594575882,-16.515661621093727
Split,Nelson-Winnipeg,2019-01-01,167.609,3320.0,7.023257756372914,25.84840462077409,1.428706913429778,44.825077056884766,-25.81773986816404
Split,Nelson-Winnipeg,2019-02-01,167.657,3190.0,5.385145079344511,26.382842333987355,1.0763970349216834,69.0804049372673,-23.94225158691404
Split,Nelson-Winnipeg,2019-03-01,167.494,3350.0,9.294515853980556,15.903705731034279,8.974923810455948,67.26053357124329,-10.700140380859352
Split,Nelson-Winnipeg,2019-04-01,167.163,3140.0,7.691096398048103,35.12581461109221,15.24944615084678,27.177486568689346,-2.7206787109374773
Split,Nelson-Winnipeg,2019-05-01,167.142,3420.0,10.77822720981203,41.770959505811334,29.973390221130103,6.985612213611603,3.6265197753906477
Split,Nelson-Winnipeg,2019-06-01,167.15,3320.0,14.046304277144372,85.48852521926165,39.418868254870176,1.3851562980562449,12.678155517578148
Split,Nelson-Winnipeg,2019-07-01,167.131,3270.0,13.383864716161042,92.59814536198974,75.50805085338652,1.0223379358649254,17.142633056640648
Split,Nelson-Winnipeg,2019-08-01,167.117,3330.0,9.274136536987498,78.05196847766638,79.55680438317358,1.0160522069782019,13.916406250000023
Split,Nelson-Winnipeg,2019-09-01,167.059,3490.0,11.269751703366637,98.24850596487522,51.4502520672977,1.2691180454567075,9.954980468750023
Split,Nelson-Winnipeg,2019-10-01,166.946,2880.0,12.328328331932425,63.00017377361655,38.023929577320814,6.026444490998983,1.5657897949218977
Split,Nelson-Winnipeg,2019-11-01,167.557,3610.0,11.365359532646835,31.876995926722884,15.043808380141854,16.105372458696365,-11.885443115234352
Split,Nelson-Winnipeg,2019-12-01,168.142,4170.0,9.54643337172456,21.154169517103583,1.5619703735865187,30.615556985139847,-19.68675842285154
Split,Nelson-Winnipeg,2020-01-01,168.389,4270.0,7.820005324902013,26.650422951206565,1.264193189854268,52.17331275343895,-18.869177246093727
Split,Nelson-Winnipeg,2020-02-01,168.279,4330.0,6.411363501683809,16.135938931256533,2.800205533276312,63.00073862075806,-20.119955444335915
Split,Nelson-Winnipeg,2020-03-01,168.008,4260.0,6.810463601141237,28.865978063549846,6.64735418104101,66.5169283747673,-14.212499999999977
Split,Nelson-Winnipeg,2020-04-01,167.771,3930.0,10.961881780531257,36.385279381647706,12.442221923265606,57.07820877432823,-5.905096435546852
Split,Nelson-Winnipeg,2020-05-01,168.223,5030.0,11.98564309743233,48.790751839987934,26.950188737828285,15.337048098444939,2.5076232910156477
Split,Nelson-Winnipeg,2020-06-01,168.401,5350.0,19.787244382314384,108.63151866942644,32.82286575995386,2.573816105723381,10.373437500000023
Split,Nelson-Winnipeg,2020-07-01,168.567,5610.0,21.288185089360923,103.04137784987688,58.934801374562085,1.0380522580817342,18.013818359375023
Split,Nelson-Winnipeg,2020-08-01,168.542,5490.0,15.087148145539686,72.02550815418363,84.7722350154072,1.0175942443311214,15.859429931640648
Split,Nelson-Winnipeg,2020-09-01,167.813,4340.0,11.138781846966594,43.37316029705107,52.69672139547765,1.038681948557496,7.768731689453148
Split,Nelson-Winnipeg,2020-10-01,167.282,3610.0,10.053616540972143,36.95290209725499,42.12251806166023,4.7439029440283775,-1.4266418457031023
Split,Nelson-Winnipeg,2020-11-01,167.502,3400.0,8.632503740955144,32.88743086159229,9.074322588276118,21.274244412779808,-12.370123291015602
Split,Nelson-Winnipeg,2020-12-01,168.029,3890.0,7.740080473013222,21.96230849949643,2.0930353857693262,33.952150493860245,-18.08428039550779
Split,Nelson-Winnipeg,2021-01-01,168.045,3870.0,6.6383956000208855,21.773916203528643,0.7624814134032931,49.68123883008957,-17.175848388671852
Split,Nelson-Winnipeg,2021-02-01,168.095,3540.0,5.225788743700832,13.089944026432931,2.238657994894311,60.55561453104019,-23.128805541992165
Split,Nelson-Winnipeg,2021-03-01,167.66,3480.0,6.132047885330394,22.396503074560314,8.493415080010891,42.798738926649094,-10.425268554687477
Split,Nelson-Winnipeg,2021-04-01,167.269,3310.0,6.154120346764103,35.53611924871802,18.59137206338346,27.522943913936615,-3.2378295898437273
Split,Nelson-Winnipeg,2021-05-01,167.157,3390.0,8.9221611560788,49.99583098106086,17.85732328426093,11.955143883824348,1.7108703613281477
Split,Nelson-Winnipeg,2021-06-01,167.1,3310.0,12.765743304044008,60.81960629671812,35.86188540793955,1.873900881037116,10.882409667968773
Split,Nelson-Winnipeg,2021-07-01,166.684,2680.0,9.279541729483753,40.213329368270934,77.76073226705194,1.0158935328945518,18.372735595703148
Split,Nelson-Winnipeg,2021-08-01,166.192,2120.0,7.945362303871661,88.6022113263607,75.91969356872141,1.0366360656917095,15.540765380859398
Split,Nelson-Winnipeg,2021-09-01,166.141,1920.0,5.560653662541881,38.727535866200924,49.06165413558483,1.0425441432744265,11.718713378906273
Split,Nelson-Winnipeg,2021-10-01,166.119,1900.0,5.303890473442152,46.37934127822518,35.18421412445605,1.3130649458616972,5.668084716796898
Split,Nelson-Winnipeg,2021-11-01,166.155,1960.0,4.293532983865589,40.47309514135122,24.431803612969816,15.019357204437256,-6.965795898437477
Split,Nelson-Winnipeg,2021-12-01,166.624,2150.0,4.275205021258444,38.16530725453049,2.2344302051351406,38.88089582324028,-23.461492919921852
Split,Nelson-Winnipeg,2022-01-01,166.832,2170.0,3.98811225022655,32.45211171451956,0.9369302006234648,67.2055333852768,-26.599768066406227
Split,Nelson-Winnipeg,2022-02-01,167.229,2510.0,3.4190542064607143,30.285434797406197,1.3602147664641961,91.15488827228546,-26.014547729492165
Split,Nelson-Winnipeg,2022-03-01,167.087,2660.0,4.839985384023748,31.461327569559216,7.061895725200884,98.26129674911499,-13.264074707031227
Split,Nelson-Winnipeg,2022-04-01,166.903,2640.0,8.619354630354792,72.20051949843764,17.290397663600743,82.3843777179718,-3.7116455078124773
Split,Nelson-Winnipeg,2022-05-01,,3740.0,41.01527913007885,98.29051047563553,23.328563605900854,20.405910909175873,3.9390502929687727
Split,Nelson-Winnipeg,2022-06-01,168.531,5450.0,26.827952242456377,101.91290639340878,42.721411446109414,2.8360735159367323,11.754479980468773
Split,Nelson-Winnipeg,2022-07-01,168.849,5970.0,19.134935399051756,87.4115857295692,74.42949526011944,1.0341649176552892,17.151177978515648
Split,Nelson-Winnipeg,2022-08-01,168.92,6090.0,12.195553310448304,63.29425377771258,84.11783771589398,1.016003661789,16.155908203125023
Split,Nelson-Winnipeg,2022-09-01,168.785,5880.0,4.331210511736572,16.762370942160487,25.945171946659684,1.024578115902841,11.719750976562523
Split,Nelson-Winnipeg,2022-10-01,168.631,5660.0,3.8193233631318435,17.616223369259387,19.37922736397013,2.767001511529088,2.6104980468750227
Split,Nelson-Winnipeg,2022-11-01,167.958,4390.0,3.2334151910617948,24.2526491638273,9.652871231082827,24.146804586052895,-10.776098632812477
Split,Nelson-Winnipeg,2022-12-01,168.068,4100.0,3.0563868931494653,21.361015795264393,1.0923070985882077,52.342016249895096,-20.545446777343727
Split,Nelson-Winnipeg,2023-01-01,168.234,3990.0,2.756577348918654,8.372609794605523,1.0463088292453904,76.12013071775436,-17.454855346679665
Split,Nelson-Winnipeg,2023-02-01,168.265,4000.0,2.243631985038519,9.885097155347466,0.5592710513155907,87.9371166229248,-23.958654785156227
Split,Nelson-Winnipeg,2023-03-01,167.846,3650.0,2.239036934042815,9.985610900912434,2.1737934366683476,98.77271205186844,-15.913244628906227
Split,Nelson-Winnipeg,2023-04-01,167.33,3320.0,3.6392667243489996,20.24911344051361,6.7427128669805825,61.25859543681145,-4.326757812499977
Split,Nelson-Winnipeg,2023-05-01,167.294,3630.0,6.378643665811978,18.86476419167593,8.549878635676578,5.405351985245943,8.716271972656273
Split,Nelson-Winnipeg,2023-06-01,167.186,3490.0,5.992039223201573,34.84304063022137,18.138873274438083,1.160419313237071,16.254663085937523
Split,Nelson-Winnipeg,2023-07-01,167.145,3300.0,4.749015570268966,31.043102266266942,36.034620250575244,1.0159306693822145,15.698236083984398
Split,Nelson-Winnipeg,2023-08-01,166.869,2960.0,3.672244340123143,35.97435203846544,30.687830178067088,1.018314273096621,16.344873046875023
Split,Nelson-Winnipeg,2023-09-01,166.527,2440.0,2.9500068922061473,19.23846371937543,22.728187032043934,1.0314706014469266,14.172265625000023
Split,Nelson-Winnipeg,2023-10-01,166.08,1960.0,2.882261607737746,25.57062410051003,19.106946769170463,2.7213904540985823,3.6537109375000227
Split,Nelson-Winnipeg,2023-11-01,166.297,2040.0,2.6650398649508134,12.851759092882276,11.891779722645879,11.91845815628767,-7.947973632812477
Split,Nelson-Winnipeg,2023-12-01,166.897,2470.0,2.7417126184445806,10.908882017247379,1.986304487218149,17.212139442563057,-10.331396484374977
Split,Nelson-Winnipeg,2024-01-01,167.117,,2.658565717865713,11.438392393756658,1.2939260341227055,28.443874791264534,-18.705404663085915
Split,Nelson-Winnipeg,2024-02-01,167.082,,2.3957440280355513,14.606958837248385,1.6558036259084474,30.16355074942112,-17.825201416015602
Split,Nelson-Winnipeg,2024-03-01,166.734,,5.179490297450684,34.68311461620033,6.655511140706949,40.115926414728165,-14.374731445312477
Split,Nelson-Winnipeg,2024-04-01,166.21,,6.993526476435363,47.92822175659239,16.611156170256436,21.355196833610535,-0.5650695800781023
Split,Nelson-Winnipeg,2024-05-01,166.197,,12.682423024671152,101.81822907179594,23.183544573839754,6.658594124019146,5.042718505859398
Split,Nelson-Winnipeg,2024-06-01,166.741,,18.07518827263266,104.26916414871812,45.55357969366014,2.0501110702753067,11.466210937500023
Split,Nelson-Winnipeg,2024-07-01,167.09,,15.537325525656343,70.71700948290527,84.32000689208508,1.0172970360144973,18.571405029296898
Split,Nelson-Winnipeg,2024-08-01,167.113,,11.64628705009818,76.61531143821776,90.2137472294271,1.0308338096365333,18.084619140625023
Split,Nelson-Winnipeg,2024-09-01,166.945,,8.4301209426485,53.53331915102899,56.231492199003696,1.0267271427437663,14.935662841796898
Split,Nelson-Winnipeg,2024-10-01,166.92,,6.659437145572156,21.31862594978884,47.82988887745887,1.4789903070777655,2.8694396972656477
Split,Nelson-Winnipeg,2024-11-01,166.879,,5.874697380932048,53.1130819581449,21.291488665156066,10.65073162317276,-4.014990234374977
Split,Nelson-Winnipeg,2024-12-01,167.101,,5.544031781028025,34.786097472533584,3.7151525102672167,43.907035142183304,-15.513403320312477
