lake,system,month,WL,RegFlow,R,P,Evap,SWE,T
Kalamalka,Okanagan,1994-01-01,0.09578571428571436,0.505357142857143,-0.12214197080798606,-7.004141738954267,-0.1942647088851247,-4.1558220982551575,3.6447710309709818
Kalamalka,Okanagan,1994-02-01,0.07070370370370416,-0.4554642857142857,-0.9162881345088989,30.13677966789276,-0.7959776142212962,-6.85584438698632,-2.2199532645089284
Kalamalka,Okanagan,1994-03-01,0.11757142857142888,0.4565357142857144,0.9807029299346528,-15.691059088567272,-2.8816733933386534,-0.8558813216430678,0.1999337332589286
Kalamalka,Okanagan,1994-04-01,0.18342857142857216,1.7565,13.54432413271362,5.019593331131283,2.579216130210888,-46.928157348052736,1.1452549525669644
Kalamalka,Okanagan,1994-05-01,0.17022222222222272,1.6785714285714288,-13.779343087143005,-13.294325112448341,2.9580532988932475,-10.665108202634396,0.4063720703125
Kalamalka,Okanagan,1994-06-01,-0.0032500000000004192,-1.4588928571428574,-7.871698658813592,12.54437861332137,4.6842265874147415,-0.03310812649776856,-0.829986572265625
Kalamalka,Okanagan,1994-07-01,0.023464285714284827,-1.0613214285714285,-2.8351716537144966,-15.945155432356323,-5.224852631467257,-0.0005609848692245123,1.2051740373883923
Kalamalka,Okanagan,1994-08-01,0.061370370370370964,-0.5433928571428572,-0.5129930068505928,29.468220377176685,9.9593645843145,-6.010552563598789e-06,-0.39486258370535765
Kalamalka,Okanagan,1994-09-01,0.06688888888888922,0.6170357142857142,-1.2884988349729358,-31.511387320019175,-0.20564350831721612,-0.017015873906979704,1.9307512555803577
Kalamalka,Okanagan,1994-10-01,0.0024285714285703364,-0.1746071428571428,-1.1508800738998364,2.661829107507529,-1.0801393738282599,-0.061463864767574705,0.25042288643973176
Kalamalka,Okanagan,1994-11-01,0.004285714285714448,-0.353,-2.753939256113622,-11.480719341696911,-0.6834278298941037,23.708620832102106,-3.752362932477679
Kalamalka,Okanagan,1994-12-01,0.004000000000000448,-0.3885185185185185,-1.7860094365594836,8.389147998834105,-2.9733675980457557,43.02330397897296,-1.4537263093171298
Kalamalka,Okanagan,1995-01-01,0.024785714285714633,-0.589642857142857,-2.393345033072235,-7.994608302916667,-1.540079147421888,41.57830774784088,-2.0616498674665182
Kalamalka,Okanagan,1995-02-01,0.07670370370370438,-0.6424642857142857,-2.050264987961522,1.2563297246483032,1.639421605172434,41.43256055457252,1.0215018136160716
Kalamalka,Okanagan,1995-03-01,0.09157142857142908,-0.16946428571428573,-5.478697884557603,-5.082092626253143,-1.5683243940916984,33.19820429065399,-1.3252127511160714
Kalamalka,Okanagan,1995-04-01,0.024428571428572354,0.34650000000000003,-15.604226105746683,-7.421354717475232,-8.01297046044575,31.272577803714995,-1.1563807896205356
Kalamalka,Okanagan,1995-05-01,-0.04077777777777758,0.3085714285714287,-13.493512971243561,-32.345900912852294,3.1355594234940156,3.2758149461317636,0.3140869140625
Kalamalka,Okanagan,1995-06-01,-0.11525000000000052,-1.9818928571428573,-3.4770039617017474,19.33477490508396,0.4447018727660179,0.052890860846968986,0.157806396484375
Kalamalka,Okanagan,1995-07-01,-0.05053571428571502,-1.1933214285714286,0.08672329568071291,21.733915465509718,-0.3962717434790477,-0.0005609848692245123,-1.7115740094866077
Kalamalka,Okanagan,1995-08-01,0.040370370370371056,-0.5313928571428572,1.604820237844251,29.093651634476764,16.16862886086372,-6.010552563598789e-06,-4.542201450892858
Kalamalka,Okanagan,1995-09-01,0.05988888888888866,1.0170357142857145,0.26672226210523853,-28.168370013840367,-1.2911907729825813,-0.017015873906979704,1.9640764508928577
Kalamalka,Okanagan,1995-10-01,0.022428571428570798,-0.3926071428571428,0.9136066297027607,9.501174083977403,1.9822797538446508,-0.500378499054932,-1.2101484026227682
Kalamalka,Okanagan,1995-11-01,0.05628571428571405,-0.346,2.338931304361072,61.23819991314251,-5.267096026467957,22.46497364415388,-0.5421578543526786
Kalamalka,Okanagan,1995-12-01,0.14400000000000013,-0.2795185185185185,0.7154421047609372,9.423841325635166,0.1455376407614457,49.97306399875217,-2.0113434968171298
Kalamalka,Okanagan,1996-01-01,0.13278571428571428,1.655357142857143,1.4609402086145042,1.0620186325728085,0.36537796924156807,59.49902534484863,-4.816898890904018
Kalamalka,Okanagan,1996-02-01,0.061703703703703816,1.4475357142857144,1.4465733381387382,4.425166077063686,0.07754405461517822,66.84909867388862,-1.5931222098214284
Kalamalka,Okanagan,1996-03-01,0.04357142857142904,1.2565357142857145,-1.7981686952615359,-20.44268071767874,-0.4956657025364368,59.93647540786438,-1.5269949776785714
Kalamalka,Okanagan,1996-04-01,0.12542857142857233,1.4264999999999999,31.892334622430745,8.647804892721716,-12.274200811849106,28.840261262043242,-1.1552821568080356
Kalamalka,Okanagan,1996-05-01,0.27822222222222237,2.2885714285714287,49.0378535074082,43.023395915432566,-12.85241353824469,8.651958327131329,-3.6890869140625
Kalamalka,Okanagan,1996-06-01,0.47675,4.783107142857142,25.25992498184288,-27.388433019431048,-0.807163305580616,0.0521054794301788,-1.428741455078125
Kalamalka,Okanagan,1996-07-01,0.2594642857142855,3.7836785714285712,7.083014636009466,-12.375945600589539,-6.78369174212483,-0.0005609848692245123,-0.11452811104910765
Kalamalka,Okanagan,1996-08-01,0.08137037037037054,1.6056071428571428,2.4299335636897013,-9.26855583877893,-8.96678837515148,-6.010552563598789e-06,-0.32186453683035765
Kalamalka,Okanagan,1996-09-01,0.07088888888888878,0.12003571428571436,2.3568467336839856,42.34304581976695,5.358752761302249,-0.00725473657211698,-2.6695905412946423
Kalamalka,Okanagan,1996-10-01,0.12342857142857078,0.004392857142857198,1.2826664247508486,6.525844327240648,-2.2649258109075703,5.343400922356523,-1.9429364885602682
Kalamalka,Okanagan,1996-11-01,0.15828571428571436,0.04800000000000004,0.8118995953866808,23.981869661448783,-2.552190604287066,19.18220312966566,-3.518720354352679
Kalamalka,Okanagan,1996-12-01,0.18400000000000016,0.5834814814814816,0.627836664703123,31.391409760410042,-3.747153699536015,64.14236956172519,-5.10985423900463
Kalamalka,Okanagan,1997-01-01,0.13178571428571395,1.3553571428571427,0.7014290120943247,27.985019910764613,-0.2671134591634784,104.03084754943848,-0.49402291434151824
Kalamalka,Okanagan,1997-02-01,0.07670370370370438,1.4075357142857143,0.05900508923722203,-5.902852145871812,0.20963097423581134,115.43758319956916,0.8446219308035716
Kalamalka,Okanagan,1997-03-01,0.05957142857142905,1.1265357142857142,-3.2401425097694823,13.027970999246463,1.7250338610860378,142.62106682040863,-1.3017752511160714
Kalamalka,Okanagan,1997-04-01,0.0934285714285723,1.2864999999999998,-6.8753854845584,-9.235198563796338,-14.025746162847746,169.49162141619516,-2.4470302036830356
Kalamalka,Okanagan,1997-05-01,0.3732222222222221,3.8085714285714283,95.65421125859886,23.343846998094314,-7.92214177116486,39.05217676921373,-1.080322265625
Kalamalka,Okanagan,1997-06-01,0.3797499999999996,5.383107142857142,40.952237717907074,13.641444009928293,4.249883349984884,-0.027722671343940623,-1.267852783203125
Kalamalka,Okanagan,1997-07-01,0.3434642857142851,4.883678571428572,16.615525870292913,47.085554836875026,17.310673329380478,-0.0005609848692245123,-2.9386247907366077
Kalamalka,Okanagan,1997-08-01,0.3493703703703712,3.735607142857143,8.160453508025967,-5.9803402304428985,9.403583402412806,-6.010552563598789e-06,-0.6398577008928577
Kalamalka,Okanagan,1997-09-01,0.24888888888888872,2.6670357142857144,6.261826991768819,31.012892026670407,7.00584562894489,-0.016679282963418172,-0.30923897879464235
Kalamalka,Okanagan,1997-10-01,0.1684285714285707,2.1513928571428576,4.950031340350895,16.8419578029508,1.8786220378907643,-0.6061802359909052,-0.9133954729352682
Kalamalka,Okanagan,1997-11-01,0.08828571428571408,1.6059999999999999,2.842660983982828,-41.75225601232212,-1.5546707852211377,-11.348277538283064,0.7572806222098214
Kalamalka,Okanagan,1997-12-01,0.01100000000000012,1.1134814814814815,4.269156329596795,-22.615895071929245,1.8055696057638633,-39.326136103934715,0.34302662037037024
Kalamalka,Okanagan,1998-01-01,-0.025214285714286078,0.755357142857143,3.394563692251852,24.5629186496704,-0.421024759167007,-31.912624835968018,-1.5461469377790182
Kalamalka,Okanagan,1998-02-01,-0.035296296296295715,0.6575357142857142,2.921048593374768,-17.25717655374735,-1.850558868941984,-30.445321330002372,2.6429617745535716
Kalamalka,Okanagan,1998-03-01,-0.02742857142857069,0.6165357142857143,3.368367996569889,0.15278623322956264,-6.324150362550947,-28.416338908885194,0.0583321707589286
Kalamalka,Okanagan,1998-04-01,0.014428571428572567,0.8664999999999998,8.052501174721066,-9.951882717099842,7.442689716948998,-45.23229717077422,0.2972324916294644
Kalamalka,Okanagan,1998-05-01,0.0602222222222224,0.8485714285714288,-17.014526277697385,-12.184455311008996,-7.718723924231853,-10.556052715661021,1.6243896484375
Kalamalka,Okanagan,1998-06-01,-0.04825000000000035,-1.8368928571428573,-9.02407413897371,2.478013255832977,-3.504802007228136,-0.03366911141317835,-0.159210205078125
Kalamalka,Okanagan,1998-07-01,-0.018535714285714988,-0.7793214285714286,-2.674513561942149,-7.918313753699685,-4.1606892316069946,-0.0005609848692245123,1.5649152483258923
Kalamalka,Okanagan,1998-08-01,-0.026629629629629115,-0.5333928571428572,-1.5098508883966133,-23.34241579722272,-10.23516357443961,-6.010552563598789e-06,1.6246686662946423
Kalamalka,Okanagan,1998-09-01,-0.04911111111111133,-0.4289642857142857,-1.4334044785105764,-21.587680208280553,-10.536681428285583,-0.017015873906979704,3.1165422712053577
Kalamalka,Okanagan,1998-10-01,-0.02257142857142913,-0.3796071428571428,-1.2010813292623173,-4.40284680475348,4.151675550799283,-1.000216014290345,0.45122855050223176
Kalamalka,Okanagan,1998-11-01,0.004285714285714448,-0.344,-0.22163184829488713,32.462316074608154,-2.2600603240009924,-1.352256371839239,0.5661185128348214
Kalamalka,Okanagan,1998-12-01,0.027000000000000135,-0.12951851851851848,-1.0968961130991506,38.68285294070289,1.6523512097558486,17.66605758004718,-1.4102692780671298
Kalamalka,Okanagan,1999-01-01,0.01778571428571407,0.41535714285714287,-1.281839057940358,8.802117149960914,-0.47442167332129814,44.42058503627777,1.7951616559709818
Kalamalka,Okanagan,1999-02-01,-0.05029629629629628,0.7675357142857143,-1.5203059468019218,28.451975220897502,0.5403985685136701,76.41776012522834,0.6335623604910716
Kalamalka,Okanagan,1999-03-01,-0.06842857142857106,0.4865357142857142,-4.422141090929342,-10.329039563657716,3.294537197299567,98.69199658610992,-0.5920584542410714
Kalamalka,Okanagan,1999-04-01,-0.10857142857142765,0.2064999999999999,-12.09245314904755,-21.240699757722076,-9.85958405570792,111.80560545264078,-1.9350673130580356
Kalamalka,Okanagan,1999-05-01,-0.01677777777777756,0.8685714285714288,28.49706823014587,-1.1629619589906994,-5.4704814267877,32.82552539868837,-3.34765625
Kalamalka,Okanagan,1999-06-01,-0.04625000000000057,0.4831071428571425,23.783578466723803,-1.89372201150816,-8.803498931229115,0.2899069845664824,-2.395538330078125
Kalamalka,Okanagan,1999-07-01,-0.01253571428571476,-0.22632142857142856,9.576981821737718,24.4555774001388,13.1178607282761,0.014978295997281066,-3.5509294782366077
Kalamalka,Okanagan,1999-08-01,0.013370370370370921,0.2456071428571428,4.8535078385612,18.594658419325633,9.221587837341104,0.00016228491921716732,-0.29073660714285765
Kalamalka,Okanagan,1999-09-01,0.04788888888888909,-0.15596428571428572,2.2250893276317836,-13.43890046492951,5.704010337857262,0.052546253557471195,-1.3640485491071423
Kalamalka,Okanagan,1999-10-01,0.03142857142857025,0.7813928571428572,1.6833553023129095,-2.558394110695062,1.205960222120794,-0.73817996053549,-0.44037301199776824
Kalamalka,Okanagan,1999-11-01,-0.019714285714285573,1.006,2.0654909219177036,15.82388903313715,-0.8789881082650801,-8.080876640243723,0.6468069893973214
Kalamalka,Okanagan,1999-12-01,-0.04999999999999982,0.8434814814814816,0.8684241194579823,3.5806829799656583,0.2220169192662942,9.816759162478974,0.5785002531828702
Kalamalka,Okanagan,2000-01-01,-0.09821428571428559,0.4653571428571429,1.0254365141528456,-3.524309304858825,0.004122366330453375,12.505769729614258,-1.1286664690290182
Kalamalka,Okanagan,2000-02-01,-0.1312962962962958,0.3475357142857144,0.7159939684372931,-8.205000641672605,-1.768382457417569,8.296922913619454,0.3280203683035716
Kalamalka,Okanagan,2000-03-01,-0.13242857142857112,0.22653571428571417,-3.7612604475205966,2.9647530463989824,1.1893685483041079,30.837458026196288,0.0894601004464286
Kalamalka,Okanagan,2000-04-01,-0.10657142857142787,0.08650000000000002,4.750254842552486,7.338045210677329,-6.81825938435005,23.765536707027678,-0.5159999302455356
Kalamalka,Okanagan,2000-05-01,0.03622222222222238,1.3885714285714288,16.562381545164882,-1.5955361491900746,-2.4137643215778724,-1.2962114854287528,-2.1070556640625
Kalamalka,Okanagan,2000-06-01,-0.07725000000000026,0.1131071428571424,8.79652255597258,-7.164992649839931,0.10431278496980667,-0.026656800396881612,-1.036651611328125
Kalamalka,Okanagan,2000-07-01,-0.00153571428571464,-1.1143214285714287,5.23377657373203,29.397982204890077,10.29634844079348,-0.0005609848692245123,-2.3330339704241077
Kalamalka,Okanagan,2000-08-01,0.07437037037037086,-0.5203928571428572,2.2734870290150866,-4.868496374391334,0.10460246786740868,-6.010552563598789e-06,-1.7198137555803577
Kalamalka,Okanagan,2000-09-01,0.13788888888888895,-0.22496428571428567,1.6078267695515276,9.058347672440242,3.908096779403941,-0.016062199590573454,-1.7825055803571423
Kalamalka,Okanagan,2000-10-01,0.11242857142857066,1.0613928571428572,0.3096938822376867,-23.21172576297873,-1.4439356247229256,-1.0568754896667087,-0.14996773856026824
Kalamalka,Okanagan,2000-11-01,-0.003714285714285559,0.8860000000000001,-1.3106087083412739,-54.91165190635782,1.1432158810618738,-10.524639602018787,-1.1454293387276786
Kalamalka,Okanagan,2000-12-01,-0.08199999999999985,0.06548148148148147,-0.7655251527601781,-21.602050215868204,-0.3562475537398351,-27.679639971918533,-2.7169099030671298
Kalamalka,Okanagan,2001-01-01,-0.0882142857142858,-0.392642857142857,-1.3375903119075314,-32.39856071429261,-1.0879737258489643,-54.96607720851898,-0.17737252371651824
Kalamalka,Okanagan,2001-02-01,-0.09029629629629632,-0.4574642857142857,-2.0078176915246457,-23.673850791445666,-1.3115205386254405,-69.66399294989449,-1.9786202566964284
Kalamalka,Okanagan,2001-03-01,-0.08042857142857063,-0.7464642857142857,-4.048707339409573,-10.457919706823304,-3.8969942792651384,-91.51704196951218,0.009626116071428603
Kalamalka,Okanagan,2001-04-01,-0.09557142857142775,-1.1555,-24.68953859144157,15.802705706196967,1.790702559186947,-47.419634897128816,-1.2768641880580356
Kalamalka,Okanagan,2001-05-01,-0.13377777777777755,-2.0864285714285713,-55.03465751410529,-19.675631676883704,4.568261135968243,-9.433578103458526,-0.5450439453125
Kalamalka,Okanagan,2001-06-01,-0.10224999999999973,-1.9498928571428573,-26.641084883262273,14.104655918864793,1.7093145288527012,-0.013529753683246985,-2.063507080078125
Kalamalka,Okanagan,2001-07-01,0.007464285714284813,-1.0853214285714285,-11.521131040353794,23.355455170011346,9.8885960926834,-0.0005609848692245123,-1.8661150251116077
Kalamalka,Okanagan,2001-08-01,0.08937037037037054,-0.42939285714285724,-5.228231762885116,2.5157418081757257,11.70338950552312,-6.010552563598789e-06,-0.40145438058035765
Kalamalka,Okanagan,2001-09-01,0.0998888888888887,-0.35896428571428574,-3.362701182985413,-20.942280648991336,-1.993014510454877,-0.017015873906979704,0.49227469308035765
Kalamalka,Okanagan,2001-10-01,0.11042857142857088,-0.11060714285714279,-1.5596122315660725,17.0675413599903,-0.5737384282318629,1.3368470154091483,-1.5033612932477682
Kalamalka,Okanagan,2001-11-01,0.12428571428571455,0.05700000000000005,-1.38763010389604,-9.696596327038222,-0.2908858420726439,-12.482701077325537,1.5371878487723214
Kalamalka,Okanagan,2001-12-01,0.10500000000000043,0.27248148148148155,-1.3953884179634901,12.783249210635276,0.6797305325529086,8.279994957976868,-1.0659089265046298
Kalamalka,Okanagan,2002-01-01,0.07078571428571401,0.14135714285714296,-0.6089002610159309,13.569874059092918,-0.7657300614352737,6.454989314079285,0.25683157784598176
Kalamalka,Okanagan,2002-02-01,0.03970370370370446,0.04953571428571424,-0.9277620286281616,-0.7415392714652356,-1.2126168751690005,13.581232300826485,-0.06834193638392838
Kalamalka,Okanagan,2002-03-01,-0.004428571428571004,-0.11846428571428569,-5.504280748157596,-2.3648768255952746,-4.2510682209727495,42.399701130177306,-4.042131696428571
Kalamalka,Okanagan,2002-04-01,-0.05057142857142782,-0.4475000000000001,-7.791450667095241,-8.859402920019683,-17.259044356511104,60.319932859524016,-1.7398768833705356
Kalamalka,Okanagan,2002-05-01,-0.04477777777777803,-0.09142857142857119,18.897590711795985,33.31871969151377,-9.953873423260774,14.788403655724583,-2.8526611328125
Kalamalka,Okanagan,2002-06-01,0.025749999999999496,1.3831071428571424,24.929915484140757,-26.447082428993397,7.6437159441411495,0.02226108381757947,1.159271240234375
Kalamalka,Okanagan,2002-07-01,-0.030535714285714555,-0.9573214285714287,7.4779157803277485,-14.344442545344855,-9.259062395098482,-0.0005609848692245123,-0.12612479073660765
Kalamalka,Okanagan,2002-08-01,-0.0036296296296294273,-0.5413928571428572,2.498884728993289,-14.49978432122277,-7.4954717004272595,-6.010552563598789e-06,-1.1173967633928577
Kalamalka,Okanagan,2002-09-01,0.009888888888888836,-0.4399642857142857,0.5738090008630277,-18.104121086902786,-9.428733527394279,-0.016006101047873398,-0.5174909319196423
Kalamalka,Okanagan,2002-10-01,0.00542857142857045,-0.3426071428571428,-1.044159325309531,-51.35837745287323,-4.9294664724064745,-0.6662056057393784,-0.42865426199776824
Kalamalka,Okanagan,2002-11-01,-0.011714285714285566,-0.353,-1.2014924816737356,-39.16622933632296,-1.8159661392149111,-13.375901126502349,0.9921439034598214
Kalamalka,Okanagan,2002-12-01,-0.005999999999999339,-0.3895185185185185,-0.7525774115627559,8.644800702178927,-0.431535903502394,-40.95966844922967,1.7420744719328702
Kalamalka,Okanagan,2003-01-01,0.009785714285714064,-0.596642857142857,-1.611763310523072,-6.061864482554874,-0.32253134330468514,-47.81177639961243,1.7742876325334818
Kalamalka,Okanagan,2003-02-01,0.029703703703703788,-0.6494642857142857,-2.4824318991574854,-18.720189323565656,-1.1216862642738437,-61.670466193131034,0.2662527901785716
Kalamalka,Okanagan,2003-03-01,0.03357142857142925,-0.7744642857142857,5.340812744414336e-05,24.85056602745317,-5.318263075813386,-61.42311875841446,-0.8198416573660714
Kalamalka,Okanagan,2003-04-01,0.00642857142857256,-1.1185,-14.920460130919572,13.006649491476956,3.586986318363678,-63.299601215736146,-0.2489100864955356
Kalamalka,Okanagan,2003-05-01,-0.09877777777777741,-2.0584285714285713,-35.77888254533589,4.799462486906641,-4.204148850736345,-9.92113001146728,-1.5269775390625
Kalamalka,Okanagan,2003-06-01,-0.2112500000000006,-2.0108928571428573,-15.195204947044012,-0.6481432605401807,15.858274418860674,-0.03299592952605528,1.025848388671875
Kalamalka,Okanagan,2003-07-01,-0.23353571428571485,-1.1853214285714286,-6.057583035726566,-30.068578777510474,-6.778805325406466,-0.0005609848692245123,1.2078595842633923
Kalamalka,Okanagan,2003-08-01,-0.2586296296296293,-0.5533928571428572,-3.0294028838397935,-18.857366424916627,-12.943263356906499,-6.010552563598789e-06,1.2619977678571423
Kalamalka,Okanagan,2003-09-01,-0.28111111111111065,-0.47596428571428573,-2.1366164686956584,-12.76472653054433,-3.160040858866914,-0.015669510132733575,0.7398332868303577
Kalamalka,Okanagan,2003-10-01,-0.269571428571429,-0.4266071428571428,0.19964394648143546,39.933228856950464,1.32143700362316,-0.7598339961987222,2.0431474958147318
Kalamalka,Okanagan,2003-11-01,-0.28171428571428603,-0.38499999999999995,-2.552484578960243,17.329530299840755,-1.113129588442721,15.374125704901026,-2.585370744977679
Kalamalka,Okanagan,2003-12-01,-0.2889999999999997,-0.42151851851851846,-1.7289743253193723,-32.15960825414017,-2.7690186613687766,41.75256275468402,-0.7361970124421298
Kalamalka,Okanagan,2004-01-01,-0.2992142857142861,-0.6256428571428571,-1.789961888009982,11.373151860815206,0.00677849831325672,15.061721205711365,-1.4727826799665182
Kalamalka,Okanagan,2004-02-01,-0.25529629629629635,-0.6834642857142857,-1.9605208965783403,-19.132049211683416,-0.859443289560399,36.5003805075373,1.2960379464285716
Kalamalka,Okanagan,2004-03-01,-0.23542857142857088,-0.8184642857142858,-0.7740015545485743,-5.034083762438968,2.2598402616235287,23.293566357876585,1.3017403738839286
Kalamalka,Okanagan,2004-04-01,-0.23057142857142754,-1.1685,7.171804131108466,-15.858969605428037,18.353608653082382,-50.48519118489432,2.6646641322544644
Kalamalka,Okanagan,2004-05-01,-0.3167777777777774,-2.1024285714285713,-22.042317064395846,32.446584529160255,3.8909980046030626,-10.616639090845378,-0.1644287109375
Kalamalka,Okanagan,2004-06-01,-0.36824999999999974,-2.0458928571428574,-10.176135297764894,-10.61635653188985,10.50854567438364,-0.03322032349790354,1.520599365234375
Kalamalka,Okanagan,2004-07-01,-0.3625357142857144,-1.2073214285714287,-2.993520065501798,-6.564413630777771,4.422276472074117,-0.0005609848692245123,0.44943673270089235
Kalamalka,Okanagan,2004-08-01,-0.3256296296296295,-0.5673928571428573,-0.013749362551607192,49.56500937493859,12.228285935374771,-6.010552563598789e-06,0.23770577566964235
Kalamalka,Okanagan,2004-09-01,-0.26811111111111074,-0.4649642857142857,1.2664763822353304,36.27932560838027,10.69196217161204,-0.007086440944016812,-2.2079206194196423
Kalamalka,Okanagan,2004-10-01,-0.23457142857142976,-0.3776071428571428,0.5710675546392192,-9.953094421819387,2.7621143297957502,1.0121490831807023,0.34148733956473176
Kalamalka,Okanagan,2004-11-01,-0.20171428571428596,-0.34199999999999997,2.552969313650724,4.695557498572654,-2.3467501575526377,-2.3200113542511005,1.0882132393973214
Kalamalka,Okanagan,2004-12-01,-0.16699999999999982,-0.3815185185185185,3.3977276045199556,4.327243728632183,0.1923158782085883,-5.013662493891189,3.6904387297453702
Kalamalka,Okanagan,2005-01-01,-0.15021428571428608,-0.566642857142857,7.0403935486475735,-11.762973900269053,1.2098474960241998,-24.20620620250702,-0.46008736746651824
Kalamalka,Okanagan,2005-02-01,-0.09529629629629621,-0.6274642857142857,8.497581975201943,-24.234319552696043,1.8006037405159856,-75.44410122292382,2.6008475167410716
Kalamalka,Okanagan,2005-03-01,-0.025428571428570912,-0.7884642857142857,18.700256509743795,-9.760060725966468,8.01762706084576,-140.22051875612564,2.552350725446429
Kalamalka,Okanagan,2005-04-01,0.015428571428572013,0.00649999999999995,-0.2468158033609953,-8.31682486542767,28.95447400598122,-91.80414235951113,2.1055821010044644
Kalamalka,Okanagan,2005-05-01,-0.09877777777777741,-1.2654285714285713,-33.530546217142344,-11.88680973843605,0.44543905616072266,-10.997211244362656,1.7332763671875
Kalamalka,Okanagan,2005-06-01,-0.12424999999999997,-2.0138928571428574,-15.340005816792008,37.89063913115699,-3.7385523319244385,-0.033164224983625194,-1.483428955078125
Kalamalka,Okanagan,2005-07-01,-0.01653571428571521,-1.1443214285714287,-6.367406756908167,-3.178682611698086,7.548673735332812,-0.0005609848692245123,-1.5951189313616077
Kalamalka,Okanagan,2005-08-01,0.018370370370370814,-0.48039285714285723,-2.4758131912676618,1.5616093974780867,0.2866702104386434,-6.010552563598789e-06,-0.15597098214285765
Kalamalka,Okanagan,2005-09-01,0.03188888888888908,-0.40596428571428567,-1.1335226840206563,6.902581548534464,4.055464606998221,-0.016959775417570353,-2.0465436662946423
Kalamalka,Okanagan,2005-10-01,0.07342857142857095,-0.3656071428571428,0.3347466923254867,19.547336493685307,0.24223903061023577,-1.005489271847182,0.49261038643973176
Kalamalka,Okanagan,2005-11-01,0.09328571428571397,-0.32999999999999996,-0.9025182901366087,-13.4555166836695,0.3203434919539312,3.9326136715577107,-0.007856096540178603
Kalamalka,Okanagan,2005-12-01,0.08000000000000007,-0.36051851851851846,0.09465425790511794,-24.494614033890812,-0.45533282509832507,-18.725368297762344,-0.08629466869212976
Kalamalka,Okanagan,2006-01-01,0.13678571428571384,-0.5016428571428571,-0.3315347613741846,31.68544482780687,-0.8359659862305436,-16.121014952659607,3.4383501325334818
Kalamalka,Okanagan,2006-02-01,0.1267037037037042,0.8975357142857142,-0.5680464840094954,9.818332055666751,-0.042488291260919464,5.949423781463082,-0.6827218191964284
Kalamalka,Okanagan,2006-03-01,0.027571428571429024,0.8065357142857142,-3.5040432968734034,-11.625964572886005,-4.464951805337998,29.743489277149962,0.1534249441964286
Kalamalka,Okanagan,2006-04-01,-0.04357142857142815,0.49649999999999994,10.077506116691175,-7.671959652465638,-0.015241343394983176,-4.906800825015779,1.0958164760044644
Kalamalka,Okanagan,2006-05-01,-0.07877777777777784,-0.7714285714285714,-2.6506120151939996,2.732104021041387,2.2399088317927465,-8.031788966296258,0.6224365234375
Kalamalka,Okanagan,2006-06-01,-0.0182500000000001,-0.7968928571428573,0.1437826306625638,11.120991756407804,5.666697397828102,-0.03366911141317835,1.034271240234375
Kalamalka,Okanagan,2006-07-01,0.036464285714285616,-0.7133214285714287,1.230081652465742,-21.02515761777925,-9.368093725892578,-0.0005609848692245123,1.9467511858258923
Kalamalka,Okanagan,2006-08-01,0.040370370370371056,-0.5043928571428572,0.5376398185035214,-7.125548135653453,-5.388141335320796,-6.010552563598789e-06,-0.25631277901785765
Kalamalka,Okanagan,2006-09-01,0.043888888888888644,-0.3669642857142857,-0.15296486838321677,-7.408501811109353,-2.043997436495765,0.028928789818115166,0.8656877790178577
Kalamalka,Okanagan,2006-10-01,0.0484285714285706,-0.3386071428571428,-0.7082641890779744,-17.22765889384651,-1.4248446760965265,-0.831696155728423,0.5951494489397318
Kalamalka,Okanagan,2006-11-01,0.05828571428571383,-0.349,0.12525408757418077,43.33723473661978,0.7750058596554616,8.998140484826372,-1.7327096121651786
Kalamalka,Okanagan,2006-12-01,0.06700000000000017,-0.3985185185185185,-1.1994323711540478,-4.651009268989711,-1.848733889076997,32.03198396497302,-0.6724763093171298
Kalamalka,Okanagan,2007-01-01,0.07278571428571379,-0.588642857142857,-1.3330255361714602,-4.245705368313274,-0.34292870467262604,41.86473786830902,-3.1469770159040182
Kalamalka,Okanagan,2007-02-01,0.09770370370370429,-0.6394642857142857,-1.7247009839463443,-3.31383964969843,1.0438156729963208,33.982620707580026,1.1978934151785716
Kalamalka,Okanagan,2007-03-01,0.10957142857142887,0.3865357142857143,1.121932643270286,1.8313100736122578,2.249504443690446,22.480812322880553,0.7714669363839286
Kalamalka,Okanagan,2007-04-01,0.02342857142857202,0.27649999999999997,3.1280841670065556,-21.95347584867185,6.99989123469485,-33.232716161624666,0.5014561244419644
Kalamalka,Okanagan,2007-05-01,-0.11377777777777798,-1.7934285714285714,-18.503183596684337,-40.710576595821685,2.1976416880663976,-8.851107428459468,1.0499267578125
Kalamalka,Okanagan,2007-06-01,-0.21225000000000005,-2.0458928571428574,-9.387618234281298,29.00989397728283,-4.536383785307407,0.009638923533497996,-0.380889892578125
Kalamalka,Okanagan,2007-07-01,-0.11653571428571485,-1.2163214285714286,-3.8601119958912022,4.489797781778698,6.241553654295529,-0.0005609848692245123,1.5010724748883923
Kalamalka,Okanagan,2007-08-01,-0.08562962962962928,-0.5823928571428573,-1.8332881882088259,-3.514217319596874,-1.4644786299738541,-6.010552563598789e-06,-1.4911760602678577
Kalamalka,Okanagan,2007-09-01,-0.09311111111111092,-0.4709642857142857,-1.2500407423691033,-9.270052656315137,-6.332849651308997,-0.0011400017842737899,-1.1904645647321423
Kalamalka,Okanagan,2007-10-01,-0.05857142857142961,-0.4516071428571428,-1.0975535328075896,-11.886592497051296,-0.5308902556342758,-0.5310082433425123,-0.6250653948102682
Kalamalka,Okanagan,2007-11-01,-0.050714285714286156,-0.418,-1.7183437687760623,-33.56626585757893,2.7569138494852403,-10.883669576807215,0.1986868722098214
Kalamalka,Okanagan,2007-12-01,-0.04300000000000015,-0.4605185185185185,-0.15477764719872944,17.821051016518922,-0.6056496856251252,-12.092898703283737,0.5153899016203702
Kalamalka,Okanagan,2008-01-01,-0.03221428571428575,-0.678642857142857,-1.708035914946647,-17.17222277199783,-0.2705274548913751,-20.525924861431122,-3.2979779924665182
Kalamalka,Okanagan,2008-02-01,-0.012296296296296028,-0.7354642857142857,-1.7476950618272111,-12.10678285445153,-1.8111974516484355,-21.702586540154044,0.8481619698660716
Kalamalka,Okanagan,2008-03-01,0.010571428571428676,-0.8554642857142857,-6.629203618233857,-15.413446380989626,-0.9308671537188022,-25.58201884052582,-0.2743094308035714
Kalamalka,Okanagan,2008-04-01,-0.04557142857142793,-1.2065000000000001,-23.333577160623726,-3.5414380961031284,-15.595858234779108,12.592958968265776,-2.1372157505580356
Kalamalka,Okanagan,2008-05-01,-0.06577777777777793,-1.6804285714285712,-35.08646574794382,-6.022167760030634,2.2134629959639653,2.4500456781554796,0.5938720703125
Kalamalka,Okanagan,2008-06-01,0.014750000000000263,-0.2868928571428575,-13.779787883062717,-14.924221697063857,4.325537011027336,-0.02284210267650926,-0.568267822265625
Kalamalka,Okanagan,2008-07-01,0.021464285714285047,-0.8453214285714287,-4.759692652442027,-19.9527443297224,-12.84418375663725,-0.0005609848692245123,0.21713692801339235
Kalamalka,Okanagan,2008-08-01,0.06037037037037063,-0.43939285714285725,-1.4225179183995351,31.21010523552416,11.900051538499866,-6.010552563598789e-06,-0.9295305524553577
Kalamalka,Okanagan,2008-09-01,0.08388888888888868,-0.4389642857142857,-1.5026023278811156,-23.106299455061425,0.8144550624170463,-0.016959775417570353,-0.36673409598214235
Kalamalka,Okanagan,2008-10-01,0.09142857142857075,-0.3696071428571428,-1.6295544841601188,-28.077420321226654,1.2382740886615835,-0.982881590971374,0.12639944893973176
Kalamalka,Okanagan,2008-11-01,0.09628571428571409,-0.31499999999999995,-1.0805171716908397,-14.43875583520692,1.0695110125068048,-10.976344554884626,2.226152692522321
Kalamalka,Okanagan,2008-12-01,0.08700000000000063,-0.3815185185185185,-1.248669154679023,-0.6846607904191302,3.2171521818748223,-32.879858381218384,-3.2709870515046298
Kalamalka,Okanagan,2009-01-01,0.09878571428571448,-0.545642857142857,-1.6388948325974138,-13.34822275800564,-0.47420514082270004,-31.555667519569397,-0.9754682268415182
Kalamalka,Okanagan,2009-02-01,0.10270370370370419,-0.5654642857142858,-2.078133593646011,-12.217552149585181,-0.08872286915513028,-54.40772963421685,0.7146170479910716
Kalamalka,Okanagan,2009-03-01,0.11357142857142932,-0.7474642857142857,-6.298946898043921,-1.7316491866949946,-3.0080922837701767,-39.30084739944763,-2.401018415178571
Kalamalka,Okanagan,2009-04-01,0.05542857142857205,-0.3105000000000001,-19.51830596746212,-18.252579216745552,-5.686437029258478,-18.842001695052858,-0.3308192661830356
Kalamalka,Okanagan,2009-05-01,-0.028777777777778013,-1.6024285714285713,-44.71257495918378,-13.665414899670786,10.406670202168499,-6.833020583404245,-0.1070556640625
Kalamalka,Okanagan,2009-06-01,-0.09625000000000039,-1.9948928571428575,-22.454907489840743,-39.28430939725202,-9.54825896769762,-0.03350081594139758,1.860443115234375
Kalamalka,Okanagan,2009-07-01,-0.11053571428571463,-1.2193214285714287,-10.222738121228758,-13.801729099733556,-17.644276185559903,-0.0005609848692245123,2.2344709123883923
Kalamalka,Okanagan,2009-08-01,-0.05862962962962914,-0.5563928571428572,-5.340115909348242,-4.126917677630054,-7.3851556101414815,-6.010552563598789e-06,0.9287458147321423
Kalamalka,Okanagan,2009-09-01,-0.031111111111110645,-0.4669642857142857,-3.536979285334903,-7.516705196134616,4.418324180213467,-0.016006101047873398,1.8224748883928577
Kalamalka,Okanagan,2009-10-01,-0.0375714285714297,-0.41160714285714284,-1.706208793101334,31.214295179649653,-3.671557010550586,1.0484448193892604,-1.4367109026227682
Kalamalka,Okanagan,2009-11-01,-0.018714285714286127,-0.35,-2.4150737538418205,-16.306439439566546,0.5711928991201738,-0.2707896970345516,1.0630667550223214
Kalamalka,Okanagan,2009-12-01,-0.045999999999999375,-0.3935185185185185,-2.484008712431036,-30.283632037160842,3.9579170773288714,-20.168951816029022,-1.5856843171296298
Kalamalka,Okanagan,2010-01-01,-0.031214285714285417,-0.618642857142857,-1.7359153763598965,-15.405249014812789,-0.6637432545955692,-42.11638122797012,4.318599155970982
Kalamalka,Okanagan,2010-02-01,-0.0062962962962958,-0.6764642857142857,-0.5619595342847914,-16.511207194915706,-0.4235193648907756,-71.37207580464226,4.372209821428571
Kalamalka,Okanagan,2010-03-01,0.008571428571428896,-0.8194642857142858,0.5315649058112673,-9.094934241147712,9.259267714306977,-125.7514279069645,2.631574358258929
Kalamalka,Okanagan,2010-04-01,-0.03657142857142759,-1.1775,-22.78553864536142,-3.1839953278124895,19.129615726082456,-88.183826085047,1.2076328822544644
Kalamalka,Okanagan,2010-05-01,-0.153777777777778,-2.1254285714285714,-45.78005491514757,30.40597504462182,0.6518450515743837,-9.46953716655636,-1.6666259765625
Kalamalka,Okanagan,2010-06-01,-0.15725000000000033,-2.0828928571428573,-19.99419026625609,3.5746176477654643,6.779381074011326,-0.033613012923768996,-1.217071533203125
Kalamalka,Okanagan,2010-07-01,-0.08453571428571482,-1.2493214285714287,-7.465197653800715,-1.6926597714440774,12.045072117221679,-0.0005609848692245123,-0.32973807198660765
Kalamalka,Okanagan,2010-08-01,-0.04362962962962946,-0.6093928571428572,-3.0827023583697155,2.7970716569793055,5.297405453997527,-6.010552563598789e-06,-0.9910539899553577
Kalamalka,Okanagan,2010-09-01,-0.02811111111111142,-0.5039642857142856,-0.2480514480599343,41.8643273899631,5.180825911728398,-0.016847578435198938,-1.9209333147321423
Kalamalka,Okanagan,2010-10-01,-0.017571428571429237,-0.4486071428571428,-1.7646842965664948,-38.73753897745961,4.587136840979966,-1.01698946855322,1.8566240583147318
Kalamalka,Okanagan,2010-11-01,-0.041714285714285815,-0.38799999999999996,-1.217743769562471,-10.209834228070193,6.274707806629262,-5.848942532403662,-1.4313180106026786
Kalamalka,Okanagan,2010-12-01,-0.04999999999999982,-0.42951851851851847,-1.291670253353745,-13.11241362795785,-2.685343286160518,-7.9584970242447355,0.5413908781828702
Kalamalka,Okanagan,2011-01-01,-0.03221428571428575,-0.624642857142857,-0.9042808134316669,10.904857026097098,-0.16561745932059624,-15.109054744243622,-0.21008736746651824
Kalamalka,Okanagan,2011-02-01,-0.0192962962962957,-0.6894642857142858,-1.7628406806449801,6.272980263539857,-0.1903972172710513,-2.974389919212882,-2.9983956473214284
Kalamalka,Okanagan,2011-03-01,-0.012428571428571011,-0.8264642857142858,-3.856255961311815,17.44290263741277,-4.392456724807355,29.367458474423216,-0.3955252511160714
Kalamalka,Okanagan,2011-04-01,-0.040571428571428036,-1.1035000000000001,-26.364090923120138,19.113208212989512,-18.37278974042939,88.46140162287546,-2.7392665318080356
Kalamalka,Okanagan,2011-05-01,-0.08377777777777773,-0.5614285714285714,34.958571214312016,33.61749845082938,-11.477417736646856,40.128148640828186,-1.7237548828125
Kalamalka,Okanagan,2011-06-01,-0.00025000000000030553,0.27310714285714255,34.896508254210595,-13.651192213209086,2.6862393133342266,0.10102335773292431,-1.288360595703125
Kalamalka,Okanagan,2011-07-01,0.01146428571428526,-1.0993214285714286,12.9551450299914,7.49584628231657,3.1175093775216,-0.0005609848692245123,-2.7434343610491077
Kalamalka,Okanagan,2011-08-01,0.0753703703703712,-0.5863928571428573,4.905679539660923,-25.816055092426332,-8.336657150981154,-6.010552563598789e-06,0.5401960100446423
Kalamalka,Okanagan,2011-09-01,0.07588888888888867,-0.4719642857142857,1.5254405194095195,-32.838055745482315,-10.442224364461644,-0.017015873906979704,2.6453508649553577
Kalamalka,Okanagan,2011-10-01,0.09742857142857098,-0.4296071428571428,0.9314326676498492,3.1444583936328314,1.8092847229646765,-0.856716078487807,0.46258108956473176
Kalamalka,Okanagan,2011-11-01,0.07228571428571406,-0.38099999999999995,-0.7391401543697746,-14.189890145124608,0.6899889142784694,2.085964918868349,-0.4033639090401786
Kalamalka,Okanagan,2011-12-01,0.05000000000000071,-0.4375185185185185,-0.6711408921681272,-28.933674610150902,0.19378829919905538,-13.715605354971359,3.4749846281828702
Kalamalka,Okanagan,2012-01-01,0.04378571428571387,-0.657642857142857,-1.2107753474473224,-7.450916852186701,2.678010014018842,-32.8611359000206,0.20739310128348176
Kalamalka,Okanagan,2012-02-01,0.059703703703704036,-0.2814642857142857,-1.68708198387841,14.277905011632747,0.0547422511902238,-29.145344027451102,-0.23972865513392838
Kalamalka,Okanagan,2012-03-01,0.05757142857142927,0.16653571428571434,-4.807939750337807,38.640806305920705,-2.3025860968378513,11.091690909649657,-0.4719412667410714
Kalamalka,Okanagan,2012-04-01,-0.02357142857142769,-0.013500000000000068,9.646735665488187,27.862699748116675,-7.615678727493751,27.661236684902434,0.6884678431919644
Kalamalka,Okanagan,2012-05-01,-0.008777777777777551,-0.9614285714285713,-0.5239525157126792,-24.47752132554472,6.32971692331401,-5.794244804097357,-0.4278564453125
Kalamalka,Okanagan,2012-06-01,0.11575000000000024,1.2131071428571425,8.372590340773705,91.19735003748376,-4.647122696042061,0.10596002221457163,-2.031402587890625
Kalamalka,Okanagan,2012-07-01,0.24646428571428558,3.373678571428572,8.163944869011175,0.022948868198518824,21.281908224669422,-0.0005609848692245123,0.5185285295758923
Kalamalka,Okanagan,2012-08-01,0.10737037037037123,0.9156071428571428,5.031815133406781,-21.80464439646,-1.1384095580849305,-6.010552563598789e-06,1.1695905412946423
Kalamalka,Okanagan,2012-09-01,0.05788888888888888,-0.2799642857142857,2.0580170426650763,-40.45383987041922,-12.20004915791963,-0.017015873906979704,1.8638567243303577
Kalamalka,Okanagan,2012-10-01,0.043428571428570706,-0.2596071428571428,2.094193238528012,21.33041665989107,-7.808893985514132,2.22533480518905,0.5127519880022318
Kalamalka,Okanagan,2012-11-01,0.061285714285713944,0.128,2.387710488359776,4.909184270737953,-0.07840459667412247,-5.878730884952738,1.5465872628348214
Kalamalka,Okanagan,2012-12-01,0.008000000000000007,0.6134814814814816,2.116384815222032,33.21518360085234,-0.43930942020206576,7.5185679727130434,1.5098967375578702
Kalamalka,Okanagan,2013-01-01,-0.05221428571428621,0.23435714285714293,2.1902694814863413,0.18249610314212106,0.711534039250442,17.59737730026245,-1.2882123674665182
Kalamalka,Okanagan,2013-02-01,,0.055535714285714244,1.5050959024977475,-9.081401145002538,1.5433407804396535,15.74629651648658,2.0146658761160716
Kalamalka,Okanagan,2013-03-01,-0.0954285714285712,-0.07846428571428576,0.5143235056103936,0.17661924357526004,3.8968331687751085,24.842720877911376,0.2801339285714286
Kalamalka,Okanagan,2013-04-01,-0.06357142857142772,-0.26350000000000007,27.88462540982956,29.61906469343895,-4.6462358607511405,-9.073403913394685,-0.2955409458705356
Kalamalka,Okanagan,2013-05-01,-0.01677777777777756,-0.5514285714285714,25.27269722902149,19.834086163817638,3.3820600198980912,-5.303046186132374,1.4166259765625
Kalamalka,Okanagan,2013-06-01,0.05675000000000008,1.1031071428571426,11.2366237902149,36.53007463851411,-1.997002400457859,-0.032939831040198646,-0.277252197265625
Kalamalka,Okanagan,2013-07-01,0.0854642857142851,1.4636785714285712,6.523664276755881,-22.4929484216513,13.809198472050156,-0.0005609848692245123,0.7684064592633923
Kalamalka,Okanagan,2013-08-01,0.06737037037037119,-0.25239285714285725,3.9752718730596825,9.137745898052735,-1.271273899224724,-6.010552563598789e-06,0.5762067522321423
Kalamalka,Okanagan,2013-09-01,0.10688888888888926,0.2800357142857143,5.053163539352161,57.7255983392076,13.074154932317988,-0.009386479375729704,1.0011858258928577
Kalamalka,Okanagan,2013-10-01,0.07042857142857084,0.3803928571428572,0.8500768968328227,-44.43396768432909,3.1625767504530273,-0.9175268442049855,-0.26202828543526824
Kalamalka,Okanagan,2013-11-01,0.07428571428571384,0.19900000000000007,1.6448704315865008,10.788223215578384,-0.5889812434491297,9.452594236271189,0.0839407784598214
Kalamalka,Okanagan,2013-12-01,0.03200000000000003,0.18348148148148147,1.0276422701146526,-21.76396600056991,0.29319115155548925,3.0669280224376223,-0.5548005280671298
Kalamalka,Okanagan,2014-01-01,0.0027857142857143913,0.047357142857142986,0.9018749504840731,-9.49197383722224,0.5430501020912614,-8.807063102722168,0.9205278669084818
Kalamalka,Okanagan,2014-02-01,-0.03429629629629627,0.1255357142857143,0.11952825090182717,1.5180779342439834,-0.7825088271472072,-12.936576136520927,-4.713483537946429
Kalamalka,Okanagan,2014-03-01,-0.047428571428571153,0.08553571428571427,-2.690777907576246,9.671132633229718,-2.8454547240731447,4.4897463438766465,-0.4904959542410714
Kalamalka,Okanagan,2014-04-01,-0.06357142857142772,-0.07350000000000012,6.265811202216092,14.92370949043626,-0.340082000807989,-4.871961910144563,-0.1983729771205356
Kalamalka,Okanagan,2014-05-01,0.0812222222222223,0.7085714285714286,11.105784233742654,6.326341400771135,3.076424398126875,-3.825467996908369,0.2928466796875
Kalamalka,Okanagan,2014-06-01,0.04974999999999952,1.1531071428571424,3.0650749561443362,-8.828803921850138,2.8307572938501835,-0.03097638386468609,-0.178497314453125
Kalamalka,Okanagan,2014-07-01,-0.0005357142857151942,-0.8373214285714287,1.4090547847445123,7.776385787500267,0.30592149622472675,-0.0005609848692245123,1.7917218889508923
Kalamalka,Okanagan,2014-08-01,0.06537037037037052,-0.3273928571428572,0.6023108580848202,16.759697066455765,9.86780742615727,-6.010552563598789e-06,1.1815534319196423
Kalamalka,Okanagan,2014-09-01,0.07088888888888878,-0.1959642857142857,0.44256411326516876,8.014783265285324,7.467723418293254,-0.017015873906979704,0.01192801339285765
Kalamalka,Okanagan,2014-10-01,0.08242857142857041,-0.1706071428571428,1.004174053897648,13.977680346995058,1.0970732463257633,-1.0286579508829163,2.4056963239397318
Kalamalka,Okanagan,2014-11-01,0.06328571428571461,-0.14899999999999997,0.03959452962070387,2.2728801455481715,4.445937187743507,-8.175907864434912,-0.5475289481026786
Kalamalka,Okanagan,2014-12-01,0.0730000000000004,-0.19851851851851848,1.7397030762232912,-4.428709788178949,-2.2290443518647445,-10.920832968420456,0.9499602141203702
Kalamalka,Okanagan,2015-01-01,0.1257857142857146,-0.09864285714285703,1.902468919849655,9.279066066872993,-0.002770584874919435,0.635884702205658,1.3817095075334818
Kalamalka,Okanagan,2015-02-01,0.15970370370370368,0.3375357142857144,5.785925937483886,3.6667667050746147,1.9319537511494542,-25.700612791946952,4.603410993303571
Kalamalka,Okanagan,2015-03-01,0.1855714285714294,0.40653571428571433,28.00315668251382,-7.702417351538315,9.025138341322807,-109.12040953657456,3.958478655133929
Kalamalka,Okanagan,2015-04-01,0.28442857142857214,0.6864999999999999,17.212444030779544,-22.698150319878813,27.342193976177704,-98.09844919280815,1.3968418666294644
Kalamalka,Okanagan,2015-05-01,0.11122222222222256,0.32857142857142874,-30.15755452673018,-7.830827632070786,-0.1643958551410094,-10.982401243641757,2.7391357421875
Kalamalka,Okanagan,2015-06-01,-0.07624999999999993,-0.49689285714285747,-17.208059621875044,-10.890469212816768,1.6175257042050362,-0.03366911141317835,3.690643310546875
Kalamalka,Okanagan,2015-07-01,-0.1465357142857151,-0.9283214285714286,-8.527500678610522,-6.958659764287795,-15.373600921260987,-0.0005609848692245123,1.7388654436383923
Kalamalka,Okanagan,2015-08-01,-0.14462962962962944,-0.35239285714285723,-4.392427144921385,3.51519086195497,-1.6198262622180835,-6.010552563598789e-06,0.8209577287946423
Kalamalka,Okanagan,2015-09-01,-0.14611111111111086,-0.3329642857142857,-2.720890999106425,-1.0655908824576628,2.4726818914392155,-0.016679282963418172,-1.9137311662946423
Kalamalka,Okanagan,2015-10-01,-0.12957142857142934,-0.29660714285714285,-2.3300939569058503,-13.489189216800568,-2.681317805711714,-1.091993146474124,2.4930986676897318
Kalamalka,Okanagan,2015-11-01,-0.09671428571428553,-0.27099999999999996,-1.3892602094399216,22.791946747539825,3.165482734662614,6.670277357833193,-0.9082467215401786
Kalamalka,Okanagan,2015-12-01,-0.08000000000000007,-0.33851851851851844,-1.6819109867490756,11.765611426973791,-0.8464915660658372,15.850656562381317,1.4283537688078702
Kalamalka,Okanagan,2016-01-01,-0.03821428571428598,-0.42764285714285705,-1.9479710655494795,-5.034143502208671,0.016226533002087096,9.37187671661377,0.6472124372209818
Kalamalka,Okanagan,2016-02-01,0.02370370370370445,-0.42746428571428574,-0.2190859106901497,3.4249825590190355,1.674784388991871,3.9227019463266686,3.1403982979910716
Kalamalka,Okanagan,2016-03-01,0.08757142857142863,0.006535714285714311,7.0390467616172305,29.219520598417148,3.9627167903485567,-23.788664090846254,2.394880022321429
Kalamalka,Okanagan,2016-04-01,0.18542857142857194,0.8365,22.90634070439929,-29.94522238233393,28.147066228224766,-73.7940028941791,5.434195382254464
Kalamalka,Okanagan,2016-05-01,0.13022222222222268,1.7085714285714286,-21.329333288511933,-2.5292603718948428,-1.6574018684748069,-11.002147912482283,1.6434326171875
Kalamalka,Okanagan,2016-06-01,-0.06125000000000025,-0.9768928571428575,-15.236714576271233,-13.209364634738975,0.7734820246696472,-0.031088580950086202,1.060028076171875
Kalamalka,Okanagan,2016-07-01,0.0024642857142849195,-0.7953214285714286,-5.725927425373811,41.238701003229444,8.16242788485917,-0.0005609848692245123,-1.7401384626116077
Kalamalka,Okanagan,2016-08-01,,0.05860714285714275,-2.894911842304282,-3.825704732142704,5.8667993123110875,-6.010552563598789e-06,0.5303083147321423
Kalamalka,Okanagan,2016-09-01,,0.5370357142857144,-1.633412404251951,0.8820106761829365,5.782199524609105,-0.017015873906979704,-1.3817487444196423
Kalamalka,Okanagan,2016-10-01,0.00042857142857055663,0.6313928571428571,1.2437961345962574,54.71775749798066,-0.07391285284289495,-0.80224444718624,0.04619925362723176
Kalamalka,Okanagan,2016-11-01,-0.0017142857142857792,0.31900000000000006,0.16114871479138415,-13.204408834488802,0.8216581357243875,-9.893587532652809,3.217729840959821
Kalamalka,Okanagan,2016-12-01,0.0129999999999999,0.3054814814814816,1.164280592261262,-9.800220654277055,3.246369633685659,-13.876102036899994,-3.3173737702546298
Kalamalka,Okanagan,2017-01-01,-0.04121428571428609,0.21835714285714303,1.6221829381330668,-31.871251751519075,-0.18221828421311714,-32.9345166683197,-4.659916469029018
Kalamalka,Okanagan,2017-02-01,-0.05429629629629584,-0.009464285714285703,1.3059105674204021,9.417749727227992,-0.6628282883736705,-33.25764728443963,-2.7244698660714284
Kalamalka,Okanagan,2017-03-01,-0.007428571428571118,-0.07446428571428576,2.1891410313920847,53.07422750047408,-4.138283660202953,-10.902899849627687,-0.7866385323660714
Kalamalka,Okanagan,2017-04-01,0.12142857142857189,-0.3355,35.44267131863827,42.88566862149829,-9.22807750092553,-3.879574376956697,-1.0274745396205356
Kalamalka,Okanagan,2017-05-01,,3.1685714285714286,57.300632605412304,14.497382896869176,4.72115473322836,-2.8914282886814497,0.5765380859375
Kalamalka,Okanagan,2017-06-01,0.6407499999999997,3.563107142857143,9.30848221677089,-39.42335294725906,-12.357328087091446,-0.03366911141317835,1.074310302734375
Kalamalka,Okanagan,2017-07-01,0.3504642857142848,3.3536785714285715,0.018872837244998664,-32.990714619310374,-30.745661626237307,-0.0005609848692245123,2.1398664202008923
Kalamalka,Okanagan,2017-08-01,0.10337037037037078,1.7056071428571429,-1.5159237227635458,-28.17981203900542,-22.873653057363953,-6.010552563598789e-06,3.2965436662946423
Kalamalka,Okanagan,2017-09-01,-0.0041111111111113985,0.8470357142857142,-1.9306381831743895,-28.736732898063828,-11.257601935150369,-0.016679282963418172,1.8047746930803577
Kalamalka,Okanagan,2017-10-01,-0.04057142857142981,0.05039285714285724,-1.597028596214452,-3.77606461656147,-0.08729456125625745,-0.3847034040518338,-0.49457223074776824
Kalamalka,Okanagan,2017-11-01,-0.020714285714285907,-0.13799999999999996,-1.3073083339674803,16.097998221604414,-1.861053793358483,15.301083938019083,-0.6580025809151786
Kalamalka,Okanagan,2017-12-01,-0.04300000000000015,0.3154814814814815,-2.102938581460707,10.406494675273152,2.2306084650120246,-0.3821729785866239,0.009774667245370239
Kalamalka,Okanagan,2018-01-01,-0.08521428571428569,0.27735714285714297,-2.434267419760415,22.47846133416585,-0.9604649551744971,21.05461061000824,0.9891313825334818
Kalamalka,Okanagan,2018-02-01,-0.07729629629629642,0.27753571428571433,-2.4778301179009885,40.91022514746458,0.736895524564066,73.44740735633033,-3.1061837332589284
Kalamalka,Okanagan,2018-03-01,-0.09142857142857075,0.1165357142857143,-6.972680549681952,7.913047535112128,0.6517905317845614,113.46771980502777,-0.5069754464285714
Kalamalka,Okanagan,2018-04-01,-0.06357142857142772,0.11649999999999983,-5.52957314149743,45.579584361153785,-19.841878924385774,167.88277284441781,-0.7923671177455356
Kalamalka,Okanagan,2018-05-01,0.16322222222222216,1.7885714285714287,88.73713833288222,-35.02933583929137,5.006681703629766,16.814792077379284,3.6971435546875
Kalamalka,Okanagan,2018-06-01,0.08375000000000021,2.283107142857143,14.334480906005147,-3.6371788259462647,-5.639882292598486,-0.01756884511967221,-0.006134033203125
Kalamalka,Okanagan,2018-07-01,-0.04653571428571457,0.5736785714285713,2.0353046638774686,-13.554162080773885,-10.667209322231685,-0.0005609848692245123,0.8465314592633923
Kalamalka,Okanagan,2018-08-01,-0.03862962962962957,-0.11839285714285719,-0.1728042116155848,-3.5718131597864797,-7.085416890082087,-6.010552563598789e-06,0.7555280412946423
Kalamalka,Okanagan,2018-09-01,-0.013111111111110851,0.1720357142857143,0.21029022588793644,27.829494096554946,0.7875002588012379,-0.015389017760293808,-1.8852887834821423
Kalamalka,Okanagan,2018-10-01,0.00542857142857045,0.7113928571428572,-0.4194585557602952,-9.2370791909551,0.061037418033393465,-0.79921511678549,-0.5073896135602682
Kalamalka,Okanagan,2018-11-01,0.013285714285713901,0.786,1.823026910382655,7.248657264946289,0.8236418528083185,-9.494614995284273,1.5756399972098214
Kalamalka,Okanagan,2018-12-01,-0.028999999999999915,0.4674814814814815,0.7862536451149804,-5.694789742981939,1.9231539702525842,-28.54181743330426,2.7658781828703702
Kalamalka,Okanagan,2019-01-01,-0.035214285714285865,0.4353571428571429,0.889069759848228,-22.142206599320552,1.2250264241759266,-34.274935722351074,3.7477983747209818
Kalamalka,Okanagan,2019-02-01,-0.06829629629629608,0.2575357142857143,0.4022403570291191,-13.137103272518807,1.1652955269840146,-47.165579029491965,-7.009504045758929
Kalamalka,Okanagan,2019-03-01,-0.08542857142857141,0.09653571428571428,6.965967043340372,-28.807868860894814,-4.681015150189134,-66.20299403688736,-0.9101736886160714
Kalamalka,Okanagan,2019-04-01,-0.0655714285714275,-0.23350000000000004,-11.35642076925641,12.292022396910134,16.232382955162656,-91.22890817733216,0.5446690150669644
Kalamalka,Okanagan,2019-05-01,-0.13877777777777744,-1.7474285714285713,-38.5424290829438,-29.252954311752028,2.3303328032073125,-10.820276613490673,2.5587158203125
Kalamalka,Okanagan,2019-06-01,-0.23024999999999984,-1.9948928571428575,-20.68637132262146,-14.649148589731865,-4.419924225658178,-0.03350081594139758,0.941497802734375
Kalamalka,Okanagan,2019-07-01,-0.1645357142857149,-1.1223214285714287,-7.908464940555859,35.607614586686914,11.335040401068653,-0.0005609848692245123,-1.6557878766741077
Kalamalka,Okanagan,2019-08-01,-0.09862962962962918,-0.5373928571428572,-4.223222334985621,-6.062974445220398,-1.6393502758416787,-6.010552563598789e-06,0.38199288504464235
Kalamalka,Okanagan,2019-09-01,-0.03911111111111065,-0.35896428571428574,-1.2025895661541401,45.88946397624178,5.354596734313027,0.29304047419146223,-0.6811872209821423
Kalamalka,Okanagan,2019-10-01,-0.003571428571429003,-0.2396071428571428,-1.3403279657982896,-16.47846366644704,2.0538148736315094,0.14733469834027346,-1.8966718401227682
Kalamalka,Okanagan,2019-11-01,0.018285714285714683,-0.043999999999999984,-0.3783961385904284,-19.519376593442374,0.013069906604609827,-10.411937463296844,0.6465628487723214
Kalamalka,Okanagan,2019-12-01,0.04499999999999993,0.18448148148148147,0.724898259418465,15.95160325437233,-0.26288595809428816,-28.020943618483017,3.0150236906828702
Kalamalka,Okanagan,2020-01-01,0.0887857142857138,0.7353571428571429,0.7815270899819939,33.62307145601205,0.9696840840790953,0.11102855205535889,0.9056352887834818
Kalamalka,Okanagan,2020-02-01,0.061703703703703816,0.7275357142857143,1.9700779646102875,16.963021615603274,-0.6050718532476043,18.2782422219004,3.0572684151785716
Kalamalka,Okanagan,2020-03-01,0.03957142857142859,0.5865357142857143,-2.4408164000695773,-14.039287838386372,0.8201084606948168,31.67147601821594,0.1315743582589286
Kalamalka,Okanagan,2020-04-01,0.02142857142857224,0.4264999999999999,0.8491948704301748,-19.333670102891382,-15.807843550906647,47.49009267626596,-0.3210536411830356
Kalamalka,Okanagan,2020-05-01,0.24422222222222256,1.858571428571429,26.326452633449136,35.96211956339955,1.8250181289788827,-3.5769520184528254,-0.0267333984375
Kalamalka,Okanagan,2020-06-01,0.4007499999999995,4.1931071428571425,13.903686007584575,8.602558144567794,3.031231462955475,-0.031649565694965735,-1.255645751953125
Kalamalka,Okanagan,2020-07-01,0.3354642857142851,3.6536785714285713,8.997576944238972,6.980495326778119,13.477283022699083,-0.0003926893974437462,-1.7917742047991077
Kalamalka,Okanagan,2020-08-01,0.15737037037037105,1.805607142857143,4.358012913144194,-17.448113377603086,-2.126151421439971,-6.010552563598789e-06,-0.20443289620535765
Kalamalka,Okanagan,2020-09-01,0.03688888888888897,1.0370357142857145,1.9040266384503663,-17.022398065559436,-8.95184514644955,-0.016623184477561535,2.4226946149553577
Kalamalka,Okanagan,2020-10-01,0.0014285714285708906,0.6213928571428571,2.379126548995762,29.124518382429542,-1.251445451219169,4.830436364500201,-0.0007978166852682378
Kalamalka,Okanagan,2020-11-01,-0.013714285714285346,0.526,0.06482580439686458,-13.145903150351458,-1.1554162899431368,8.160756693022059,0.1768362862723214
Kalamalka,Okanagan,2020-12-01,-0.04499999999999993,0.4404814814814815,0.8275157171603365,13.842071475530119,-0.10958816683678752,7.139907115035584,3.4271330656828702
Kalamalka,Okanagan,2021-01-01,-0.044214285714286206,0.27135714285714296,0.4800867853711157,-0.6001461775408004,1.2419231768165315,23.17143976688385,1.7088579450334818
Kalamalka,Okanagan,2021-02-01,-0.05729629629629596,0.18453571428571425,-0.03621600834386651,13.694572048344916,1.108493231835642,32.9000364456858,-2.2479073660714284
Kalamalka,Okanagan,2021-03-01,-0.07242857142857062,-0.009464285714285703,-3.186448765648363,-31.38826138456352,5.148080647424129,24.94857872703247,1.3121163504464286
Kalamalka,Okanagan,2021-04-01,-0.11657142857142766,-0.21350000000000002,-7.716795849514064,-34.62593206287628,4.841100640728008,1.6966711097796008,1.2357090541294644
Kalamalka,Okanagan,2021-05-01,-0.20877777777777773,-1.3524285714285713,-24.39043517681837,-28.643837566570646,4.455534317198072,-7.119515430791321,-0.0035400390625
Kalamalka,Okanagan,2021-06-01,-0.29625000000000057,-1.9528928571428574,-12.510551210393068,-47.37262069413971,-12.913907412439585,-0.031032482407386146,4.343719482421875
Kalamalka,Okanagan,2021-07-01,-0.32753571428571515,-1.1053214285714286,-6.488623454060871,-26.775966657234157,-23.113944842147504,-0.0005609848692245123,4.366184779575892
Kalamalka,Okanagan,2021-08-01,-0.3206296296296296,-0.5053928571428572,-3.5838623152812943,4.074057631961686,-2.0389754375043765,-6.010552563598789e-06,0.15066964285714235
Kalamalka,Okanagan,2021-09-01,-0.29711111111111066,-0.4509642857142857,-2.219186072969544,6.13377243488295,-4.232721902163966,-0.016959775417570353,-0.44400460379464235
Kalamalka,Okanagan,2021-10-01,-0.2765714285714296,-0.40760714285714283,-1.198703982871459,9.2403751249159,0.26883643918803557,-0.30549232360499445,-0.26532418387276824
Kalamalka,Okanagan,2021-11-01,-0.2237142857142853,-0.30499999999999994,3.7177054816441206,42.06635660791237,-0.4236482033905169,-4.012165799005224,0.9101126534598214
Kalamalka,Okanagan,2021-12-01,-0.19599999999999973,-0.2795185185185185,2.2394095587380303,22.018129307845683,2.5740650965383756,-7.918949342436264,-3.5954499421296298
Kalamalka,Okanagan,2022-01-01,-0.18821428571428545,-0.435642857142857,3.667221414486578,-9.913097067120752,-0.5632288687463317,2.1672099828720093,-1.3823285784040182
Kalamalka,Okanagan,2022-02-01,-0.1652962962962956,-0.5894642857142858,3.010741360152939,-16.45436904384821,1.7386968663361455,-10.436444410255973,-0.3414132254464284
Kalamalka,Okanagan,2022-03-01,-0.12542857142857056,-0.7144642857142858,10.09469924870895,3.5817768366541713,-1.8835668410507171,-25.1565161826355,1.0246407645089286
Kalamalka,Okanagan,2022-04-01,-0.0995714285714282,-1.1105,2.994291530090514,-9.57194850863224,4.239098385109436,-42.21487163366484,-1.9010096958705356
Kalamalka,Okanagan,2022-05-01,-0.0957777777777773,-1.5984285714285713,-2.7152036595258124,16.243768022312516,-6.388795753342237,-2.0121405689548872,-2.6846923828125
Kalamalka,Okanagan,2022-06-01,0.02475000000000005,1.4231071428571425,10.486419009144548,38.553521943478174,3.8229860365390778,0.0007753592438573612,-1.393341064453125
Kalamalka,Okanagan,2022-07-01,0.11946428571428491,2.413678571428571,8.862774637236726,-0.33326874524521344,17.794941044745173,-0.0005609848692245123,1.0507550920758923
Kalamalka,Okanagan,2022-08-01,-0.0016296296296296475,0.6256071428571428,4.224336575134657,-15.974204628426897,-1.7051978086653605,-6.010552563598789e-06,2.8801618303571423
Kalamalka,Okanagan,2022-09-01,-0.04911111111111133,-0.3149642857142857,-4.200792838154095,-43.93595529628718,-35.888009505080326,-0.017015873906979704,2.3088030133928577
Kalamalka,Okanagan,2022-10-01,-0.04257142857142959,-0.3806071428571428,-4.41897891089736,-51.47891207265535,-23.94245257268527,-0.3677055447042221,4.140681675502232
Kalamalka,Okanagan,2022-11-01,-0.050714285714286156,-0.363,-4.896123640979308,-46.30090880839687,-5.3878268642750164,17.419477716820047,-3.888837541852679
Kalamalka,Okanagan,2022-12-01,-0.06700000000000017,-0.3765185185185185,-4.0537689554319645,-32.593712607329635,-3.9624303096422446,21.001280181937744,-5.97460033275463
Kalamalka,Okanagan,2023-01-01,-0.025214285714286078,-0.579642857142857,-4.325800143435897,-32.652962942458025,-1.0252081722553288,21.308735013008118,1.0344194684709818
Kalamalka,Okanagan,2023-02-01,0.0047037037037043206,-0.5974642857142858,-4.648359421740419,-21.16703636004656,-1.6081695960435485,21.187738648482735,-1.0135323660714284
Kalamalka,Okanagan,2023-03-01,-0.009428571428570898,-0.5364642857142857,-9.992372853178365,-43.850535817909986,-6.76873849754754,47.094133150364684,-1.0523856026785714
Kalamalka,Okanagan,2023-04-01,-0.07957142857142774,-0.4585,-33.31836913795477,-19.242817257431206,-29.821903694288004,72.21970216570688,-0.9436122349330356
Kalamalka,Okanagan,2023-05-01,-0.10677777777777742,-0.7514285714285713,-54.788037824826986,-44.71966137186558,-56.01931114714327,-6.848671924931946,4.4735107421875
Kalamalka,Okanagan,2023-06-01,-0.22224999999999984,-1.7908928571428575,-31.111538888321128,-43.63548979329478,-62.344197649508715,-0.03327642198376018,2.217376708984375
Kalamalka,Okanagan,2023-07-01,-0.2455357142857144,-1.0763214285714287,-16.484756029967684,-25.577114629933412,-61.027991394179736,-0.0005609848692245123,1.7085920061383923
Kalamalka,Okanagan,2023-08-01,-0.24962962962962898,-0.45539285714285727,-9.461678491788916,-14.16634231775658,-45.83756330456319,-6.010552563598789e-06,1.8304792131696423
Kalamalka,Okanagan,2023-09-01,-0.24711111111111084,-0.39596428571428566,-6.655047046868797,-32.3900534983425,-33.46498290609036,-0.015108525274167204,0.16292898995535765
Kalamalka,Okanagan,2023-10-01,-0.23357142857142943,-0.3846071428571428,-6.051389223492672,-50.88839005579108,-23.23962056211063,-0.36978117168473545,1.5592607770647318
Kalamalka,Okanagan,2023-11-01,-0.24071428571428566,-0.356,-5.531675773714337,-58.74324336348634,-7.780999918135681,-9.96068140791197,0.8191702706473214
Kalamalka,Okanagan,2023-12-01,-0.23899999999999988,-0.34651851851851845,-4.276062120711517,-35.41854505979076,-3.331017934855212,-36.74857980675168,4.00501392505787
Kalamalka,Okanagan,2024-01-01,-0.21621428571428591,-0.588642857142857,-4.394336513671858,-24.453799288104555,0.07611581323934458,-59.91418659687042,-0.9108930315290182
Kalamalka,Okanagan,2024-02-01,-0.15829629629629594,,-3.979983261420524,-13.475414346820408,-1.5961400515932058,-76.09528941767556,2.2287772042410716
Kalamalka,Okanagan,2024-03-01,-0.14442857142857068,-0.6514642857142857,3.299757869951593,-24.508767673978582,-0.07635051900121859,-97.58662019989319,1.3565499441964286
Kalamalka,Okanagan,2024-04-01,-0.18057142857142772,-1.0135,-19.628248597395476,-1.2913126972437468,21.6887888797958,-90.64234259338784,0.5733555385044644
Kalamalka,Okanagan,2024-05-01,-0.30277777777777803,-1.9944285714285712,-47.449477172839195,-21.340102558107382,2.7372695455726728,-10.46724883807266,-0.5347900390625
Kalamalka,Okanagan,2024-06-01,-0.3852500000000001,-1.9048928571428574,-24.236103823308703,-8.811100643859916,0.44245272874832153,-0.020373769526190903,-0.820587158203125
Kalamalka,Okanagan,2024-07-01,-0.3575357142857145,-1.1113214285714286,-11.708717654983047,-23.114397594846587,-6.550847128632341,-0.0005609848692245123,3.3130841936383923
Kalamalka,Okanagan,2024-08-01,-0.35062962962962896,-0.5363928571428572,-5.504659857251681,24.30480085110633,4.779618507849847,0.00016228491921716732,0.7587018694196423
Kalamalka,Okanagan,2024-09-01,-0.3271111111111109,-0.5059642857142856,-4.047493067836124,-24.486276784695555,2.644930001614348,-0.016679282963418172,1.8921770368303577
Kalamalka,Okanagan,2024-10-01,-0.3165714285714296,-0.40760714285714283,-2.5666868381709467,-0.21961937558704392,-1.5625376919550575,-0.856716078487807,1.2170976911272318
Kalamalka,Okanagan,2024-11-01,-0.29471428571428593,-0.31299999999999994,-2.5974770635782214,-8.912050190182143,0.5003518474820474,-4.85936479942341,0.7442190987723214
Kalamalka,Okanagan,2024-12-01,-0.2959999999999994,-0.4515185185185185,-2.195651932938576,-1.830608514999895,-1.452335061643411,-17.584326780504654,4.32630298755787
Okanagan,Okanagan,1994-01-01,0.1293214285714288,12.159285714285714,0.0821972670174933,-13.916917461236679,-1.7690180060265632,-18.952154421380584,3.405383518763951
Okanagan,Okanagan,1994-02-01,0.08460714285714288,-8.908214285714285,-0.8728735364067166,27.739856662395013,-1.123468151880453,-27.955109253525734,-1.8866053989955356
Okanagan,Okanagan,1994-03-01,0.08846428571428588,7.368928571428572,0.33027337901460463,-17.245288892549333,-3.7198270989132904,-23.02271114396197,0.34064047677176346
Okanagan,Okanagan,1994-04-01,0.1072857142857142,-0.32250000000000156,21.359506094345953,6.559415861764656,1.497783481941692,-72.0651266830308,1.24317387172154
Okanagan,Okanagan,1994-05-01,0.18978571428571422,-13.589285714285715,-20.31303246414089,-13.203310316644746,5.459759330343715,-44.36687007546425,0.5302538190569202
Okanagan,Okanagan,1994-06-01,0.021142857142857352,-19.593214285714282,-24.907272309064865,15.385914510781205,5.067070513697601,-2.0001177723067975,-0.957709176199776
Okanagan,Okanagan,1994-07-01,0.004249999999999865,-14.189999999999998,-5.195188065824496,-17.605016491350916,-0.6997795467863597,-0.0020476875722660486,1.1641900198800208
Okanagan,Okanagan,1994-08-01,0.0477857142857141,-7.458928571428572,-1.4214108960004523,25.067552309857483,10.474657024522983,-0.00022832678249683016,-0.43843187604631595
Okanagan,Okanagan,1994-09-01,0.060321428571428415,0.9539285714285732,-1.4844565989083751,-28.60274967263519,-0.93520261413817,-0.06533583639318456,1.8575962611607135
Okanagan,Okanagan,1994-10-01,0.016857142857143126,0.651071428571429,-1.4423870951369668,4.088046058313921,0.9808268722346298,-0.06541116947898562,0.13923100062778992
Okanagan,Okanagan,1994-11-01,-0.014464285714285596,-1.6710714285714285,-3.250811288515772,-6.4712373672851555,1.259982777160726,26.81490665833865,-3.4789766584123885
Okanagan,Okanagan,1994-12-01,-0.03222222222222215,-2.7077777777777774,-2.882982321790662,16.26141300787114,-4.666314574596644,54.08220469123788,-1.1743989167390048
Okanagan,Okanagan,1995-01-01,-0.013678571428571207,-3.980714285714286,-3.612758399997672,-7.418762742807829,-2.7299647057328187,57.25958118481296,-1.704968043736049
Okanagan,Okanagan,1995-02-01,0.012607142857142817,3.4517857142857142,-3.228323427590242,3.502243003042949,2.4320178268421193,59.877580031752586,1.0660313197544644
Okanagan,Okanagan,1995-03-01,-0.05353571428571402,6.868928571428572,-6.248217151941001,-2.7093395599097576,0.12549234400337106,54.70269931746381,-1.3013578142438615
Okanagan,Okanagan,1995-04-01,-0.09671428571428575,3.3775000000000013,-21.3654379747043,-9.481297664543881,-5.67133688101811,69.55747625657492,-1.44872065952846
Okanagan,Okanagan,1995-05-01,-0.16921428571428576,10.010714285714286,-12.945218271592495,-35.94780096526458,0.12138154540609492,37.405407056212425,0.10944693429129515
Okanagan,Okanagan,1995-06-01,-0.132857142857143,-23.403214285714284,12.504105689004064,19.861075478339828,-1.070983208982014,-0.9517382509991457,-0.009680611746651024
Okanagan,Okanagan,1995-07-01,-0.015750000000000153,-17.389999999999997,4.913113757668597,20.826272066707524,-0.7390224532822884,-0.0020476875722660486,-1.4874823434012292
Okanagan,Okanagan,1995-08-01,0.055785714285714105,-0.758928571428573,3.1715068471385166,30.120240725019748,12.675132452776396,-0.00022832678249683016,-4.255326407296316
Okanagan,Okanagan,1995-09-01,0.06632142857142842,4.25392857142857,1.1999133753956155,-27.13566865298032,-3.107138826245709,-0.06547712147814926,1.9521397181919635
Okanagan,Okanagan,1995-10-01,0.06885714285714317,-0.7989285714285721,1.2434901374425475,6.241158611373976,3.9830752274221055,-0.6159285161889523,-1.268758501325335
Okanagan,Okanagan,1995-11-01,0.0935357142857145,-1.6710714285714285,3.260540532729854,74.09569973658238,-7.140589337463357,21.639819057392224,-0.07556479317801335
Okanagan,Okanagan,1995-12-01,0.1747777777777777,0.9122222222222218,2.4914354931011236,14.154674498260846,0.6850479425069089,51.74781858093209,-1.4610200104890048
Okanagan,Okanagan,1996-01-01,0.15832142857142872,15.059285714285716,3.669431624855081,-0.3467175078445308,-0.006579194970363744,62.21005985779422,-4.600872584751674
Okanagan,Okanagan,1996-02-01,0.09160714285714278,11.051785714285716,3.2921688590639473,9.523895606564892,0.659917255299141,70.78990899026394,-1.5492946079799106
Okanagan,Okanagan,1996-03-01,0.030464285714285833,23.36892857142857,0.15175225832665795,-25.53087608040577,1.0701234891062743,62.53904117537397,-1.5212674822126115
Okanagan,Okanagan,1996-04-01,-0.028714285714285692,23.577499999999997,26.793675528356935,13.981542225727544,-13.187434856912919,34.00020620652609,-1.31590815952846
Okanagan,Okanagan,1996-05-01,-0.021214285714285852,16.610714285714288,47.311748583784464,44.094674985639614,-14.625611186992117,47.886429354548454,-3.776112147739955
Okanagan,Okanagan,1996-06-01,0.1901428571428574,32.206785714285715,55.382653372362256,-24.519187947069966,-2.9226643632033102,4.896704768204696,-1.279303414481026
Okanagan,Okanagan,1996-07-01,0.13624999999999998,14.610000000000007,7.457348962946398,-10.487398383182672,-5.136010765064768,-0.0017033051865463938,0.002385820661270799
Okanagan,Okanagan,1996-08-01,0.10278571428571426,16.24107142857143,1.9409652886679396,-6.58460354627875,-4.517807774910963,-0.00022832678249683016,-0.36537279401506595
Okanagan,Okanagan,1996-09-01,0.08732142857142855,-0.14607142857142819,2.2673042154305474,45.190785448150045,7.658975747680024,-0.023533113943382686,-2.5418178013392865
Okanagan,Okanagan,1996-10-01,0.17185714285714315,-2.138928571428572,0.9200988507862871,11.692133295582607,-2.115364107469631,8.179491424536018,-1.908712114606585
Okanagan,Okanagan,1996-11-01,0.2205357142857145,-1.5610714285714282,0.4647724459313647,14.321910483496524,-1.807537087838032,24.759727330612286,-3.2362093244280135
Okanagan,Okanagan,1996-12-01,0.25077777777777777,5.022222222222223,0.7084888552694952,38.61155106116914,-6.004816079102628,67.00858949787087,-4.681051748770255
Okanagan,Okanagan,1997-01-01,0.20532142857142865,13.259285714285715,0.586778437406922,28.679528888980187,-1.125789441513298,112.98712263149875,-0.945110866001674
Okanagan,Okanagan,1997-02-01,0.12660714285714292,18.351785714285718,-0.16112702256318023,-12.925025736746775,0.18230276288834713,121.36978469789028,0.6058872767857144
Okanagan,Okanagan,1997-03-01,0.0034642857142859196,28.06892857142857,-2.9190953968541837,19.684588582354728,2.0248468530813373,142.40312589598554,-1.1302457536969865
Okanagan,Okanagan,1997-04-01,-0.1547142857142858,27.977500000000003,-12.855845239495729,-4.7483442800252575,-6.103619567251631,165.64131102391653,-2.318135942731585
Okanagan,Okanagan,1997-05-01,0.0007857142857141675,26.710714285714282,114.79485241787708,23.65868421994881,-12.03230610865701,75.23578964173794,-1.3599744524274548
Okanagan,Okanagan,1997-06-01,0.379142857142857,32.306785714285716,47.16903087683022,18.532404127264655,3.239145070048309,-0.4810823971390654,-1.350409371512276
Okanagan,Okanagan,1997-07-01,0.4772500000000002,39.410000000000004,14.303049168250126,48.545744834492716,14.609176370348521,-0.0020476875722660486,-2.694391523088729
Okanagan,Okanagan,1997-08-01,0.3677857142857144,52.341071428571425,7.576378746307455,-3.9980633040873457,6.914848312070333,-0.00022832678249683016,-0.48011888776506595
Okanagan,Okanagan,1997-09-01,0.13532142857142837,39.45392857142858,6.414235966596086,38.528087451205856,6.020907395785407,-0.05965794200030976,-0.3436671665736615
Okanagan,Okanagan,1997-10-01,0.14185714285714313,7.0510714285714275,5.3183610954355185,17.120566946687177,1.4792485952576868,-0.704726165557596,-1.12041255405971
Okanagan,Okanagan,1997-11-01,0.13753571428571432,14.41892857142857,4.231557821705271,-47.80283846360233,-4.026834545324423,-14.92445237402405,0.9839139665876117
Okanagan,Okanagan,1997-12-01,0.07477777777777783,6.322222222222222,5.5891503202642685,-30.53367427653737,1.3327038635637756,-46.07836426132255,0.5161223234953702
Okanagan,Okanagan,1998-01-01,0.06932142857142876,6.659285714285714,4.725128604020158,27.308914261603988,0.263025419034129,-38.50625535207135,-1.544231959751674
Okanagan,Okanagan,1998-02-01,0.044607142857142845,11.551785714285716,3.7683549354759247,-11.541593549606787,-2.2041172709837804,-34.72496010363102,2.4724033900669644
Okanagan,Okanagan,1998-03-01,0.03546428571428595,8.268928571428571,3.8780771688574784,-2.402549098146018,-5.825409866312318,-32.325938210955684,0.045138767787388456
Okanagan,Okanagan,1998-04-01,0.03328571428571436,8.2775,9.87744427610388,-12.699449060684337,-1.3857780556593617,-39.50206616095133,-0.019704546247210075
Okanagan,Okanagan,1998-05-01,0.21978571428571425,-8.589285714285715,-8.97409164255285,-0.8360566592143357,-1.9178998731409393,-44.09229150041938,1.2970384870256702
Okanagan,Okanagan,1998-06-01,0.05014285714285727,-3.093214285714282,-21.25490689650178,9.992236654008067,-0.4250108863094084,-2.0002413971931254,-0.20957074846540102
Okanagan,Okanagan,1998-07-01,-0.006749999999999812,-6.489999999999995,-2.0996809679283075,-4.912866646398989,2.1334904553701364,-0.0020476875722660486,1.4320733206612708
Okanagan,Okanagan,1998-08-01,0.023785714285714077,-9.158928571428572,-0.4397283337311819,-24.643433778172557,-5.061542532140649,-0.00022832678249683016,1.458357674734934
Okanagan,Okanagan,1998-09-01,-0.00267857142857153,-3.646071428571428,-0.9114321541606589,-21.976823783396476,-8.200775981614633,-0.06547712147814926,2.9782932826450885
Okanagan,Okanagan,1998-10-01,-0.009142857142856897,-1.3989285714285717,-0.9997630903464074,-5.483982356963679,4.37741699611901,-1.7005476305972218,0.3896277291434149
Okanagan,Okanagan,1998-11-01,-0.0034642857142856975,-0.5410714285714278,-0.8381935289695068,43.18050275157604,-3.2923667874586364,1.5296887473336298,0.6569486345563617
Okanagan,Okanagan,1998-12-01,-0.005222222222222239,-2.3677777777777775,-1.538874881117847,39.728786576435795,3.6517389547683443,34.01196478969521,-1.3160920319733798
Okanagan,Okanagan,1999-01-01,-0.00467857142857131,5.659285714285714,-1.5875412183439561,16.631112117985523,-1.3241028731238842,60.98908851189273,1.588580540248326
Okanagan,Okanagan,1999-02-01,-0.07539285714285704,10.551785714285716,-1.7735012905697136,41.85261604392768,0.14755246918087206,107.13565908372402,0.5471104213169644
Okanagan,Okanagan,1999-03-01,-0.12753571428571409,10.368928571428572,-4.543546561243213,-8.123063436609563,2.2285768676998234,135.54266108466047,-0.5647245134626115
Okanagan,Okanagan,1999-04-01,-0.2657142857142858,24.477500000000003,-17.742442401608322,-23.912394161535694,-4.294387513904699,153.38510594197683,-1.97459956577846
Okanagan,Okanagan,1999-05-01,-0.42221428571428565,18.310714285714283,5.41929991075969,-5.504793256737429,-14.281602397594341,127.73906253278255,-3.77394539969308
Okanagan,Okanagan,1999-06-01,-0.20785714285714274,-12.393214285714283,79.55687236972153,-1.5269569952839248,-7.772580221561455,23.2599253853798,-2.281561715262276
Okanagan,Okanagan,1999-07-01,0.0402499999999999,14.310000000000002,19.56035718571262,20.365238288442406,7.269634104367086,0.03458046894979004,-3.201441083635604
Okanagan,Okanagan,1999-08-01,-0.01721428571428585,19.341071428571425,6.836866130470298,16.786645832845743,2.42112771541413,0.004222153209149886,-0.07240404401506595
Okanagan,Okanagan,1999-09-01,-0.018678571428571544,-2.0460714285714285,2.843477112557073,-15.3706477535057,4.239396740948514,0.3795532462222338,-1.1879970005580365
Okanagan,Okanagan,1999-10-01,-0.016142857142857014,-1.3589285714285726,1.5737211443982755,-8.778942952631041,-0.5758974376866348,-1.0647293724364966,-0.4195458548409601
Okanagan,Okanagan,1999-11-01,0.020535714285714324,-2.061071428571428,2.066388250178923,16.917618257658816,-2.709993901329913,-9.801808012915508,0.7887845720563617
Okanagan,Okanagan,1999-12-01,0.055777777777777704,9.022222222222222,1.107539303592164,-2.6723330245456793,-1.0109329283565138,2.9313388384050825,1.0774626555266202
Okanagan,Okanagan,2000-01-01,-0.008678571428571313,3.059285714285714,1.1848799939408696,-7.806871984420084,2.2428355101771373,-0.1026623483215019,-0.830547877720424
Okanagan,Okanagan,2000-02-01,-0.015392857142857208,3.3517857142857164,0.8467623748791606,-5.265663340521442,-1.8197467947434882,-5.277210846543312,0.1870335170200894
Okanagan,Okanagan,2000-03-01,0.018464285714285822,-10.821071428571429,-2.944666982719875,-0.3119566951811876,1.6661824224034465,11.967495216854985,0.0015901838030134563
Okanagan,Okanagan,2000-04-01,0.07228571428571429,-3.4224999999999994,-1.8797639911229354,7.071347582885728,-4.666440987161227,7.7369692070143685,-0.6147362845284601
Okanagan,Okanagan,2000-05-01,0.06078571428571422,7.6107142857142875,1.6597688393501073,2.4286182576491058,-2.9515610616986834,8.644910529255867,-2.03322274344308
Okanagan,Okanagan,2000-06-01,-0.019857142857142573,4.606785714285714,19.451522966846824,-10.498338462119662,0.43836704987499786,1.1337885720670293,-0.748053414481026
Okanagan,Okanagan,2000-07-01,-0.027750000000000163,3.8100000000000023,5.632972440383,35.41908283347896,10.106469675000497,0.016204579609840102,-2.100061689104354
Okanagan,Okanagan,2000-08-01,0.022785714285714187,-4.258928571428573,1.999297339352779,-6.902397467846249,2.2386341255956523,-0.00022832678249683016,-1.638138907296316
Okanagan,Okanagan,2000-09-01,0.049321428571428516,6.25392857142857,1.1265315593586163,3.0722982670080725,2.0883978244715493,-0.050447920710691305,-1.6761866978236615
Okanagan,Okanagan,2000-10-01,0.007857142857143007,0.2510714285714286,-0.00914134476001216,-24.523349333321676,-3.3264953318783768,-1.7733359322197169,-0.051870073590960075
Okanagan,Okanagan,2000-11-01,-0.008464285714285591,0.6189285714285715,-1.8656803981035157,-57.21614529777851,3.5451480237367967,-10.582778802407638,-1.9521211896623885
Okanagan,Okanagan,2000-12-01,-0.047222222222222276,-2.7077777777777774,-1.8147192399569416,-27.626393466360042,-1.6712902848936473,-33.92383725278907,-2.3738312897858798
Okanagan,Okanagan,2001-01-01,-0.044678571428571345,-5.960714285714285,-2.5289049782648885,-35.63022982728269,-2.4948825615604804,-64.6124788160835,-0.45505959647042404
Okanagan,Okanagan,2001-02-01,-0.021392857142857213,-9.598214285714285,-3.0674957769016533,-26.948590259832727,-1.9439336833134542,-83.12308974564075,-2.0365077427455356
Okanagan,Okanagan,2001-03-01,0.022464285714285825,-12.681071428571428,-5.3041891400685675,-11.361653405141887,-4.973797924841554,-106.03590296315295,0.07941000802176346
Okanagan,Okanagan,2001-04-01,0.006285714285714228,-16.8825,-23.218250685853754,10.948941718587385,-5.815385125710495,-66.43127330711908,-1.548421587262835
Okanagan,Okanagan,2001-05-01,-0.17321428571428577,-24.329285714285717,-82.25347634080597,-26.125096485234934,7.701686296578757,-30.47766350209713,-0.48088509695870485
Okanagan,Okanagan,2001-06-01,-0.23885714285714288,-24.813214285714285,-44.4835249800235,17.8138305532879,2.319273106487728,-1.9174218483137828,-2.080481392996651
Okanagan,Okanagan,2001-07-01,-0.16175000000000006,-19.889999999999997,-11.931680105460273,22.425039770106586,8.460663895155975,-0.001994705665404289,-1.8745673043387292
Okanagan,Okanagan,2001-08-01,-0.037214285714285866,-8.358928571428573,-3.8768731901654974,3.3938653910549235,9.012615158488714,-0.00022832678249683016,-0.42387499128069095
Okanagan,Okanagan,2001-09-01,-0.019678571428571656,-3.646071428571428,-2.2305280539772614,-26.422449019654387,0.11054458030100278,-0.06547712147814926,0.4538792201450885
Okanagan,Okanagan,2001-10-01,-0.03614285714285703,-0.34892857142857103,-1.2692323715392764,7.491431693779305,0.9179133547669522,3.045183179502991,-1.49297114780971
Okanagan,Okanagan,2001-11-01,-0.037464285714285506,-0.43107142857142833,-1.1334059049009486,-7.99200796921339,-1.8446619339686414,-11.926056085420505,1.3958097185407365
Okanagan,Okanagan,2001-12-01,-0.024222222222222145,-1.7477777777777774,-1.253485950184297,13.875123824820747,1.6416208549074973,9.96073066360421,-0.5474457917390048
Okanagan,Okanagan,2002-01-01,-0.01767857142857121,-3.470714285714285,-0.6109124343700909,13.502102029243744,-0.17964200503349304,7.30544993919986,0.30070822579520096
Okanagan,Okanagan,2002-02-01,-0.004392857142857087,-6.318214285714285,-0.9119662671374886,2.096479097547544,-0.6320008473526935,12.619545683264732,-0.2682277134486606
Okanagan,Okanagan,2002-03-01,-0.011535714285713983,-3.531071428571428,-4.644933392618052,-4.095107853312847,-1.9984189971832418,38.474798335560735,-4.012875148228236
Okanagan,Okanagan,2002-04-01,-0.055714285714285605,-3.022500000000001,-13.052709951547776,-9.094291225275292,-10.09828968173159,58.54985437222891,-1.77068110874721
Okanagan,Okanagan,2002-05-01,-0.15221428571428564,-2.7892857142857146,11.820202666318181,26.64250205063061,-12.509139541569837,55.01893721520901,-2.807728358677455
Okanagan,Okanagan,2002-06-01,0.016142857142857014,12.106785714285714,45.301130739971995,-24.88447827220496,4.4279224571904905,4.082487625443942,1.073418753487724
Okanagan,Okanagan,2002-07-01,0.033250000000000224,-12.889999999999997,6.329694625622196,-15.259588795223472,-5.714650561068467,-0.0020476875722660486,-0.2282049996512292
Okanagan,Okanagan,2002-08-01,0.053785714285714104,-2.9589285714285722,1.346444638329558,-11.23676277659667,-7.693271302351988,-0.00022832678249683016,-1.104233877999441
Okanagan,Okanagan,2002-09-01,0.00932142857142848,2.553928571428571,-0.21350338231838784,-16.99131317894041,-6.166348383495851,-0.06190967307568533,-0.6538173130580365
Okanagan,Okanagan,2002-10-01,-0.04214285714285704,1.0510714285714275,-1.6864823763691152,-56.81474882294424,-4.517496251667453,-1.4111869581289023,-0.030568804059710075
Okanagan,Okanagan,2002-11-01,-0.11046428571428568,-1.151071428571428,-2.343012321424405,-46.43916568186667,-3.979490762243845,-15.741680482668535,1.2142606462751115
Okanagan,Okanagan,2002-12-01,-0.12122222222222212,-2.8377777777777773,-2.3728064929687047,14.660790342734089,-0.8495819325886522,-47.42554471724563,2.1157316984953702
Okanagan,Okanagan,2003-01-01,-0.10767857142857129,-5.690714285714286,-3.316065119309185,-3.428501858642065,0.9466561847408954,-48.043154978326385,2.261645725795201
Okanagan,Okanagan,2003-02-01,-0.07439285714285715,-9.258214285714285,-3.7775077606576293,-21.49066255411266,-0.9884973045960317,-60.41012145578861,1.0383213588169644
Okanagan,Okanagan,2003-03-01,-0.04453571428571412,-12.491071428571427,-1.7425642612839258,27.17540766960675,-3.5371278032211446,-62.69921349095446,-0.5216642107282365
Okanagan,Okanagan,2003-04-01,-0.04171428571428559,-16.5325,-12.671663394680117,11.760812859782682,0.46623662845896874,-61.16906979254313,-0.3316247122628351
Okanagan,Okanagan,2003-05-01,-0.2132142857142858,-25.049285714285716,-38.08617873957181,3.1254992333872735,-0.808084204826244,-14.531036838889122,-1.3843885149274548
Okanagan,Okanagan,2003-06-01,-0.34985714285714287,-24.433214285714286,-14.53628414310515,-2.58030378193196,13.415837228032089,-1.5929429878931423,1.099694388253349
Okanagan,Okanagan,2003-07-01,-0.3687499999999999,-18.289999999999996,-3.948868505956071,-31.99032100695019,-5.701384336654357,-0.0020476875722660486,1.0219170706612708
Okanagan,Okanagan,2003-08-01,-0.3562142857142858,-9.358928571428573,-2.21911481639836,-17.568140555730288,-9.041611953372396,-0.00022832678249683016,1.004835946219309
Okanagan,Okanagan,2003-09-01,-0.3636785714285715,-5.3460714285714275,-1.8898796510516807,-15.163457584484213,-2.785961759010597,-0.04154696072739787,0.6030186244419635
Okanagan,Okanagan,2003-10-01,-0.367142857142857,-4.358928571428572,2.408742636492077,54.70156486262567,1.8019758489182465,-1.0329755800090163,1.94599369594029
Okanagan,Okanagan,2003-11-01,-0.3854642857142856,-1.8810714285714285,-2.3445062210417493,9.892340084271765,1.01924578692498,11.291357489036663,-2.6496004377092635
Okanagan,Okanagan,2003-12-01,-0.40722222222222215,-3.257777777777777,-1.8252048262015546,-30.05855866811342,-4.317187949372627,33.7911072290606,-0.31404735423900476
Okanagan,Okanagan,2004-01-01,-0.42867857142857124,-5.8707142857142856,-1.9017091227786818,4.089225000435746,-0.4739515110225696,4.683352208563264,-1.809246608189174
Okanagan,Okanagan,2004-02-01,-0.3853928571428571,-9.428214285714285,-1.9260073121196388,-19.672635439617025,-1.367061028239342,20.790299400687218,1.0303867885044644
Okanagan,Okanagan,2004-03-01,-0.33153571428571404,-13.241071428571427,-1.633653827801547,-11.024162243951913,2.063499708518586,6.877705587872441,1.4382967267717635
Okanagan,Okanagan,2004-04-01,-0.24371428571428577,-17.622500000000002,10.551289919281508,-17.029215440353646,14.74950953187155,-64.49231186083384,2.77601078578404
Okanagan,Okanagan,2004-05-01,-0.2252142857142858,-26.659285714285716,-16.79039516394758,33.2778084536715,4.772059332546107,-41.98138602077961,0.00437491280692015
Okanagan,Okanagan,2004-06-01,-0.20885714285714285,-26.683214285714286,-18.97188602015376,-12.833980228086673,7.494763038786388,-2.006837644396686,1.626153128487724
Okanagan,Okanagan,2004-07-01,-0.14474999999999993,-20.889999999999997,-3.7863807145705692,-5.242916307387141,0.8886090321799003,-0.0020476875722660486,0.6292168753487708
Okanagan,Okanagan,2004-08-01,-0.05421428571428577,-9.058928571428572,-0.19512059225235134,51.95351570416408,8.573306807582938,-0.00022832678249683016,0.40650830950055905
Okanagan,Okanagan,2004-09-01,0.0293214285714285,0.45392857142857324,1.505519311259766,41.62558484365166,9.836098262374954,0.1637755845708609,-2.2586146763392865
Okanagan,Okanagan,2004-10-01,0.04785714285714304,-0.34892857142857103,1.1045114598735903,-12.151126255048439,3.40400236642121,1.2461471292876274,0.3780005318777899
Okanagan,Okanagan,2004-11-01,0.07353571428571448,-3.1810714285714283,3.0136716564551786,-5.442526391042136,-2.413286752666213,-2.981702996683971,1.0808683122907365
Okanagan,Okanagan,2004-12-01,0.08877777777777784,10.122222222222224,5.596998721119705,4.209156393901338,-0.7784825844552223,-16.291222431593468,3.3435759367766202
Okanagan,Okanagan,2005-01-01,0.01732142857142871,10.959285714285715,9.362581668808291,-8.299559205105268,4.789016801286088,-39.71175184207303,-0.783855983189174
Okanagan,Okanagan,2005-02-01,0.002607142857142808,12.551785714285716,12.976068586015442,-31.261056624186622,1.8359804012756546,-92.44388528168201,2.4487522670200894
Okanagan,Okanagan,2005-03-01,0.007464285714285923,-2.731071428571429,21.687831872051383,-6.607971108418759,3.296036072632498,-159.2129281322871,2.4894747052873885
Okanagan,Okanagan,2005-04-01,0.06128571428571439,-2.7225,7.798026812711861,-7.659794854199781,25.56840914102005,-124.66498145035334,2.146402631487165
Okanagan,Okanagan,2005-05-01,0.10978571428571415,-18.489285714285714,-42.213612961599466,-0.5978348220066607,5.810015082326046,-47.677250346168876,1.6936144147600452
Okanagan,Okanagan,2005-06-01,0.03614285714285703,-18.593214285714282,-32.265986083075404,37.71726732208792,-2.2421795542218916,-2.005115732638618,-1.448828560965401
Okanagan,Okanagan,2005-07-01,0.047250000000000014,8.110000000000007,-7.258113028780954,-2.9193601980555925,13.248370665158816,-0.0020476875722660486,-1.5151007516043542
Okanagan,Okanagan,2005-08-01,-0.01721428571428585,-2.358928571428571,-1.9459356117295101,-4.109465665741091,4.036380759706461,-0.00022832678249683016,-0.05571092878069095
Okanagan,Okanagan,2005-09-01,-0.009678571428571647,-5.5460714285714285,-0.8492550218111976,1.878827014089829,3.6388054390304845,-0.062360019381709916,-1.9101649693080365
Okanagan,Okanagan,2005-10-01,-0.00014285714285700024,-0.44892857142857245,0.1466384502626692,16.993577854009345,-2.605113703923834,-1.715868236195612,0.3009741646902899
Okanagan,Okanagan,2005-11-01,-0.0014642857142856958,-1.5810714285714278,-1.1376029682911142,-15.085759306592607,-0.34717381432918515,9.146543951439007,-0.06357138497488835
Okanagan,Okanagan,2005-12-01,-0.03222222222222215,-2.7077777777777774,-0.4088594373401815,-22.60774035110242,0.2655288575355108,-17.236082711153557,0.17325733326099524
Okanagan,Okanagan,2006-01-01,0.02832142857142861,-6.0807142857142855,-0.6589068626843595,38.66758841156427,-0.7527096980732679,-6.528236770204131,3.013019016810826
Okanagan,Okanagan,2006-02-01,0.029607142857142943,6.351785714285716,-0.8923718222441881,11.176703768017305,1.236071758804818,20.980512723326683,-0.6473475864955356
Okanagan,Okanagan,2006-03-01,-0.026535714285714107,3.4689285714285703,-3.6958732557000733,-12.081194506858346,-1.5065491866802656,41.150629653462346,-0.036984034946986544
Okanagan,Okanagan,2006-04-01,-0.02671428571428569,-6.922499999999999,6.099692577013876,-3.6771440396218438,-4.2398283091772875,22.256198738302515,0.8353674752371649
Okanagan,Okanagan,2006-05-01,0.0387857142857142,4.1107142857142875,11.771093095636132,2.0919679643286884,5.527469042655341,-7.334882393479347,0.6838487897600452
Okanagan,Okanagan,2006-06-01,0.07214285714285706,27.206785714285715,0.5283707287162542,1.7448490585333474,3.363742060693241,-1.9864484416509676,1.020592825753349
Okanagan,Okanagan,2006-07-01,-0.016750000000000043,-7.389999999999997,1.527927678710384,-18.175718566843507,-5.959895268980674,-0.0020476875722660486,1.6694695608956458
Okanagan,Okanagan,2006-08-01,-0.010214285714285731,-7.258928571428573,0.06095434946473688,-9.457997020425474,-5.036345367053784,-0.00022832678249683016,-0.19349779401506595
Okanagan,Okanagan,2006-09-01,-0.009678571428571647,-0.2460714285714296,-0.6946324823989674,-9.34596276368081,-2.5958776573783595,0.04888432120558102,0.9323032924107135
Okanagan,Okanagan,2006-10-01,-0.04314285714285693,-2.298928571428572,-1.4581569765661175,-25.01505854888819,-0.7956634882637985,-1.2682947175822585,0.6833899361746649
Okanagan,Okanagan,2006-11-01,-0.05546428571428552,-1.6210714285714278,0.2479212603897647,60.960992039846516,2.837848109525762,12.016492696212872,-1.8345674787248885
Okanagan,Okanagan,2006-12-01,-0.05922222222222229,-2.9477777777777776,-2.226056103137564,-1.5097700395724871,-2.7766309482373153,41.045804611510704,-0.43007518627025476
Okanagan,Okanagan,2007-01-01,-0.07367857142857126,-5.970714285714285,-2.422918184622956,-6.768558956017458,-1.2422954854367347,55.04249701542514,-3.030560084751674
Okanagan,Okanagan,2007-02-01,-0.048392857142857126,-7.448214285714285,-2.6528534461769073,-2.365600978789317,0.42074075424482427,40.99084995687008,1.1393955775669644
Okanagan,Okanagan,2007-03-01,-0.01953571428571399,-1.5310714285714297,-0.9049921968003876,-0.47513558612471485,2.1793256486749417,33.253818883427556,0.6337923322405135
Okanagan,Okanagan,2007-04-01,-0.007714285714285785,-3.2225,0.1177203687672872,-19.981632566279067,3.406601276115648,-18.275525953088476,0.3217871529715399
Okanagan,Okanagan,2007-05-01,-0.12221428571428583,-16.589285714285715,-9.099565007740495,-40.117363389331985,6.8041085656399645,-18.39698664844036,0.9948839460100452
Okanagan,Okanagan,2007-06-01,-0.23785714285714277,-25.233214285714283,-14.712408883497119,17.218652563834823,-6.198214333770537,-1.9324245600480516,-0.315741402762276
Okanagan,Okanagan,2007-07-01,-0.10975000000000001,-20.789999999999996,-3.8411435879035167,-0.3186821881432209,0.1314742798318349,-0.0020476875722660486,1.2074639456612708
Okanagan,Okanagan,2007-08-01,-0.021214285714285852,-9.858928571428573,-1.8020714196609333,-8.23381069078875,-2.527643144795931,-0.00022832678249683016,-1.456193106515066
Okanagan,Okanagan,2007-09-01,-0.020678571428571546,2.053928571428571,-1.3776563095494314,-12.527778609572643,-6.384284850875183,0.04033657713214163,-1.1611415318080365
Okanagan,Okanagan,2007-10-01,-0.018142857142857016,-1.0589285714285719,-1.1689300070949162,-7.548930094344541,-1.6318831268498428,-0.3374821584917038,-0.7283227103097101
Okanagan,Okanagan,2007-11-01,-0.02146428571428549,-2.521071428571428,-2.213831477482538,-35.36755169209626,3.9653136211979607,-12.338723255587475,0.13088662283761165
Okanagan,Okanagan,2007-12-01,-0.03022222222222215,-3.4077777777777776,-0.9298429444984162,23.142635369569888,-0.14544531370995983,-13.049187966518929,-0.06835033275462976
Okanagan,Okanagan,2008-01-01,-0.022678571428571326,-6.650714285714285,-2.3319235598527097,-18.34720486242857,-1.322294150096532,-20.76873263078076,-3.215405055454799
Okanagan,Okanagan,2008-02-01,-0.0023928571428570855,-9.478214285714285,-2.1890096057696997,-15.684301578273462,-2.4523013457188165,-25.87018348276615,0.7958286830357144
Okanagan,Okanagan,2008-03-01,0.043464285714285955,-11.041071428571428,-6.294598864250085,-16.43582545304006,-0.19128658147695,-35.70228801774127,-0.40145547049386154
Okanagan,Okanagan,2008-04-01,-0.0237142857142858,-9.9225,-24.65648398875991,-8.235446501722826,-13.136631792544254,-2.9451368110520377,-2.09685298374721
Okanagan,Okanagan,2008-05-01,-0.16221428571428564,-17.989285714285714,-41.036419597470996,-6.091091085441548,-0.2311694510613762,-3.232186660170555,0.5982164655412952
Okanagan,Okanagan,2008-06-01,0.026142857142857245,-7.593214285714282,-19.301612628623843,-16.25219717555281,3.3855140541813142,-1.8957522493772139,-0.800787789481026
Okanagan,Okanagan,2008-07-01,0.03925000000000001,-15.389999999999997,-2.742327770517605,-18.134290486549226,-10.854792843539528,-0.0020476875722660486,0.0221001761300208
Okanagan,Okanagan,2008-08-01,0.11678571428571427,-5.558928571428574,-0.2722891658777371,37.71127827037292,9.934588884269559,8.07343248762241e-05,-1.073777335030691
Okanagan,Okanagan,2008-09-01,0.07532142857142854,7.853928571428572,-0.9364329265996023,-28.767354534855777,-0.2894712711817462,-0.0627927048922418,-0.21054949079241148
Okanagan,Okanagan,2008-10-01,0.013857142857143012,0.651071428571429,-1.1539486648481603,-30.812160432105884,0.6852491850232951,-1.7478692947666525,0.19724491664341492
Okanagan,Okanagan,2008-11-01,-0.017464285714285488,-2.5910714285714285,-1.2934819200641616,-18.73364738587823,-0.5555915829193374,-14.745841468019144,1.9328275408063615
Okanagan,Okanagan,2008-12-01,-0.036222222222222156,-2.477777777777777,-1.8085877613716388,-4.918460721253524,7.047877969280645,-45.814734780126145,-3.3261628327546298
Okanagan,Okanagan,2009-01-01,-0.05267857142857135,-4.810714285714285,-2.119898094991056,-21.596560105016195,-1.3083364314036956,-47.5432135696922,-0.591473170689174
Okanagan,Okanagan,2009-02-01,-0.05239285714285713,-9.088214285714285,-2.3946659738222866,-14.949167342690217,-0.3396394244451324,-79.139219596982,1.4034336635044644
Okanagan,Okanagan,2009-03-01,-0.02153571428571399,-13.191071428571428,-5.855141647251523,-2.183945105311331,-2.1424185220634424,-67.66594933079821,-2.3583951677594865
Okanagan,Okanagan,2009-04-01,-0.03571428571428559,-15.7625,-19.576481395883356,-15.764082407778396,-6.087922707333096,-49.38191601208277,-0.4916894095284601
Okanagan,Okanagan,2009-05-01,-0.24821428571428572,-24.969285714285714,-67.04252844584906,-12.701431291394073,11.50448056120824,-20.508941262960434,0.08610098702567015
Okanagan,Okanagan,2009-06-01,-0.36685714285714277,-24.773214285714282,-34.640938974916935,-37.90857278675374,-6.019337535170578,-1.9027017056694184,1.759759085518974
Okanagan,Okanagan,2009-07-01,-0.3447499999999999,-22.169999999999995,-10.301139866766917,-11.720078200076905,-16.24023757592242,-0.0020476875722660486,1.9385125296456458
Okanagan,Okanagan,2009-08-01,-0.2322142857142857,-12.608928571428573,-4.659424346755259,-4.19796610679311,-4.3648131291515,0.0013434698054989472,0.619673592703684
Okanagan,Okanagan,2009-09-01,-0.16367857142857156,-8.326071428571428,-2.983059686292629,-6.693118349565857,6.858762436812476,-0.05508383712233515,1.3257664271763385
Okanagan,Okanagan,2009-10-01,-0.19714285714285684,-1.0289285714285725,-1.6266382070690657,28.490190423326567,-0.10751238109411076,1.0689844298862488,-1.62346431187221
Okanagan,Okanagan,2009-11-01,-0.21146428571428566,-1.0810714285714278,-2.6621327664802923,-8.086730459971093,-0.22999655422089305,6.626945720719441,0.8318448747907367
Okanagan,Okanagan,2009-12-01,-0.26022222222222213,-2.8177777777777777,-2.781277458308507,-36.513457411072324,6.974549238630399,-10.738308437996437,-1.6370148835358798
Okanagan,Okanagan,2010-01-01,-0.2486785714285713,-6.240714285714286,-2.331840104618875,-10.653938715612256,-2.0434007592251398,-27.626850509217803,3.548755100795201
Okanagan,Okanagan,2010-02-01,-0.19539285714285715,-10.008214285714285,-1.4197806111561864,-14.672930082139956,-1.3048326877001921,-50.58133043348789,4.037131173270089
Okanagan,Okanagan,2010-03-01,-0.1305357142857142,-13.071071428571429,-0.2885241732916004,-8.837703686107751,4.021889998901836,-88.13510821866137,2.3055757795061385
Okanagan,Okanagan,2010-04-01,-0.12471428571428578,-16.9525,-12.400976816674564,-4.174414415112032,15.296917658166162,-76.79875620773859,0.9750159127371649
Okanagan,Okanagan,2010-05-01,-0.18321428571428577,-26.119285714285716,-47.06142915321314,23.823826338879627,1.5517230536456026,-20.18425054848194,-1.6372266496930798
Okanagan,Okanagan,2010-06-01,-0.022857142857142687,-17.593214285714282,-11.17671956308186,8.194297468954957,6.077676579090095,-1.6066917829200555,-1.208105904715401
Okanagan,Okanagan,2010-07-01,0.05025000000000013,-13.489999999999995,-0.9294527325047426,-5.801252572772292,7.3059393866320335,-0.0020476875722660486,-0.2754462105887292
Okanagan,Okanagan,2010-08-01,0.07878571428571424,-3.758928571428573,-0.19049581896979362,2.1200732704268646,2.205930500557386,-0.00016651455960113384,-0.941727774483816
Okanagan,Okanagan,2010-09-01,0.08232142857142843,-3.446071428571429,0.7974353398562268,31.88463989187897,1.117892180835561,-0.06295165068743407,-1.9528590611049115
Okanagan,Okanagan,2010-10-01,0.09885714285714298,1.5510714285714275,-0.7956081306994225,-39.225602842634544,1.4222211528769009,-1.6101251725818395,1.69861820765904
Okanagan,Okanagan,2010-11-01,0.06753571428571448,-1.1210714285714278,-1.0842050063989266,-12.739189634365701,9.359106729139707,-7.738021401954548,-1.4013399396623885
Okanagan,Okanagan,2010-12-01,0.034777777777777796,-1.4277777777777771,-1.4449268432885969,-5.992678446798692,-4.40220266830659,-5.31658799284034,0.36191700122974524
Okanagan,Okanagan,2011-01-01,0.025321428571428717,-4.990714285714286,-1.4530749878239089,2.729877280736602,-0.31235917174064554,-11.178695463708465,-0.23972756522042404
Okanagan,Okanagan,2011-02-01,0.04960714285714296,-9.148214285714285,-2.1441545203353076,10.402261549773229,0.3860411885138353,-4.087487235665321,-2.9826747349330356
Okanagan,Okanagan,2011-03-01,0.07846428571428588,-11.971071428571427,-4.3044928783534235,21.413903729158584,-2.9243146678449445,32.28983296347516,-0.6915860857282365
Okanagan,Okanagan,2011-04-01,0.05628571428571427,-6.522500000000001,-26.91769882013822,22.31162428090881,-4.040094541518815,98.88464531728201,-2.66032954624721
Okanagan,Okanagan,2011-05-01,-0.15921428571428575,8.710714285714282,20.75024109425223,28.660476671315593,-19.888747537541875,89.50058184564114,-2.006458827427455
Okanagan,Okanagan,2011-06-01,0.1071428571428572,15.206785714285715,66.4271938148886,-14.737639659350478,-0.8902134972491496,6.726973419451721,-1.243170601981026
Okanagan,Okanagan,2011-07-01,0.08225000000000016,25.510000000000005,12.038335765412612,4.863857157553348,-6.690230515752248,-0.0020123663010248754,-2.620966230119979
Okanagan,Okanagan,2011-08-01,-0.005214285714285838,-1.258928571428573,3.4955080336658284,-27.82553312447687,-12.466535354698337,-0.00022832678249683016,0.38835035051618405
Okanagan,Okanagan,2011-09-01,0.006321428571428367,-5.646071428571428,0.6111065054678217,-33.381215045145446,-9.747010106886073,-0.06508858750160178,2.4962681361607135
Okanagan,Okanagan,2011-10-01,0.025857142857143023,-0.9189285714285713,-0.0032218875795866353,0.45331710134632885,2.501144851391601,-1.768956096774283,0.4271338326590399
Okanagan,Okanagan,2011-11-01,-0.02846428571428561,-1.7210714285714284,-1.8474322964071437,-6.417537307632827,3.345105173398874,3.496774272727116,-0.6761507306780133
Okanagan,Okanagan,2011-12-01,-0.07222222222222219,-2.977777777777777,-2.1492294704162145,-37.4723571456141,-1.6837039125945275,-9.659523972206642,2.7671904387297452
Okanagan,Okanagan,2012-01-01,-0.10367857142857129,-5.5807142857142855,-2.793729186253456,-4.626915407633149,4.693527322732443,-29.651523434690063,-0.10651833670479904
Okanagan,Okanagan,2012-02-01,-0.08539285714285705,-9.468214285714286,-3.0299927992538347,9.566535046490444,0.679397031100442,-27.392039075493813,-0.4689113071986606
Okanagan,Okanagan,2012-03-01,-0.012535714285714095,-13.30107142857143,-5.734871377561442,45.5716406452536,-0.9229471875836932,11.616975202092107,-0.5994840349469865
Okanagan,Okanagan,2012-04-01,0.024285714285714244,-13.1525,8.683243099117782,28.616310238638626,-9.002815100497433,39.888385151113795,0.7529394967215399
Okanagan,Okanagan,2012-05-01,0.04678571428571421,11.510714285714286,-5.388443385267493,-23.118593266450006,7.172466434505097,-2.1357256919145584,-0.49474007742745485
Okanagan,Okanagan,2012-06-01,0.07914285714285718,16.206785714285715,15.165024669840932,71.15858831509415,-2.638748348025345,-0.6200627336263587,-1.952154976981026
Okanagan,Okanagan,2012-07-01,0.19925000000000015,35.81000000000001,10.347985641731483,10.817234153884264,15.60697977713842,-0.0006083458135971603,0.4544121878487708
Okanagan,Okanagan,2012-08-01,0.08578571428571413,9.14107142857143,4.775536290253513,-22.943892752144684,-0.12535221009913755,-0.00022832678249683016,1.007277352469309
Okanagan,Okanagan,2012-09-01,0.03432142857142839,-0.7460714285714296,1.6059598315873043,-44.50104680602505,-12.828113893712207,-0.06534466670566579,2.1225498744419635
Okanagan,Okanagan,2012-10-01,0.013857142857143012,-0.5489285714285721,1.3974050463210528,27.634064230369404,-6.598875196816934,2.441842613344696,0.5060522896902899
Okanagan,Okanagan,2012-11-01,0.05753571428571447,-2.831071428571428,1.380061429309924,7.527190526681281,-1.3590912983220598,-5.0313353671559256,1.3029447283063615
Okanagan,Okanagan,2012-12-01,0.08777777777777773,-3.647777777777777,2.265957495654691,35.64912664134883,-0.17119553888699457,15.11812686092324,1.2886748137297452
Okanagan,Okanagan,2013-01-01,0.07632142857142865,3.9592857142857145,2.5153079940147496,-4.360818620105945,1.1749664723799285,23.843950725027497,-0.833080836704799
Okanagan,Okanagan,2013-02-01,0.00360714285714292,7.6517857142857135,1.5883435745698602,-12.0942408310449,0.9166240411754449,17.34386943280697,1.7339085170200894
Okanagan,Okanagan,2013-03-01,-0.04053571428571412,5.46892857142857,0.13241049288938278,-3.354238300484475,3.3530950926693297,22.186041011341985,0.38986533028738846
Okanagan,Okanagan,2013-04-01,0.03328571428571436,-2.3225000000000016,16.86261853527477,29.523455679217086,-3.600392124748655,-2.3911414401871696,-0.2570092337472101
Okanagan,Okanagan,2013-05-01,0.1637857142857142,15.910714285714285,44.82031121941483,20.02700837121145,4.417783293839804,-17.498845234513283,1.3750719342912952
Okanagan,Okanagan,2013-06-01,0.10114285714285742,27.706785714285715,2.296679886057973,38.51050968348447,-2.2760633977928393,-1.9109403961672378,-0.309668404715401
Okanagan,Okanagan,2013-07-01,0.07224999999999993,20.310000000000002,5.326784660740358,-24.79808985974939,13.59768089189727,-0.0020476875722660486,0.8168389456612708
Okanagan,Okanagan,2013-08-01,0.003785714285714281,-3.758928571428573,3.516056967782788,19.440623317288036,1.0031718660944335,-0.00022832678249683016,0.534437997000559
Okanagan,Okanagan,2013-09-01,0.07632142857142843,3.9539285714285732,4.523395608495255,59.578888020561344,13.112214011406259,-0.013643155778960844,0.8582981654575885
Okanagan,Okanagan,2013-10-01,0.06885714285714317,0.651071428571429,0.9970301408819591,-48.12892296467908,0.6410476843094699,-1.3559179691843122,-0.16417476109096008
Okanagan,Okanagan,2013-11-01,0.0895357142857145,-0.9210714285714285,1.369759546443154,3.3555662126413353,-0.7704931028586408,9.21972914199744,0.28429848807198665
Okanagan,Okanagan,2013-12-01,0.06577777777777771,-1.2177777777777772,0.9874079755886829,-29.91558947703905,2.367703042519107,-5.693341501884987,-0.47127391673900476
Okanagan,Okanagan,2014-01-01,0.07232142857142865,-4.3307142857142855,0.6745354502137548,-16.04678164169725,-0.8114029745878,-25.450267695954864,1.657061985560826
Okanagan,Okanagan,2014-02-01,0.07460714285714287,0.6517857142857153,-0.1383031002270787,6.575098531487001,-0.5464329373613248,-33.01391936838627,-4.382577078683036
Okanagan,Okanagan,2014-03-01,0.020464285714285824,4.368928571428572,-2.4999805058801687,13.659643986362163,-1.8211032407374912,-10.300502048007075,-0.35631997244698654
Okanagan,Okanagan,2014-04-01,-0.03771428571428559,-4.622499999999999,-2.287484208604191,9.049295123466955,0.3927308301042238,-6.6127447145325675,0.033029828752789925
Okanagan,Okanagan,2014-05-01,-0.07621428571428579,17.510714285714286,7.704280755465987,6.272329946763676,3.291078090634457,-2.328174188733101,0.5610155378069202
Okanagan,Okanagan,2014-06-01,-0.10985714285714288,-14.893214285714283,-0.9215797763317823,-5.162914832388722,1.3400921930691965,-1.7203115072086383,-0.318274361746651
Okanagan,Okanagan,2014-07-01,0.003249999999999975,-15.689999999999998,-0.23119316652550026,2.899037656399223,0.7780258851458512,-0.0020476875722660486,1.6287285940987708
Okanagan,Okanagan,2014-08-01,0.06678571428571423,-1.0589285714285737,-0.1641329872654751,18.259914908932323,7.594305639421307,-0.00022832678249683016,1.078657967703684
Okanagan,Okanagan,2014-09-01,0.09532142857142833,-5.3460714285714275,-0.0007270240790351323,7.145403786645538,3.5677338850551408,-0.06510624812656422,0.19264875139508852
Okanagan,Okanagan,2014-10-01,0.11685714285714299,1.651071428571429,0.6121282869051878,13.539256557123736,0.17772587930916472,-1.7585981308262228,2.342264447893415
Okanagan,Okanagan,2014-11-01,0.08053571428571438,-0.10107142857142826,0.03437918037109533,-0.6431184842118256,8.00399571224781,-12.230057468903915,-0.6101412091936383
Okanagan,Okanagan,2014-12-01,0.09077777777777785,-1.437777777777777,2.3231238797220772,-6.102409899338255,-3.7160734333425616,-15.912814893656304,1.2288298430266202
Okanagan,Okanagan,2015-01-01,0.1403214285714287,-1.9607142857142854,2.8524057878322697,5.166517487461007,0.02549806470477023,-8.828812145761077,1.664477757045201
Okanagan,Okanagan,2015-02-01,0.21060714285714277,4.751785714285715,6.077746676185468,1.8654854876721032,0.9916215854640802,-35.19243933260441,4.458731515066964
Okanagan,Okanagan,2015-03-01,0.29446428571428584,-0.43107142857142833,32.13483924316409,-8.210452344168779,3.010008370828084,-117.13550226496798,3.9727815900530135
Okanagan,Okanagan,2015-04-01,0.4862857142857142,-4.822500000000002,29.97045873988619,-21.8390064297377,26.05320095816361,-137.1782241123063,1.62873295375279
Okanagan,Okanagan,2015-05-01,0.2897857142857141,0.2107142857142854,-46.3223459934982,-11.609724957712132,1.9993462524975456,-45.426216907799244,2.73893301827567
Okanagan,Okanagan,2015-06-01,-0.055857142857142605,0.40678571428571786,-33.592579420655966,-12.283118059193455,2.310702610494829,-2.010987893787064,3.699608939034599
Okanagan,Okanagan,2015-07-01,-0.17575000000000007,-18.489999999999995,-11.569186658432173,-4.805578402218607,-6.95268233955305,-0.0020476875722660486,1.6636101858956458
Okanagan,Okanagan,2015-08-01,-0.12121428571428572,-11.358928571428573,-5.421289431978948,7.076004138590569,2.30456105366882,-0.00022832678249683016,0.762373788016184
Okanagan,Okanagan,2015-09-01,-0.09067857142857161,-7.776071428571429,-3.1059427523619636,0.5292463070613209,4.906966434126453,-0.0604438404648379,-1.8349696568080365
Okanagan,Okanagan,2015-10-01,-0.07514285714285696,-2.2889285714285723,-2.7327286141891296,-14.636392443208024,-3.74673799628259,-2.0007519319083906,2.67243412562779
Okanagan,Okanagan,2015-11-01,-0.06946428571428553,-1.0010714285714277,-2.391182071213345,20.626163376229144,5.807313677256129,8.42891334156905,-0.48474448067801335
Okanagan,Okanagan,2015-12-01,-0.0752222222222223,-2.5777777777777775,-2.46788591310313,19.26617674891733,-0.3983291077289586,22.14077591068215,1.0259795012297452
Okanagan,Okanagan,2016-01-01,-0.05067857142857135,-5.310714285714285,-2.586845917124135,-1.9549548991822832,-0.9084817114592809,14.947748876043732,0.867114475795201
Okanagan,Okanagan,2016-02-01,0.033607142857142946,-7.178214285714285,-1.2403090757808446,2.1781227925592788,0.27543855646529547,17.95678399503231,3.1127232142857144
Okanagan,Okanagan,2016-03-01,0.10346428571428601,3.9689285714285703,6.087392536366158,34.19930329463178,3.025319925135202,8.381962909230168,2.2962984357561385
Okanagan,Okanagan,2016-04-01,0.3162857142857143,14.177499999999998,46.289395572135355,-31.150310741005732,21.516237424553506,-69.66177054813929,5.38605717250279
Okanagan,Okanagan,2016-05-01,0.3817857142857142,27.610714285714288,-15.383200979808208,0.2158943077249944,3.687606837567202,-47.66723676584661,1.7197069440569202
Okanagan,Okanagan,2016-06-01,0.0941428571428573,-6.593214285714282,-31.83333668857813,-8.08855527014073,5.436691488804556,-1.9792958824589313,1.048913138253349
Okanagan,Okanagan,2016-07-01,0.08225000000000016,7.710000000000001,-7.866044258532511,45.768838241721305,10.127762037362643,-0.0020476875722660486,-1.5969488961356042
Okanagan,Okanagan,2016-08-01,0.08778571428571413,-2.858928571428571,-3.015122565557249,-7.030750715265249,3.7219755717420213,-0.00022832678249683016,0.530043465750559
Okanagan,Okanagan,2016-09-01,0.09032142857142844,0.3539285714285718,-1.3515300919867261,-1.9060597800749477,5.5609574441664975,-0.06547712147814926,-1.2935573032924115
Okanagan,Okanagan,2016-10-01,0.126857142857143,1.8510714285714283,2.1208283952936267,65.48922837828286,0.07912058832256719,-0.651594212675783,-0.12834712437221008
Okanagan,Okanagan,2016-11-01,0.19853571428571448,10.318928571428572,2.6717380283766285,-10.063909659428262,-0.8421496438261649,-12.969005121184246,2.9443631853376115
Okanagan,Okanagan,2016-12-01,0.14477777777777767,7.722222222222222,4.792115846174527,-13.118452612414131,7.3583350480206455,-14.76172999375396,-3.5006623444733798
Okanagan,Okanagan,2017-01-01,0.07432142857142865,0.5592857142857142,4.540864861025641,-33.70664172273662,-0.7762612161707878,-36.23375376420361,-4.815594264439174
Okanagan,Okanagan,2017-02-01,0.08460714285714288,-3.0482142857142858,3.080572399215141,15.940455990078462,-0.7862477145213882,-32.82160498201847,-2.8969508579799106
Okanagan,Okanagan,2017-03-01,0.14646428571428594,-4.331071428571429,2.5320299578847223,59.016345580208245,-3.467485538359531,-2.3253260712538406,-0.7670865740094865
Okanagan,Okanagan,2017-04-01,0.3012857142857144,3.6774999999999984,22.45231069017401,49.33017227033685,-10.425463302194007,36.02542302438192,-1.11101313999721
Okanagan,Okanagan,2017-05-01,0.6587857142857143,32.510714285714286,94.85991785394228,13.627866746641558,1.1526969652290262,23.20787124335766,0.6459764753069202
Okanagan,Okanagan,2017-06-01,0.802142857142857,44.20678571428572,9.087187936529517,-40.74629404515561,-9.267904762444758,-1.7975591122856294,0.976555960518974
Okanagan,Okanagan,2017-07-01,0.4132500000000001,42.21,-3.1356951429708175,-33.9351401229838,-25.55532491948854,-0.0020476875722660486,1.7163445608956458
Okanagan,Okanagan,2017-08-01,0.10678571428571426,26.841071428571425,-3.0217701132642105,-31.47631796621551,-19.562529084006584,-0.00022832678249683016,3.038344247000559
Okanagan,Okanagan,2017-09-01,-0.004678571428571532,1.6539285714285725,-2.7728729868873163,-29.011367452247733,-9.39544864065413,-0.044699383960075265,1.6800755092075885
Okanagan,Okanagan,2017-10-01,-0.03214285714285703,-0.5489285714285721,-2.2951362833347435,-1.9779747526627034,-0.012118988836718358,-0.22111619676122363,-0.5431725638253351
Okanagan,Okanagan,2017-11-01,-0.04146428571428551,-0.011071428571428399,-2.093535450902502,27.33624706576977,-2.5363121364664813,18.448992432760342,-0.8246797834123883
Okanagan,Okanagan,2017-12-01,-0.04122222222222227,-1.097777777777777,-3.4483428112084606,5.895764114231696,2.351715726372614,7.2347047842211225,-0.11589671947337976
Okanagan,Okanagan,2018-01-01,-0.025678571428571217,-0.7107142857142854,-3.642086373604668,27.48527998171214,-1.8833226080199168,27.9306388859238,1.061450413295201
Okanagan,Okanagan,2018-02-01,-0.021392857142857213,4.751785714285715,-3.5576087055752783,27.944665672423852,1.7216297633889814,78.07165943086147,-2.8111964634486606
Okanagan,Okanagan,2018-03-01,-0.04353571428571401,13.96892857142857,-7.196376874552309,6.282222968625966,1.9787001687551058,110.24490012122052,-0.5966764177594865
Okanagan,Okanagan,2018-04-01,-0.1827142857142856,36.477500000000006,-9.334932515879963,43.79242346788357,-11.147155642642506,162.9936429006713,-0.4504601614815851
Okanagan,Okanagan,2018-05-01,0.24278571428571438,20.410714285714285,120.94831626953757,-27.346451652452487,0.12206001390170229,14.512469992041588,3.51072256905692
Okanagan,Okanagan,2018-06-01,0.2151428571428573,33.106785714285714,-7.304063765332103,-4.770956085329615,-3.9996062072792284,-1.9845499223927199,-0.031439644949776024
Okanagan,Okanagan,2018-07-01,-0.03374999999999995,15.110000000000007,-4.007146423516261,-15.175263822519419,-8.760966888595632,-0.001994705665404289,0.9069573538643958
Okanagan,Okanagan,2018-08-01,-0.058214285714285774,-11.558928571428572,-2.4954319378593937,-6.846185631210183,-5.734366747284568,-0.00022832678249683016,0.845656258719309
Okanagan,Okanagan,2018-09-01,0.023321428571428493,-6.5460714285714285,-0.5757963039546414,35.69751875017703,1.523911570464925,-0.04816969923788454,-1.7734462193080365
Okanagan,Okanagan,2018-10-01,0.06585714285714306,4.451071428571428,-1.0585552725907679,-4.868373245699331,-1.2082372933426626,-1.1347273443139523,-0.20265742710658508
Okanagan,Okanagan,2018-11-01,0.10953571428571451,0.8189285714285717,1.2002774643146292,0.19463178302559925,-0.594942872079887,-10.782679742468254,1.4317594255719865
Okanagan,Okanagan,2018-12-01,0.11277777777777787,-0.30777777777777704,1.0554668465542978,-3.351479988648663,1.5896828284625109,-25.71659804218345,2.2508940520109952
Okanagan,Okanagan,2019-01-01,0.1213214285714288,0.7592857142857152,1.4026169545624203,-18.014766126205885,2.546562939304458,-26.036367618611877,3.536944798060826
Okanagan,Okanagan,2019-02-01,0.08460714285714288,-1.6482142857142854,0.7909853494701178,-13.556122509596335,2.1527535933013757,-38.05691935122013,-6.703377859933036
Okanagan,Okanagan,2019-03-01,0.06546428571428597,-3.031071428571428,3.5004336646774643,-35.564156610884574,-4.677841305757672,-61.28713475274188,-0.8875699724469865
Okanagan,Okanagan,2019-04-01,0.10828571428571432,-7.422499999999999,0.6004062327389974,10.150537501821027,8.921030925453774,-102.81171330383845,0.6894629342215399
Okanagan,Okanagan,2019-05-01,0.0027857142857141692,-20.209285714285713,-45.04154182879054,-27.561118362687665,2.2752375267113365,-40.25054723024368,2.57584708077567
Okanagan,Okanagan,2019-06-01,-0.21685714285714286,-21.803214285714283,-32.90836466476321,-16.169460806330406,-6.403480157522225,-2.0062725039431406,0.782525198800224
Okanagan,Okanagan,2019-07-01,-0.17274999999999996,-20.889999999999997,-8.386821157598334,34.238107368374976,5.768710219334551,-0.0020476875722660486,-1.5465643746512292
Okanagan,Okanagan,2019-08-01,-0.060214285714285776,-10.858928571428573,-3.471693067695014,-6.342148498723482,-4.988477249363697,-0.00022832678249683016,0.530043465750559
Okanagan,Okanagan,2019-09-01,0.03932142857142851,-6.3460714285714275,-0.6156915437064274,57.20557309229792,5.805045449441032,0.6650638893747539,-0.9070521763392865
Okanagan,Okanagan,2019-10-01,0.07385714285714307,-0.768928571428571,-0.13209751965145422,-14.049343968508765,3.0556990158012383,1.5414858158432514,-2.219442095075335
Okanagan,Okanagan,2019-11-01,0.06653571428571436,1.3689285714285715,0.8235737810277239,-38.70460387718465,-1.5935558310177704,-14.996878536684171,0.7437711443219867
Okanagan,Okanagan,2019-12-01,0.05877777777777782,1.8322222222222235,2.5057870866644567,9.827792191774478,-1.2827488805029397,-38.68560389512115,2.4726652922453702
Okanagan,Okanagan,2020-01-01,0.07632142857142865,5.559285714285716,2.5356205468207396,44.43659159421388,2.1727538647871185,-7.918246888688628,0.767413548060826
Okanagan,Okanagan,2020-02-01,0.044607142857142845,13.451785714285714,3.510850442710632,17.90375079976262,-1.0664877922213885,18.317943438887596,2.8143833705357144
Okanagan,Okanagan,2020-03-01,-0.06053571428571414,13.96892857142857,-0.5252384029777861,-15.636528214339968,0.210954112325064,21.46111442042249,0.33478110177176346
Okanagan,Okanagan,2020-04-01,-0.19371428571428573,9.7775,-1.1186487660909634,-22.735702431028976,-12.198150257713028,30.596125338758753,0.041025434221539925
Okanagan,Okanagan,2020-05-01,0.052785714285714214,10.010714285714286,37.3854224765507,31.1281315495892,0.32350019734751356,-14.879243448376656,0.30955069405692015
Okanagan,Okanagan,2020-06-01,0.30414285714285727,39.40678571428571,4.866250092163682,19.776348407114185,1.9554845390043027,-1.901306518969026,-0.961035592215401
Okanagan,Okanagan,2020-07-01,0.2822499999999999,36.81000000000001,6.46735155273096,3.1658273479219403,7.0736794108857595,-0.001517868482332168,-1.2679388863699792
Okanagan,Okanagan,2020-08-01,0.11178571428571416,22.041071428571428,3.5498919751262292,-17.05286177769137,-0.18152795798543764,-0.00022832678249683016,-0.03218187604631595
Okanagan,Okanagan,2020-09-01,0.038321428571428395,0.6539285714285725,1.322949236574848,-17.13856575536608,-10.54470186188285,-0.0627927048922418,2.6450108119419635
Okanagan,Okanagan,2020-10-01,0.05785714285714305,2.2510714285714286,1.482749526206005,26.163057918893173,1.6647989021813743,6.624905431246069,0.4474585396902899
Okanagan,Okanagan,2020-11-01,0.03553571428571445,5.718928571428571,-0.4485756029940351,-10.863110156995916,-1.7085328415435335,7.6330087945929606,0.45489174979073665
Okanagan,Okanagan,2020-12-01,0.00377777777777788,3.7222222222222223,-0.0703893688127959,17.110364757374754,-1.3915681898921584,7.230316392249534,2.7950224699797452
Okanagan,Okanagan,2021-01-01,0.009321428571428703,-0.04071428571428548,-0.23323464587779874,4.227964590037502,2.6099519260503072,30.493668413587983,1.833697727748326
Okanagan,Okanagan,2021-02-01,0.00360714285714292,1.5517857142857157,-0.5540011432978122,14.15942077541591,2.5366779951322576,43.845122680068016,-2.2577907017299106
Okanagan,Okanagan,2021-03-01,-0.034535714285714114,-2.1310714285714276,-3.1540836820827938,-34.81190827525487,7.454476846240661,32.755702867039616,1.4200472150530135
Okanagan,Okanagan,2021-04-01,-0.08671428571428574,0.3775000000000013,-8.37696829486439,-30.91335259211649,7.232468591869942,14.866414879049586,1.58088139125279
Okanagan,Okanagan,2021-05-01,-0.13121428571428573,-2.389285714285716,-21.29397520703995,-28.314622586809236,5.5516629404987015,-16.18172414600849,0.32007925851004515
Okanagan,Okanagan,2021-06-01,-0.32585714285714285,-13.193214285714284,-14.924558345228434,-42.943019735892975,-8.14529551592257,-1.8890765291623701,4.418755667550224
Okanagan,Okanagan,2021-07-01,-0.38375000000000004,-19.389999999999997,-6.674859286119627,-28.05271766867788,-18.10168807112079,-0.0020476875722660486,4.134893144880021
Okanagan,Okanagan,2021-08-01,-0.3422142857142858,-10.458928571428572,-3.657502311398275,4.520617509634967,-1.8094120646959908,-0.00022832678249683016,0.32643018450055905
Okanagan,Okanagan,2021-09-01,-0.29467857142857157,-5.646071428571428,-2.2244310925348802,12.598725869403488,-3.0662735558248,-0.06479718699076946,-0.3920070103236615
Okanagan,Okanagan,2021-10-01,-0.2811428571428569,-1.3989285714285717,-1.4936773285236473,13.917315081926063,0.0699287837570779,-0.20789723696777518,-0.22600337437221008
Okanagan,Okanagan,2021-11-01,-0.24446428571428558,-2.0110714285714284,6.182947825956424,49.66021681736622,-1.3904588247117182,-4.261878518653766,1.1094938005719865
Okanagan,Okanagan,2021-12-01,-0.2052222222222222,-2.187777777777777,8.957909702547584,25.149371953577628,6.332216408164069,-13.228225418263008,-3.3696198640046298
Okanagan,Okanagan,2022-01-01,-0.20367857142857138,-4.820714285714286,10.039796080361286,-11.916799553936087,-1.0253674203079939,-1.2939356799636528,-1.291973658970424
Okanagan,Okanagan,2022-02-01,-0.17039285714285723,-8.928214285714285,7.479440934860447,-18.552260203120696,2.6446915067676207,-20.855853334069252,-0.2701808384486606
Okanagan,Okanagan,2022-03-01,-0.09653571428571417,-12.55107142857143,11.651503646654808,-0.9647300009549227,-1.8022766422031307,-33.493280277720515,1.2180818830217635
Okanagan,Okanagan,2022-04-01,-0.0257142857142858,-15.8325,1.9305583867078084,-6.4691804332791705,4.3988719283204,-44.52314653566904,-1.69402095249721
Okanagan,Okanagan,2022-05-01,-0.08121428571428568,-18.389285714285716,-15.819593359732863,15.517726305655998,-5.10185147452701,5.0719063729047775,-2.36702401297433
Okanagan,Okanagan,2022-06-01,0.09614285714285709,18.906785714285718,33.1901537720114,40.08846581980053,2.201828673215843,0.9889094712227653,-1.008002144949776
Okanagan,Okanagan,2022-07-01,0.18524999999999991,32.71,11.336510630956454,1.3224753607313957,6.198707672800609,-0.0020476875722660486,1.1267754690987708
Okanagan,Okanagan,2022-08-01,0.0387857142857142,10.541071428571428,4.167193648754619,-14.978424503559445,-8.95642085067395,-0.00022832678249683016,3.043227059500559
Okanagan,Okanagan,2022-09-01,0.00932142857142848,-2.246071428571428,-5.386954591293554,-45.43654010506413,-37.78778182874833,-0.06547712147814926,2.3013523646763385
Okanagan,Okanagan,2022-10-01,-0.012142857142857011,-1.2489285714285714,-5.431626216574971,-56.674957246286795,-27.54163230669552,-0.6332005918271273,4.57428959437779
Okanagan,Okanagan,2022-11-01,-0.056464285714285634,0.7489285714285723,-6.105804506140496,-50.60017641101565,-6.7670891127948245,18.704055608915432,-3.6202120099748885
Okanagan,Okanagan,2022-12-01,-0.11722222222222212,-0.8777777777777773,-5.803331093813069,-36.736132214880655,-7.505334416809664,20.78451692230172,-5.41454173900463
Okanagan,Okanagan,2023-01-01,-0.09567857142857128,-3.520714285714286,-6.234410063500816,-41.319330713512116,-2.0101745704972203,24.081534839102204,0.674334934779576
Okanagan,Okanagan,2023-02-01,-0.07939285714285704,-1.6482142857142854,-6.266360413844398,-25.52819387970625,-2.0645380213214333,16.825353726744652,-1.0568019321986606
Okanagan,Okanagan,2023-03-01,-0.152535714285714,2.268928571428571,-10.900686519952226,-49.21142228496527,-7.278992078291983,32.64537466956037,-0.6080899919782365
Okanagan,Okanagan,2023-04-01,-0.21571428571428575,-11.7425,-34.00914862660492,-20.411470530754222,-23.554117256675713,60.99643132516317,-0.7961632864815851
Okanagan,Okanagan,2023-05-01,0.02678571428571419,-6.389285714285716,-77.00761387033188,-43.78871160068749,-46.89396079213891,-32.86408260464668,4.46549551827567
Okanagan,Okanagan,2023-06-01,-0.10685714285714276,-7.893214285714283,-52.163408836349845,-47.28033681333598,-55.6374278052577,-1.9905898603362893,2.188653128487724
Okanagan,Okanagan,2023-07-01,-0.15674999999999994,-20.189999999999998,-21.099288066449972,-28.68565298870505,-58.72313067499947,-0.0020476875722660486,1.6919304983956458
Okanagan,Okanagan,2023-08-01,-0.10221428571428581,-11.258928571428573,-11.244602123042569,-19.046665958220338,-45.82286332567621,-0.00022832678249683016,1.844008309500559
Okanagan,Okanagan,2023-09-01,-0.06367857142857147,-6.3460714285714275,-7.4951499222411915,-32.23976747124522,-37.42776861015175,-0.05428027854443533,0.12401471819196352
Okanagan,Okanagan,2023-10-01,-0.06114285714285694,-0.2489285714285714,-6.6327022130800675,-52.24400761653669,-26.55711226647587,-0.8643695231772393,1.56550053187779
Okanagan,Okanagan,2023-11-01,-0.10746428571428557,-0.5910714285714285,-6.468907678416665,-65.55717446774777,-11.51161388926474,-10.847388034952537,0.7658353533063617
Okanagan,Okanagan,2023-12-01,-0.12422222222222223,-1.5077777777777772,-5.489762262624465,-37.777014762266646,-7.106239759768531,-42.94307053916984,3.5947356047453702
Okanagan,Okanagan,2024-01-01,-0.12267857142857119,-4.140714285714285,-5.636040322445167,-28.683253763509654,1.2455675702118967,-61.466553115418975,-1.034740992954799
Okanagan,Okanagan,2024-02-01,-0.057392857142857245,-8.458214285714284,-4.663940019651948,-17.53833734879403,-2.0219090769647403,-77.98766531050205,2.3454502650669644
Okanagan,Okanagan,2024-03-01,0.0024642857142858077,-12.511071428571428,3.489866878745877,-20.672464231860694,-0.40260515795255536,-94.52550099896533,1.4583162580217635
Okanagan,Okanagan,2024-04-01,0.060285714285714276,-16.4325,-7.154097516571973,0.11264616789828352,20.170809252054564,-105.0793347614152,0.8820593697684149
Okanagan,Okanagan,2024-05-01,-0.06921428571428567,-24.069285714285716,-51.84366125987643,-16.61200460720076,5.4862412549222626,-34.71052832901478,-0.38753182547432985
Okanagan,Okanagan,2024-06-01,-0.1608571428571428,-24.173214285714284,-29.611922800540924,-6.949412719612681,3.894442259999252,-1.8483952531576087,-0.606146676199776
Okanagan,Okanagan,2024-07-01,-0.08775,-20.889999999999997,-9.526023894847768,-22.192741063398508,-3.8326511317531384,-0.0020476875722660486,3.177953447614396
Okanagan,Okanagan,2024-08-01,-0.03421428571428575,-6.958928571428572,-3.9353008760372177,31.602896484920556,5.132930203607046,0.00042511673901758835,0.849562508719309
Okanagan,Okanagan,2024-09-01,-0.017678571428571654,-4.0460714285714285,-2.9393952094583913,-23.98230412966638,4.60208867610033,-0.06468239290009185,1.9177464076450885
Okanagan,Okanagan,2024-10-01,-0.018142857142857016,-1.0389285714285723,-1.7817178803462799,1.5067982312757522,-1.0529762740978725,-1.5825568893238335,1.303018842424665
Okanagan,Okanagan,2024-11-01,-0.017464285714285488,-0.24107142857142794,-2.4360077908828064,-3.039490631116294,0.24212461929502282,0.9318224952689249,0.7200284685407367
Okanagan,Okanagan,2024-12-01,-0.05022222222222217,-1.4177777777777774,-2.3632127499526927,1.6567073891767166,-3.953592442148537,-5.83383710020118,3.7796110930266202
Skaha,Okanagan,1994-01-01,-0.0689999999999995,11.788214285714286,0.22882044400570756,-15.485429387938765,-1.0701833503696483,-21.16156928241253,3.302292960030692
Skaha,Okanagan,1994-02-01,-0.05689285714285708,-7.827857142857143,-0.7193271485448349,27.636881364742294,-0.7768358340009789,-30.89083811002118,-2.057757786342076
Skaha,Okanagan,1994-03-01,-0.09088888888888924,5.84714285714286,0.29619694760185666,-17.534069908184136,-4.460959664616634,-25.931343968425466,0.5164108276367188
Skaha,Okanagan,1994-04-01,-0.04048148148148156,2.7250000000000014,20.63396674722234,6.555813451996073,3.3686843276622582,-74.4334775954485,1.213538033621652
Skaha,Okanagan,1994-05-01,-0.09614814814814832,-17.216071428571432,-23.240458594435566,-13.284130169527742,8.192660719422364,-46.21023263150294,0.5495507376534601
Skaha,Okanagan,1994-06-01,-0.060392857142856915,-22.399642857142855,-25.624693371355534,16.234055406779845,4.557827238126521,-2.1457993144325473,-1.1491165161132812
Skaha,Okanagan,1994-07-01,-0.056571428571428495,-14.214285714285715,-5.1165590578291,-16.94146160714029,3.5856531550442554,-0.0024030454229670034,0.9412580217633923
Skaha,Okanagan,1994-08-01,0.02092857142857074,-8.358214285714288,-1.3534724390150856,24.535248156618245,9.239105960919652,-0.0002277221085985762,-0.5727462768554688
Skaha,Okanagan,1994-09-01,0.010464285714285815,1.3657142857142865,-1.3993691806847757,-28.155640310225344,-0.3007946984975476,-0.06539143210483798,1.9523097446986615
Skaha,Okanagan,1994-10-01,-0.04303571428571429,-0.8710714285714296,-1.3810637704279678,4.2909704560380675,-2.044392423288496,-0.1004839411637346,0.11708504813058074
Skaha,Okanagan,1994-11-01,0.0039642857142858645,-2.3728571428571428,-3.126886799041781,-6.39042708956238,-1.380296499909102,26.928310581882084,-3.9139556884765625
Skaha,Okanagan,1994-12-01,0.009520000000000195,-3.4792592592592593,-2.7151150177276033,17.355499996079345,-2.3238748870224097,55.19039694357801,-0.8868656864872686
Skaha,Okanagan,1995-01-01,-0.03599999999999959,-3.591785714285714,-3.4300388043837824,-6.737400960576323,-1.0696443874473565,58.863045647740364,-1.1433857509068082
Skaha,Okanagan,1995-02-01,-0.04589285714285696,3.1621428571428574,-3.0662254030175973,3.4722475393209606,3.680867782934781,61.90261164946216,1.391857692173549
Skaha,Okanagan,1995-03-01,-0.03488888888888919,6.64714285714286,-6.018390089593595,-2.4337647066983834,0.6308360986752506,56.45658022591047,-1.2505874633789062
Skaha,Okanagan,1995-04-01,-0.05848148148148136,2.3249999999999993,-21.4296731012707,-9.552164847264066,-7.961162128984661,72.75444827973843,-1.798333304268973
Skaha,Okanagan,1995-05-01,-0.03814814814814804,9.48392857142857,-12.059925731071942,-35.56736689850888,0.8601052353956931,40.38457621520917,0.013753618512835075
Skaha,Okanagan,1995-06-01,0.005607142857142922,-22.599642857142854,14.818398049101233,21.197944193512996,0.37754162414265124,-0.8767267946426318,-0.44892120361328125
Skaha,Okanagan,1995-07-01,-0.032571428571428473,-18.414285714285715,5.325457239190918,19.23673232106791,-0.8311623158598564,-0.0024030454229670034,-1.6065325055803577
Skaha,Okanagan,1995-08-01,0.009928571428571065,-0.658214285714287,3.26999262636361,30.16554422954089,13.502818519815001,-0.0002277221085985762,-4.311607360839844
Skaha,Okanagan,1995-09-01,-0.07353571428571426,3.765714285714285,1.2666356945244068,-25.89147696978346,1.1780174931378227,-0.06551753779428436,1.6731349400111615
Skaha,Okanagan,1995-10-01,-0.10403571428571423,-0.77107142857143,1.2455385928790612,5.807845568467329,4.1053344383336885,-0.6878370747602145,-1.2394823346819193
Skaha,Okanagan,1995-11-01,-0.0550357142857143,-2.1728571428571426,3.468491418711242,74.76888006619576,-5.9831623106479785,20.814565309722507,0.0296478271484375
Skaha,Okanagan,1995-12-01,0.007519999999999971,2.1507407407407406,2.5193799476794627,14.841969099102755,-0.2332777474091725,50.79971019316602,-1.3956547489872686
Skaha,Okanagan,1996-01-01,,13.988214285714285,3.7216448280170358,-0.7823747083810844,0.6551764694598157,60.86273677647114,-4.039107186453683
Skaha,Okanagan,1996-02-01,-0.03189285714285717,10.262142857142859,3.386839623999549,10.952056298265234,0.4485027235594836,69.68212047857898,-1.313434055873326
Skaha,Okanagan,1996-03-01,-0.050888888888889205,21.54714285714286,0.370566838682862,-26.30945721674445,1.8568909233311262,61.72825342842512,-1.3122329711914062
Skaha,Okanagan,1996-04-01,-0.03648148148148156,24.325,26.65002885415951,13.943818485131487,-11.767692568745197,33.23996625840664,-1.347863333565848
Skaha,Okanagan,1996-05-01,-0.03514814814814793,14.283928571428568,47.18474447560895,43.47453763849833,-15.610183040345348,48.845135166110204,-3.95557621547154
Skaha,Okanagan,1996-06-01,0.03860714285714284,34.900357142857146,56.12743436358869,-23.742310690327685,-1.6810747495453313,5.3242054044927904,-1.3495559692382812
Skaha,Okanagan,1996-07-01,0.01842857142857124,14.385714285714283,7.601921138952356,-9.656691236679244,2.7440635104929783,-0.0018119249690481559,-0.18114798409598265
Skaha,Okanagan,1996-08-01,0.014928571428570958,16.541785714285712,1.9685132169148076,-6.751205962635659,-1.890083438151386,-0.0002277221085985762,-0.46477508544921875
Skaha,Okanagan,1996-09-01,-0.009535714285714203,-0.6342857142857135,2.19054581456086,43.85363908243432,7.764405246624456,-0.027039538170419472,-2.3597630092075885
Skaha,Okanagan,1996-10-01,-0.02203571428571438,-1.311071428571429,0.8594837033472551,12.010000361312578,-2.51791471341026,8.479881742719694,-2.1326097760881693
Skaha,Okanagan,1996-11-01,-0.019035714285714267,-2.1328571428571426,0.3946449630477993,12.826105729410685,-3.1749361837033323,25.304024407107914,-3.0450592041015625
Skaha,Okanagan,1996-12-01,,5.150740740740741,0.6298325563505021,39.09094559235706,-3.0916317425888136,66.60021606970716,-3.7513066044560186
Skaha,Okanagan,1997-01-01,,12.988214285714285,0.4965006254289097,28.086669094461413,0.1363934738185841,113.05986531078815,-0.6862934657505582
Skaha,Okanagan,1997-02-01,0.010107142857143092,18.062142857142856,-0.2196773602918256,-13.674858113517985,-1.2251260926469902,120.78413287443774,0.49296242850167404
Skaha,Okanagan,1997-03-01,0.02211111111111075,27.74714285714286,-2.8348476444080006,20.099942381161128,-0.48527840980178905,140.72363025375776,-1.1225051879882812
Skaha,Okanagan,1997-04-01,0.02951851851851872,27.025000000000002,-12.861401805171873,-3.8495824264828116,-8.285719897165627,163.6351551860571,-2.352166312081473
Skaha,Okanagan,1997-05-01,0.07285185185185172,27.88392857142857,113.79842702133048,22.531052438093212,-14.776875763865448,76.08597774690548,-1.288004193987165
Skaha,Okanagan,1997-06-01,0.07560714285714276,34.30035714285715,47.352685360237956,20.297874476195176,5.208709959073786,-0.45511601737630825,-1.6453018188476562
Skaha,Okanagan,1997-07-01,0.07842857142857129,38.68571428571428,14.110653469937724,47.838286310642225,21.362177337453303,-0.0024030454229670034,-2.8898882184709827
Skaha,Okanagan,1997-08-01,0.08592857142857113,48.1417857142857,7.467150312939857,-4.714883821569465,7.9598897012017105,-0.0002277221085985762,-0.45452117919921875
Skaha,Okanagan,1997-09-01,0.02746428571428572,38.76571428571429,6.300483686832845,39.51593434196963,10.212933786013828,-0.05983489984652733,-0.5729893275669635
Skaha,Okanagan,1997-10-01,0.034964285714286,6.428928571428569,5.175568255903531,17.06242532860155,2.5717105371378643,-0.693756211798505,-1.2300218854631693
Skaha,Okanagan,1997-11-01,0.014964285714285541,14.717142857142859,4.068739586468187,-48.68976081654962,-1.3418095945131174,-15.226568261693632,1.1744842529296875
Skaha,Okanagan,1997-12-01,-0.007480000000000153,7.050740740740741,5.38117630208877,-31.34884094146804,2.0567507856160065,-47.10036005686831,0.1367854365596064
Skaha,Okanagan,1998-01-01,-0.009999999999999787,7.888214285714287,4.585484089018012,28.40607618314347,-0.7031366872831362,-38.72090391814709,-1.4602497645786832
Skaha,Okanagan,1998-02-01,-0.02489285714285705,11.462142857142858,3.6654231189459097,-10.601898276945576,-1.4695461144193749,-34.20402189450604,2.220989772251674
Skaha,Okanagan,1998-03-01,,8.747142857142858,3.725493403180735,-2.3458308590176955,-5.260002928740245,-31.44423716834612,-0.13871002197265625
Skaha,Okanagan,1998-04-01,,7.425000000000001,10.303085987938438,-12.973626289749518,-6.550051267757745,-38.07256557047367,-0.3305598667689731
Skaha,Okanagan,1998-05-01,,-3.8160714285714334,-7.09722461345207,4.09597353219786,0.7817349064030878,-45.44234319889386,0.7613732474190851
Skaha,Okanagan,1998-06-01,-0.010392857142857093,-2.7996428571428567,-20.315274596214294,10.886289424628814,2.665926918520455,-2.1453421805675634,-0.5662612915039062
Skaha,Okanagan,1998-07-01,0.014428571428571235,-5.914285714285715,-1.155923428346533,-2.4373190941072878,15.812738108382163,-0.0024030454229670034,1.1266217912946423
Skaha,Okanagan,1998-08-01,-0.025071428571429077,-8.658214285714287,0.04492330793124921,-24.291245078919538,0.8526579352162216,-0.0002277221085985762,1.1663284301757812
Skaha,Okanagan,1998-09-01,0.022464285714285825,-4.034285714285714,-0.6318252105432158,-21.48356156664834,-5.001048183268203,-0.06551753779428436,2.7979518345424115
Skaha,Okanagan,1998-10-01,0.013964285714285651,-0.47107142857142925,-0.8294472302493112,-6.187318643372109,3.600283211978553,-1.741237354248629,0.07292611258370574
Skaha,Okanagan,1998-11-01,-0.03203571428571417,-0.33285714285714274,-0.6572428485794397,44.35208501360778,-2.1390630458232156,1.7738186953855397,0.4836273193359375
Skaha,Okanagan,1998-12-01,-0.019480000000000164,-2.3792592592592587,-1.3623620659388873,39.0348564574702,1.1848465912609956,35.05320612479139,-1.7423344364872686
Skaha,Okanagan,1999-01-01,-0.005999999999999783,5.788214285714286,-1.4293863324772769,16.581546797949287,-0.2940153913948101,61.20111234486103,1.2132426670619418
Skaha,Okanagan,1999-02-01,-0.006892857142856812,9.362142857142857,-1.6227785563387442,43.06143932626583,-0.028494585746687173,108.07651201529163,0.24644143240792404
Skaha,Okanagan,1999-03-01,0.006111111111110734,10.047142857142859,-4.281615849322407,-7.6371489142599955,2.8640746984040435,136.92714220711164,-0.8239212036132812
Skaha,Okanagan,1999-04-01,-0.007481481481481644,22.625000000000004,-17.709443958925213,-24.126642529154196,-4.1285473811772775,155.27026914060116,-2.086632864815848
Skaha,Okanagan,1999-05-01,0.015851851851851784,15.183928571428567,6.676277702873833,-6.01286781810424,-20.241484777735806,131.4588417548553,-3.939798627580915
Skaha,Okanagan,1999-06-01,0.016607142857143042,-8.799642857142853,81.32223389111459,-1.743282877474229,-9.430430613325115,24.897385875108416,-2.2587356567382812
Skaha,Okanagan,1999-07-01,-0.010571428571428676,13.985714285714284,20.03159028910367,19.71545319559352,6.863709780321059,0.04315263833211601,-3.1778215680803577
Skaha,Okanagan,1999-08-01,-0.015071428571428847,18.041785714285712,6.857497649824445,16.82173622118301,1.5563596846602294,0.0040441081125156386,0.01215362548828125
Skaha,Okanagan,1999-09-01,-0.01953571428571399,-2.234285714285715,2.836531233957171,-15.67702259178207,2.92651741931747,0.3523888457238452,-1.1873692103794635
Skaha,Okanagan,1999-10-01,-0.041035714285714064,-0.77107142857143,1.528647617046122,-9.559971099536469,0.09391111130493712,-1.0754938100165288,-0.37678091866629426
Skaha,Okanagan,1999-11-01,-0.018035714285714377,-1.7428571428571429,2.0380078837791054,18.08844614840511,-0.04627906621733224,-10.0287596495556,1.1759796142578125
Skaha,Okanagan,1999-12-01,-0.04048000000000007,8.350740740740742,1.0655221078734574,-3.3508243763612313,-0.778920246173382,2.9103508977978265,1.1333369502314814
Skaha,Okanagan,2000-01-01,-0.03799999999999981,2.9882142857142853,1.1343692775491423,-8.490076355103938,0.14122455915302876,-1.0200869292020798,-1.3793476649693082
Skaha,Okanagan,2000-02-01,-0.020892857142857046,2.8621428571428567,0.8178445968951564,-4.955408832756802,-2.114563072934418,-6.257192098668639,0.27732522147042404
Skaha,Okanagan,2000-03-01,0.039111111111111097,-10.262857142857142,-2.8614161819859874,-1.1015340735736743,1.44919361056444,10.51452702709608,-0.14728546142578125
Skaha,Okanagan,2000-04-01,0.0015185185185186967,-3.5749999999999993,-1.2498378366996903,6.947555666556582,-6.412912854492397,4.7858115285634995,-0.2557918003627231
Skaha,Okanagan,2000-05-01,0.008851851851851666,3.783928571428568,-0.18428745845865535,2.1502630240450173,-2.8175476805439956,7.434435679377721,-1.92823246547154
Skaha,Okanagan,2000-06-01,-0.02939285714285722,1.3003571428571448,18.461005529388785,-10.751768235682647,0.0058600978393599235,0.8768281176413848,-0.6131362915039062
Skaha,Okanagan,2000-07-01,0.022428571428571242,2.3857142857142826,5.444019608798307,33.9269971477084,3.9493267041897155,0.016725612672756945,-2.0491594587053577
Skaha,Okanagan,2000-08-01,0.030928571428570972,-3.9582142857142877,1.906276363505249,-7.047353852093302,-0.9454928928919699,-0.0002277221085985762,-1.4906539916992188
Skaha,Okanagan,2000-09-01,0.06146428571428597,5.965714285714284,1.0741959288550014,3.4175605209644075,2.974573664167629,-0.04821741333950667,-1.6844395228794635
Skaha,Okanagan,2000-10-01,-0.041035714285714064,0.8289285714285697,-0.05048961091753412,-24.917408643107464,-2.09860133431253,-1.7900954387317012,0.09364754813058074
Skaha,Okanagan,2000-11-01,-0.0550357142857143,-0.5428571428571427,-1.8255055277092787,-56.6370169066691,1.672355964339138,-10.141545607309258,-2.5730743408203125
Skaha,Okanagan,2000-12-01,0.007519999999999971,-2.7992592592592587,-1.730313034150404,-28.549097387844483,-0.2813671342462638,-34.121009072771784,-2.1646977177372686
Skaha,Okanagan,2001-01-01,0.002000000000000224,-6.011785714285714,-2.4224305353917384,-35.95290397892573,-0.3528544890138668,-65.40636532008648,-0.5327290126255582
Skaha,Okanagan,2001-02-01,-0.022892857142856826,-9.387857142857143,-2.9486053572327364,-27.471257461002097,-1.093949911916882,-84.52805956559521,-1.908069065638951
Skaha,Okanagan,2001-03-01,0.00011111111111095084,-13.142857142857142,-5.173127061425475,-11.54460416208687,-2.313953102462359,-107.67335497907229,0.19704437255859375
Skaha,Okanagan,2001-04-01,0.025518518518518718,-17.765,-22.680838041456546,11.122972791781649,-3.7061640718353104,-67.8331945091486,-1.607262747628348
Skaha,Okanagan,2001-05-01,0.01185185185185178,-27.986071428571428,-84.09104929471921,-26.98551633719555,11.422473904011511,-31.83613854759772,-0.060556684221539925
Skaha,Okanagan,2001-06-01,-0.047392857142857014,-26.699642857142855,-46.360669657588005,17.880275159508784,1.3154765890378997,-2.062254288004947,-2.1229019165039062
Skaha,Okanagan,2001-07-01,-0.008571428571428452,-19.714285714285715,-12.557299591467846,21.900601731821162,10.881672388807473,-0.0023557557876482554,-1.7418474469866077
Skaha,Okanagan,2001-08-01,0.03892857142857098,-8.458214285714288,-4.070234423644642,4.429133825916715,15.498078881397042,-0.0002277221085985762,-0.26277923583984375
Skaha,Okanagan,2001-09-01,0.06246428571428586,-3.6342857142857135,-2.30049187458852,-26.066477138166583,3.7470603378356557,-0.06551753779428436,0.5348292759486615
Skaha,Okanagan,2001-10-01,0.0659642857142857,-0.3710714285714296,-1.3316736097164856,6.836237799559186,0.08333349874842,3.003111285839363,-1.3806871686662943
Skaha,Okanagan,2001-11-01,0.06696428571428559,-0.6028571428571423,-1.0943075851953061,-7.444535232415163,1.6228835270989546,-12.308868280212796,1.5160675048828125
Skaha,Okanagan,2001-12-01,0.07852000000000015,-1.3992592592592592,-1.2376357378714058,13.347959818525453,-0.2205359376401046,9.244849422463659,-0.6648808232060186
Skaha,Okanagan,2002-01-01,0.08700000000000019,-3.671785714285714,-0.5830086130507492,13.71713220474443,-0.47261139623852194,6.179051473736763,0.05903734479631684
Skaha,Okanagan,2002-02-01,0.11510714285714307,-6.157857142857143,-0.8622374334663618,1.9916034361813217,-0.84532282958857,11.264770424791749,-0.501849583217076
Skaha,Okanagan,2002-03-01,0.09311111111111092,-2.6528571428571404,-4.486053203436313,-3.9226710380587235,-3.1067268485328112,36.77020913788252,-3.7054824829101562
Skaha,Okanagan,2002-04-01,0.06651851851851864,-2.6750000000000007,-12.926960511582102,-9.874745883280411,-10.772778997696669,56.936195120215416,-1.618340628487723
Skaha,Okanagan,2002-05-01,-0.004148148148148234,-2.516071428571429,10.994982298663146,26.22296041019061,-14.519043300034738,54.71263129896085,-2.728861127580915
Skaha,Okanagan,2002-06-01,0.001607142857142918,12.400357142857146,44.969654409214854,-24.854648613005082,3.128789581491475,3.9744964077796294,0.9879379272460938
Skaha,Okanagan,2002-07-01,-0.006571428571428672,-12.814285714285713,6.243652472871226,-14.253963087477523,-2.0461189477438353,-0.0024030454229670034,-0.30526297433035765
Skaha,Okanagan,2002-08-01,0.0019285714285710576,-2.2582142857142884,1.3071020688844968,-11.256850282214664,-10.669234803312328,-0.0002277221085985762,-1.2258224487304688
Skaha,Okanagan,2002-09-01,0.023464285714285715,2.065714285714286,-0.1967494297007626,-16.871779069853282,-5.653254546424641,-0.06190776219052095,-0.6462009974888385
Skaha,Okanagan,2002-10-01,0.06796428571428592,1.1289285714285704,-1.6417562676776605,-56.38999048928132,-6.5212740093037205,-1.42926763302447,0.32277352469308074
Skaha,Okanagan,2002-11-01,0.06796428571428548,-1.5828571428571427,-2.2544241021803053,-47.166657251571976,-0.5426090969454638,-15.896945892434037,1.5411834716796875
Skaha,Okanagan,2002-12-01,0.08752000000000004,-3.2192592592592586,-2.2181670690231297,16.370017288459678,0.17371696251049995,-47.82072316717219,2.4427241572627314
Skaha,Okanagan,2003-01-01,0.08800000000000008,-5.761785714285714,-3.156326388437135,-2.94566428887525,-0.49925932906599463,-47.323768958449364,2.235184805733817
Skaha,Okanagan,2003-02-01,0.06910714285714326,-9.327857142857143,-3.607301816373365,-21.912367636105046,-1.3694537814054846,-59.25862570958478,1.265667506626674
Skaha,Okanagan,2003-03-01,0.08411111111111103,-13.08285714285714,-1.5313229050661903,26.571340900513206,-4.261427222705346,-62.32327276042528,-0.22049713134765625
Skaha,Okanagan,2003-04-01,0.08051851851851843,-17.205,-11.903750159295406,12.149315880378708,-0.2691734074947547,-61.555126681923866,-0.6342097691127231
Skaha,Okanagan,2003-05-01,0.037851851851852025,-28.75607142857143,-38.3447985181452,3.1207544650117427,-1.0808487755379446,-14.530416087447001,-1.344400678362165
Skaha,Okanagan,2003-06-01,-0.021392857142857213,-25.779642857142854,-14.254365814849734,-4.668727737485568,9.163061373068814,-1.6809500894781695,1.2974166870117188
Skaha,Okanagan,2003-07-01,0.019428571428571573,-19.314285714285717,-3.809375821479726,-31.461384828227374,-13.67643311719543,-0.0024030454229670034,1.1506391252790173
Skaha,Okanagan,2003-08-01,-0.0060714285714289495,-8.558214285714287,-2.179497005792136,-16.886691636890255,-7.745288208492902,-0.0002277221085985762,0.8042068481445312
Skaha,Okanagan,2003-09-01,-0.020535714285714324,-5.1342857142857135,-1.8587184292430585,-15.681000503328896,-5.633137978812947,-0.04297614453032038,0.5914699009486615
Skaha,Okanagan,2003-10-01,-0.039035714285714285,-4.72107142857143,2.764127920922224,56.13370816614146,0.5077191516258104,-1.022679205302016,2.0614820207868307
Skaha,Okanagan,2003-11-01,-0.030035714285714388,-2.442857142857142,-2.1931951726271244,8.731525075355805,-1.2985493698839239,10.651243218619907,-2.9929962158203125
Skaha,Okanagan,2003-12-01,-0.01747999999999994,-3.5992592592592594,-1.699922697972161,-29.224815920719664,-2.5705968653508333,32.05671671915937,-0.4808598271122686
Skaha,Okanagan,2004-01-01,-0.029999999999999805,-5.901785714285714,-1.759498697668148,3.1724903300138436,0.31534554492854533,3.117399290204048,-1.6829365321568082
Skaha,Okanagan,2004-02-01,0.02910714285714322,-9.987857142857143,-1.7809094169933815,-19.784838863415644,-1.3124599357589821,18.01380435270923,0.824749537876674
Skaha,Okanagan,2004-03-01,0.0691111111111109,-13.532857142857141,-1.4256216636567842,-11.712564812374438,0.5917059695223417,3.5764718694346413,1.8436508178710938
Skaha,Okanagan,2004-04-01,0.09951851851851856,-18.165,10.940159523410593,-17.022811953211203,19.69999319823858,-68.26269812881947,2.794501168387277
Skaha,Okanagan,2004-05-01,0.08785185185185185,-28.14607142857143,-18.88219351115238,32.22041981436112,3.476669512955212,-43.62811564767201,-0.020609174455914925
Skaha,Okanagan,2004-06-01,0.07560714285714276,-27.649642857142855,-19.764548633247614,-11.9712513281099,10.596688121690278,-2.1488652583615067,1.5750045776367188
Skaha,Okanagan,2004-07-01,0.021428571428571352,-21.314285714285717,-3.8696783179018084,-5.498962313660222,0.18782518704288975,-0.0024030454229670034,0.6086469377790173
Skaha,Okanagan,2004-08-01,0.033928571428571086,-8.758214285714288,-0.2836070166917395,49.59630452373988,4.2265374088726375,-0.0002277221085985762,0.5708694458007812
Skaha,Okanagan,2004-09-01,0.02746428571428572,0.4657142857142844,1.3915208130908603,41.2054675793375,10.622745986828313,0.15194385320858672,-2.2599094935825885
Skaha,Okanagan,2004-10-01,0.10796428571428596,-0.8710714285714296,0.9969313157073749,-12.086472293179085,3.499436809631465,1.2083828353622397,0.6174817766462057
Skaha,Okanagan,2004-11-01,0.0879642857142855,-2.0928571428571425,2.7316671236933736,-7.7763468392991655,-0.1164635354403547,-3.949376455109036,1.1276397705078125
Skaha,Okanagan,2004-12-01,0.021520000000000206,10.850740740740742,5.132801797353077,3.822969479693313,0.10160667827424019,-18.235197773686167,3.4422053584346064
Skaha,Okanagan,2005-01-01,0.010000000000000231,11.088214285714287,8.716794242770577,-8.359463951949564,0.7213680295683795,-41.65822081267834,-0.42903028215680816
Skaha,Okanagan,2005-02-01,0.003107142857142975,13.262142857142859,12.074438021954847,-32.25124752498232,2.774708030886229,-94.32270457702023,2.768414088657924
Skaha,Okanagan,2005-03-01,-0.000888888888888939,-0.5528571428571425,20.978848002414452,-6.26917959224167,2.7283431060953136,-162.76757472327776,2.3875350952148438
Skaha,Okanagan,2005-04-01,0.033518518518518725,-1.375,7.9423194672147375,-6.780238036299124,31.98174445839998,-129.04602102935314,1.839117867606027
Skaha,Okanagan,2005-05-01,-0.03414814814814804,-18.716071428571432,-44.2113423736633,0.05272714562514125,10.761400185791516,-49.81080230624814,1.579915727887835
Skaha,Okanagan,2005-06-01,0.02760714285714272,-20.799642857142853,-33.11732551082969,38.05614473614176,-0.874281644688125,-2.151481951925557,-1.5163040161132812
Skaha,Okanagan,2005-07-01,0.02942857142857136,7.085714285714285,-7.25243201512577,-3.1885858157433447,14.484953609228668,-0.0024030454229670034,-1.4353899274553577
Skaha,Okanagan,2005-08-01,0.0019285714285710576,-2.3582142857142863,-1.8729826229641091,-4.613943588472985,5.22927053888062,-0.0002277221085985762,-0.16960906982421875
Skaha,Okanagan,2005-09-01,-0.013535714285714207,-4.8342857142857145,-0.7919527394863373,1.7940976353461977,0.7730388564855915,-0.0622309081591713,-1.9183262416294635
Skaha,Okanagan,2005-10-01,-0.0420357142857144,0.02892857142857075,0.11929261901449095,16.17257780786271,0.3021937217064483,-1.6994096783621768,0.19813973563058074
Skaha,Okanagan,2005-11-01,-0.028035714285714164,-1.9228571428571426,-1.1360966111949118,-14.68658339165684,-2.2231431388978056,10.697388389546955,-0.3253631591796875
Skaha,Okanagan,2005-12-01,-0.008480000000000043,-2.779259259259259,-0.4019321684070203,-22.414839968809645,-0.46839347103539497,-15.516618749609705,0.5196284541377314
Skaha,Okanagan,2006-01-01,0.017000000000000348,-5.611785714285714,-0.6760733787294679,39.26437981759331,-0.1699470768323457,-3.9291810244321823,2.507798331124442
Skaha,Okanagan,2006-02-01,0.04210714285714312,5.862142857142857,-0.9200844397128094,10.925467504421249,0.825484719501089,24.184136784502442,-0.35939352852957596
Skaha,Okanagan,2006-03-01,0.08511111111111092,4.247142857142858,-3.7055582033644896,-12.30838285326692,-1.0017228544581611,43.56761223503523,0.08528900146484375
Skaha,Okanagan,2006-04-01,0.010518518518518594,-5.675000000000001,5.475818730441723,-2.85721747786738,-4.342425610437722,26.20389126241207,0.6732548304966519
Skaha,Okanagan,2006-05-01,-0.02714814814814792,5.383928571428569,12.977099137580282,2.672048603666809,6.481231157002711,-6.250578419504954,0.7058922903878351
Skaha,Okanagan,2006-06-01,0.04360714285714273,26.000357142857148,1.345634227618575,1.6413086684354141,6.670478947593693,-2.12562240366638,1.0102157592773438
Skaha,Okanagan,2006-07-01,0.007428571428571562,-7.914285714285715,1.6834455725204762,-16.85679018243848,0.6484619890605785,-0.0024030454229670034,1.4614301409040173
Skaha,Okanagan,2006-08-01,0.034928571428570976,-7.558214285714287,0.12012865356934554,-9.548320450838737,-6.679360068769064,-0.0002277221085985762,-0.32567596435546875
Skaha,Okanagan,2006-09-01,0.08846428571428566,-0.23428571428571487,-0.6399277169423705,-8.9069803548877,0.2902796508611303,0.042618093513675195,0.7541285923549115
Skaha,Okanagan,2006-10-01,0.047964285714285904,-0.8710714285714296,-1.4009468671117382,-24.95006896164601,-2.7082323441780822,-1.2958714484869103,0.8120618547712057
Skaha,Okanagan,2006-11-01,-0.04303571428571429,-2.5928571428571425,0.47459260323583763,63.922250327388085,-0.48849867328369534,12.74294901772269,-1.8851776123046875
Skaha,Okanagan,2006-12-01,0.03251999999999988,-3.2592592592592586,-2.054662928222333,-1.1853622531311316,-1.0130929256572725,42.86589238930631,-0.7942448368778936
Skaha,Okanagan,2007-01-01,0.03000000000000025,-5.801785714285714,-2.236993456920443,-7.86531874577382,-0.19940512500734744,56.693242862820625,-2.833205086844308
Skaha,Okanagan,2007-02-01,0.01910714285714299,-6.8878571428571425,-2.4691852340765763,-2.33424044563435,0.3374791409831752,41.51233950895923,1.113995143345424
Skaha,Okanagan,2007-03-01,0.012111111111110962,-0.45285714285714107,-0.6867568408779334,-0.5340745722475901,3.2043194312011893,33.75647908874922,0.7062606811523438
Skaha,Okanagan,2007-04-01,-0.02548148148148144,-2.474999999999998,0.7141503426412683,-20.44369713985361,1.139056174516945,-18.629172816872597,0.3543156215122769
Skaha,Okanagan,2007-05-01,-0.062148148148148064,-19.51607142857143,-7.592903591492885,-39.79208014996922,10.494112469522022,-19.03517867737849,1.09886714390346
Skaha,Okanagan,2007-06-01,-0.028392857142856887,-26.96964285714285,-14.684490161016583,15.930993727774222,-9.208645455406185,-2.065202011265096,-0.07895660400390625
Skaha,Okanagan,2007-07-01,-0.023571428571428577,-20.714285714285715,-4.030269645487088,-0.006842845842975009,-3.000846822812619,-0.0024030454229670034,1.4458051409040173
Skaha,Okanagan,2007-08-01,-0.03907142857142887,-8.458214285714288,-1.882820416150416,-8.37963861834266,-5.779930984967258,-0.0002277221085985762,-1.4037399291992188
Skaha,Okanagan,2007-09-01,-0.01753571428571421,1.3657142857142865,-1.396476550975681,-12.200233603445149,-8.767327152392163,0.0423107134083064,-1.0333164760044635
Skaha,Okanagan,2007-10-01,0.040964285714285786,-0.77107142857143,-1.1786861817069756,-7.464254094104817,0.7407153378673179,-0.3636509042865197,-0.8925279889787943
Skaha,Okanagan,2007-11-01,0.07196428571428548,-2.7728571428571422,-2.1716213762244614,-35.66237989746567,3.2114410246971854,-12.45050847397319,0.2270355224609375
Skaha,Okanagan,2007-12-01,0.06552000000000024,-3.3392592592592587,-0.9122325034156713,22.933701958714266,-0.9661680776642041,-13.637537619581934,-0.2940312138310186
Skaha,Okanagan,2008-01-01,0.007000000000000117,-6.321785714285714,-2.2353157811656796,-18.09335401880422,-0.4659518377445287,-21.11312560737133,-3.481459481375558
Skaha,Okanagan,2008-02-01,-0.0848928571428571,-9.057857142857141,-2.1036858415754978,-15.71971012162976,-2.21001059831646,-26.316375338605468,0.693615504673549
Skaha,Okanagan,2008-03-01,-0.06788888888888911,-11.72285714285714,-6.087443656724645,-17.43878839105102,0.37244967253562766,-36.63964622787066,-0.5063247680664062
Skaha,Okanagan,2008-04-01,0.016518518518518377,-10.774999999999999,-24.519899192715194,-8.683205960551277,-11.745033490504802,-4.048654809594154,-1.929680960518973
Skaha,Okanagan,2008-05-01,-0.02714814814814792,-18.216071428571432,-43.112302806028836,-7.398455667758498,0.1862849707582228,-3.8361432712658186,0.6612145560128351
Skaha,Okanagan,2008-06-01,-0.007392857142856979,-7.599642857142854,-20.933509804308414,-14.899685733585756,4.981532443447833,-2.011701676649277,-0.8664016723632812
Skaha,Okanagan,2008-07-01,0.03342857142857136,-15.514285714285716,-2.805603335478473,-17.911666142546373,-6.969699860616984,-0.0024030454229670034,-0.13241141183035765
Skaha,Okanagan,2008-08-01,0.02092857142857074,-4.258214285714288,-0.22498084269630425,37.553264976460405,11.964874795272145,4.813408617719363e-05,-1.1155624389648438
Skaha,Okanagan,2008-09-01,-0.025535714285714217,7.065714285714286,-0.8635560204441255,-28.98405348657564,0.07852483707080893,-0.06293237095457625,-0.16139875139508852
Skaha,Okanagan,2008-10-01,0.09596428571428595,-0.07107142857143067,-1.105547819211747,-30.983736208457103,-0.3153659864827709,-1.789535830279679,0.32997567313058074
Skaha,Okanagan,2008-11-01,0.09896428571428562,-1.0628571428571423,-1.1900105840010973,-18.709177467306816,0.9889881299126753,-14.90074273065797,2.0269622802734375
Skaha,Okanagan,2008-12-01,,-2.199259259259259,-1.6737488810947436,-5.310205302925567,4.089114893051576,-46.76128413390231,-3.1671696415653936
Skaha,Okanagan,2009-01-01,-0.07399999999999984,-4.911785714285714,-1.9760054830320382,-21.944427812871126,0.3755223510018319,-48.43852482736111,0.16301073346819184
Skaha,Okanagan,2009-02-01,-0.06489285714285709,-8.867857142857144,-2.251349524158286,-15.547065151622519,1.1752386341348549,-80.91433426099164,1.508312770298549
Skaha,Okanagan,2009-03-01,-0.06188888888888888,-12.862857142857141,-5.616992519207997,-2.750024856400813,0.4706498673060979,-70.20966761878557,-2.0861587524414062
Skaha,Okanagan,2009-04-01,-0.0674814814814817,-16.865,-19.235814719909932,-15.408904437208548,-5.296778628170223,-51.91684700548649,-0.2173701695033481
Skaha,Okanagan,2009-05-01,-0.09614814814814832,-28.95607142857143,-68.72487105595481,-12.591486013012144,13.043024776769542,-21.66981200986941,0.3271386282784601
Skaha,Okanagan,2009-06-01,-0.060392857142856915,-26.699642857142855,-36.21708252467215,-37.77466782984058,-5.050124849991079,-2.053734272605975,1.9290084838867188
Skaha,Okanagan,2009-07-01,-0.023571428571428577,-21.714285714285715,-10.449433308427352,-9.996605757416027,-8.012318276866736,-0.0024030454229670034,1.7771955217633923
Skaha,Okanagan,2009-08-01,-0.01807142857142896,-11.728214285714287,-4.6091928348427516,-3.024697901699774,3.013219206228051,0.0015298760615170945,0.46866607666015625
Skaha,Okanagan,2009-09-01,-0.07853571428571415,-7.0842857142857145,-2.887653796018899,-5.809769344133592,11.452114350894199,-0.05581528114641442,1.2405177525111615
Skaha,Okanagan,2009-10-01,-0.11803571428571402,-1.4910714285714306,-1.5895024646722185,27.79366047512407,-2.1063207178875523,1.0663719752171477,-1.7963060651506693
Skaha,Okanagan,2009-11-01,-0.06503571428571453,-2.3028571428571425,-2.5592577679032864,-7.6041476235592,0.42464419363698447,6.9886048523975255,0.5254974365234375
Skaha,Okanagan,2009-12-01,-0.044480000000000075,-3.0992592592592594,-2.6233156138375673,-36.914996479430954,2.9982246162237263,-10.12306149910998,-1.1263981571903936
Skaha,Okanagan,2010-01-01,0.0030000000000001137,-5.871785714285714,-2.210583258732056,-9.667551211480585,-0.37678854785891,-26.282822713255882,3.470078604561942
Skaha,Okanagan,2010-02-01,0.0001071428571428612,-9.567857142857143,-1.3941506222181488,-14.822889672359452,0.2788754933525135,-48.41497620301587,3.921612330845424
Skaha,Okanagan,2010-03-01,-0.00988888888888928,-13.08285714285714,-0.24241501159849577,-9.00907717212769,3.2118069445589628,-85.16649955085344,1.9410629272460938
Skaha,Okanagan,2010-04-01,0.010518518518518594,-18.075,-11.61628929756781,-3.610561980167404,15.374316488825052,-76.32515765726566,0.4899967738560269
Skaha,Okanagan,2010-05-01,-0.004148148148148234,-27.88607142857143,-47.11176632138502,24.013563842994955,0.960366999996566,-20.36886613184054,-1.752115522112165
Skaha,Okanagan,2010-06-01,0.013607142857142929,-14.099642857142854,-10.245350422337651,8.64811173024853,8.615220181777005,-1.6219247273441897,-1.2900772094726562
Skaha,Okanagan,2010-07-01,0.03242857142857147,-12.914285714285715,-0.32182580824675,-6.412960425742703,2.80918205057138,-0.0024030454229670034,-0.13582938058035765
Skaha,Okanagan,2010-08-01,0.0019285714285710576,-2.558214285714289,0.07516568023545034,2.3602885035610868,3.450311707898173,-0.0001567876538440974,-1.0543746948242188
Skaha,Okanagan,2010-09-01,0.020464285714286046,-2.734285714285715,0.861963521206885,30.223805380436325,0.9631124807388645,-0.06313729284381152,-1.9291599818638385
Skaha,Okanagan,2010-10-01,0.04296428571428601,1.0289285714285707,-0.696578378015797,-38.32576859817242,2.836482867548643,-1.5949468340425352,1.5592237200055807
Skaha,Okanagan,2010-11-01,-0.01203571428571415,-1.7528571428571427,-0.9938085661685498,-12.36646560885545,5.373272677908451,-7.623932024996197,-1.3166961669921875
Skaha,Okanagan,2010-12-01,-0.0034800000000001496,-2.0892592592592587,-1.318092447709878,-5.104066364260177,-1.927466473514667,-4.756765923014399,0.1644038447627314
Skaha,Okanagan,2011-01-01,-0.016999999999999904,-5.061785714285714,-1.355842873765921,1.234344023812028,0.5938641083196623,-10.555533692240715,-0.49787793840680816
Skaha,Okanagan,2011-02-01,-0.0038928571428571423,-8.947857142857142,-2.02328550585662,11.352368077496067,0.27036562063845593,-3.9982803698096916,-2.715289524623326
Skaha,Okanagan,2011-03-01,0.007111111111111068,-11.912857142857142,-4.180385101790307,23.215419188740526,-2.5572057113874633,33.98553973862104,-0.9538955688476562
Skaha,Okanagan,2011-04-01,-0.029481481481481442,-7.175000000000001,-27.283382109349724,22.670616017421708,-6.521151164114208,103.14377211034298,-2.806145804268973
Skaha,Okanagan,2011-05-01,0.013851851851852004,11.583928571428572,23.104641678011305,31.523336741624263,-36.08007557756666,95.28601963704983,-2.32520512172154
Skaha,Okanagan,2011-06-01,0.04860714285714307,21.800357142857145,70.8787317853421,-15.304482762335937,-4.027337085322614,7.506677436056311,-1.3630752563476562
Skaha,Okanagan,2011-07-01,0.02842857142857147,26.78571428571429,12.184153003285509,4.597742390095455,-11.1226416109795,-0.0023478741811696784,-2.6026872907366077
Skaha,Okanagan,2011-08-01,-0.027071428571428857,-1.8582142857142863,3.495493179278647,-27.15758951801815,-7.830244734317866,-0.0002277221085985762,0.5333633422851562
Skaha,Okanagan,2011-09-01,-0.0035357142857139756,-6.534285714285714,0.6231858008374864,-32.918489149389124,-9.322282484000816,-0.06514710230755481,2.6618739536830365
Skaha,Okanagan,2011-10-01,-0.0050357142857140325,-1.1710714285714303,0.0010938435609979535,0.2927628291737534,3.6617026552059038,-1.8053857472425858,0.47554452078683074
Skaha,Okanagan,2011-11-01,-0.049035714285714516,-2.282857142857143,-1.7686640005974503,-4.950974918236696,-0.6342136943463377,3.867701926667774,-0.9581756591796875
Skaha,Okanagan,2011-12-01,-0.021479999999999944,-2.9692592592592586,-2.024381309402761,-37.920872939543585,-0.9062318820522504,-9.046117326727625,2.4765986689814814
Skaha,Okanagan,2012-01-01,-0.01599999999999957,-5.781785714285714,-2.650920590115545,-4.1137488525626935,0.9427123990611059,-28.14449928700924,-0.34748731340680816
Skaha,Okanagan,2012-02-01,0.013107142857143206,-9.497857142857143,-2.8860824277217034,8.808923099422827,-0.06884220452515621,-25.900647842458312,-0.595111301967076
Skaha,Okanagan,2012-03-01,0.011111111111111072,-12.892857142857142,-5.588413387158653,47.13370003238586,-1.741917547665902,13.333275382007884,-0.6894912719726562
Skaha,Okanagan,2012-04-01,-0.01848148148148132,-12.774999999999999,9.685790251491461,28.774094389518723,-12.503986883010448,43.27390156686306,0.8613346644810269
Skaha,Okanagan,2012-05-01,-0.04714814814814794,10.683928571428567,-4.075592990765088,-23.60055039961091,4.15984398153212,-1.077491299448802,-0.5610449654715399
Skaha,Okanagan,2012-06-01,0.017607142857142932,18.000357142857148,15.63517958857119,69.53621214571675,-2.8612537010173753,-0.6373624574665473,-1.9057083129882812
Skaha,Okanagan,2012-07-01,0.044428571428571484,39.08571428571429,10.561999790037852,12.050632201343042,18.514024334893165,-0.0010631723713469148,0.46768624441964235
Skaha,Okanagan,2012-08-01,-0.011071428571428843,6.841785714285713,4.7838056083751965,-22.706945355301805,1.2335674712500904,-0.0002277221085985762,1.0517654418945312
Skaha,Okanagan,2012-09-01,0.035464285714285726,-1.2342857142857149,1.6173284114172155,-43.97751194898904,-12.652458016028895,-0.06539931370776385,2.2669459751674115
Skaha,Okanagan,2012-10-01,-3.571428571413904e-05,-0.27107142857142996,1.397842139080499,28.100609727386782,-7.982280128219696,2.4661688969769915,0.44255501883370574
Skaha,Okanagan,2012-11-01,0.0039642857142858645,-2.0928571428571425,1.3341829669246046,8.750964105794466,-1.0305842910643808,-4.190585276644146,1.0804901123046875
Skaha,Okanagan,2012-12-01,-0.01648000000000005,-3.069259259259259,2.178288031481552,36.68438896743788,-0.5904600582450965,17.60448280859876,1.1785029658564814
Skaha,Okanagan,2013-01-01,-0.03299999999999992,3.788214285714286,2.395560108977536,-4.665950030487565,0.8629995685771925,26.794614270329475,-1.2003620692661832
Skaha,Okanagan,2013-02-01,-0.028892857142857054,7.262142857142859,1.5337341283157002,-12.766989500960335,-0.05721405646649402,19.466384447046693,1.248455592564174
Skaha,Okanagan,2013-03-01,-0.037888888888889305,5.64714285714286,0.09115059583564289,-4.6335400132063285,1.4552953159311857,23.8884384078639,0.5414352416992188
Skaha,Okanagan,2013-04-01,0.014518518518518597,-1.1750000000000007,15.118618580994998,29.846062971046194,-6.466682763337822,0.9606387466192245,-0.06639971051897309
Skaha,Okanagan,2013-05-01,0.038851851851851915,21.48392857142857,48.524445479935295,19.816333978919175,4.799610901890063,-17.18087445312579,1.290609087262835
Skaha,Okanagan,2013-06-01,0.06160714285714297,31.00035714285714,2.084149746224284,37.39646101686438,-3.827128343151088,-2.038467603681379,-0.30243682861328125
Skaha,Okanagan,2013-07-01,-0.01557142857142857,21.685714285714287,5.088137620727402,-24.6530157279007,13.776581975564895,-0.0024030454229670034,0.9325299944196423
Skaha,Okanagan,2013-08-01,0.005928571428571061,-3.8582142857142863,3.393226684628253,19.64651814939446,3.89480962102035,-0.0002277221085985762,0.5205154418945312
Skaha,Okanagan,2013-09-01,0.04746428571428574,4.665714285714287,4.496598589217424,61.36279219520345,15.329118260914193,-0.014539312022015291,0.5479823521205365
Skaha,Okanagan,2013-10-01,0.024964285714285772,1.0289285714285707,0.9927964472028954,-47.60106448624616,1.826380414838372,-1.3878734295888404,-0.38218252999441926
Skaha,Okanagan,2013-11-01,0.03396428571428567,-1.2328571428571422,1.3594072567814557,2.617897615501917,-1.436072826826214,9.211668112714374,0.4169769287109375
Skaha,Okanagan,2013-12-01,-0.014479999999999826,-1.5192592592592593,1.0494779519460824,-30.687319722750942,0.9122371377290821,-5.825924238672968,-0.3315067997685186
Skaha,Okanagan,2014-01-01,0.004000000000000448,-4.711785714285714,0.7452324087872899,-16.476296537023572,-0.1853930617323434,-26.444202288985252,2.493882315499442
Skaha,Okanagan,2014-02-01,0.04910714285714324,0.4621428571428581,-0.044667063775705174,8.548911107936874,-1.1106131354219022,-33.50526174264294,-3.846393040248326
Skaha,Okanagan,2014-03-01,0.07211111111111101,4.4471428571428575,-2.318553870281903,12.794092571961556,-1.4657086924541671,-10.014802749667837,-0.23310089111328125
Skaha,Okanagan,2014-04-01,0.048518518518518405,-3.5749999999999993,-2.547482176201548,7.678387773921713,0.11758506713834294,-6.853038445115089,0.2708195277622769
Skaha,Okanagan,2014-05-01,0.018851851851851897,20.48392857142857,7.314904218739159,5.019037138221648,2.622650902984404,-2.742867426215007,0.6983849661690851
Skaha,Okanagan,2014-06-01,-0.0003928571428573058,-15.399642857142855,-1.3213127385824919,-6.047893070249955,-6.042989220337148,-1.8506883435223744,-0.07822418212890625
Skaha,Okanagan,2014-07-01,0.0604285714285715,-15.114285714285714,-0.5235835726905052,2.437671926080448,-2.621056038021507,-0.0024030454229670034,1.9741254534040173
Skaha,Okanagan,2014-08-01,0.005928571428571061,0.041785714285712316,-0.26931587178426497,19.179612731542356,5.67379732300261,-0.0002277221085985762,1.0611038208007812
Skaha,Okanagan,2014-09-01,0.0024642857142858077,-5.534285714285714,-0.08055966255986746,6.3515060277755495,0.872860338339315,-0.06511557589585136,0.3795253208705365
Skaha,Okanagan,2014-10-01,0.034964285714286,1.5289285714285707,0.530263181384985,13.46487500164325,1.9821972008295639,-1.776625749438868,2.4785657610212057
Skaha,Okanagan,2014-11-01,0.012964285714285761,-0.1628571428571428,-0.049175936770293305,-0.9219337620639436,4.916497372115762,-12.370258270363724,-0.2916412353515625
Skaha,Okanagan,2014-12-01,0.06752000000000002,-1.9192592592592588,2.256562725287276,-5.802802301736335,-2.214954190801816,-16.527986636868235,1.3749140986689814
Skaha,Okanagan,2015-01-01,0.050000000000000266,-1.211785714285714,2.6804410907581246,4.199734938863131,-0.006152276218886398,-9.907273575663567,1.5590678623744418
Skaha,Okanagan,2015-02-01,-0.017892857142856933,4.362142857142857,5.883726156753255,0.7939146889839321,0.710850086436819,-37.19118317323071,4.610149928501674
Skaha,Okanagan,2015-03-01,-0.004888888888888943,-0.6528571428571404,31.467530661757337,-8.305429555808331,5.040448255125999,-119.49474417737551,3.9751510620117188
Skaha,Okanagan,2015-04-01,0.048518518518518405,-5.375,29.266160532383118,-22.221153049031273,32.96829795414981,-141.0821508616209,1.544592721121652
Skaha,Okanagan,2015-05-01,-0.02614814814814803,-1.9160714285714278,-47.9295229555906,-11.849061035068843,5.272128120330834,-47.08938624077876,2.717916216169085
Skaha,Okanagan,2015-06-01,-0.06639285714285714,-4.599642857142854,-34.44401314482093,-12.53272708189408,0.8964093701381728,-2.1567783910599405,4.068321228027344
Skaha,Okanagan,2015-07-01,-0.012571428571428456,-19.314285714285717,-11.753079847299624,-5.019061337017256,-14.759312142684522,-0.0024030454229670034,1.6171918596540173
Skaha,Okanagan,2015-08-01,-0.03807142857142898,-10.558214285714287,-5.450336783334414,6.403560152258642,-7.791481808193829,-0.0002277221085985762,0.9192581176757812
Skaha,Okanagan,2015-09-01,-0.03953571428571401,-8.024285714285714,-3.119958242418111,-0.5579831382159952,1.1904401721299749,-0.06096196978257394,-1.5353916713169635
Skaha,Okanagan,2015-10-01,0.005964285714285644,-2.8010714285714293,-2.7198003029168056,-14.331069826896837,-2.692670875278832,-2.023272738110141,3.0453077043805807
Skaha,Okanagan,2015-11-01,-0.019035714285714267,-0.7028571428571428,-2.274199281860742,21.050980929950512,3.606955095684887,7.870470473010624,0.0618438720703125
Skaha,Okanagan,2015-12-01,-0.05047999999999986,-2.8392592592592587,-2.3633832358798283,20.784717958627482,-0.3326228577659802,21.943104901799444,0.7188472041377314
Skaha,Okanagan,2016-01-01,-0.004999999999999893,-5.721785714285714,-2.503866603676995,-1.22324931102672,-0.25165202040052953,15.056030824780464,0.6888286045619418
Skaha,Okanagan,2016-02-01,0.03710714285714323,-6.277857142857142,-1.2079520711267833,1.9887396192643791,0.6376513043895622,18.898680007883485,2.961926051548549
Skaha,Okanagan,2016-03-01,-0.007888888888889056,3.3471428571428596,5.560122739552753,34.437418025585686,5.491287863800868,10.923906628574656,2.0464706420898438
Skaha,Okanagan,2016-04-01,0.07151851851851854,15.825,47.63399073064128,-31.008604128146544,27.48761943491575,-69.66222263872623,5.364813668387277
Skaha,Okanagan,2016-05-01,-0.006148148148148014,23.083928571428572,-13.936194266924375,-0.8400868703444928,8.739390842882656,-49.45229177662571,1.965657915387835
Skaha,Okanagan,2016-06-01,-0.013392857142857206,-10.799642857142853,-32.55441435612738,-7.123347126512925,2.4995461405654,-2.1265918395259678,1.1817855834960938
Skaha,Okanagan,2016-07-01,-0.019571428571428573,5.585714285714285,-8.124536502041984,43.93061813919173,-0.23674451845830902,-0.0024030454229670034,-1.6048235212053577
Skaha,Okanagan,2016-08-01,0.01892857142857096,-4.158214285714287,-3.0917375957609963,-7.153489060718648,-2.1315316095881727,-0.0002277221085985762,0.6206130981445312
Skaha,Okanagan,2016-09-01,0.016464285714286042,-0.5342857142857156,-1.4079553927461212,-2.5096394425158266,0.8830024411768775,-0.06551753779428436,-1.0925510951450885
Skaha,Okanagan,2016-10-01,0.05196428571428591,1.22892857142857,1.9764341174907578,65.87084261160011,1.9145921458922608,-0.6754393086469332,-0.26618521554129426
Skaha,Okanagan,2016-11-01,0.11396428571428574,10.017142857142856,2.3761652898558943,-9.103278945466243,3.612002573000998,-12.925517445962345,2.9911956787109375
Skaha,Okanagan,2016-12-01,0.011519999999999975,7.25074074074074,4.404752772879201,-13.905397875027518,3.1265751569864935,-14.209019503107783,-3.3683415165653936
Skaha,Okanagan,2017-01-01,-0.006999999999999673,0.3882142857142856,4.243702877699564,-33.34783035929182,0.44315746110104975,-35.97489558160305,-4.679640633719308
Skaha,Okanagan,2017-02-01,-0.03389285714285695,-3.537857142857142,2.9055921877443325,16.154642595211044,-0.4295679976686577,-32.45994528489453,-2.585559300013951
Skaha,Okanagan,2017-03-01,0.006111111111110734,-4.252857142857142,2.3376067001663614,58.99773938082424,-2.82776577504202,-1.2192880468709006,-0.6392593383789062
Skaha,Okanagan,2017-04-01,0.033518518518518725,2.8249999999999993,20.382404878286515,49.16505058645271,-9.915152269448818,38.77387009561062,-1.027184622628348
Skaha,Okanagan,2017-05-01,0.09285185185185174,40.58392857142857,98.19372379986036,13.343578522575882,-1.6734982242009409,24.217732741297887,0.5502831595284601
Skaha,Okanagan,2017-06-01,0.10560714285714301,48.70035714285714,9.493088582530618,-39.41884449367146,-2.841353665904279,-1.8717795111045734,0.8658676147460938
Skaha,Okanagan,2017-07-01,0.005428571428571338,44.385714285714286,-3.0775717625926617,-33.12793171478136,-19.02015203709847,-0.0024030454229670034,1.6548810686383923
Skaha,Okanagan,2017-08-01,-0.034071428571428974,26.84178571428571,-2.972588783969904,-30.855364844163496,-15.467605798871126,-0.0002277221085985762,2.9057693481445312
Skaha,Okanagan,2017-09-01,-0.03053571428571411,1.5657142857142858,-2.7139545688571936,-28.826255428222275,-11.840066498345031,-0.04558495732277988,1.4767848423549115
Skaha,Okanagan,2017-10-01,-0.04303571428571429,-1.2910714285714295,-2.2464647720750825,-2.1787607630748056,-3.9048288246184306,-0.2020069493612806,-0.47053091866629426
Skaha,Okanagan,2017-11-01,-0.007035714285714256,0.7771428571428576,-2.00483110737488,28.854379114428795,-2.8632507486950747,18.84687442465552,-1.0113067626953125
Skaha,Okanagan,2017-12-01,-0.03548000000000018,-1.5692592592592591,-3.2912980720909584,4.919641625343104,1.1296741106182,8.329083660134557,0.0907954463252314
Skaha,Okanagan,2018-01-01,0.03500000000000014,-0.5117857142857147,-3.468156192996373,28.37804966007492,-0.2803112807520896,28.525428846478462,1.2309428623744418
Skaha,Okanagan,2018-02-01,-0.01389285714285693,4.562142857142856,-3.3988766554102767,26.223088992992416,2.374938572432127,78.26918283743518,-2.629229954310826
Skaha,Okanagan,2018-03-01,0.012111111111110962,14.247142857142862,-6.934347820788389,8.367547574120437,1.394637345323905,111.53148061462812,-0.6449356079101562
Skaha,Okanagan,2018-04-01,-0.06948148148148148,41.325,-9.604810651840772,43.71493458165787,-6.586121391072602,164.8912038654089,-0.2873469761439731
Skaha,Okanagan,2018-05-01,0.10385185185185186,34.58392857142857,125.02609900963891,-25.985623391794178,-0.14276503186140133,15.407234920920537,3.568502153669085
Skaha,Okanagan,2018-06-01,-0.06639285714285714,34.60035714285715,-8.009987650439143,-5.830655094801585,-6.785758554802413,-2.1327079658407047,0.07418060302734375
Skaha,Okanagan,2018-07-01,-0.009571428571428342,13.785714285714288,-4.216637362592984,-15.266786631920176,-12.104205080374541,-0.0023163477552553707,1.0085492815290173
Skaha,Okanagan,2018-08-01,0.10192857142857115,-10.058214285714287,-2.57404267592522,-7.451583938226186,-7.871425606676247,-0.0002277221085985762,0.9322891235351562
Skaha,Okanagan,2018-09-01,-0.014535714285714096,-5.8342857142857145,-0.7185892588625258,32.63226842266574,-3.270649675479426,-0.048532676944950434,-1.6783360072544635
Skaha,Okanagan,2018-10-01,0.03196428571428589,4.12892857142857,-1.128793485154997,-4.920343687574913,0.848184025796531,-1.1762207702434222,0.025105067661830738
Skaha,Okanagan,2018-11-01,0.03196428571428589,2.097142857142858,0.8846283214682309,-2.2374804497563474,1.6532818959344038,-11.145054994683182,1.5388946533203125
Skaha,Okanagan,2018-12-01,-0.02748000000000017,0.8207407407407405,0.7893700924426046,-3.1071820089386506,1.15810257213727,-25.624180695524927,1.9736994990596064
Skaha,Okanagan,2019-01-01,-0.03599999999999959,0.288214285714286,1.078862975971008,-17.219858310584513,0.4815462765839535,-25.20683966577053,3.353379385811942
Skaha,Okanagan,2019-02-01,0.047107142857143014,-1.9378571428571423,0.5154211357876193,-13.373831374337897,0.9930732482124378,-36.74037834363324,-6.395984104701451
Skaha,Okanagan,2019-03-01,-0.02388888888888907,-3.0528571428571407,2.9415032076940406,-35.03669852424147,-5.339484791225654,-59.67614107898302,-0.9810562133789062
Skaha,Okanagan,2019-04-01,-0.04148148148148145,-8.274999999999999,-0.007234661357607308,9.123385971179232,6.308348737158148,-102.30780579149723,0.9189518519810269
Skaha,Okanagan,2019-05-01,-0.06914814814814818,-23.61607142857143,-47.136393284225576,-26.273102763557944,7.877880208460354,-41.234062493978335,2.695699419294085
Skaha,Okanagan,2019-06-01,-0.12339285714285708,-25.609642857142852,-33.73530227690935,-17.357511200576226,-5.76549933092403,-2.1524277445608777,0.8626022338867188
Skaha,Okanagan,2019-07-01,-0.012571428571428456,-20.014285714285712,-8.518970297050792,32.21040689407216,-4.209228084489169,-0.0024030454229670034,-1.3573259626116077
Skaha,Okanagan,2019-08-01,-0.01607142857142918,-9.758214285714288,-3.4849073823092382,-7.155726563204162,-7.995917357870248,-0.0002277221085985762,0.8971328735351562
Skaha,Okanagan,2019-09-01,0.035464285714285726,-5.234285714285715,-0.6397041995244628,58.50395552572861,3.3498140068591695,0.7155417273424344,-1.0024021693638385
Skaha,Okanagan,2019-10-01,0.015964285714285875,0.1289285714285704,-0.1755407377329128,-14.570756867345025,2.0576876475908144,1.6534097397067984,-2.5536302839006693
Skaha,Okanagan,2019-11-01,-0.03603571428571417,2.917142857142858,0.6494932365187971,-41.17538113080498,0.20534566699227774,-15.422836112390673,1.1658172607421875
Skaha,Okanagan,2019-12-01,-0.043480000000000185,1.9507407407407413,2.3136027987304804,8.883629899678965,1.1661187856791204,-40.195795258990046,2.3638057002314814
Skaha,Okanagan,2020-01-01,-0.01399999999999979,5.488214285714285,2.315287902872244,44.60742026900074,0.22074490690674306,-10.21989993751049,0.7819072178431918
Skaha,Okanagan,2020-02-01,-0.01289285714285704,13.862142857142857,3.3151535426441114,18.228586443001404,-0.9444080663862613,17.024948394724305,2.328838893345424
Skaha,Okanagan,2020-03-01,-0.07488888888888923,13.847142857142856,-0.6626504582527559,-15.32881632946166,-0.7250520632494171,20.033865634884165,0.09420013427734375
Skaha,Okanagan,2020-04-01,-0.1144814814814814,8.525000000000002,-1.2753747016956467,-23.641029983991757,-12.947910810388358,29.30413745343685,0.3935612269810269
Skaha,Okanagan,2020-05-01,0.07085185185185194,13.88392857142857,34.888686703717596,29.38998638793626,2.0349456130393975,-16.176372275887324,0.3570153372628351
Skaha,Okanagan,2020-06-01,0.101607142857143,41.400357142857146,3.8252107333391905,18.35828112754305,1.8317529299695536,-2.048894967713163,-0.7124710083007812
Skaha,Okanagan,2020-07-01,-0.020571428571428463,36.485714285714295,5.907146534549874,1.9630038181536023,1.3050029603099205,-0.0019222674810645151,-0.8078569684709827
Skaha,Okanagan,2020-08-01,-0.046071428571428985,19.94178571428571,3.233952596409445,-16.464655361622654,-0.8071141907878783,-0.0002277221085985762,0.28058624267578125
Skaha,Okanagan,2020-09-01,-0.000535714285714306,1.9657142857142844,1.1680793561806375,-16.40049608665452,-7.612252000918879,-0.06312152948164039,2.7006007603236615
Skaha,Okanagan,2020-10-01,-0.0630357142857143,3.1289285714285704,1.3155525718632681,25.5960360581022,0.5995181044064744,6.687998482708021,0.46269662039620574
Skaha,Okanagan,2020-11-01,-0.05803571428571441,6.317142857142857,-0.4805418523444267,-10.965912453165018,-1.7543249591004244,7.392457985718334,0.2327117919921875
Skaha,Okanagan,2020-12-01,-0.03847999999999985,3.9507407407407413,-0.09420430136809976,16.756325701458593,-0.17737379291955024,6.903571525105718,2.1520442256221064
Skaha,Okanagan,2021-01-01,0.058000000000000274,-0.011785714285714732,-0.24825388131180937,5.723055502000662,0.5072511088804228,31.155185773968697,1.3344584873744418
Skaha,Okanagan,2021-02-01,0.03710714285714323,2.462142857142858,-0.5717906351492275,15.07773288176395,0.5483728597417732,45.823200738855775,-2.967242649623326
Skaha,Okanagan,2021-03-01,-0.052888888888888985,-2.252857142857142,-3.1331076279457193,-35.461542504240896,4.785266509965628,34.84316116997175,1.1209335327148438
Skaha,Okanagan,2021-04-01,-0.08148148148148149,-1.9749999999999979,-7.894301701786127,-29.637822444783524,-2.2662002551701974,16.854872927069664,1.646490914481027
Skaha,Okanagan,2021-05-01,-0.0011481481481481204,-5.116071428571431,-20.95320415849399,-29.466246169509503,4.775806762544178,-16.260612265406444,0.3626305716378351
Skaha,Okanagan,2021-06-01,-0.09839285714285717,-15.099642857142854,-14.731065602973104,-42.042147937796216,-4.118944302068229,-2.019173430282858,4.415245056152344
Skaha,Okanagan,2021-07-01,-0.1635714285714287,-19.414285714285715,-6.599397065916229,-27.11811732712834,-18.31545423816091,-0.0024030454229670034,3.8614240373883923
Skaha,Okanagan,2021-08-01,-0.15407142857142908,-9.558214285714287,-3.6035112539788585,4.7689743647164775,-3.6905872527443435,-0.0002277221085985762,0.10724639892578125
Skaha,Okanagan,2021-09-01,-0.1345357142857142,-5.534285714285714,-2.1796265770847505,12.057343420955085,-4.5552880952267785,-0.06484760126847432,-0.5165012904575885
Skaha,Okanagan,2021-10-01,-0.12303571428571436,-1.7210714285714293,-1.4272808278162437,15.034432470981429,1.6604984765373452,-0.23423490139456193,-0.39362662179129426
Skaha,Okanagan,2021-11-01,-0.08303571428571432,-1.9428571428571422,5.999748469288793,48.524945658365525,-0.8344110860239855,-4.5085779191660045,0.9973907470703125
Skaha,Okanagan,2021-12-01,-0.04748000000000019,-2.7192592592592586,8.650180064486685,25.4064958749546,2.3496759497195145,-14.048645755758997,-2.7647343388310186
Skaha,Okanagan,2022-01-01,0.007000000000000117,-5.301785714285714,9.814359584977085,-12.653151826400844,-0.12014460215478298,-2.2020619362592697,-1.1247089930943082
Skaha,Okanagan,2022-02-01,0.03210714285714289,-8.857857142857142,7.393454299744917,-18.984363501658663,1.6758654961839576,-22.85020133214337,-0.23213522774832596
Skaha,Okanagan,2022-03-01,0.07011111111111079,-12.322857142857142,11.581077724258648,-2.543243537989582,-0.2998593757053767,-36.053032215152456,1.3443832397460938
Skaha,Okanagan,2022-04-01,0.06351851851851853,-15.444999999999999,2.008298730028663,-6.056362908566371,4.864909923136501,-47.90707863867283,-1.877770560128348
Skaha,Okanagan,2022-05-01,0.006851851851851887,-19.01607142857143,-16.752011749693864,14.739433621538666,-4.7728866671345,3.5405685443298083,-2.49170902797154
Skaha,Okanagan,2022-06-01,0.0886071428571431,23.900357142857146,32.40321180783212,39.52261457535704,3.6782792137403533,0.9020019996638848,-0.9689407348632812
Skaha,Okanagan,2022-07-01,-0.02757142857142858,35.08571428571429,11.294323526921552,2.43436619660185,12.203646599248586,-0.0024030454229670034,1.1962018694196423
Skaha,Okanagan,2022-08-01,-0.03107142857142886,9.341785714285713,4.1322087958438445,-14.953395658657037,-5.210721179277506,-0.0002277221085985762,2.9404373168945312
Skaha,Okanagan,2022-09-01,0.04446428571428562,-2.6342857142857135,-5.345261857395858,-44.51651765391164,-32.72781547691141,-0.06551753779428436,2.0504237583705365
Skaha,Okanagan,2022-10-01,0.030964285714286,-1.3710714285714296,-5.374699403806257,-56.4122500301372,-22.589933295551287,-0.6382223779967586,4.582691737583706
Skaha,Okanagan,2022-11-01,0.0029642857142855306,0.9371428571428577,-5.979470656062144,-50.10419300690826,-5.579988402522369,19.054052719314182,-3.6461334228515625
Skaha,Okanagan,2022-12-01,-0.06147999999999998,-0.5292592592592591,-5.623784568106876,-36.801248349042396,-2.8063045008618954,21.110681334027532,-4.680200647424769
Skaha,Okanagan,2023-01-01,-0.055999999999999606,-3.331785714285714,-6.032608090338597,-41.20451358280012,-0.10749911128523795,25.30965395271778,0.7122661045619418
Skaha,Okanagan,2023-02-01,-0.041892857142856954,-1.4378571428571423,-6.059141789592104,-25.730944791575894,-0.988789950822268,17.682089603372987,-1.272571018763951
Skaha,Okanagan,2023-03-01,-0.07988888888888912,2.047142857142859,-10.553907999565126,-49.571556172200616,-4.796796607739192,32.85683638283186,-0.8698501586914062
Skaha,Okanagan,2023-04-01,-0.05448148148148135,-12.274999999999999,-33.86847852587899,-20.38320424617268,-18.387705287230865,62.234630808234215,-1.086999075753348
Skaha,Okanagan,2023-05-01,-0.014148148148148021,-0.1160714285714306,-76.82977270035606,-43.00445885954625,-49.34080187064994,-33.627097935615375,4.13670894077846
Skaha,Okanagan,2023-06-01,-0.07939285714285704,-11.199642857142855,-52.53124691080302,-47.1169083487309,-60.757702698798056,-2.136640888322613,2.0852584838867188
Skaha,Okanagan,2023-07-01,-0.0685714285714285,-18.914285714285715,-21.049260294863153,-28.27089845647736,-61.63093464316002,-0.0024030454229670034,1.3245588030133923
Skaha,Okanagan,2023-08-01,-0.15607142857142886,-9.758214285714288,-11.16238830997775,-18.635648085754447,-40.7256652376548,-0.0002277221085985762,1.5280838012695312
Skaha,Okanagan,2023-09-01,-0.1135357142857143,-6.034285714285714,-7.408579081779212,-31.854186516803956,-32.162609776215895,-0.05521627884087975,-0.14720807756696352
Skaha,Okanagan,2023-10-01,-0.0760357142857142,-0.5710714285714307,-6.548762971111241,-51.93869221797546,-21.55729973414314,-0.8153141804671447,1.1869703020368307
Skaha,Okanagan,2023-11-01,-0.0590357142857143,-1.1328571428571426,-6.3355439436106415,-65.47448873919036,-7.1302072059812165,-10.700492820303356,0.3994598388671875
Skaha,Okanagan,2023-12-01,-0.0724800000000001,-1.8992592592592592,-5.290525489491065,-38.15463420728014,-2.134235724750195,-43.737268558254954,3.2730464228877314
Skaha,Okanagan,2024-01-01,-0.0689999999999995,-4.601785714285714,-5.4573784556331315,-29.182326115135638,0.28342386159810723,-62.23532371222973,-1.4506367274693082
Skaha,Okanagan,2024-02-01,0.002107142857143085,-7.917857142857143,-4.5012052469246555,-17.95137333101593,-1.030501733436852,-79.34769322829587,2.559582301548549
Skaha,Okanagan,2024-03-01,-0.05888888888888921,-11.65285714285714,3.6969868997402955,-20.713301101100768,-3.285130229674645,-96.35798686317034,1.3462142944335938
Skaha,Okanagan,2024-04-01,-0.06548148148148147,-16.605,-6.640693786071743,-0.10928037227131426,25.560665297754376,-109.08214934170246,0.7536686488560269
Skaha,Okanagan,2024-05-01,0.005851851851851997,-24.91607142857143,-53.43331352508228,-16.730649078713867,5.0900748132595055,-36.55819732063849,-0.4912207467215399
Skaha,Okanagan,2024-06-01,-0.07139285714285704,-23.699642857142855,-30.413232743740082,-7.896396086185376,1.391067385806565,-1.9771565940503524,-0.5060501098632812
Skaha,Okanagan,2024-07-01,-0.09657142857142853,-20.314285714285717,-9.58002825999366,-21.899110299792873,-6.460119496166172,-0.0024030454229670034,3.2288556780133923
Skaha,Okanagan,2024-08-01,-0.07407142857142901,-6.358214285714288,-3.920394836833502,31.22711645716793,3.1132788738302324,0.000355516721078126,0.6371231079101562
Skaha,Okanagan,2024-09-01,-0.013535714285714207,-4.934285714285714,-2.88354317100519,-23.416503525887883,6.205985929617391,-0.06480819326095043,1.9654933384486615
Skaha,Okanagan,2024-10-01,-0.006035714285714366,-1.6210714285714296,-1.8001317460272865,0.3800687326085068,-0.43313079472032356,-1.6186941336075376,1.1670728410993307
Skaha,Okanagan,2024-11-01,-0.050035714285714405,-0.7528571428571427,-2.382370361634198,-1.8453750193917386,0.2743662740353354,1.479267442066753,0.4794464111328125
Skaha,Okanagan,2024-12-01,-0.03747999999999996,-2.239259259259259,-2.2962667323924872,1.7078295091374116,-0.48488851078016326,-4.394377133360621,3.0512141474971064
Vaseux,Okanagan,1994-01-01,0.0185357142857141,,0.23330451949732378,-15.784336262316046,-0.6118234014138579,-21.492954077465185,3.2628827776227682
Vaseux,Okanagan,1994-02-01,-0.00535714285714306,,-0.7084438823637491,27.72782221187039,-0.6881159830040164,-31.3369142157691,-2.088099888392857
Vaseux,Okanagan,1994-03-01,0.0917857142857148,,0.2764531953809115,-17.655430831447504,-4.065505154098251,-26.366640946694787,0.5585065569196429
Vaseux,Okanagan,1994-04-01,0.05228571428571449,,20.331600878437584,6.553413882751819,3.1595918283398667,-74.7387824313981,1.2767726353236606
Vaseux,Okanagan,1994-05-01,-0.19324999999999992,,-23.71120669080743,-13.270118390209973,9.34893807529339,-46.23463946960068,0.5493076869419635
Vaseux,Okanagan,1994-06-01,-0.09192857142857136,,-25.647848254136207,16.367107143326265,4.306177808237933,-2.176000426127597,-1.1408778599330365
Vaseux,Okanagan,1994-07-01,-0.0048571428571442254,,-5.101422469514155,-16.816093269881094,4.874959055866512,-0.0023886163195945592,0.9471522739955347
Vaseux,Okanagan,1994-08-01,0.047821428571428015,,-1.345787726417516,24.37503296563851,7.442499344636289,-0.000224296228828231,-0.5756923130580347
Vaseux,Okanagan,1994-09-01,-0.012035714285715038,,-1.3883030416244377,-28.139040275293937,-1.313981566844241,-0.06496781698319053,2.097887311662946
Vaseux,Okanagan,1994-10-01,-0.026999999999999247,,-1.373465735274035,4.309351100736038,-3.6641018481792074,-0.108420351742617,0.1836329868861606
Vaseux,Okanagan,1994-11-01,-0.010857142857142676,,-3.1097184286669037,-6.413583968034274,-2.6702827640942166,27.030783555736498,-3.9087960379464284
Vaseux,Okanagan,1994-12-01,-0.022074074074073913,,-2.6879310500118194,17.568980856729596,-1.1608531802064843,55.43380741167951,-0.7727909794560182
Vaseux,Okanagan,1995-01-01,-0.04546428571428596,,-3.3972800956689753,-6.549405640855966,-0.24991098325699568,59.20945507075106,-1.0236162458147318
Vaseux,Okanagan,1995-02-01,0.023642857142856855,,-3.035332496697915,3.4637892593829207,4.663529888992863,62.29038962296076,1.4985700334821428
Vaseux,Okanagan,1995-03-01,-0.02121428571428563,,-5.988938560351796,-2.3785072886052347,2.427467219864151,56.74133715885026,-1.1385149274553572
Vaseux,Okanagan,1995-04-01,-0.07571428571428562,,-21.50926195359456,-9.576874248783234,-5.089716619944998,73.17999324628286,-1.8252781459263394
Vaseux,Okanagan,1995-05-01,0.038750000000000284,,-11.713790540982572,-35.518998629413545,-0.5912749828504644,40.55037664615416,-0.017098563058036476
Vaseux,Okanagan,1995-06-01,-0.06492857142857122,,15.032517382808564,21.25815020657943,-0.8621455968490608,-0.844422989369217,-0.4777919224330365
Vaseux,Okanagan,1995-07-01,-0.02285714285714313,,5.316694052973098,18.97400585221476,-2.44870416021773,-0.0023886163195945592,-1.6146153041294653
Vaseux,Okanagan,1995-08-01,0.05082142857142813,,3.2609610300694065,30.243536440268926,14.304385354210226,-0.000224296228828231,-4.321053641183035
Vaseux,Okanagan,1995-09-01,0.06396428571428547,,1.266037018337686,-25.703721964548876,3.8121249859354336,-0.06509187217419919,1.6769888741629462
Vaseux,Okanagan,1995-10-01,0.0030000000000001137,,1.2394093698406188,5.794388718121425,4.068930492004647,-0.6990936503176011,-1.2344578334263394
Vaseux,Okanagan,1995-11-01,0.04014285714285659,,3.4966370263386377,74.78358145038199,-5.168467094855649,20.653898678054766,0.06898716517857142
Vaseux,Okanagan,1995-12-01,0.08292592592592651,,2.512556133162299,15.03477832388684,-0.5934369853801198,50.56899551440168,-1.4309941044560182
Vaseux,Okanagan,1996-01-01,0.14953571428571433,,3.715954582730774,-0.91479696233624,0.47081022057682276,60.52643459822451,-3.9043535505022318
Vaseux,Okanagan,1996-02-01,0.14364285714285785,,3.395280380313384,11.14185307856782,0.048910350804882485,69.30600532463617,-1.2083391462053572
Vaseux,Okanagan,1996-03-01,0.11378571428571416,,0.384651778274149,-26.493995105348787,1.076261122112295,61.37625394122941,-1.2255510602678572
Vaseux,Okanagan,1996-04-01,0.17028571428571393,,27.061046764304464,13.954138453950044,-14.853523212618061,32.87254593202047,-1.2924412318638394
Vaseux,Okanagan,1996-05-01,0.036749999999999616,,46.95430414618126,43.500086991116405,-15.638334842930945,48.4402881785562,-3.9167567661830365
Vaseux,Okanagan,1996-06-01,0.29707142857142976,,55.9975254665395,-23.61943947367503,-1.1918058485857017,5.354305002062734,-1.3579188755580365
Vaseux,Okanagan,1996-07-01,0.049142857142856045,,7.610668214121169,-9.489367923379177,5.59839413368276,-0.0018071075762143046,-0.2130039760044653
Vaseux,Okanagan,1996-08-01,0.028821428571429664,,1.98101036429372,-6.817213276787825,-2.960443663011702,-0.000224296228828231,-0.4484950474330347
Vaseux,Okanagan,1996-09-01,-0.013035714285714484,,2.1807689544013034,43.5772706467625,6.130573373021825,-0.02712322960109402,-2.370252336774554
Vaseux,Okanagan,1996-10-01,0.016000000000000014,,0.8552013220781056,12.093586159088389,-2.6116456387431484,8.515780357421527,-2.0898045131138394
Vaseux,Okanagan,1996-11-01,-0.01185714285714301,,0.38742941667026365,12.642952289232724,-2.923136843102319,25.33702816747661,-2.9891183035714284
Vaseux,Okanagan,1996-12-01,-0.003074074074073785,,0.6213468549065979,39.11345200699374,-1.5049521914786763,66.53165582705427,-3.524622034143518
Vaseux,Okanagan,1997-01-01,0.028535714285714775,,0.49069940723711625,27.951966031521025,0.8424954721704125,112.99144130732333,-0.5092119489397318
Vaseux,Okanagan,1997-02-01,0.05964285714285733,,-0.2220950102907544,-13.838543186596198,-1.276309518808765,120.58239110878534,0.5775495256696428
Vaseux,Okanagan,1997-03-01,0.15078571428571497,,-2.8257005480034945,20.216492931857445,-0.5808765251588612,140.40095625179154,-1.0725969587053572
Vaseux,Okanagan,1997-04-01,0.13028571428571478,,-12.835324544409687,-3.6254436002179418,-6.065013918227383,163.3673342210906,-2.3420017787388394
Vaseux,Okanagan,1997-05-01,0.17675000000000018,,113.58751792327634,22.331018233671784,-15.140815338652047,75.8843155428102,-1.1508876255580365
Vaseux,Okanagan,1997-06-01,0.2670714285714286,,47.317757395960925,20.58933021284507,5.805672345949077,-0.44001082967299565,-1.6855555943080365
Vaseux,Okanagan,1997-07-01,0.2881428571428568,,14.081561490976519,47.59648770777858,22.897695124681505,-0.0023886163195945592,-2.9022129603794653
Vaseux,Okanagan,1997-08-01,0.3418214285714285,,7.444951736293401,-4.824614460501053,9.044969753761379,-0.000224296228828231,-0.4021083286830347
Vaseux,Okanagan,1997-09-01,0.20896428571428505,,6.277458180972774,39.770594396811376,13.158184509458287,-0.05947837446841829,-0.5792367117745538
Vaseux,Okanagan,1997-10-01,0.15700000000000003,,5.150234404676926,17.099420550429002,3.795500470524921,-0.6921620492253817,-1.2233494349888394
Vaseux,Okanagan,1997-11-01,-0.03085714285714314,,4.034905385716618,-48.86620174927104,0.03205678824867508,-15.270688720712705,1.1897147042410714
Vaseux,Okanagan,1997-12-01,0.10192592592592575,,5.341735475532779,-31.5521743139942,2.0114345372551017,-47.28789675842833,-0.0014286747685181567
Vaseux,Okanagan,1998-01-01,0.022535714285714548,,4.557278974971268,28.63610767859167,-0.7067368132993579,-38.77561140273298,-1.4309648786272318
Vaseux,Okanagan,1998-02-01,0.01864285714285696,,3.6456952090832466,-10.366148410996956,-0.9423409688419528,-34.064422760690974,2.226475306919643
Vaseux,Okanagan,1998-03-01,0.01978571428571474,,3.7057126599912795,-2.356211658999584,-4.595995340163687,-31.207238457032616,-0.1529192243303571
Vaseux,Okanagan,1998-04-01,0.006285714285714228,,10.440106468325084,-13.045162590320352,-7.607689227110573,-37.864786173616125,-0.2910984584263394
Vaseux,Okanagan,1998-05-01,-0.10725000000000051,,-6.7536445068461575,4.906532587483525,1.4171072481466211,-45.46264337009883,0.7097080775669635
Vaseux,Okanagan,1998-06-01,-0.0009285714285702795,,-20.115509271688225,10.979610940142138,3.249960219753646,-2.1757057953189576,-0.6071864536830365
Vaseux,Okanagan,1998-07-01,-0.027857142857143913,,-1.0435150283488568,-2.0371926693769637,19.941867728318485,-0.0023886163195945592,1.1175624302455347
Vaseux,Okanagan,1998-08-01,-0.0331785714285715,,0.10103731827777196,-24.185158678717144,3.0836568413568415,-0.000224296228828231,1.1249912806919653
Vaseux,Okanagan,1998-09-01,0.07996428571428549,,-0.5996785850064565,-21.472961577403893,-5.153424073276774,-0.06509187217419919,2.848009381975446
Vaseux,Okanagan,1998-10-01,0.05200000000000049,,-0.8102493687017294,-6.364957651905044,2.6729887800424237,-1.7404362419516213,0.012856619698660587
Vaseux,Okanagan,1998-11-01,0.030142857142856805,,-0.6269869222056261,44.662723459103816,-1.7519754224589894,1.7759528376960318,0.48390415736607145
Vaseux,Okanagan,1998-12-01,-0.06007407407407417,,-1.3373727453182696,38.928165147943346,0.03756758653455311,35.18093142796445,-1.7249394169560182
Vaseux,Okanagan,1999-01-01,-0.01146428571428526,,-1.4053845588932745,16.562587573259535,0.3499706508591771,61.12395626093661,1.1989179338727682
Vaseux,Okanagan,1999-02-01,0.01664285714285718,,-1.598288783757848,43.430204873272615,-0.012812121505183738,108.23937186173029,0.3274274553571428
Vaseux,Okanagan,1999-03-01,0.05178571428571477,,-4.245283999937653,-7.577293789446614,3.0262228849876136,137.2475427176271,-0.8160051618303571
Vaseux,Okanagan,1999-04-01,0.05928571428571505,,-17.751590151289875,-24.176682740549687,-4.248501832730003,155.72959503957205,-2.0546482631138394
Vaseux,Okanagan,1999-05-01,0.008749999999999147,,7.737020662586602,-6.036687875166535,-25.563838126670035,131.52727799855973,-3.9025966099330365
Vaseux,Okanagan,1999-06-01,-0.1789285714285711,,81.03249607042277,-1.7184834203882389,-10.173378312694169,25.122911873429235,-2.2329188755580365
Vaseux,Okanagan,1999-07-01,0.032142857142856585,,20.07253574681402,19.5974317866785,6.960152581866296,0.043108626943931326,-3.1644199916294653
Vaseux,Okanagan,1999-08-01,0.012821428571428761,,6.84696656597745,16.79810612144398,3.010223453332273,0.00397807360817483,0.0607822963169653
Vaseux,Okanagan,1999-09-01,-0.12103571428571502,,2.8299953763572763,-15.763666649166097,2.9128305946609814,0.34612007736610295,-1.1740853445870538
Vaseux,Okanagan,1999-10-01,-0.032999999999999474,,1.5206670411446659,-9.627084703034981,0.15536541884232946,-1.0738101240609206,-0.3665379115513394
Vaseux,Okanagan,1999-11-01,0.0071428571428571175,,2.0303356983017036,18.391149725565427,0.834400499505656,-10.05028296328549,1.2843191964285714
Vaseux,Okanagan,1999-12-01,0.011925925925925895,,1.0583094370775612,-3.4447691394706084,-0.9082174963421292,3.054579236993078,1.0318965205439818
Vaseux,Okanagan,2000-01-01,-0.049464285714285516,,1.1277308003627695,-8.56068579845929,-0.7472861325368285,-0.9829064032861083,-1.5945390973772318
Vaseux,Okanagan,2000-02-01,-0.02035714285714274,,0.813600710638898,-4.877598819023532,-2.2110272298700044,-6.191010986055659,0.3387799944196428
Vaseux,Okanagan,2000-03-01,-0.0932142857142857,,-2.866942771236479,-1.2428232044580199,0.551848281507513,10.627831199339454,-0.1589006696428571
Vaseux,Okanagan,2000-04-01,0.025285714285714356,,-0.9751725363977499,6.969372812558767,-7.5802384942237815,4.588949893202113,-0.1805027553013394
Vaseux,Okanagan,2000-05-01,-0.00024999999999941735,,-0.3478697700692095,2.0765105728060007,-1.7552959533142172,7.308814100854633,-1.9148036411830365
Vaseux,Okanagan,2000-06-01,-0.03392857142857153,,18.420405810632346,-10.732891990171211,-1.2074380980006225,0.8908300373397435,-0.6179286411830365
Vaseux,Okanagan,2000-07-01,-0.025857142857143245,,5.409312220373458,33.527606192365056,-0.9334819125277676,0.01642900550205947,-1.9879063197544653
Vaseux,Okanagan,2000-08-01,0.06482142857142925,,1.8887025601413505,-7.06118405183328,-2.9552180120455347,-0.000224296228828231,-1.4362880161830347
Vaseux,Okanagan,2000-09-01,0.016964285714285765,,1.0646277431598197,3.4786579843577243,3.040556829156621,-0.0471116221244675,-1.7443978445870538
Vaseux,Okanagan,2000-10-01,-0.015999999999999126,,-0.05693641495392043,-25.044765196590944,-1.8783511144907337,-1.7877788317751504,0.10843767438616059
Vaseux,Okanagan,2000-11-01,-0.00985714285714323,,-1.820667722703158,-56.64410148580957,0.2911134756037166,-10.083933510551496,-2.8849923270089284
Vaseux,Okanagan,2000-12-01,0.0019259259259261086,,-1.7160344033510668,-28.817765832947643,-0.15628674171037144,-34.19367831062388,-2.417810510706018
Vaseux,Okanagan,2001-01-01,-0.013464285714285928,,-2.4015973540372215,-36.08935373735481,0.12418499682098627,-65.64730006669248,-0.5978349958147318
Vaseux,Okanagan,2001-02-01,-0.021357142857143074,,-2.9255832326141125,-27.610464350021047,-0.9775710391945072,-84.90218541451864,-1.9234270368303572
Vaseux,Okanagan,2001-03-01,-0.016214285714285737,,-5.158041561246916,-11.601008944645784,-1.9463809855681449,-108.10206564409393,0.2143903459821429
Vaseux,Okanagan,2001-04-01,-0.047714285714285154,,-22.730175208250458,11.24547754963195,-4.619498836940952,-68.10851075819559,-1.6192234584263394
Vaseux,Okanagan,2001-05-01,-0.045250000000000234,,-84.33903236540833,-27.081380365416408,13.338390571464387,-31.96529170132375,0.10033307756696352
Vaseux,Okanagan,2001-06-01,-0.08592857142857113,,-46.553278682819965,17.869402633680565,-0.17995646755609584,-2.0931082977520634,-2.1276942661830365
Vaseux,Okanagan,2001-07-01,-0.05985714285714394,,-12.641354736323201,21.88220331663615,11.586340543414863,-0.00234209562296631,-1.7359531947544653
Vaseux,Okanagan,2001-08-01,-0.03617857142857073,,-4.098017734317441,4.671080835708253,18.89754489197263,-0.000224296228828231,-0.2009364536830347
Vaseux,Okanagan,2001-09-01,0.04996428571428524,,-2.31481679033355,-25.965450383539846,3.6692833860537846,-0.06509187217419919,0.5718863351004462
Vaseux,Okanagan,2001-10-01,0.0860000000000003,,-1.3445721799923511,6.758528539129273,-0.899429341578589,2.9764990636717163,-1.3528660365513394
Vaseux,Okanagan,2001-11-01,0.05714285714285694,,-1.0926863355312637,-7.236323643675334,2.59024157587971,-12.371502966353937,1.5208914620535714
Vaseux,Okanagan,2001-12-01,0.06192592592592572,,-1.2405371563983394,13.308061567066162,-0.8501723512179322,9.251085558423284,-0.6989384403935182
Vaseux,Okanagan,2002-01-01,0.05553571428571402,,-0.5830230002175085,13.740570043280186,-0.8710128022357821,6.10649984862124,-0.002498081752231762
Vaseux,Okanagan,2002-02-01,0.04864285714285721,,-0.8589319898289567,1.9175386031357817,-0.9660058754629322,11.159200753484441,-0.5126604352678572
Vaseux,Okanagan,2002-03-01,0.07278571428571468,,-4.488108957178026,-3.876547682531438,-3.0157556008946687,36.6420250918184,-3.600551060267857
Vaseux,Okanagan,2002-04-01,0.04928571428571438,,-12.92009177892136,-10.002636512841228,-14.743538673168846,56.878391121115015,-1.6026218959263394
Vaseux,Okanagan,2002-05-01,-0.011250000000000426,,10.800753420751008,26.132527738809586,-15.90202811972371,54.301540724866626,-2.7160731724330365
Vaseux,Okanagan,2002-06-01,-0.006928571428570507,,44.796955896474955,-24.783783613072174,5.302897854042911,3.9720276549152698,0.9392002650669635
Vaseux,Okanagan,2002-07-01,-0.030857142857144026,,6.273089228281087,-14.017073295690352,1.3506472376840435,-0.0023886163195945592,-0.3465488978794653
Vaseux,Okanagan,2002-08-01,0.05382142857142824,,1.3254077005383031,-11.297346459156998,-11.014701964865836,-0.000224296228828231,-1.3127528599330347
Vaseux,Okanagan,2002-09-01,0.06496428571428581,,-0.17938987834246056,-16.76055782549416,-4.405143637476222,-0.06151753184825891,-0.6569955008370538
Vaseux,Okanagan,2002-10-01,0.1280000000000001,,-1.6239622584959896,-56.37891962084852,-6.975006453493343,-1.4253980747785784,0.2711574009486606
Vaseux,Okanagan,2002-11-01,0.10714285714285676,,-2.2330940295692674,-47.346657000681645,0.5890621936747005,-15.928723999033018,1.5114920479910714
Vaseux,Okanagan,2002-12-01,0.0749259259259265,,-2.1796192051152943,16.839511739952414,0.3533730179899269,-47.86494795095038,2.456212926793982
Vaseux,Okanagan,2003-01-01,0.09653571428571439,,-3.1189072687993757,-2.8594392434959985,-1.4417202910408378,-47.07153487418378,2.1521650041852682
Vaseux,Okanagan,2003-02-01,0.06964285714285712,,-3.569400300226075,-22.015697418412728,-1.356652854675693,-58.93453529902868,1.0397077287946428
Vaseux,Okanagan,2003-03-01,0.08878571428571469,,-1.433309066799536,26.51860634380553,-4.854549578989723,-62.21987786037582,-0.1985735212053571
Vaseux,Okanagan,2003-04-01,-0.002714285714285225,,-11.739010026628549,12.17429719482815,-2.4666070073310813,-61.724808599267675,-0.7239597865513394
Vaseux,Okanagan,2003-05-01,-0.12825000000000042,,-38.223806602348176,3.240863559767604,-1.2230013297604643,-14.367458052999737,-1.3508387974330365
Vaseux,Okanagan,2003-06-01,-0.05292857142857166,,-14.202803015775444,-5.037570393012302,7.828812314463519,-1.7026755954910402,1.3525303431919635
Vaseux,Okanagan,2003-07-01,-0.08685714285714408,,-3.7782104149560567,-31.318684868892888,-16.333518616322962,-0.0023886163195945592,1.2457362583705347
Vaseux,Okanagan,2003-08-01,-0.05717857142857152,,-2.1677252422835274,-16.770324454098173,-8.634360207776936,-0.000224296228828231,0.8452061244419653
Vaseux,Okanagan,2003-09-01,0.03996428571428545,,-1.849599336440276,-15.777234854925027,-6.897446666178958,-0.0429170052750497,0.5845816476004462
Vaseux,Okanagan,2003-10-01,-0.01699999999999946,,2.81066391263656,56.30032695937969,0.23184469734717794,-1.0204742115352667,2.1404200962611606
Vaseux,Okanagan,2003-11-01,-0.049857142857143266,,-2.1621028021659843,8.414603445479386,-1.9654764660767148,10.489023140897707,-3.0597970145089284
Vaseux,Okanagan,2003-12-01,0.01692592592592579,,-1.682519683661802,-29.08369661222592,-1.64878751254744,31.636183598527197,-0.5679569950810182
Vaseux,Okanagan,2004-01-01,0.0055357142857141994,,-1.7390724169672467,2.985119345664444,0.47304772306233644,2.7287046291998536,-1.5885576520647318
Vaseux,Okanagan,2004-02-01,-0.04435714285714276,,-1.7608787004844224,-19.837320528625114,-1.6806101526266761,17.40593143871851,0.8038678850446428
Vaseux,Okanagan,2004-03-01,-0.035214285714284976,,-1.373877211465567,-11.874651889749131,-0.8807596002173215,2.8322738196168586,1.8043561662946428
Vaseux,Okanagan,2004-04-01,0.005285714285714782,,10.781829675709432,-17.129133151943925,22.428832848423294,-69.08861973455973,2.8385402134486606
Vaseux,Okanagan,2004-05-01,-0.049249999999999794,,-19.371216950405923,31.99108876287937,4.182270561744062,-43.656989574498894,-0.052743094308036476
Vaseux,Okanagan,2004-06-01,-0.06992857142857112,,-19.84493794485128,-11.847950538919704,11.323269656194114,-2.1790785463716236,1.5685947963169635
Vaseux,Okanagan,2004-07-01,-0.026857142857144467,,-3.9107030419732567,-5.56742665139609,-2.270671139870373,-0.0023886163195945592,0.5523768833705347
Vaseux,Okanagan,2004-08-01,0.07082142857142948,,-0.31166099298778605,49.12434027677851,3.2022300375891604,-0.000224296228828231,0.5705479213169653
Vaseux,Okanagan,2004-09-01,0.10796428571428596,,1.362407950052459,41.0608067821678,10.634407434346421,0.14905840514143975,-2.248914446149554
Vaseux,Okanagan,2004-10-01,0.06100000000000083,,0.9727559133482693,-12.012976909837946,3.6282579863577027,1.1989663203816496,0.6619044712611606
Vaseux,Okanagan,2004-11-01,0.00114285714285689,,2.6751232040364155,-8.347191240838058,0.43705637965883515,-4.110830985674902,1.1139090401785714
Vaseux,Okanagan,2004-12-01,-0.026074074074073472,,5.049062932677636,3.714098409680574,0.6288312272065215,-18.557234218827006,3.583288122106482
Vaseux,Okanagan,2005-01-01,-0.029464285714285943,,8.597281885158736,-8.446576780573068,-0.40161365177482367,-41.980739416820654,-0.22625296456473176
Vaseux,Okanagan,2005-02-01,-0.051357142857142435,,11.891646355901944,-32.44185876350717,2.7130721968465616,-94.70971993037634,2.793736049107143
Vaseux,Okanagan,2005-03-01,-0.07821428571428513,,20.796814044712974,-6.2414073659705736,2.2661072019088477,-163.5198566530432,2.285435267857143
Vaseux,Okanagan,2005-04-01,-0.009714285714285786,,7.629542576199,-6.499325785885695,33.992688071780975,-129.65184130838938,1.7438136509486606
Vaseux,Okanagan,2005-05-01,-0.08424999999999994,,-44.54998399264046,0.1965826377272606,12.363445778776494,-49.90976663871801,1.5685947963169635
Vaseux,Okanagan,2005-06-01,-0.0799285714285709,,-33.14720687090552,38.127435816152556,-0.7615068794361122,-2.1817689931347775,-1.5715419224330365
Vaseux,Okanagan,2005-07-01,-0.04285714285714359,,-7.233684747396701,-3.1675284008088056,15.625739869262489,-0.0023886163195945592,-1.4610508510044653
Vaseux,Okanagan,2005-08-01,0.026821428571428996,,-1.8602725519615753,-4.652198654054828,4.810777792174903,-0.000224296228828231,-0.2402430943080347
Vaseux,Okanagan,2005-09-01,-0.05303571428571452,,-0.783471893685471,1.841721189391265,1.3192771335265476,-0.061835423211269766,-1.9880501883370538
Vaseux,Okanagan,2005-10-01,-0.024999999999999467,,0.1157049461783437,16.06723900061168,2.203315355083241,-1.6894495615166045,0.1435939243861606
Vaseux,Okanagan,2005-11-01,-0.006857142857143117,,-1.1369593734603516,-14.496881839087493,-2.7656408825090955,11.052328012218432,-0.43089076450892855
Vaseux,Okanagan,2005-12-01,-0.018074074074073465,,-0.39878285692625326,-22.38603245846376,-0.36326293937034076,-15.069002768507715,0.41885941116898184
Vaseux,Okanagan,2006-01-01,-0.0034642857142852534,,-0.6740812314092182,39.49928329425997,-0.323979533277452,-3.270979704601416,2.5618329729352682
Vaseux,Okanagan,2006-02-01,-0.00935714285714262,,-0.9198161554065472,10.865546201655107,0.647797332411366,25.04380473068781,-0.4278215680803572
Vaseux,Okanagan,2006-03-01,-0.04321428571428498,,-3.718921464626744,-12.418310860604308,-1.9553815197598725,44.33793840663773,-0.016810825892857095
Vaseux,Okanagan,2006-04-01,-0.08071428571428552,,5.443542229061549,-2.728160865704659,-5.202585931069084,27.077275727476405,0.6691066196986606
Vaseux,Okanagan,2006-05-01,-0.06325000000000003,,13.170470649908694,2.806715900078416,5.7393413236630835,-6.002545930511715,0.7258213588169635
Vaseux,Okanagan,2006-06-01,0.10407142857142837,,1.5897258500834681,1.6446364835636444,8.830603411687278,-2.146987018543608,1.0012119838169635
Vaseux,Okanagan,2006-07-01,-0.09685714285714386,,1.7176676961493555,-16.626214117422933,2.1113836472587906,-0.0023886163195945592,1.4198085239955347
Vaseux,Okanagan,2006-08-01,0.013821428571429095,,0.13449158931117822,-9.578888612720348,-7.463958746354493,-0.000224296228828231,-0.3940516880580347
Vaseux,Okanagan,2006-09-01,0.14396428571428554,,-0.6281106990562488,-8.89215798192059,-0.08643787753369025,0.04202978895660538,0.7065298897879462
Vaseux,Okanagan,2006-10-01,0.14100000000000001,,-1.3887060143003644,-24.979235244765206,-3.6617272084445815,-1.297295585962794,0.8516017368861606
Vaseux,Okanagan,2006-11-01,0.02914285714285736,,0.5001747454766043,64.57013464699101,-1.547009950237615,12.925683371057467,-1.7885567801339286
Vaseux,Okanagan,2006-12-01,0.018925925925926457,,-2.0282359220328985,-1.1729462529291226,-0.8110665819711156,43.36403075743604,-0.9881230107060182
Vaseux,Okanagan,2007-01-01,0.024535714285714327,,-2.2068823091103695,-8.125408560902414,0.33790257293730974,57.12668996836459,-2.7544512067522318
Vaseux,Okanagan,2007-02-01,0.0016428571428575012,,-2.439847578248841,-2.288931145033402,0.5510906589084439,41.75569542816706,1.1363874162946428
Vaseux,Okanagan,2007-03-01,0.008785714285714619,,-0.6292472109115419,-0.5049381912353255,4.202860482369682,34.01802001254899,0.7848249162946429
Vaseux,Okanagan,2007-04-01,-0.0517142857142856,,0.892472650905674,-20.540323270584587,4.371691861056856,-18.687498356614782,0.3524562290736606
Vaseux,Okanagan,2007-05-01,-0.11825000000000063,,-7.5574781013918795,-39.75672728847712,11.97442349179515,-19.016106255419018,1.1162022181919635
Vaseux,Okanagan,2007-06-01,-0.1189285714285715,,-14.594849074325921,15.639027094169123,-11.582390205668545,-2.09506991775272,0.012930733816963524
Vaseux,Okanagan,2007-07-01,-0.0638571428571435,,-4.0208531240101095,-0.020914219931000844,-5.6289458381278195,-0.0023886163195945592,1.5731288364955347
Vaseux,Okanagan,2007-08-01,0.0018214285714286405,,-1.8799282895218177,-8.381850045095362,-7.91037658096424,-0.000224296228828231,-1.3991786411830347
Vaseux,Okanagan,2007-09-01,0.06096428571428536,,-1.391867969817083,-12.144493573162308,-10.255460594115512,0.042526009265892686,-1.0278451102120538
Vaseux,Okanagan,2007-10-01,0.051000000000000156,,-1.174482293468568,-7.421506325564607,1.0196332337467808,-0.3639198525239147,-0.9672459193638394
Vaseux,Okanagan,2007-11-01,0.08114285714285696,,-2.1619849316526345,-35.77135698703516,2.946975374860423,-12.48076479948525,0.20094517299107142
Vaseux,Okanagan,2007-12-01,0.18292592592592616,,-0.9043339124656526,22.906810092670767,-1.028522952563233,-13.777317962160822,-0.25875289351851816
Vaseux,Okanagan,2008-01-01,0.11853571428571463,,-2.214875967183616,-18.009287080660997,-0.23609620984643698,-21.14484805081571,-3.5524248395647318
Vaseux,Okanagan,2008-02-01,-0.019357142857142406,,-2.086042410415498,-15.727921717500848,-2.2303246992773245,-26.315818939890192,0.6841169084821428
Vaseux,Okanagan,2008-03-01,0.08578571428571458,,-6.06983374849993,-17.680321242161355,1.0438678603220195,-36.72935547573226,-0.5348772321428571
Vaseux,Okanagan,2008-04-01,-0.03371428571428581,,-24.572646746362025,-8.77641646573985,-13.330447587317654,-4.054617668901159,-1.9058445521763394
Vaseux,Okanagan,2008-05-01,-0.0912500000000005,,-43.42535750142166,-7.647938677109778,-0.910790337781819,-3.9319029227564357,0.6303623744419635
Vaseux,Okanagan,2008-06-01,-0.045928571428571985,,-21.127550737998845,-14.604157788978355,7.404604194951915,-2.036732955796491,-0.8698817661830365
Vaseux,Okanagan,2008-07-01,0.009142857142856897,,-2.825848157434457,-17.83211969086551,-4.5659300605101265,-0.0023886163195945592,-0.2029942103794653
Vaseux,Okanagan,2008-08-01,0.11882142857142952,,-0.22702746147323083,37.47339056021052,12.51236239581236,4.707450860865135e-05,-1.1455165318080347
Vaseux,Okanagan,2008-09-01,0.03996428571428545,,-0.856329840774249,-28.996482776294997,0.5746288557669956,-0.0625487405879913,-0.16309901646205383
Vaseux,Okanagan,2008-10-01,0.08300000000000018,,-1.100854026195261,-31.04244835101001,-0.10328986848305277,-1.7890271241672702,0.2939845493861606
Vaseux,Okanagan,2008-11-01,0.1651428571428566,,-1.1774631743069879,-18.71851817538429,1.6737223735877444,-14.935530406156822,2.0399344308035716
Vaseux,Okanagan,2008-12-01,0.04292592592592648,,-1.6549424655278457,-5.504592274384649,3.176754702710443,-46.9734654934318,-3.045618127893518
Vaseux,Okanagan,2009-01-01,0.04253571428571412,,-1.9525233874446712,-22.051367800616262,0.9397041285410523,-48.711556675178656,0.34625680106026824
Vaseux,Okanagan,2009-02-01,0.08364285714285735,,-2.228270763485593,-15.666758271566195,1.6802131098562054,-81.381622169699,1.5583844866071428
Vaseux,Okanagan,2009-03-01,0.07778571428571457,,-5.5905074851969925,-2.8717033606621243,1.1771508309591026,-70.83492459995406,-1.9535784040178572
Vaseux,Okanagan,2009-04-01,-0.06671428571428528,,-19.227428513529176,-15.345527021314147,-4.70231902519507,-52.49894836119242,-0.1355808803013394
Vaseux,Okanagan,2009-05-01,-0.22325000000000017,,-69.05156368988433,-12.485491228289902,14.36911413579115,-21.783408351309063,0.3151768275669635
Vaseux,Okanagan,2009-06-01,-0.2229285714285707,,-36.41879289976454,-37.72888916760816,-3.8154393301478393,-2.084540733970083,1.9392002650669635
Vaseux,Okanagan,2009-07-01,-0.11585714285714399,,-10.48566364209234,-9.694718322862172,-4.098595186535803,-0.0023886163195945592,1.7059413364955347
Vaseux,Okanagan,2009-08-01,-0.08317857142857132,,-4.608283785013814,-2.9254277641095,2.4554094499243178,0.0015124765589799186,0.4777744838169653
Vaseux,Okanagan,2009-09-01,-0.024035714285714604,,-2.8768906278336157,-5.651763110238662,11.012962121250375,-0.05554737556780408,1.3205435616629462
Vaseux,Okanagan,2009-10-01,0.02200000000000024,,-1.5860086225854637,27.699473091550843,-3.6249888611824375,1.0649015044431769,-1.8257664271763394
Vaseux,Okanagan,2009-11-01,-0.00985714285714323,,-2.5453661977995328,-7.508875195136554,0.25190013859953186,7.009832970132784,0.5521414620535714
Vaseux,Okanagan,2009-12-01,0.005925925925926556,,-2.602041178896023,-37.01023682865694,1.631275647216373,-10.124655923357722,-0.9062138310185182
Vaseux,Okanagan,2010-01-01,0.024535714285714327,,-2.190936043916736,-9.451020517319975,0.06585114169865847,-26.156309725982794,3.5934491838727682
Vaseux,Okanagan,2010-02-01,-0.010357142857142954,,-1.3864581253853565,-14.783594387284083,0.010735438471394021,-48.13049307891302,3.923496791294643
Vaseux,Okanagan,2010-03-01,-0.04721428571428543,,-0.19525653728383752,-9.068148913294337,2.6308634135472984,-84.90546526653426,1.8207135881696428
Vaseux,Okanagan,2010-04-01,-0.10171428571428542,,-11.566964479113395,-3.528031915526036,10.729134914332203,-76.44964435270853,0.3194972446986606
Vaseux,Okanagan,2010-05-01,-0.15824999999999978,,-47.26494785531291,24.007723201066256,0.3551741330219187,-20.249728687174084,-1.8278895786830365
Vaseux,Okanagan,2010-06-01,-0.0409285714285712,,-10.00305392413533,8.81775047413872,9.794187000287437,-1.6106731196239923,-1.4035731724330365
Vaseux,Okanagan,2010-07-01,-0.0008571428571428896,,-0.2640918641450938,-6.460605163738364,5.06191321515611,-0.0023886163195945592,-0.1702793666294653
Vaseux,Okanagan,2010-08-01,0.06682142857142814,,0.10230222895708252,2.5121399495609325,6.7845003878963865,-0.00015451518388585685,-1.2216884068080347
Vaseux,Okanagan,2010-09-01,0.09496428571428606,,0.8680668750977407,30.004042730849633,1.655335571350797,-0.06275033031601294,-1.9594857352120538
Vaseux,Okanagan,2010-10-01,0.12200000000000077,,-0.6811490841625663,-38.11554376859151,3.940815430334105,-1.5866853331577397,1.5408107212611606
Vaseux,Okanagan,2010-11-01,0.028142857142857025,,-0.9808499193500868,-12.302485618939883,3.890135059399264,-7.585267686018987,-1.3372628348214286
Vaseux,Okanagan,2010-12-01,0.007925925925926336,,-1.297460392514175,-4.92816110986665,-0.5883701249129243,-4.605660697928187,0.07340042679398184
Vaseux,Okanagan,2011-01-01,-0.015464285714285708,,-1.3351468296605162,0.8912645197207354,1.2197672622278333,-10.406207027179846,-0.6261553083147318
Vaseux,Okanagan,2011-02-01,-0.027357142857142414,,-1.999633865385217,11.478617226072984,0.1229188305192761,-3.967102084841059,-2.601405552455357
Vaseux,Okanagan,2011-03-01,0.008785714285714619,,-4.163247053968787,23.66883656525586,-3.142225015575865,34.443090536764686,-0.9641985212053571
Vaseux,Okanagan,2011-04-01,0.042285714285714704,,-27.48064240482303,22.737723380227443,-3.795404086953827,104.08443531819754,-2.8272312709263394
Vaseux,Okanagan,2011-05-01,0.08474999999999966,,24.156160353283795,32.02516376040876,-40.94500763208738,95.87586241208815,-2.4357997349330365
Vaseux,Okanagan,2011-06-01,0.14807142857142885,,71.09676965878212,-15.36196216225757,-2.5669967622629173,7.668221573501047,-1.4775477818080365
Vaseux,Okanagan,2011-07-01,0.20614285714285607,,12.24520711236567,4.506863329879707,-8.811136308525292,-0.0023265887240902267,-2.6046055385044653
Vaseux,Okanagan,2011-08-01,0.041821428571429564,,3.5136580648083644,-27.016277340278194,-4.14325965435377,-0.000224296228828231,0.5893467494419653
Vaseux,Okanagan,2011-09-01,0.08896428571428583,,0.6339664313210438,-32.81950722989028,-8.822238970814006,-0.06472746004350581,2.684068952287946
Vaseux,Okanagan,2011-10-01,0.0810000000000004,,0.007236599880602768,0.24105190407551902,4.138581779053702,-1.8039602704707898,0.4382716587611606
Vaseux,Okanagan,2011-11-01,-0.038857142857143145,,-1.7501619471918932,-4.8072550894825525,-1.7841200211218426,3.877191654672579,-0.9709298270089286
Vaseux,Okanagan,2011-12-01,-0.04707407407407427,,-1.9981478291339485,-38.027340498821886,-0.6528823739952512,-9.132365247717615,2.553869176793982
Vaseux,Okanagan,2012-01-01,-0.04446428571428562,,-2.6186698305536993,-4.010193989545641,0.015168101526796818,-28.083976092083105,-0.33709280831473176
Vaseux,Okanagan,2012-02-01,-0.05435714285714255,-10.925999999999998,-2.8548284738332903,8.701432167851763,-0.4640863376802631,-25.818328772272395,-0.6811174665178572
Vaseux,Okanagan,2012-03-01,-0.067214285714285,-14.536999999999999,-5.56049472756318,47.57162089975152,-3.0648651715767175,13.54515073554856,-0.7076067243303571
Vaseux,Okanagan,2012-04-01,-0.041714285714285815,-16.28,10.138082049836939,28.747031070192214,-15.8975032224719,43.64101908036642,0.8685695103236606
Vaseux,Okanagan,2012-05-01,0.09675000000000011,-2.6599999999999966,-3.8671435987842955,-23.60522176604718,5.572611299742547,-1.0251110569307826,-0.6140223911830365
Vaseux,Okanagan,2012-06-01,0.12807142857142928,9.123999999999995,15.77910048321688,69.22448517538474,-4.444710710751153,-0.6077643771030341,-1.8759852818080365
Vaseux,Okanagan,2012-07-01,0.2821428571428566,32.659,10.512954341330833,12.250386669620639,21.242318608398946,-0.001070529872494928,0.4596034458705347
Vaseux,Okanagan,2012-08-01,-0.02417857142857116,6.274000000000001,4.75327413940769,-22.68061599430179,1.238612291802255,-0.000224296228828231,1.1005772181919653
Vaseux,Okanagan,2012-09-01,-0.07103571428571431,1.6949999999999985,1.6043297572260986,-43.866339599065086,-12.504381094393985,-0.06497557042552314,2.286730085100446
Vaseux,Okanagan,2012-10-01,-0.1869999999999994,-0.843,1.3902332773016362,28.21372334022142,-8.869680251726614,2.4783942231546723,0.4537745884486606
Vaseux,Okanagan,2012-11-01,-0.05085714285714271,-3.632999999999999,1.3254124028857657,9.11172633225631,-0.38118500794683197,-4.007562213311239,1.0849783761160714
Vaseux,Okanagan,2012-12-01,-0.0320740740740737,-3.493333333333334,2.1696038419139327,37.129487424088566,-0.4301137394375271,18.10606334496427,1.2460078486689818
Vaseux,Okanagan,2013-01-01,-0.02846428571428561,4.036666666666667,2.3843094895710237,-4.767278217644034,0.5045604193583131,27.467120704906336,-1.4913896833147318
Vaseux,Okanagan,2013-02-01,-0.05435714285714255,6.234000000000002,1.5341588748144979,-12.88057733576612,0.006211073403912026,19.99445685318537,1.0762067522321428
Vaseux,Okanagan,2013-03-01,-0.04921428571428521,4.193000000000001,0.08889996284519164,-4.902283781640492,3.3219052295732707,24.402598717382972,0.6040387834821429
Vaseux,Okanagan,2013-04-01,-0.023714285714285133,-4.280000000000001,14.938555156861966,29.93591323112404,-5.323788250929542,1.7388196928160653,-0.06209455217633941
Vaseux,Okanagan,2013-05-01,0.13475000000000037,12.04,49.00900989637843,19.623120548203588,3.095378467280952,-16.85904396332002,1.2538975306919635
Vaseux,Okanagan,2013-06-01,0.19307142857142878,24.724000000000004,2.210147337921498,37.149169927163584,-4.694421576069928,-2.049929331017505,-0.3068934849330365
Vaseux,Okanagan,2013-07-01,0.07614285714285707,15.058999999999997,5.059994775885052,-24.555410465836758,14.883812916065963,-0.0023886163195945592,0.9215175083705347
Vaseux,Okanagan,2013-08-01,-0.02217857142857138,-4.1259999999999994,3.3718779980387943,19.664891745508484,6.476648916889516,-0.000224296228828231,0.5175694056919653
Vaseux,Okanagan,2013-09-01,0.011964285714284983,6.494999999999999,4.491175080017586,61.71957177035178,17.292348701240762,-0.01453938087183003,0.4929068429129462
Vaseux,Okanagan,2013-10-01,0.015000000000000568,0.5469999999999988,0.9869333786939798,-47.56463044447757,3.722160913249745,-1.3911201071355856,-0.5011814662388394
Vaseux,Okanagan,2013-11-01,0.022142857142856798,-1.9629999999999992,1.353044743674607,2.5326448043675356,-1.2031982519796918,9.19199626826282,0.35377720424107145
Vaseux,Okanagan,2013-12-01,-0.03907407407407426,-1.3533333333333335,1.0507822260950448,-30.865232179941685,0.23891393923097187,-5.857276281824824,-0.40072066695601816
Vaseux,Okanagan,2014-01-01,-0.04146428571428551,-4.283333333333333,0.7503949527745135,-16.60007192653471,-0.23214088287204504,-26.68189603303159,2.5547528948102682
Vaseux,Okanagan,2014-02-01,-0.036357142857142755,-0.36599999999999966,-0.03466226761312541,8.896502104887205,-1.1215162563270755,-33.65419379302435,-3.782313755580357
Vaseux,Okanagan,2014-03-01,-0.04521428571428565,3.3930000000000007,-2.301684683646142,12.622178528025486,-1.5618264858078748,-10.070760867425378,-0.2564348493303571
Vaseux,Okanagan,2014-04-01,-0.1037142857142852,-6.380000000000003,-2.4467588290073223,7.485760912199375,-1.5791869788829764,-7.296231176171972,0.2797023228236606
Vaseux,Okanagan,2014-05-01,0.17074999999999996,6.740000000000002,6.9620364146041,4.750816849991679,3.6063085509730257,-2.8610905782053493,0.6955479213169635
Vaseux,Okanagan,2014-06-01,-0.19492857142857112,-25.076,-1.3555561807671808,-6.232564358340042,-7.735487805413342,-1.8764536358256225,-0.0019618443080364756
Vaseux,Okanagan,2014-07-01,-0.20085714285714396,-25.341000000000005,-0.5504272225412663,2.4112942883220967,-3.311037618134705,-0.0023886163195945592,2.0291835239955347
Vaseux,Okanagan,2014-08-01,-0.14917857142857116,-2.1260000000000012,-0.2786524180139942,19.332402485036127,7.5118330506874,-0.000224296228828231,0.9992588588169653
Vaseux,Okanagan,2014-09-01,-0.10603571428571446,-4.035,-0.08715314574406641,6.212740502503166,3.311976823689683,-0.06469644624575364,0.4015982491629462
Vaseux,Okanagan,2014-10-01,-0.18599999999999994,0.34699999999999953,0.5210555879914729,13.488488515057341,2.677406043013825,-1.772814660788364,2.4770900181361606
Vaseux,Okanagan,2014-11-01,-0.10685714285714276,-1.7529999999999992,-0.06075181902685678,-1.0715735593943663,3.82088656936373,-12.388514504501863,-0.29624720982142855
Vaseux,Okanagan,2014-12-01,-0.1050740740740741,-2.3433333333333337,2.2572309352216067,-5.678453435259016,-1.54440441272325,-16.73009481143069,1.2832392939814818
Vaseux,Okanagan,2015-01-01,-0.08046428571428521,-1.5233333333333334,2.648240049893502,3.9505872326636933,-0.4770247032865882,-10.205697002155432,1.2996259416852682
Vaseux,Okanagan,2015-02-01,-0.06935714285714312,2.6340000000000003,5.844340239231574,0.5679250669865183,0.7339688849502377,-37.73276082107,4.598057338169642
Vaseux,Okanagan,2015-03-01,-0.12421428571428539,-2.706999999999997,31.443966013154878,-8.327308231465778,6.020058952604553,-120.3941750739302,4.036778041294643
Vaseux,Okanagan,2015-04-01,-0.12571428571428545,-9.380000000000003,28.821889042904203,-22.336764190445784,36.77770112907248,-141.587067927633,1.4701320103236606
Vaseux,Okanagan,2015-05-01,-0.0862500000000006,-14.36,-48.19578497803637,-11.934022651985288,7.2193409515810885,-47.17402403808332,2.6535557338169635
Vaseux,Okanagan,2015-06-01,-0.14592857142857074,-13.676000000000002,-34.46883043839729,-12.560621856079834,-0.7736746088734634,-2.186979311348988,4.1296299525669635
Vaseux,Okanagan,2015-07-01,-0.22085714285714353,-29.051000000000002,-11.752952570012503,-5.109662513859803,-22.098638649497715,-0.0023886163195945592,1.5921718052455347
Vaseux,Okanagan,2015-08-01,-0.20917857142857077,-12.526,-5.444684769567434,6.225102098272018,-11.476782316874178,-0.000224296228828231,0.9374912806919653
Vaseux,Okanagan,2015-09-01,-0.18603571428571453,-6.625000000000001,-3.1161398302564134,-0.696064141396036,0.22996499735329934,-0.06061037841322202,-1.5232064383370538
Vaseux,Okanagan,2015-10-01,-0.12799999999999923,-4.053000000000001,-2.713943549939099,-14.282114793396815,-1.478516638079391,-2.0193278373231545,3.1167384556361606
Vaseux,Okanagan,2015-11-01,-0.05685714285714294,-3.0829999999999993,-2.2303716572683445,21.139429092207664,2.3005490324326923,7.681430167784647,0.11158970424107142
Vaseux,Okanagan,2015-12-01,-0.06407407407407373,-3.8433333333333337,-2.3422283449218853,21.145274910075514,-0.23768852568335003,21.767412760743383,0.6698359736689818
Vaseux,Okanagan,2016-01-01,-0.05846428571428586,-5.343333333333334,-2.4845825319061987,-1.0952767999177553,0.16599020455032587,14.982302007930627,0.49286324637276824
Vaseux,Okanagan,2016-02-01,-0.05235714285714277,-6.745999999999999,-1.1893924659359207,2.0377283425269894,0.8952576567285828,18.893871988568975,2.827427455357143
Vaseux,Okanagan,2016-03-01,-0.0802142857142849,1.8930000000000007,5.523223297911629,34.49066169144187,6.66427200693371,10.987679341009681,1.9121442522321428
Vaseux,Okanagan,2016-04-01,0.10528571428571443,13.119999999999997,47.91428587590677,-31.046576145204845,28.563561749511532,-69.88718786409922,5.325844900948661
Vaseux,Okanagan,2016-05-01,0.14475000000000016,10.939999999999998,-13.906521323536126,-1.08234491199255,8.892502003748504,-49.46928528702951,2.0109776088169635
Vaseux,Okanagan,2016-06-01,-0.1399285714285714,-19.476000000000003,-32.563396837628844,-6.971610730813282,-0.33442097316894603,-2.157283599056267,1.1955479213169635
Vaseux,Okanagan,2016-07-01,-0.08785714285714352,0.4589999999999961,-8.141908659516567,43.46135214655078,-5.337204385016648,-0.0023886163195945592,-1.6666172572544653
Vaseux,Okanagan,2016-08-01,-0.10217857142857145,-3.026,-3.094534860533063,-7.169650593693532,-4.019561855654629,-0.000224296228828231,0.6450108119419653
Vaseux,Okanagan,2016-09-01,-0.12503571428571458,2.6949999999999985,-1.4133151645572593,-2.5999261353198193,-0.8200360129454296,-0.06509187217419919,-1.0796029227120538
Vaseux,Okanagan,2016-10-01,-0.10799999999999965,0.5469999999999988,1.9589667114944724,66.00835943702675,2.5719691516964573,-0.6816639483336724,-0.2744968959263394
Vaseux,Okanagan,2016-11-01,0.005142857142857338,8.637,2.330931700791032,-8.823730375817306,4.873569788677352,-12.889643349418684,3.0178397042410716
Vaseux,Okanagan,2016-12-01,-0.05107407407407383,7.176666666666668,4.337206930223921,-14.115952606381924,1.1498805963330798,-14.053466281405207,-3.321985315393518
Vaseux,Okanagan,2017-01-01,-0.09946428571428534,0.9366666666666656,4.188982456980739,-33.31542085756415,0.7888242835178971,-35.89312333081449,-4.724910191127232
Vaseux,Okanagan,2017-02-01,-0.032357142857143195,-4.265999999999998,2.870982441631245,16.165227067956167,-0.6741386938041873,-32.38567284175329,-2.512050083705357
Vaseux,Okanagan,2017-03-01,-0.04721428571428543,-5.506999999999998,2.301901796142504,59.12320385271285,-3.089910763914564,-0.9378391717161492,-0.6287493024553571
Vaseux,Okanagan,2017-04-01,-0.03371428571428581,-0.480000000000004,20.25814048205835,49.129500590165016,-9.790993395394512,39.14156875440054,-1.1016453334263394
Vaseux,Okanagan,2017-05-01,0.32174999999999976,24.739999999999995,98.64941721649042,13.313940959051251,-3.001902418743285,24.18579476320052,0.5100010463169635
Vaseux,Okanagan,2017-06-01,0.34907142857142937,32.824,9.61402210772836,-39.05022286094858,-1.1853378133049972,-1.890991377488557,0.8444737025669635
Vaseux,Okanagan,2017-07-01,0.2841428571428555,31.55899999999999,-3.063880528705859,-32.92380735001643,-17.35237619972655,-0.0023886163195945592,1.6822596958705347
Vaseux,Okanagan,2017-08-01,0.11382142857142874,24.974,-2.9573669359836323,-30.7153006605014,-15.005771237026366,-0.000224296228828231,2.8852451869419653
Vaseux,Okanagan,2017-09-01,-0.015035714285714263,2.494999999999999,-2.698893055951755,-28.801610512476017,-13.395125944433467,-0.04546013799812597,1.4106314522879462
Vaseux,Okanagan,2017-10-01,-0.06199999999999939,-1.713000000000001,-2.233291927300993,-2.1860536549606167,-5.28556215743135,-0.19881789687912832,-0.4886082240513394
Vaseux,Okanagan,2017-11-01,-0.008857142857142897,-1.9229999999999992,-1.9848919068213693,29.19273371974539,-2.5075900235346387,18.96525066279407,-0.9687325613839286
Vaseux,Okanagan,2017-12-01,-0.013074074074073572,-2.4833333333333334,-3.2618360020461736,4.618677358074038,0.6281238877111011,8.591522911080602,-0.011926721643518157
Vaseux,Okanagan,2018-01-01,-0.008464285714285147,-1.333333333333334,-3.4342507642577402,28.70949776011652,0.21035049576312304,28.684113440769067,1.1834150041852682
Vaseux,Okanagan,2018-02-01,0.0406428571428572,0.8339999999999996,-3.368199292058957,25.863268782684045,2.5683316302352717,78.45120557716913,-2.668666294642857
Vaseux,Okanagan,2018-03-01,0.06478571428571467,7.293000000000003,-6.905979405148953,8.781996318638065,0.7623034346449584,112.05709991710526,-0.6610979352678571
Vaseux,Okanagan,2018-04-01,0.2582857142857149,33.019999999999996,-9.654001135329182,43.80878021558082,-6.9589997708265265,165.47534189053945,-0.2820652553013394
Vaseux,Okanagan,2018-05-01,0.24774999999999991,17.340000000000003,125.93682825432292,-25.743610109202564,-0.3342076005148016,15.598911218278644,3.5373447963169635
Vaseux,Okanagan,2018-06-01,0.199071428571429,20.823999999999998,-8.012191267750623,-5.972278325186508,-5.792101645576096,-2.1630133974875423,0.11302839006696352
Vaseux,Okanagan,2018-07-01,0.053142857142855604,4.0589999999999975,-4.211313305339509,-15.245880789734656,-12.340024180178133,-0.002303328375776102,1.0108729771205347
Vaseux,Okanagan,2018-08-01,-0.10017857142857078,-9.616,-2.567276422009204,-7.539798464547076,-10.198461058150443,-0.000224296228828231,0.9560459681919653
Vaseux,Okanagan,2018-09-01,-0.10703571428571479,-3.005000000000001,-0.7285756666013707,32.05834940932358,-5.585525151608245,-0.048259133408683805,-1.7343880789620538
Vaseux,Okanagan,2018-10-01,-0.05599999999999916,4.3469999999999995,-1.131908395369205,-5.013780425153001,1.6264872143178124,-1.180171993317864,0.10306658063616059
Vaseux,Okanagan,2018-11-01,-0.11785714285714288,0.7370000000000001,0.8430286366741964,-2.7301636042206354,1.7571921593376567,-11.209524386296316,1.4851248604910714
Vaseux,Okanagan,2018-12-01,-0.08207407407407352,0.6866666666666656,0.757795711116934,-2.981526729719789,0.5794040755265288,-25.614517292490717,2.099157262731482
Vaseux,Okanagan,2019-01-01,-0.04546428571428596,0.9366666666666656,1.0396011712145992,-17.09190384385043,-0.11553091462701559,-25.033864857895026,3.3996015276227682
Vaseux,Okanagan,2019-02-01,-0.013357142857143067,-2.065999999999999,0.4816051093387479,-13.397166601082844,0.4457916033321194,-36.48486307689123,-6.314662388392858
Vaseux,Okanagan,2019-03-01,-0.018214285714285516,-3.8069999999999986,2.853027529324338,-34.97144993577551,-5.463034771050194,-59.34282126171249,-1.0457414899553572
Vaseux,Okanagan,2019-04-01,-0.03371428571428581,-11.280000000000003,-0.16988817411142065,8.969322848965284,6.75850863834577,-102.25128063133783,0.9076320103236606
Vaseux,Okanagan,2019-05-01,-0.13224999999999998,-37.76,-47.471974577222554,-26.010190485976636,10.368589611191837,-41.168651185996296,2.6743076869419635
Vaseux,Okanagan,2019-06-01,-0.1629285714285711,-35.216,-33.770565517313244,-17.60593384720518,-5.070978576051331,-2.182676146797188,0.8815830775669635
Vaseux,Okanagan,2019-07-01,-0.07485714285714362,-27.741000000000003,-8.521549675996148,31.821438369661337,-8.354151687983958,-0.0023886163195945592,-1.3182285853794653
Vaseux,Okanagan,2019-08-01,-0.01517857142857082,-10.246,-3.4821605128984494,-7.308541756044306,-8.994165042947444,-0.000224296228828231,0.9423740931919653
Vaseux,Okanagan,2019-09-01,0.06296428571428514,-2.905000000000001,-0.6447365532429625,58.57595994062389,2.454745616497739,0.7168668177389544,-1.0288216727120538
Vaseux,Okanagan,2019-10-01,0.03700000000000081,-0.15300000000000047,-0.18776264395065922,-14.696222370340749,1.367369990995421,1.650302469507941,-2.6573093959263394
Vaseux,Okanagan,2019-11-01,0.03314285714285692,1.3369999999999997,0.614590343112857,-41.65887562391747,0.8342049217649867,-15.49196444518332,1.2044852120535714
Vaseux,Okanagan,2019-12-01,0.007925925925926336,1.4766666666666666,2.2750262977313938,8.667365928111522,1.7688026548259788,-40.49278285216403,2.495763708043982
Vaseux,Okanagan,2020-01-01,0.02753571428571444,5.336666666666668,2.272950434416998,44.699325683593216,-0.3342431737110019,-10.695527972919592,1.0169110979352682
Vaseux,Okanagan,2020-02-01,0.058642857142857,12.534000000000002,3.282124658393773,18.24099234987183,-0.8930060180968471,16.65239461830683,2.302403041294643
Vaseux,Okanagan,2020-03-01,0.01978571428571474,11.992999999999999,-0.7160668184431938,-15.311098428875468,-1.1641573343825131,19.70207212226731,0.008701869419642905
Vaseux,Okanagan,2020-04-01,-0.013714285714285346,5.119999999999997,-1.2796940635390825,-23.871459229017738,-13.101733389443584,28.99250707456045,0.4769679478236606
Vaseux,Okanagan,2020-05-01,0.07675000000000054,1.740000000000002,33.885080999295624,29.03209999203682,2.434911040057031,-16.33087230480409,0.4081944056919635
Vaseux,Okanagan,2020-06-01,0.27607142857142897,29.524,3.6210521440287806,18.066761528773768,1.546994982553386,-2.0802918439338316,-0.6679774693080365
Vaseux,Okanagan,2020-07-01,0.20514285714285663,26.159,5.819330941968865,1.7692898654786404,0.4887901512639843,-0.0019156558825577413,-0.7215488978794653
Vaseux,Okanagan,2020-08-01,0.026821428571428996,20.773999999999997,3.1866380543630974,-16.342577134180047,-1.9733586149024092,-0.000224296228828231,0.3876865931919653
Vaseux,Okanagan,2020-09-01,-0.09903571428571478,6.994999999999999,1.1460361045984815,-16.241159225631108,-7.089154761550681,-0.06273482343134772,2.715196881975446
Vaseux,Okanagan,2020-10-01,-0.08799999999999919,3.446999999999999,1.290873731444922,25.42723879326202,-0.8862136414141517,6.677352389098295,0.5383693150111606
Vaseux,Okanagan,2020-11-01,-0.03585714285714303,5.037000000000001,-0.48820443355777776,-11.015388507595546,-1.8868262746504376,7.372408024301485,0.28309849330357145
Vaseux,Okanagan,2020-12-01,-0.05607407407407372,4.176666666666666,-0.0986336273382662,16.594216507790534,0.2746562369995647,6.8480945019810235,2.161291051793982
Vaseux,Okanagan,2021-01-01,-0.03946428571428573,1.2366666666666664,-0.24951513478299603,6.09551485727674,0.24049181956797838,31.288314876811853,1.3015790666852682
Vaseux,Okanagan,2021-02-01,-0.04335714285714243,2.1340000000000003,-0.5733281853151446,15.234133598694044,0.40668909371431394,46.23492487839289,-2.992030552455357
Vaseux,Okanagan,2021-03-01,-0.08921428571428525,-2.206999999999997,-3.1432084662290958,-35.64015642457109,4.210034925823233,35.269151308706824,1.1028180803571428
Vaseux,Okanagan,2021-04-01,-0.05771428571428494,-3.1800000000000033,-7.792443305204088,-29.482214408095125,0.17557841991739664,17.122048352445887,1.7172023228236606
Vaseux,Okanagan,2021-05-01,-0.047250000000000014,-18.759999999999998,-21.097276891980854,-29.762059915810823,6.728649438757984,-16.204622216589215,0.4401768275669635
Vaseux,Okanagan,2021-06-01,-0.2229285714285707,-23.576,-14.682104686341646,-41.90450710926338,-3.0209885777107246,-2.0461379022643302,4.4453037806919635
Vaseux,Okanagan,2021-07-01,-0.2948571428571434,-27.821000000000005,-6.571636632933014,-26.915659811493242,-18.739598869745222,-0.0023886163195945592,3.8526698521205347
Vaseux,Okanagan,2021-08-01,-0.25017857142857114,-10.356,-3.58789964749511,4.846944922194652,-4.0252350071178995,-0.000224296228828231,0.0580967494419653
Vaseux,Okanagan,2021-09-01,-0.20403571428571432,-3.8050000000000015,-2.1675973922745992,11.992422462623963,-4.880844582138316,-0.06443282895064938,-0.5191781180245538
Vaseux,Okanagan,2021-10-01,-0.12199999999999989,-2.4730000000000008,-1.4126436820203843,15.229063351788298,2.1178860666363377,-0.24036862071495424,-0.3540867396763394
Vaseux,Okanagan,2021-11-01,-0.06085714285714339,-3.393,5.9706482975993165,48.3174846989901,-0.5681573280266354,-4.558072575101896,1.1281912667410714
Vaseux,Okanagan,2021-12-01,-0.07807407407407396,-2.9333333333333336,8.564224448356846,25.403711293755023,1.2220003538661532,-14.20217241953921,-2.447229456018518
Vaseux,Okanagan,2022-01-01,-0.06046428571428564,-5.223333333333334,9.738601227581967,-12.867997175947366,0.1311429077759385,-2.408276977283606,-1.0586504255022318
Vaseux,Okanagan,2022-02-01,-0.056357142857143216,-10.475999999999999,7.349530978639709,-19.195355570575757,1.4233282667451672,-23.329983864511775,-0.1914934430803572
Vaseux,Okanagan,2022-03-01,-0.08321428571428502,-14.587,11.641834439485267,-2.7470961254688717,-1.759895980025509,-36.81736173374313,1.3832135881696428
Vaseux,Okanagan,2022-04-01,-0.07671428571428507,-19.44,2.13884069775564,-6.059576220910195,7.657740165346436,-49.12967660597391,-1.9375828334263394
Vaseux,Okanagan,2022-05-01,-0.15525000000000055,-30.56,-17.28324459067413,14.6105014719069,-4.58361457900277,3.239210121267078,-2.5222255161830365
Vaseux,Okanagan,2022-06-01,0.15507142857142853,14.424,32.13102010444605,39.32014571286605,4.162959022713565,0.8683604832432832,-0.9509364536830365
Vaseux,Okanagan,2022-07-01,0.2801428571428559,25.159,11.170419184574193,2.5388968897459563,16.236505870308193,-0.0023886163195945592,1.2252284458705347
Vaseux,Okanagan,2022-08-01,0.02782142857142844,8.774000000000001,4.086326977163221,-14.936911308593281,-3.0049483092235647,-0.000224296228828231,2.9306553431919653
Vaseux,Okanagan,2022-09-01,-0.09603571428571467,-0.20500000000000007,-5.328476815650772,-44.31573359137734,-30.982531108228223,-0.06509187217419919,2.081285749162946
Vaseux,Okanagan,2022-10-01,-0.007999999999999119,-1.7030000000000012,-5.354891191278252,-56.39134858626805,-20.818369371616946,-0.6403691053752221,4.621255057198661
Vaseux,Okanagan,2022-11-01,-0.007857142857142563,-0.4629999999999992,-5.9517114017840616,-50.11440682989944,-4.823328261928899,19.094834885826067,-3.5442940848214284
Vaseux,Okanagan,2022-12-01,-0.057074074074074055,-1.163333333333334,-5.585079943692243,-36.86421452935234,-0.6427414353109069,21.131647267827276,-4.452844690393518
Vaseux,Okanagan,2023-01-01,-0.055464285714285744,-3.7233333333333336,-5.987218093650881,-41.179356115337995,0.6916444981470704,25.490884003894678,0.8502851213727682
Vaseux,Okanagan,2023-02-01,-0.038357142857142534,-2.9659999999999993,-6.014326804038969,-25.875751723236007,-0.6512039440817066,17.751817192350103,-1.3113664899553572
Vaseux,Okanagan,2023-03-01,-0.035214285714284976,1.1930000000000014,-10.5059492572244,-49.69160617162872,-4.693001899535635,32.80053553836686,-1.0204729352678572
Vaseux,Okanagan,2023-04-01,-0.08171428571428496,-15.780000000000003,-33.992419869589085,-20.355180999363903,-18.90608259210629,62.454077814306544,-1.0970066615513394
Vaseux,Okanagan,2023-05-01,-0.015249999999999986,-13.659999999999997,-76.82151482107916,-42.840014735702425,-54.5651327619063,-33.62660726166463,4.0847080775669635
Vaseux,Okanagan,2023-06-01,-0.22492857142857137,-18.576,-52.488317471995416,-47.02579057525976,-65.61169799949441,-2.1671692480347917,2.1159580775669635
Vaseux,Okanagan,2023-07-01,-0.28685714285714337,-26.941000000000003,-21.00035005007937,-28.140954065747792,-64.55376145562956,-0.0023886163195945592,1.2367030552455347
Vaseux,Okanagan,2023-08-01,-0.19817857142857154,-10.656,-11.121019260567014,-18.557630612901576,-40.49238253251782,-0.000224296228828231,1.4890049525669653
Vaseux,Okanagan,2023-09-01,-0.13403571428571492,-4.445,-7.3739667797261585,-31.698487052511027,-30.122142717508332,-0.054958113041030696,-0.16029139927455383
Vaseux,Okanagan,2023-10-01,-0.0909999999999993,-1.7430000000000003,-6.5186766826497795,-51.92882490934737,-19.6458675449581,-0.8021990919847406,1.2209865025111606
Vaseux,Okanagan,2023-11-01,0.07414285714285729,-3.093,-6.30281732030978,-65.54385085889537,-5.239922819393022,-10.694516972372575,0.44398716517857145
Vaseux,Okanagan,2023-12-01,0.06592592592592617,-2.333333333333334,-5.245560820320087,-38.28378715466157,-0.13147211737102932,-43.90176247667384,3.397863317418982
Vaseux,Okanagan,2024-01-01,0.06453571428571436,-4.663333333333334,-5.416160995082464,-29.273682980731664,0.4123247927054763,-62.41451549742902,-1.4558672223772318
Vaseux,Okanagan,2024-02-01,0.05464285714285744,-8.846,-4.461950489972619,-18.043020486532313,-0.6474460574931331,-79.60488221475057,2.710239955357143
Vaseux,Okanagan,2024-03-01,-0.039214285714285424,-13.177,3.791228561437622,-20.746345635935924,-3.7718004729997903,-96.87683465225356,1.3703962053571428
Vaseux,Okanagan,2024-04-01,-0.06271428571428572,-19.480000000000004,-6.7490605059512205,-0.18751171800041533,27.320288021915726,-109.7594318645341,0.6798488071986606
Vaseux,Okanagan,2024-05-01,-0.11925000000000008,-38.66,-53.69899451865682,-16.76902372855693,4.747348205585567,-36.56879311061597,-0.5363856724330365
Vaseux,Okanagan,2024-06-01,-0.19292857142857134,-32.876000000000005,-30.4669641107986,-8.064617889301317,-1.0521493719092376,-2.0082933038546105,-0.4538661411830365
Vaseux,Okanagan,2024-07-01,-0.18185714285714383,-28.901000000000003,-9.576432853853994,-21.793056661408627,-9.14156490138599,-0.0023886163195945592,3.3001796177455347
Vaseux,Okanagan,2024-08-01,-0.07117857142857087,-8.426,-3.9168937125525964,31.114206399381928,1.653026623119203,0.00034945907221940937,0.6013096400669653
Vaseux,Okanagan,2024-09-01,0.0009642857142857508,-2.905000000000001,-2.87383036006109,-23.317254433225443,5.04848364341472,-0.06439406168214289,2.058214460100446
Vaseux,Okanagan,2024-10-01,0.004000000000000448,-1.7530000000000001,-1.8024689436840298,0.14772639717973846,-1.4337665883691173,-1.6189784777712442,1.2098781040736606
Vaseux,Okanagan,2024-11-01,0.01614285714285746,-1.9929999999999994,-2.372850914460807,-1.5023265482990809,-0.08190915520702102,1.5927542366885703,0.48231724330357145
Vaseux,Okanagan,2024-12-01,-0.03707407407407359,-2.8033333333333337,-2.2855247990702523,1.7303792302738117,0.2040666424565845,-4.075745603552576,2.990148473668982
Rainy,Nelson-Winnipeg,1994-01-01,-0.08370664990053456,-15.064285714285717,-2.9473336513287265,-13.698709896873748,-1.7578438915474441,0.09020032095057218,-8.107291630336217
Rainy,Nelson-Winnipeg,1994-02-01,-0.14176276660037956,-11.092592592592581,-2.087720405792684,-11.01817160711757,-1.9756247513994039,-15.752025347735199,-3.4838393075125555
Rainy,Nelson-Winnipeg,1994-03-01,-0.19278316901448989,-52.06071428571428,-2.5100530692725442,-6.332787238144583,4.883873750389155,-34.642300884505474,1.6311253138950894
Rainy,Nelson-Winnipeg,1994-04-01,-0.30224745472878567,-128.10714285714286,-4.75812391544293,23.33003680437936,1.9066649734408472,-19.194842326604494,-0.27255140032087066
Rainy,Nelson-Winnipeg,1994-05-01,-0.15296428571423348,-181.38571428571424,-11.979539458739701,-0.48423910214167165,2.895502731137512,-4.546479308286777,0.9154270717075885
Rainy,Nelson-Winnipeg,1994-06-01,-0.0322500000000332,-116.76428571428568,-6.540828679655014,37.37187566002831,0.10556071564289482,-0.00010504309432200567,0.80255126953125
Rainy,Nelson-Winnipeg,1994-07-01,0.02892857142859384,271.4321428571429,5.861645742178162,28.424991328003145,-7.047307685882387,-6.13080508824811e-25,-1.7492250714983264
Rainy,Nelson-Winnipeg,1994-08-01,0.009056116699753147,148.03571428571428,15.99850926556558,33.667856627809144,-3.1753921232718483,-3.897624386378834e-25,-1.8062951224190833
Rainy,Nelson-Winnipeg,1994-09-01,0.03568111669983409,82.74285714285716,17.731855259626172,-9.477479283564861,-12.026921945757096,-0.0033689344149934186,0.6369814191545764
Rainy,Nelson-Winnipeg,1994-10-01,0.07014285714285506,48.928571428571416,11.09607526450418,-15.317787994198241,-2.392050880838987,-1.2822082266308956,1.9864207676478793
Rainy,Nelson-Winnipeg,1994-11-01,0.045038259556974936,25.399999999999977,6.673541522884211,5.325869008499595,5.3492251442678835,-8.580090440643419,1.9988752092633928
Rainy,Nelson-Winnipeg,1994-12-01,0.026224861762841556,81.31923076923078,6.358496001835359,-14.483214312888407,1.0132083240292822,-10.364121205552863,3.250964694552952
Rainy,Nelson-Winnipeg,1995-01-01,-0.0637066499004959,67.93571428571428,5.519597699666129,-0.10414462407684866,1.4479217801895823,-20.741548522242482,1.655556270054408
Rainy,Nelson-Winnipeg,1995-02-01,-0.13026276660031044,-6.092592592592581,3.434554006422072,2.908464587692702,0.7181318485111534,-17.99840520003012,-1.4909804207938055
Rainy,Nelson-Winnipeg,1995-03-01,-0.13528316901454218,19.939285714285717,3.9466167290811427,-17.64960565612585,-1.176811338934515,-38.51738510586854,1.0606297084263394
Rainy,Nelson-Winnipeg,1995-04-01,-0.15324745472878476,-31.10714285714286,-3.0641866864503484,-11.167851023076636,1.0730305699066136,-31.213439080082544,-1.8843678065708707
Rainy,Nelson-Winnipeg,1995-05-01,-0.15246428571418846,-263.38571428571424,-21.982254622603897,-14.475399886058383,3.174840480953989,-5.098134672975263,-0.07486833844866148
Rainy,Nelson-Winnipeg,1995-06-01,-0.17775000000000318,-364.7642857142857,-21.579365191947936,-43.15595986554399,5.156607325521435,0.001220547138814603,3.7215576171875
Rainy,Nelson-Winnipeg,1995-07-01,-0.06107142857138115,-220.56785714285712,-11.486192812818835,53.91170367199395,1.460420192285838,-6.13080508824811e-25,-0.8137087140764514
Rainy,Nelson-Winnipeg,1995-08-01,-0.050443883300204106,-126.96428571428572,-4.5893231103296515,2.3706462566873796,14.235300402755712,-3.897624386378834e-25,1.2064612252371667
Rainy,Nelson-Winnipeg,1995-09-01,0.0016811166998422777,-60.25714285714284,-2.9722855106228963,12.228136516309206,4.149131377094562,0.019594315233462112,-1.3381162370954236
Rainy,Nelson-Winnipeg,1995-10-01,0.19764285714290963,109.92857142857142,6.068934075301513,34.62531010570403,-0.5767290255919661,3.4747107943888165,-0.7101734706333707
Rainy,Nelson-Winnipeg,1995-11-01,0.1710382595569513,231.39999999999998,11.140240260699233,9.34802652669272,0.10345993879517579,26.577040124850882,-5.841243198939733
Rainy,Nelson-Winnipeg,1995-12-01,0.08672486176277516,103.31923076923078,7.002405910666479,3.372497608695454,-8.256304341894403,49.03753808941002,-3.512951321072048
Rainy,Nelson-Winnipeg,1996-01-01,0.040793350099477266,74.93571428571428,3.6453032184259158,19.198673834450478,-1.6828124485722844,52.72764326738459,-5.376243046351842
Rainy,Nelson-Winnipeg,1996-02-01,0.07373723339964044,33.90740740740742,1.9762633330953712,26.496271436501825,0.6019165864147782,79.74737842700311,-1.2082960946219305
Rainy,Nelson-Winnipeg,1996-03-01,-0.016283169014513987,80.93928571428572,-0.5857188298250549,-14.168575075538165,-0.5939635947080593,101.43840747020606,-4.598855154854911
Rainy,Nelson-Winnipeg,1996-04-01,-0.05574745472875975,-23.10714285714286,-6.983475551740931,11.23152791738643,-5.886432201285579,120.47629709247434,-3.2426746913364957
Rainy,Nelson-Winnipeg,1996-05-01,0.24603571428576743,451.61428571428576,62.716186117281076,-5.191749452413731,-14.269876518353286,60.25507290823562,-2.2198573521205365
Rainy,Nelson-Winnipeg,1996-06-01,0.3117499999999609,488.2357142857143,53.81809774137634,-35.39892757544294,-18.20528651088742,0.0005432506976607179,0.6650390625
Rainy,Nelson-Winnipeg,1996-07-01,0.03342857142860112,159.43214285714288,6.645623306602438,18.875164711581803,-17.562306261554895,-6.13080508824811e-25,-1.5309633527483264
Rainy,Nelson-Winnipeg,1996-08-01,0.0945561166997777,187.03571428571428,1.6358779581163887,12.57354210663054,-8.899313239713337,-3.897624386378834e-25,0.6774390084402917
Rainy,Nelson-Winnipeg,1996-09-01,0.08268111669985956,92.74285714285716,-1.8811345944413915,4.636437266266768,2.422117062711294,-0.0028690657813967846,-0.0846372331891736
Rainy,Nelson-Winnipeg,1996-10-01,0.05864285714289963,33.928571428571416,-2.1297279454302043,46.01914191568669,3.493403479556683,-1.1630756838810288,-0.32379041399274566
Rainy,Nelson-Winnipeg,1996-11-01,0.1670382595569322,195.39999999999998,17.49146673578902,42.23009995517454,-1.896186253621373,6.117844525890957,-4.696742466517858
Rainy,Nelson-Winnipeg,1996-12-01,0.05272486176278335,272.3192307692308,21.693811141799582,5.330164319645888,-7.7005529332112665,27.79778800214882,-2.941143459743923
Rainy,Nelson-Winnipeg,1997-01-01,0.020793350099495456,140.93571428571428,14.008007270084427,8.601122243687445,-0.23923900023094458,36.66227670120341,-2.162589481898717
Rainy,Nelson-Winnipeg,1997-02-01,-0.08326276660034182,95.90740740740742,7.107420855650812,-12.572527330900943,-0.25079898685882096,37.389605838273255,2.1638657706124445
Rainy,Nelson-Winnipeg,1997-03-01,-0.07878316901451399,49.93928571428572,3.3232034256798215,16.98795774011939,-2.0688557623153816,61.94429533622626,-1.4637538364955356
Rainy,Nelson-Winnipeg,1997-04-01,0.09125254527123161,185.89285714285714,1.654248543283238,-18.833765040783746,-9.00780404793165,39.597108018434874,-1.8864430018833707
Rainy,Nelson-Winnipeg,1997-05-01,-0.0004642857142584944,67.61428571428576,16.223858181287405,-13.646390779675656,-0.1471794592881821,-1.7003874389995843,-3.1346827915736615
Rainy,Nelson-Winnipeg,1997-06-01,-0.10624999999998863,-224.76428571428568,7.967037319238962,-19.829256052616984,-10.523754213604008,-7.774651332646622e-05,1.0791015625
Rainy,Nelson-Winnipeg,1997-07-01,-0.09807142857135887,-188.56785714285712,0.0736707037763793,-10.1330589636096,-8.373980651543079,-6.13080508824811e-25,-0.7087282453264514
Rainy,Nelson-Winnipeg,1997-08-01,-0.06694388330021184,-138.96428571428572,-3.2390499067592557,-40.9384590706655,-5.002623265941764,-3.897624386378834e-25,-1.2654320853097083
Rainy,Nelson-Winnipeg,1997-09-01,-0.10481888330014044,-84.25714285714284,-5.902752527617849,-1.7745242387588576,-0.7300582780901834,-0.0033689344149934186,0.5018801007952014
Rainy,Nelson-Winnipeg,1997-10-01,-0.09885714285712766,-128.07142857142858,-11.716973182046786,-11.114004413164892,4.237907169486526,-0.12058002758814323,0.47424425397600434
Rainy,Nelson-Winnipeg,1997-11-01,-0.10246174044306144,-182.3,-11.864984387232521,5.198376768800827,-0.2678234471074674,8.424818087535511,-2.317653111049107
Rainy,Nelson-Winnipeg,1997-12-01,-0.1197751382372303,-93.68076923076922,-10.467578626789706,-19.76021235222342,-2.5496444744661595,-0.8750226417625413,4.212207370334202
Rainy,Nelson-Winnipeg,1998-01-01,-0.11070664990046453,-80.06428571428572,-6.985614225933595,-6.631901139501547,0.0152164588403787,-11.761624499091084,3.271095820835658
Rainy,Nelson-Winnipeg,1998-02-01,-0.09126276660032318,-36.09259259259258,-4.033231610914559,6.40081807172724,0.11224789860924478,-26.08163694718054,8.94301005772182
Rainy,Nelson-Winnipeg,1998-03-01,-0.08528316901447397,-45.06071428571428,-2.163247401767876,-8.411941311870969,0.7768350852919479,-32.15317366578218,-0.05661882672991059
Rainy,Nelson-Winnipeg,1998-04-01,-0.0897474547288084,-154.00714285714287,-2.664450231739984,-35.7422028693171,9.38389361960747,-47.85345728617228,3.7792369297572543
Rainy,Nelson-Winnipeg,1998-05-01,-0.3114642857141803,-266.38571428571424,-24.427267419274095,-18.07071992828112,12.422654786080656,-5.747073367691868,3.7318028041294635
Rainy,Nelson-Winnipeg,1998-06-01,-0.5892500000000496,-387.7642857142857,-26.554555578124045,-6.305390561465174,5.14923823564979,0.0005142481053329753,-0.919097900390625
Rainy,Nelson-Winnipeg,1998-07-01,-0.636571428571358,-314.5678571428571,-18.395985735488857,-23.372981896890067,11.449822216361227,-6.13080508824811e-25,-0.2504762922014514
Rainy,Nelson-Winnipeg,1998-08-01,-0.7674438833001886,-151.6642857142857,-12.894296272341826,-7.540017333147787,-3.8465418204266086,-3.897624386378834e-25,1.1739600045340417
Rainy,Nelson-Winnipeg,1998-09-01,-0.8858188833002032,-112.45714285714284,-11.45512425864581,-21.85639775624233,2.9360953651900843,-0.0033689344149934186,1.1657900129045764
Rainy,Nelson-Winnipeg,1998-10-01,-0.9818571428571659,-154.7714285714286,-11.395584821002558,29.9237110926437,-5.530267209646162,-1.6156769183096134,1.2731334141322543
Rainy,Nelson-Winnipeg,1998-11-01,-0.8924617404430819,-213.20000000000002,-6.657784667498031,10.575018407377812,-0.3147376576505039,11.28022516162933,0.5636335100446428
Rainy,Nelson-Winnipeg,1998-12-01,-0.5612751382371926,-189.58076923076922,-4.343765291937249,-8.509560852501266,7.77563193480967,-11.093428737863348,0.3744693332248268
Rainy,Nelson-Winnipeg,1999-01-01,-0.14070664990049409,-77.06428571428572,-0.27522878787879534,-12.541823672238802,-0.3238707273080115,-20.859833939799245,-1.545218876429967
Rainy,Nelson-Winnipeg,1999-02-01,-0.11776276660037865,-51.09259259259258,0.9425431801771218,9.548208277140343,2.287352295492643,-21.680415075804504,4.1824509756905695
Rainy,Nelson-Winnipeg,1999-03-01,-0.014283169014447594,-60.06071428571428,1.7848970092018135,27.467131013898843,2.02958205149376,-9.620788823147976,1.1285313197544644
Rainy,Nelson-Winnipeg,1999-04-01,0.09075254527118659,113.89285714285714,7.88523312491764,-1.4612579044686385,1.0794916202680085,-3.5227546572319355,2.1816417149135043
Rainy,Nelson-Winnipeg,1999-05-01,0.10553571428573605,83.61428571428576,4.538245220568832,12.63568152041573,3.73506418795192,-5.657743597934584,1.3934238978794635
Rainy,Nelson-Winnipeg,1999-06-01,-0.06875000000002274,10.235714285714323,-1.8364680623303045,2.1052276133559644,2.1268007861051217,-0.00010504309432200567,-0.239776611328125
Rainy,Nelson-Winnipeg,1999-07-01,-0.02207142857139388,84.43214285714288,6.511542774595519,35.69352536994431,1.6253529964680098,-6.13080508824811e-25,0.3611875261579236
Rainy,Nelson-Winnipeg,1999-08-01,0.01455611669979362,89.03571428571428,8.369282605209655,11.382447356092072,-0.5535083639967695,-3.897624386378834e-25,-0.8470055716378333
Rainy,Nelson-Winnipeg,1999-09-01,0.13568111669985683,147.74285714285716,18.97762958833482,71.15402641440076,-1.3906290821198866,-0.0033689344149934186,-1.9452939714704236
Rainy,Nelson-Winnipeg,1999-10-01,0.15964285714289872,143.92857142857142,24.88326604361646,-20.520313289515414,-0.7324303275839057,-1.2680259591531597,-1.5639637538364957
Rainy,Nelson-Winnipeg,1999-11-01,0.09053825955692218,102.39999999999998,15.291639740878185,-39.179621796522824,-8.914315362095032,-11.213239594196368,2.939396449497768
Rainy,Nelson-Winnipeg,1999-12-01,-0.09677513823720574,-8.680769230769215,5.820658146317495,-11.28440497322353,6.666664352114484,-24.873462885066317,2.297046237521702
Rainy,Nelson-Winnipeg,2000-01-01,-0.03670664990050909,-33.06428571428572,1.7142862447404426,-7.018891629871046,-0.23898547676383597,-26.726693048008855,-0.629966190883092
Rainy,Nelson-Winnipeg,2000-02-01,-0.023762766600327723,-20.09259259259258,1.1397285000254804,-8.512344435855216,-0.8801930401075095,-41.34575317480734,4.3206650870186945
Rainy,Nelson-Winnipeg,2000-03-01,0.036716830985483284,-42.06071428571428,-0.569646705116611,0.31853174316763244,0.577818261392947,-81.21343873374697,4.120627267020089
Rainy,Nelson-Winnipeg,2000-04-01,0.05475254527124207,-130.10714285714286,-6.10207303127806,1.2962345707429819,6.371552870924852,-41.4044847815863,0.11798204694475434
Rainy,Nelson-Winnipeg,2000-05-01,0.002535714285784252,-125.38571428571424,-23.89716338283116,-1.6874885436014466,4.339550746538279,-5.708035842785009,1.3147190638950885
Rainy,Nelson-Winnipeg,2000-06-01,-0.072749999999985,-138.76428571428568,-16.879048842903494,41.66144033661112,-1.8333550958361968,-0.00010504309432200567,-2.68292236328125
Rainy,Nelson-Winnipeg,2000-07-01,-0.030571428571363413,46.43214285714288,-0.9225520157737535,-28.938906466854476,-9.967031896979151,-6.13080508824811e-25,-0.9810976300920764
Rainy,Nelson-Winnipeg,2000-08-01,0.04205611669976861,97.03571428571428,3.9040179877442185,30.46614936153803,-1.8263802215057865,-3.897624386378834e-25,-0.3117577689034583
Rainy,Nelson-Winnipeg,2000-09-01,0.044681116699848644,57.74285714285716,0.365182277164422,-39.501163077407654,4.331402846478994,-0.0021883573140257795,-1.7882505144391736
Rainy,Nelson-Winnipeg,2000-10-01,0.029642857142846424,-55.071428571428584,-5.375734152039513,-20.1151304603887,-10.46036935960209,-1.1658360657845281,0.9507152012416293
Rainy,Nelson-Winnipeg,2000-11-01,0.08553825955692673,89.39999999999998,-0.895757090932289,23.49610631686768,5.456695112765637,-3.6883907949751507,0.5526776994977678
Rainy,Nelson-Winnipeg,2000-12-01,0.01572486176280563,3.319230769230785,0.8396131171913872,-7.812739423200213,-2.3376573539011325,-3.5862963715637193,-7.752529568142361
Rainy,Nelson-Winnipeg,2001-01-01,-0.012206649900520006,12.935714285714283,0.7660886289418798,-0.856010418959027,-0.4234558278507654,-7.732473446854527,4.017036982945033
Rainy,Nelson-Winnipeg,2001-02-01,-0.03326276660033045,-21.09259259259258,0.19207879293909613,10.583574018840277,-0.4781344780764938,-4.382267993475708,-2.6625807625906805
Rainy,Nelson-Winnipeg,2001-03-01,-0.03428316901454309,-18.060714285714283,-1.1723053685273044,-14.473907551811344,-0.9348083029700707,18.415902425268925,-0.3599635532924106
Rainy,Nelson-Winnipeg,2001-04-01,0.10125254527122252,175.89285714285714,4.695506857907667,66.67725161865486,-12.489457159452805,29.59153707031094,0.39746202741350434
Rainy,Nelson-Winnipeg,2001-05-01,0.38203571428579153,495.61428571428576,48.493725318361875,43.03187129387099,-0.31636351819282993,-5.488542331390178,0.9251621791294635
Rainy,Nelson-Winnipeg,2001-06-01,0.4792499999999791,551.2357142857143,30.887054682742537,-13.515720202121884,0.6898142912957326,-0.00010504309432200567,-0.1690673828125
Rainy,Nelson-Winnipeg,2001-07-01,-0.012071428571402976,51.43214285714288,9.078120524853666,-7.754103014511728,-2.4760034949784853,-6.13080508824811e-25,-0.1385072980608264
Rainy,Nelson-Winnipeg,2001-08-01,0.20705611669984592,501.0357142857143,3.5897463281539146,37.90904980685029,10.002183885912274,-3.897624386378834e-25,1.0908606392996667
Rainy,Nelson-Winnipeg,2001-09-01,0.06218111669983273,156.74285714285716,0.6101189501350746,-40.87103846749025,-4.867072316950981,-0.0033689344149934186,-0.8202634538922986
Rainy,Nelson-Winnipeg,2001-10-01,0.03964285714289417,51.928571428571416,-2.673406765097752,36.929641738035045,2.9559770357861552,1.9925814645733095,-1.1340626307896207
Rainy,Nelson-Winnipeg,2001-11-01,0.041038259556955836,17.399999999999977,3.050669932105979,5.528700587871882,-8.436180173053536,-8.952768714932192,4.123600551060267
Rainy,Nelson-Winnipeg,2001-12-01,0.046224861762823366,105.31923076923078,6.098177023145748,-1.1822779348154597,10.911036950010047,-10.86684540604,3.584765964084202
Rainy,Nelson-Winnipeg,2002-01-01,0.0022933500994781753,72.93571428571428,7.094797645030276,-11.878202088285303,0.9829475615593504,-26.38272954417127,3.168129512241908
Rainy,Nelson-Winnipeg,2002-02-01,-0.0242627666003159,31.90740740740742,5.259486644977837,-10.00534131058625,3.688996844825202,-36.23956109264067,4.3320786612374445
Rainy,Nelson-Winnipeg,2002-03-01,-0.04878316901454127,-5.060714285714283,3.317438247904647,6.560517689130002,1.044782323463421,-18.808226417084896,-5.101296561104911
Rainy,Nelson-Winnipeg,2002-04-01,-0.13074745472880522,-141.10714285714286,2.0318916982172865,0.1191429536057882,-3.841970766578534,-18.09173544045604,-0.7924793788364957
Rainy,Nelson-Winnipeg,2002-05-01,-0.13246428571420665,-264.38571428571424,-11.089179477754179,-10.160715576993042,0.9250966915195562,-4.397989353405407,-2.9655543736049115
Rainy,Nelson-Winnipeg,2002-06-01,0.3932500000000232,263.2357142857143,-5.768432809938012,22.504586668219417,-4.89863804042605,-0.00010504309432200567,0.465301513671875
Rainy,Nelson-Winnipeg,2002-07-01,0.45992857142863386,560.4321428571429,2.74695566934367,-27.502733016652726,5.632900391771855,6.004377802234799e-24,1.7619748796735486
Rainy,Nelson-Winnipeg,2002-08-01,-0.013443883300169546,-75.96428571428572,-0.659382766960853,35.91283670227442,3.258517402822946,6.227695872421727e-24,-0.4142357962472083
Rainy,Nelson-Winnipeg,2002-09-01,-0.010818883300203197,-59.25714285714284,-2.1757864305982366,-34.00203389381724,11.075237666123684,0.0034330323046560807,1.2093691144670764
Rainy,Nelson-Winnipeg,2002-10-01,-0.0838571428571413,-128.07142857142858,-6.882571178721264,-4.037029454983511,6.270981323073748,2.7094970515366055,-4.428770882742746
Rainy,Nelson-Winnipeg,2002-11-01,-0.08696174044308691,-178.60000000000002,-9.643872596955458,-23.779233285625068,-6.678903695761356,6.761522535400998,-2.551600864955357
Rainy,Nelson-Winnipeg,2002-12-01,0.7527248617628288,-142.68076923076922,-9.633185078941839,-15.722581375114345,-4.984819477950051,-3.1278733233058915,1.5403934054904518
Rainy,Nelson-Winnipeg,2003-01-01,-0.028706649900470893,-89.06428571428572,-6.595193499898805,-17.704895844092658,0.4250723299524646,-23.303873970040257,-1.734824589320592
Rainy,Nelson-Winnipeg,2003-02-01,-0.03326276660033045,-87.09259259259258,-4.1184937269593185,-12.039007552500284,-0.48971756976763015,-32.42743800261191,-4.1265089852469305
Rainy,Nelson-Winnipeg,2003-03-01,-0.03478316901453127,-74.06071428571428,-3.2979354364215396,-8.266689507373876,-2.927804095504273,-42.72541714765664,-2.1926967075892856
Rainy,Nelson-Winnipeg,2003-04-01,-0.21974745472874702,-147.10714285714286,-8.668656311263994,-4.152889575509889,4.037437309826991,-40.108027878367075,-0.17086683000837066
Rainy,Nelson-Winnipeg,2003-05-01,-0.633964285714228,-269.38571428571424,-27.13659241479555,-12.93786035551291,7.695995745182572,-5.708936631803496,1.2125767299107135
Rainy,Nelson-Winnipeg,2003-06-01,-1.0397500000000264,-398.36428571428564,-27.250986957889317,-13.057027535978705,5.6701316082451,-0.00010504309432200567,0.305938720703125
Rainy,Nelson-Winnipeg,2003-07-01,-1.0120714285713461,-343.6678571428571,-16.076513970412115,13.900359427290297,2.2345888345236204,6.004377802234799e-24,-0.1423525129045764
Rainy,Nelson-Winnipeg,2003-08-01,-0.7664438833002123,-174.26428571428573,-9.810559520181933,-8.813856369150542,6.010638242254828,3.906127532162865e-24,1.8209936959402917
Rainy,Nelson-Winnipeg,2003-09-01,-0.6443188833001727,-113.45714285714284,-6.682377788820304,18.62838315511388,12.26756339227515,0.014843003953046718,-0.1700559343610486
Rainy,Nelson-Winnipeg,2003-10-01,-0.32585714285715994,-144.87142857142857,-6.2717961554881185,-23.54478148793403,-6.256481121194419,-0.16813068069560755,-0.04928479875837066
Rainy,Nelson-Winnipeg,2003-11-01,-0.08596174044305371,-138.60000000000002,-8.213411763011077,-8.680612497430829,0.07080194856306576,1.270188521760117,-1.7893633161272322
Rainy,Nelson-Winnipeg,2003-12-01,-0.0632751382372021,-79.68076923076922,-7.059501453854697,-10.018810412104898,-4.856184738282874,-5.235590420111464,2.794238620334202
Rainy,Nelson-Winnipeg,2004-01-01,-0.04070664990052819,4.935714285714283,-4.055386384217336,11.25163520815217,-0.7594709591752951,-5.489867313631947,-4.607108524867467
Rainy,Nelson-Winnipeg,2004-02-01,-0.0867627666003159,-34.09259259259258,-1.5085419560948914,-2.974296504232502,0.2474154732356384,3.6764960469944157,3.0961472647530695
Rainy,Nelson-Winnipeg,2004-03-01,-0.05228316901445851,-2.0607142857142833,-0.9731730606290512,14.082373101181084,-1.090786586116467,12.592759598711766,0.9425571986607144
Rainy,Nelson-Winnipeg,2004-04-01,0.0017525452712447986,49.89285714285714,2.2469643486796755,-12.255175949706299,0.6958065101311419,-14.196877378188738,-0.14767347063337066
Rainy,Nelson-Winnipeg,2004-05-01,0.01753571428577061,106.61428571428576,3.575714957800564,43.13381479421098,-0.3403156214127563,-4.677603589611223,-2.8728114536830365
Rainy,Nelson-Winnipeg,2004-06-01,-0.09624999999999773,119.23571428571432,5.409379893015803,-27.069886273238808,3.411865285930361,-0.00010163102169756324,-3.016632080078125
Rainy,Nelson-Winnipeg,2004-07-01,-0.07607142857142435,-120.56785714285712,3.4043050285877783,-21.57130880680468,-17.02096057955974,3.3182571161506776e-24,-1.6492494855608264
Rainy,Nelson-Winnipeg,2004-08-01,-0.00994388330025231,-131.96428571428572,-0.13498255741848908,6.909398395302034,-8.638665853400852,-3.897624386378834e-25,-3.6996056692940833
Rainy,Nelson-Winnipeg,2004-09-01,0.07468111669982136,62.74285714285716,3.719413871294819,15.264348226732437,-15.033252171373789,-0.0033689344149934186,1.4052614484514514
Rainy,Nelson-Winnipeg,2004-10-01,0.02264285714284142,-14.071428571428584,6.318891973933205,34.81851483645316,-0.6314359613627758,-1.4745194697850041,0.7062694004603793
Rainy,Nelson-Winnipeg,2004-11-01,0.13603825955692628,150.39999999999998,12.296520310753426,-31.418066771168796,1.1668126223542359,-10.710854511541713,2.247990199497768
Rainy,Nelson-Winnipeg,2004-12-01,0.02872486176278244,33.319230769230785,9.133977088991,30.44399326555086,4.30226480023487,-4.54621799980049,-1.4369320339626732
Rainy,Nelson-Winnipeg,2005-01-01,0.03479335009950546,43.93571428571428,4.9737535550126,21.3987306332066,-1.7357047968939048,24.163815991154735,-2.275870731898717
Rainy,Nelson-Winnipeg,2005-02-01,-0.0027627666003695595,54.90740740740742,2.261631920451432,-5.3860248798238395,0.3768486910433113,30.68561067006418,2.8999497549874445
Rainy,Nelson-Winnipeg,2005-03-01,-0.05578316901448943,27.939285714285717,1.0584954361547716,-7.929395029870129,-3.302797783232693,42.26382510803107,-1.6300136021205356
Rainy,Nelson-Winnipeg,2005-04-01,0.07275254527121433,224.89285714285714,6.927113489447429,-13.273262863679392,3.3544134826765273,-20.966899591647753,2.8361827305385043
Rainy,Nelson-Winnipeg,2005-05-01,0.1225357142857888,207.61428571428576,2.1278090550497737,41.69009157755811,-2.30259447458333,-4.310142118724158,-0.8194362095424115
Rainy,Nelson-Winnipeg,2005-06-01,0.21474999999992406,462.2357142857143,12.251443632911624,28.584511892404407,-5.271681625994717,-0.00010504309432200567,0.535980224609375
Rainy,Nelson-Winnipeg,2005-07-01,0.0014285714286188522,89.43214285714288,13.485971550315817,-28.040960630668067,14.90002217802352,-6.13080508824811e-25,0.4119077410016736
Rainy,Nelson-Winnipeg,2005-08-01,-0.00744388330019774,-67.96428571428572,4.80074943750099,-8.278227145118379,-2.5043723456162468,-3.897624386378834e-25,-0.6583764212472083
Rainy,Nelson-Winnipeg,2005-09-01,-0.0003188833002241154,-72.25714285714284,2.392780370428227,-5.323331237637575,-0.4900424807731554,-0.0033689344149934186,1.1585878644670764
Rainy,Nelson-Winnipeg,2005-10-01,-0.025857142857148574,-83.07142857142858,-2.6313687849324197,9.546523335822187,-5.520923832331654,-1.353090634812101,1.2165233067103793
Rainy,Nelson-Winnipeg,2005-11-01,0.04203825955693219,-3.6000000000000227,-1.6698014016063603,54.21729716804943,8.383718564540949,3.7130318024927487,0.5782209123883928
Rainy,Nelson-Winnipeg,2005-12-01,0.02322486176279881,90.31923076923078,3.439706489357544,-5.832349430959397,-1.6074393955662991,16.872893639460756,1.5624881320529518
Rainy,Nelson-Winnipeg,2006-01-01,-0.02570664990048499,66.93571428571428,5.31424008243318,-1.6295078104511553,3.3796492511360805,13.397607819310252,7.574715205601283
Rainy,Nelson-Winnipeg,2006-02-01,-0.04826276660031681,39.90740740740742,3.9275354086255128,-6.78755289741925,-0.11799436677912478,11.39999886176416,-1.1117689950125555
Rainy,Nelson-Winnipeg,2006-03-01,-0.06278316901449443,3.9392857142857167,4.069978902407456,12.855503572999233,-2.192847684325118,15.983451773146427,0.7467869349888394
Rainy,Nelson-Winnipeg,2006-04-01,0.09175254527121979,124.89285714285714,8.3024353703617,-30.211019891014857,5.536317174638889,-30.79232853945411,3.9553843906947543
Rainy,Nelson-Winnipeg,2006-05-01,0.03053571428580426,0.6142857142857565,-5.267230490322355,-6.209762559072786,-0.5046060458490871,-5.480950451696387,1.5416477748325885
Rainy,Nelson-Winnipeg,2006-06-01,-0.11675000000002456,-269.7642857142857,-13.487592867542325,-39.22009054804221,16.367766033259358,-0.00010504309432200567,1.566864013671875
Rainy,Nelson-Winnipeg,2006-07-01,-0.10707142857137342,-285.5678571428571,-12.060842997535865,-12.303227059809231,15.148139550417127,-6.13080508824811e-25,2.2541623796735486
Rainy,Nelson-Winnipeg,2006-08-01,-0.08744388330018182,-145.96428571428572,-10.759209147571319,-35.5990744096094,4.3154774882298454,-3.897624386378834e-25,0.4278967721121667
Rainy,Nelson-Winnipeg,2006-09-01,-0.1983188833002032,-86.25714285714284,-11.141628856421448,-37.07517487263041,2.6729734547968462,-0.0033689344149934186,-0.5591855730329236
Rainy,Nelson-Winnipeg,2006-10-01,-0.37085714285717586,-128.07142857142858,-17.601806815946475,-23.814339186563828,1.2670957242205176,2.9315802326794125,-1.9702442714146207
Rainy,Nelson-Winnipeg,2006-11-01,-0.5259617404430514,-176.60000000000002,-20.591272893528053,-18.894548245173482,-6.738823826058898,-7.478101607245792,0.6326337541852678
Rainy,Nelson-Winnipeg,2006-12-01,-0.6182751382372089,-173.08076923076922,-19.296800425595226,5.42832571901036,-1.5657713250860716,-20.821540064557837,3.878222995334202
Rainy,Nelson-Winnipeg,2007-01-01,-0.4807066499004691,-162.26428571428573,-14.24312495925863,-14.885239420566773,2.6818362834351968,-31.78996233535665,2.424599238804408
Rainy,Nelson-Winnipeg,2007-02-01,-0.3587627666003641,-145.59259259259258,-9.309864455385,-7.851370310943043,0.4738658442095458,-45.803808074976715,-4.3124220711844305
Rainy,Nelson-Winnipeg,2007-03-01,-0.1922831690145017,-134.36071428571427,-6.300722416199278,5.168047714895302,0.2624910058719774,-49.57005692579385,1.0316990443638394
Rainy,Nelson-Winnipeg,2007-04-01,-0.15474745472880613,-185.20714285714286,-6.166334288926528,4.330665126742261,1.4638874459446285,-48.16916073780573,0.13784899030412934
Rainy,Nelson-Winnipeg,2007-05-01,-0.35246428571423394,-303.58571428571423,-23.68919113567764,11.036062122522182,-2.3711630991393946,-5.746256176307085,1.8953159877232135
Rainy,Nelson-Winnipeg,2007-06-01,-0.2367500000000291,-288.7642857142857,-16.720683259856223,14.188809727784246,6.803302052763428,-0.00010504309432200567,1.0782470703125
Rainy,Nelson-Winnipeg,2007-07-01,-0.07057142857138388,-120.56785714285712,-2.9754767861699563,-22.696029128772878,4.372674032180967,-6.13080508824811e-25,0.5991330827985486
Rainy,Nelson-Winnipeg,2007-08-01,-0.04744388330016136,-142.96428571428572,-1.7666668094794389,-32.619915636522435,7.998817991132711,-3.897624386378834e-25,-0.0584923880440833
Rainy,Nelson-Winnipeg,2007-09-01,-0.065318883300165,-78.25714285714284,2.4082729214569554,98.79894005799932,-2.0819544858698293,0.00168775744668892,-0.6509824480329236
Rainy,Nelson-Winnipeg,2007-10-01,0.10664285714290145,381.92857142857144,31.416643381817266,43.1390864583331,-4.211335280810353,-1.717083718095377,1.6861583164760043
Rainy,Nelson-Winnipeg,2007-11-01,0.06903825955697585,369.4,32.02529917221649,-9.419313116398243,10.29252588133594,-5.211289468986381,-0.1433061872209822
Rainy,Nelson-Winnipeg,2007-12-01,0.02522486176280836,109.31923076923078,15.380625701423181,8.297843261432178,-3.296283716163426,9.298145391598894,-1.1414303249782982
Rainy,Nelson-Winnipeg,2008-01-01,-0.03120664990046862,61.93571428571428,6.427670039036975,-16.625698773298478,-0.834526536501861,5.361053959599559,0.370552607945033
Rainy,Nelson-Winnipeg,2008-02-01,-0.03976276660034728,-4.092592592592581,2.7405862659049625,-11.8911858215662,-0.8344514374454901,-7.216237884547027,-2.3298781258719305
Rainy,Nelson-Winnipeg,2008-03-01,-0.06128316901447306,-13.060714285714283,-0.5968901023152284,-9.419882048470235,1.5477124335510393,2.025526632288731,-2.3848964146205356
Rainy,Nelson-Winnipeg,2008-04-01,-0.14024745472880795,-111.10714285714286,-3.1775397032366257,35.968850154729026,-4.299870644380071,21.42751122716748,-1.2692249843052457
Rainy,Nelson-Winnipeg,2008-05-01,0.15253571428576151,306.61428571428576,-3.765220333921853,0.2717768989636369,-2.4614210623050354,-1.986471107469967,-3.0019313267299115
Rainy,Nelson-Winnipeg,2008-06-01,0.31924999999995407,497.2357142857143,4.503627943839611,29.860712529625744,-3.7529156959083423,-8.115858572886405e-05,-1.978179931640625
Rainy,Nelson-Winnipeg,2008-07-01,0.19892857142860976,448.4321428571429,9.877681211427053,-7.2555441542395585,-11.220119901866255,-6.13080508824811e-25,-1.5565065656389514
Rainy,Nelson-Winnipeg,2008-08-01,-0.033943883300196376,-49.96428571428572,5.87909391158194,-43.56418267291572,4.147404962818001,-3.897624386378834e-25,0.1774390084402917
Rainy,Nelson-Winnipeg,2008-09-01,0.04118111669981772,-61.25714285714284,0.19521299691405147,15.810792434162323,-2.219941566831295,-0.0033689344149934186,-0.4346433367047986
Rainy,Nelson-Winnipeg,2008-10-01,0.05814285714291145,9.928571428571416,-3.9460530679207295,-9.514846951268353,-1.0117933395252194,-1.5190589678338386,0.6143809727260043
Rainy,Nelson-Winnipeg,2008-11-01,0.05303825955689945,128.39999999999998,-1.5416176548959406,2.2908447343589984,1.16273342947742,-6.838679276240457,0.1925397600446428
Rainy,Nelson-Winnipeg,2008-12-01,0.007224861762836099,63.319230769230785,-0.18170391450877688,9.884546495784349,-2.6621132586755003,-1.5844706514919267,-6.151348537868923
Rainy,Nelson-Winnipeg,2009-01-01,0.19972208250442236,69.93571428571428,0.5803235939570826,-0.352121250346368,-2.8366266183833693,10.805982963315074,-4.136313847133092
Rainy,Nelson-Winnipeg,2009-02-01,0.17466596580459282,32.90740740740742,0.4185024029408986,6.49229304066726,-0.5428711176916421,6.365313726876465,0.7637803213936945
Rainy,Nelson-Winnipeg,2009-03-01,0.15914556339043884,50.93928571428572,1.0787899445858784,33.65447498383998,-1.7720835374867807,18.485446144560612,-1.4091273716517856
Rainy,Nelson-Winnipeg,2009-04-01,0.18625254527120205,228.89285714285714,1.6832796141638298,4.199083216787713,-4.306274069157162,29.079443764723173,-0.49044690813337066
Rainy,Nelson-Winnipeg,2009-05-01,0.37953571428573696,442.61428571428576,25.719688810308334,12.183706018341965,1.1411889073705055,-2.70010611066418,-2.4450465611049115
Rainy,Nelson-Winnipeg,2009-06-01,0.225750000000005,331.2357142857143,18.40000965915221,-13.014999276492745,-8.034887765201603,0.00013892010554207777,-2.288421630859375
Rainy,Nelson-Winnipeg,2009-07-01,0.05042857142865387,-145.56785714285712,6.39260508199056,9.389604940744377,-17.52503380079621,-6.13080508824811e-25,-4.001788548060826
Rainy,Nelson-Winnipeg,2009-08-01,0.21505611669977043,229.03571428571428,8.361747274258441,38.25786922659192,-11.095631243993665,-3.897624386378834e-25,-1.7180688040597083
Rainy,Nelson-Winnipeg,2009-09-01,0.13418111669983546,81.74285714285716,8.059346801019274,-60.28748316956418,-6.8802098810140535,-0.002239538332560187,3.1457094464983264
Rainy,Nelson-Winnipeg,2009-10-01,0.12964285714286916,-56.071428571428584,-1.6271542117465287,-7.6916360953224086,-1.5830818572015133,0.8131079899515368,-2.4423206874302457
Rainy,Nelson-Winnipeg,2009-11-01,0.18053825955695402,-1.6000000000000227,-6.22232733543829,-8.395156307545093,-12.873648769787643,-9.91461841372906,3.674137660435268
Rainy,Nelson-Winnipeg,2009-12-01,0.10772486176284701,43.319230769230785,-3.730469469532924,3.7340455304796762,6.867873567561791,-16.761564097746657,-1.6413998074001732
Rainy,Nelson-Winnipeg,2010-01-01,0.06979335009947363,-6.064285714285717,-0.7724108623473782,-4.747656989950752,-0.4420798782770623,-20.63713608575719,0.810494014195033
Rainy,Nelson-Winnipeg,2010-02-01,0.07223723339967592,-1.092592592592581,-0.03831830482730325,-19.46961384133569,-0.5090573561444343,-23.9752982077854,0.5836045401436945
Rainy,Nelson-Winnipeg,2010-03-01,0.09321683098551148,44.93928571428572,1.4481240141321905,-22.134885094211704,-3.0070982964908968,-65.84029210664865,5.326041085379464
Rainy,Nelson-Winnipeg,2010-04-01,-0.01874745472878203,-139.10714285714286,-5.030651019686566,-25.57726807676123,8.997121175135753,-54.416143986080506,4.664673941476004
Rainy,Nelson-Winnipeg,2010-05-01,-0.27946428571425486,-268.38571428571424,-29.385286021611783,-25.846362255314105,7.603211569533286,-5.506546120981781,2.4530247279575885
Rainy,Nelson-Winnipeg,2010-06-01,-0.3482500000000073,-387.7642857142857,-29.947293286178528,-8.337904291693121,2.22998899906608,-0.00010504309432200567,-0.382537841796875
Rainy,Nelson-Winnipeg,2010-07-01,0.040928571428594296,-65.56785714285712,-13.75499326656739,57.818469624700285,9.990551966309013,-6.13080508824811e-25,0.4327817644391736
Rainy,Nelson-Winnipeg,2010-08-01,0.12155611669982136,19.035714285714278,-3.305467641829246,26.959751998739577,4.981423187668298,-3.897624386378834e-25,0.8789465767996667
Rainy,Nelson-Winnipeg,2010-09-01,0.18218111669983728,16.74285714285716,5.710147306672297,42.32180221671504,9.974623930507477,-0.0033689344149934186,-2.8163877214704236
Rainy,Nelson-Winnipeg,2010-10-01,0.16114285714286325,39.928571428571416,12.502435798523948,-38.7074227868912,-4.243479530227241,-1.4553913846709423,1.8750010899135043
Rainy,Nelson-Winnipeg,2010-11-01,0.15853825955690581,-112.60000000000002,3.316819805019936,9.695477367910954,1.891938050643411,0.3864919209653248,1.1753583635602678
Rainy,Nelson-Winnipeg,2010-12-01,0.10572486176278062,-0.680769230769215,-1.042736372996675,-3.1692595372011,-1.1528005437597777,23.605439432517244,-1.7821163601345482
Rainy,Nelson-Winnipeg,2011-01-01,0.050793350099525014,-21.064285714285717,-1.5751022479629952,3.4011195519789403,-1.6012908950610187,30.88944019483668,-2.398063114711217
Rainy,Nelson-Winnipeg,2011-02-01,0.08623723339968592,6.907407407407419,-1.4683615570122903,-9.291062065001046,-0.33075320451254253,29.97486253402063,-0.32771137782505555
Rainy,Nelson-Winnipeg,2011-03-01,0.05621683098547692,-7.060714285714283,-2.3474380650441162,-13.594300213818705,-0.5318187676104049,29.425237943152226,-1.3273402622767856
Rainy,Nelson-Winnipeg,2011-04-01,0.18775254527122343,162.89285714285714,1.336551712094142,26.46382085263862,-5.9434239041625645,15.504314553774229,-0.16808973039899566
Rainy,Nelson-Winnipeg,2011-05-01,0.1880357142857747,143.61428571428576,7.8203437858194675,-17.290712126331144,-2.3696906781489275,-3.9887026513536483,-0.3021022251674115
Rainy,Nelson-Winnipeg,2011-06-01,-0.01175000000006321,-216.76428571428568,0.12218363865810744,12.662842345889658,-6.799297448846374,-0.00010504309432200567,-1.41455078125
Rainy,Nelson-Winnipeg,2011-07-01,0.059428571428611576,-161.56785714285712,0.10680739381184168,-21.905346274642014,4.655761403098168,-6.13080508824811e-25,1.3132444109235486
Rainy,Nelson-Winnipeg,2011-08-01,0.12855611669976952,-112.96428571428572,-0.25200574184834323,-5.691342255366706,9.60470961373565,-3.897624386378834e-25,1.0564368111746667
Rainy,Nelson-Winnipeg,2011-09-01,0.06618111669979498,-84.25714285714284,-4.489731290959753,-41.26502982606846,3.2734110884900645,-0.00303284525671188,-0.0277524675641736
Rainy,Nelson-Winnipeg,2011-10-01,-0.08085714285709855,-129.07142857142858,-12.606544623849913,-25.42864670561228,4.678810643131975,-1.5956480550910004,2.5226756504603793
Rainy,Nelson-Winnipeg,2011-11-01,-0.19596174044306736,-179.50000000000003,-16.90655420783774,-23.56115362739989,1.2777156786926653,-7.111117672008861,1.7691083635602678
Rainy,Nelson-Winnipeg,2011-12-01,-0.2552751382372094,-155.68076923076922,-16.814771398289682,-11.112236374713206,7.820308002582923,-16.042272008403586,3.173663669162327
Rainy,Nelson-Winnipeg,2012-01-01,-0.18320664990045543,-128.06428571428572,-12.737099929446622,10.744866157308156,2.4617264875165086,-17.040051652916844,3.521004268101283
Rainy,Nelson-Winnipeg,2012-02-01,-0.08426276660037502,,-8.464945449044794,-1.612248298312938,2.0719914589010715,-12.098066907908233,4.7560593741280695
Rainy,Nelson-Winnipeg,2012-03-01,0.06521683098549147,-47.06071428571428,-3.4141782016376965,22.385990228420788,-1.4693124602282683,-43.18397803165551,6.510336739676339
Rainy,Nelson-Winnipeg,2012-04-01,0.20775254527126208,55.89285714285714,3.1261596346407075,3.4587166945649557,10.240349500756047,-49.31894411441005,1.6953135899135043
Rainy,Nelson-Winnipeg,2012-05-01,0.10553571428573605,-93.38571428571424,-6.4118934554114375,82.52530589067776,6.382690052435336,-5.736963395888139,1.7743443080357135
Rainy,Nelson-Winnipeg,2012-06-01,0.05275000000000318,114.23571428571432,14.681427211533965,4.92740044137463,22.071511443105663,-8.968876673485861e-05,1.61328125
Rainy,Nelson-Winnipeg,2012-07-01,0.10792857142860157,6.432142857142878,10.698238332614501,16.881145802991725,18.15919716942257,-6.13080508824811e-25,2.2402158464704236
Rainy,Nelson-Winnipeg,2012-08-01,0.155056116699825,-39.96428571428572,3.029468488031334,-25.307006867868566,9.067947202960823,-3.897624386378834e-25,0.2106421334402917
Rainy,Nelson-Winnipeg,2012-09-01,0.12418111669978771,-79.25714285714284,-2.0876629423582926,-63.543468381145175,7.570980482601698,-0.003201742856617784,-1.1122251238141736
Rainy,Nelson-Winnipeg,2012-10-01,0.024142857142862795,-127.07142857142858,-10.564939089817926,3.008194621153436,-3.1896591660500135,0.23205257601992857,-1.2137440272739957
Rainy,Nelson-Winnipeg,2012-11-01,0.02503825955687944,-177.60000000000002,-14.532157490196237,-8.457049677547602,-0.4900626247815225,-5.5303899197107445,-0.3386186872209822
Rainy,Nelson-Winnipeg,2012-12-01,0.05122486176281882,-148.68076923076922,-13.102660041854339,-10.773433387469225,0.4965166714370106,-17.051365605934905,0.09190707736545178
Rainy,Nelson-Winnipeg,2013-01-01,0.1537220825044301,-60.06428571428572,-8.345678307315602,30.427471791751618,1.0586044676788982,-21.4506724317159,0.490730830601283
Rainy,Nelson-Winnipeg,2013-02-01,0.18566596580456007,-39.09259259259258,-4.712786843551189,7.013110044811452,-1.911816698598808,0.5984376849872746,-0.5879652840750555
Rainy,Nelson-Winnipeg,2013-03-01,0.040716830985502384,-7.060714285714283,-4.176583715889137,-1.344921435312635,-0.7910397460883747,23.799401391962803,-2.2075282505580356
Rainy,Nelson-Winnipeg,2013-04-01,-0.13674745472877703,-149.10714285714286,-6.226813212768839,12.472468681932824,-9.222237578277209,81.03958423141324,-3.4594715663364957
Rainy,Nelson-Winnipeg,2013-05-01,0.12753571428578425,152.61428571428576,12.905504858021494,16.098541415496058,-14.494153662651243,12.6318315879832,-1.6623317173549115
Rainy,Nelson-Winnipeg,2013-06-01,0.336749999999995,457.2357142857143,28.457245727102936,-22.18856621766463,-11.24565260917214,-9.992498527431972e-05,-1.074920654296875
Rainy,Nelson-Winnipeg,2013-07-01,0.08642857142859839,45.43214285714288,12.073053690463503,58.52523170012448,-3.4193561961209156,-6.13080508824811e-25,-0.6174196515764514
Rainy,Nelson-Winnipeg,2013-08-01,0.1775561166997477,95.03571428571428,10.001414357767707,-7.447832230744623,-18.39389519799235,-3.897624386378834e-25,0.2061255318777917
Rainy,Nelson-Winnipeg,2013-09-01,0.21568111669978407,1.7428571428571615,6.885976399644278,-25.624279764347847,1.1581749588783339,-0.0033689344149934186,1.2720217023577014
Rainy,Nelson-Winnipeg,2013-10-01,0.15364285714281323,-62.071428571428584,-0.6703043181914836,-24.709957298390307,5.527827352385167,0.25476683512286913,-0.04073987688337066
Rainy,Nelson-Winnipeg,2013-11-01,0.15103825955696948,-140.60000000000002,-5.875080803109864,-5.232660748463658,3.9817979684033062,-3.9638918450301777,-1.1943620954241072
Rainy,Nelson-Winnipeg,2013-12-01,0.10072486176278517,,-6.021836218510376,14.757696989734,-6.612958912565201,14.537922658578111,-7.982281155056423
Rainy,Nelson-Winnipeg,2014-01-01,0.11279335009948,-27.064285714285717,-3.494726003347232,7.525092862904007,-1.3286559538495828,22.934678808919017,-5.4577097211565295
Rainy,Nelson-Winnipeg,2014-02-01,0.07723723339967137,-14.092592592592581,-2.0117629007602638,20.428080643926346,-1.950389518502301,32.51203854701349,-4.7678358895438055
Rainy,Nelson-Winnipeg,2014-03-01,0.030216830985523302,22.939285714285717,-2.607925758638885,-0.09211853154868521,-1.8220565315069894,64.69767229698066,-4.857308523995536
Rainy,Nelson-Winnipeg,2014-04-01,-0.06724745472877203,-94.10714285714286,-8.402080358272151,14.404720880390542,-7.093174800892093,114.00816495422208,-2.8431080409458707
Rainy,Nelson-Winnipeg,2014-05-01,0.1115357142857647,281.61428571428576,53.71685007204568,6.471131204827017,-16.881655427693786,39.58570574386222,-0.9307338169642865
Rainy,Nelson-Winnipeg,2014-06-01,0.7442499999999654,561.2357142857143,66.36606523118513,70.99406415363774,-14.39986405395237,-8.115858572886405e-05,-1.4027099609375
Rainy,Nelson-Winnipeg,2014-07-01,0.984428571428623,721.4321428571429,36.391454111643334,32.27232632759426,-7.014676238343654,-6.13080508824811e-25,-1.8117555890764514
Rainy,Nelson-Winnipeg,2014-08-01,0.29555611669979953,320.0357142857143,14.990009153344936,-42.56813678823944,-18.89376047100606,-3.897624386378834e-25,-0.4417016165597083
Rainy,Nelson-Winnipeg,2014-09-01,0.18118111669980408,-22.25714285714284,4.261831272742711,-30.12837925260621,-8.592576819605057,-0.0016731342498133017,-1.0296445574079236
Rainy,Nelson-Winnipeg,2014-10-01,0.19314285714290236,-65.07142857142858,-5.271919450024143,-13.547656471408644,0.449328263390008,-1.4375445374850773,0.05612291608537934
Rainy,Nelson-Winnipeg,2014-11-01,0.24146699196182908,-108.60000000000002,-10.329606572798053,-15.64693096692541,8.660118806541767,-1.433395277542461,-4.226863316127233
Rainy,Nelson-Winnipeg,2014-12-01,0.1601535941676957,-85.68076923076922,-10.342242398851173,-8.70711608203473,-7.505951567846179,-9.03750807736759,1.5420718722873268
Rainy,Nelson-Winnipeg,2015-01-01,0.16272208250444464,-25.064285714285717,-7.013250990504666,3.3222439804896062,1.028464497202159,-13.451371474989827,0.19724328177315797
Rainy,Nelson-Winnipeg,2015-02-01,0.06373723339964954,-35.09259259259258,-4.264376793539018,0.21748600660690087,-1.5154861487514735,-7.657200497175964,-6.476011548723493
Rainy,Nelson-Winnipeg,2015-03-01,0.06571683098547965,-41.06071428571428,-3.4447092839400284,-8.361915086944855,2.0217237262321373,-11.926087866803371,0.4999302455357144
Rainy,Nelson-Winnipeg,2015-04-01,0.019681277676113496,-127.10714285714286,-6.32513642943065,-15.858598032666904,5.737461895997903,-24.489498707615503,0.9384776524135043
Rainy,Nelson-Winnipeg,2015-05-01,-0.11596428571425577,-202.38571428571424,-16.83804333359668,11.726338857053108,1.3255013701772071,-4.789212413838229,0.21773420061383852
Rainy,Nelson-Winnipeg,2015-06-01,-0.009749999999996817,65.23571428571432,-10.282946812887012,20.069769525434822,-2.1006889125731334,-0.00010504309432200567,-0.36895751953125
Rainy,Nelson-Winnipeg,2015-07-01,-0.038071428571413435,29.43214285714288,-2.5693899338615935,-7.477764239800834,6.173711960270467,-6.13080508824811e-25,0.3519101824079236
Rainy,Nelson-Winnipeg,2015-08-01,0.07505611669978407,9.035714285714278,1.297861705617315,25.756581952529288,0.5028743014138684,-3.897624386378834e-25,-0.7017418997628333
Rainy,Nelson-Winnipeg,2015-09-01,0.1486811166997768,63.74285714285716,1.2614521983778104,-19.53481314038592,-0.19364441478890626,-0.0033689344149934186,2.2964052472795764
Rainy,Nelson-Winnipeg,2015-10-01,0.15764285714283233,-89.07142857142858,-4.996735515305772,-13.15174845097188,1.4433603958293233,-1.44799060072793,0.9292308262416293
Rainy,Nelson-Winnipeg,2015-11-01,0.20603825955691946,162.39999999999998,0.26002004493161124,36.21617523354611,-2.18097538371304,-7.747464310211528,3.387180873325893
Rainy,Nelson-Winnipeg,2015-12-01,0.15322486176279426,188.31923076923078,13.370218891564203,16.052225705977804,7.517568502980456,-10.14515050445442,5.211200290256077
Rainy,Nelson-Winnipeg,2016-01-01,0.11029335009948227,64.93571428571428,11.223532866487012,-2.6333272118271047,1.89182107117501,-12.10650814963239,1.809212275913783
Rainy,Nelson-Winnipeg,2016-02-01,0.11323723339961589,71.90740740740742,7.492734965386003,12.269674634028757,1.6292494089741796,-2.166293960596832,1.8589341299874445
Rainy,Nelson-Winnipeg,2016-03-01,0.1412168309855133,86.93928571428572,10.103631713718642,34.10117431069791,-4.296306628800396,-13.551014791508877,2.1120213099888394
Rainy,Nelson-Winnipeg,2016-04-01,0.2582525452712048,147.89285714285714,21.582995167201652,-9.918234988747699,3.503632313887856,-22.586577582322725,-0.39526258196149566
Rainy,Nelson-Winnipeg,2016-05-01,0.056535714285757876,-8.385714285714243,9.306972917069551,-19.227703592540436,2.129111214474378,-5.61128823110657,1.5290745326450885
Rainy,Nelson-Winnipeg,2016-06-01,0.022749999999973625,-87.76428571428568,-6.211077623967348,14.061048568692058,1.1364998811456815,-0.00010504309432200567,-0.70843505859375
Rainy,Nelson-Winnipeg,2016-07-01,0.003428571428628402,122.43214285714288,-1.326619702532689,-4.5453728775360815,0.3204271114165209,-6.13080508824811e-25,0.0135312761579236
Rainy,Nelson-Winnipeg,2016-08-01,0.13155611669981226,-18.964285714285722,-1.0171756543318864,6.8115401414356,4.145362339581226,-3.897624386378834e-25,0.6557410103934167
Rainy,Nelson-Winnipeg,2016-09-01,0.1401811166998641,30.74285714285716,-2.380521400482394,14.851050551182453,-0.38018366987151353,-0.0033689344149934186,0.6667665754045764
Rainy,Nelson-Winnipeg,2016-10-01,0.1481428571428296,24.928571428571416,-3.3541434386279434,-25.758422092102208,0.16272584824556446,-1.7130830632692908,1.4660350254603793
Rainy,Nelson-Winnipeg,2016-11-01,0.08253825955688399,-76.60000000000002,-4.704979343971768,14.138759163740488,-7.9640555070779655,-2.4705794265693317,5.318699428013392
Rainy,Nelson-Winnipeg,2016-12-01,0.156224861762837,15.319230769230785,-3.6277897586977055,19.582048276249594,16.80403927241935,6.584498651877595,0.3098636203342018
Rainy,Nelson-Winnipeg,2017-01-01,0.1872933500995373,86.93571428571428,-0.04437627337340899,2.946480700172419,-0.1896607269113053,21.058987693062846,3.003029414585658
Rainy,Nelson-Winnipeg,2017-02-01,0.11673723339964681,110.90740740740742,2.1756526860242182,13.612124669764722,1.2777791832507193,8.86028220078775,3.4540574210030695
Rainy,Nelson-Winnipeg,2017-03-01,0.0927168309855233,150.93928571428572,6.302488509390969,-7.444138482761836,2.0683359554303546,-16.656446586629116,-0.6920253208705356
Rainy,Nelson-Winnipeg,2017-04-01,0.10825254527122752,92.89285714285714,13.816924391513957,9.929573882670539,3.2857307711050723,-41.25859310027278,1.2429820469447543
Rainy,Nelson-Winnipeg,2017-05-01,0.13753571428577516,6.6142857142857565,3.8179029486075606,-15.051181453080588,-1.4201559741715215,-3.8377491154317767,-0.7832118443080365
Rainy,Nelson-Winnipeg,2017-06-01,0.03624999999999545,-66.76428571428568,-4.588459913585602,18.593297281768173,5.829087416974033,-0.00010504309432200567,-0.15313720703125
Rainy,Nelson-Winnipeg,2017-07-01,0.09342857142860339,93.43214285714288,-3.0473042248299222,-26.98530695800271,-0.26922697101586834,-6.13080508824811e-25,-0.1053346906389514
Rainy,Nelson-Winnipeg,2017-08-01,0.15155611669979407,49.03571428571428,-1.8634586407902773,0.18425265859279705,0.32414837707099764,-3.897624386378834e-25,-0.8908593314034583
Rainy,Nelson-Winnipeg,2017-09-01,0.17968111669983955,42.74285714285716,2.623733234941028,62.71889815772218,-6.47400189856333,-0.0033689344149934186,0.2836183820452014
Rainy,Nelson-Winnipeg,2017-10-01,0.20814285714288872,113.92857142857142,18.955078994622454,10.359920449055991,6.265871156106833,1.6758353973175741,1.3462840488978793
Rainy,Nelson-Winnipeg,2017-11-01,0.1830382595568949,43.39999999999998,9.331785279625496,-6.355413185831694,7.348040131286588,30.601478684859885,-2.095179966517857
Rainy,Nelson-Winnipeg,2017-12-01,0.13622486176279835,34.319230769230785,4.188551655884279,-0.33774705715822506,-2.3195498237058665,18.949500836983873,-3.589458889431423
Rainy,Nelson-Winnipeg,2018-01-01,0.12429335009954912,15.935714285714283,3.237908148938523,-1.2080597818047458,0.2339499200648527,12.874785677662913,0.347206660679408
Rainy,Nelson-Winnipeg,2018-02-01,0.11173723339965136,25.90740740740742,1.9689547209834153,5.432652841721261,-0.9442056055247248,11.485822099660126,-2.6169569832938055
Rainy,Nelson-Winnipeg,2018-03-01,0.03821683098550466,24.939285714285717,0.3216822588001378,-23.24788559469328,4.871558464531388,26.293125618914402,-0.08411516462053559
Rainy,Nelson-Winnipeg,2018-04-01,-0.1252474547288216,-141.10714285714286,-7.219384216503904,-38.60247843216972,-2.6195679778798606,43.777695846594206,-3.9452808925083707
Rainy,Nelson-Winnipeg,2018-05-01,-0.03996428571423394,-227.38571428571424,-24.794075276336763,-20.748216450946146,3.457505613498924,-4.1608757900615245,3.0478733607700885
Rainy,Nelson-Winnipeg,2018-06-01,0.013249999999970896,-244.76428571428568,-18.559788066860555,17.562602588441223,0.7637636320266381,-0.00010504309432200567,1.11700439453125
Rainy,Nelson-Winnipeg,2018-07-01,0.07142857142861203,-56.56785714285712,-8.232788412507425,-5.70344642203834,9.693122926234665,-6.13080508824811e-25,0.7561765398297986
Rainy,Nelson-Winnipeg,2018-08-01,0.11098484910473871,-72.96428571428572,-6.0201554255659815,-18.062673941520714,-5.288915317838217,-3.897624386378834e-25,0.9803564889090417
Rainy,Nelson-Winnipeg,2018-09-01,0.16010984910474235,-30.25714285714284,-3.958145753131248,53.18828309620065,9.412603353017147,0.03291845990816,-0.8356748308454236
Rainy,Nelson-Winnipeg,2018-10-01,0.07714285714286007,195.92857142857142,10.328406206099316,31.461034090690575,-6.459523645129856,4.39204490393357,-3.1276234218052457
Rainy,Nelson-Winnipeg,2018-11-01,-0.0649617404430387,196.39999999999998,20.18749192107602,-12.475679811489371,-2.515818445577416,-0.8177258631414066,-3.821284702845982
Rainy,Nelson-Winnipeg,2018-12-01,-0.13427513823722848,40.319230769230785,13.198313740927173,-1.8122756306116514,-6.290258725466966,-6.94298595879917,1.6019473605685768
Rainy,Nelson-Winnipeg,2019-01-01,-0.04470664990049045,-18.064285714285717,7.1780453685538035,-0.25606382509327474,-0.4856651635886271,4.149254278412883,-2.677909306117467
Rainy,Nelson-Winnipeg,2019-02-01,0.08823723339963863,14.907407407407419,3.2083422723059947,22.291907175843203,-1.6182406564309657,20.78476508281061,-2.9263441903250555
Rainy,Nelson-Winnipeg,2019-03-01,0.07721683098554877,38.93928571428572,1.5115590140339918,0.6173429823580321,-0.5200502263115983,35.30099676988486,-1.4758998325892856
Rainy,Nelson-Winnipeg,2019-04-01,-0.016747454728772482,84.89285714285714,4.107537305182113,3.8111966776861124,-7.145256105494418,15.347241413629881,-0.37182508196149566
Rainy,Nelson-Winnipeg,2019-05-01,0.0040357142857487815,107.61428571428576,9.413261502881404,-22.247357551740222,-4.3691806412035845,-2.5864754433353454,-1.9368373325892865
Rainy,Nelson-Winnipeg,2019-06-01,-0.054250000000024556,-85.76428571428568,-0.2468960052023519,-25.95507219666615,-2.5780662378695354,-0.00010163102169756324,-0.55889892578125
Rainy,Nelson-Winnipeg,2019-07-01,0.039428571428629766,-124.56785714285712,-3.722299178272287,-7.795525681493544,-2.0897239529793836,-6.13080508824811e-25,0.8941465105329236
Rainy,Nelson-Winnipeg,2019-08-01,0.08655611669979635,-21.964285714285722,-5.216467990456813,4.37806852694068,8.096993825997089,-3.897624386378834e-25,-0.4156701224190833
Rainy,Nelson-Winnipeg,2019-09-01,0.15568111669983864,288.74285714285713,-1.4731140254298225,53.77212456161422,-17.022438447124188,-0.0033689344149934186,-0.2528196062360486
Rainy,Nelson-Winnipeg,2019-10-01,0.16814285714286825,466.92857142857144,16.200893878703937,21.62566606836792,7.499023735623005,-1.2085279508125626,-0.8696888514927457
Rainy,Nelson-Winnipeg,2019-11-01,0.004538259556909452,270.4,18.091254771986446,-4.658863597017316,-0.47714401651838756,5.930060092526089,-2.681697300502232
Rainy,Nelson-Winnipeg,2019-12-01,-0.08227513823720756,42.319230769230785,8.155546123075677,13.834413242336637,-5.081744837635025,16.769423701420976,0.14488559299045178
Rainy,Nelson-Winnipeg,2020-01-01,0.013793350099490453,43.93571428571428,3.1635905865446787,4.596321202240819,0.18881823182579982,37.84103305744273,3.487465449741908
Rainy,Nelson-Winnipeg,2020-02-01,0.07773723339965954,45.90740740740742,1.3237381083724493,-9.074712396665877,0.6747235144887656,39.22556300780603,0.46067973545619445
Rainy,Nelson-Winnipeg,2020-03-01,0.060716830985484194,28.939285714285717,-1.2206498577143066,-5.537402019919163,1.8773416606044133,45.95795707843665,1.1956699916294644
Rainy,Nelson-Winnipeg,2020-04-01,0.0002525452712234255,63.89285714285714,-6.430353761451052,-26.11877743869887,2.004935803207836,45.68400884870373,-1.7092579432896207
Rainy,Nelson-Winnipeg,2020-05-01,-0.05396428571424394,-258.38571428571424,-16.276269614796284,-48.66828131655764,1.232497053154347,-1.7313110737671167,0.024954659598213524
Rainy,Nelson-Winnipeg,2020-06-01,-0.0462500000000432,-277.7642857142857,-16.179589500617503,-11.189553479198366,5.15361079513761,-0.00010333705800978445,1.19110107421875
Rainy,Nelson-Winnipeg,2020-07-01,0.018928571428602936,-264.5678571428571,-12.22562242453153,-19.396449173135423,5.795667870968046,-6.13080508824811e-25,2.0465207781110486
Rainy,Nelson-Winnipeg,2020-08-01,0.018056116699824543,-121.96428571428572,-7.3528967144998845,35.598619175808764,3.5640014518451437,-3.897624386378834e-25,1.0987646920340417
Rainy,Nelson-Winnipeg,2020-09-01,-0.008318883300148627,-86.25714285714284,-6.909833828103729,-38.952770077490385,8.060763024591978,-0.0033689344149934186,-1.2811704363141736
Rainy,Nelson-Winnipeg,2020-10-01,-0.03735714285710401,-120.07142857142858,-10.747347871074453,-4.082198134191074,12.078159185226205,4.940936161428258,-3.2488392421177457
Rainy,Nelson-Winnipeg,2020-11-01,-0.08746174044307509,-133.60000000000002,-10.955085142216245,-15.69668105470815,-6.861884134455714,-3.766101281923641,1.3492780412946428
Rainy,Nelson-Winnipeg,2020-12-01,-0.1047751382371871,-147.68076923076922,-9.015060581818776,-0.19958127867775488,-1.395076952003702,-10.49743444417362,2.361255221896702
Rainy,Nelson-Winnipeg,2021-01-01,-0.0012066499004390607,-87.06428571428572,-5.762618825039162,-10.641503789104586,-0.9161394396609728,-13.48241431904691,4.961037227085658
Rainy,Nelson-Winnipeg,2021-02-01,0.05823723339966591,-60.09259259259258,-3.551350060401351,-15.209206197011685,0.18921588863512273,-17.881766360785278,-3.3861830575125555
Rainy,Nelson-Winnipeg,2021-03-01,0.10771683098550966,-84.06071428571428,-2.885727932152804,-5.78869520229221,6.536386624377753,-40.21539850093957,3.5354832240513394
Rainy,Nelson-Winnipeg,2021-04-01,0.1387525452711884,-11.107142857142861,1.8224174605815548,25.4794920536889,3.1837422180355404,-47.94914183314956,1.1018382481166293
Rainy,Nelson-Winnipeg,2021-05-01,0.0560357142857697,-122.38571428571424,-13.436857307429555,-28.860180663676672,3.7879450329845525,-5.56863390457174,1.1723240443638385
Rainy,Nelson-Winnipeg,2021-06-01,-0.1432500000000232,-363.7642857142857,-20.229559221271693,-56.909835257101804,6.978539708403076,-0.00010504309432200567,3.216278076171875
Rainy,Nelson-Winnipeg,2021-07-01,-0.11457142857142344,-317.5678571428571,-16.551093660902033,-42.31445813950684,-7.626633168131647,-6.13080508824811e-25,2.6202207292829236
Rainy,Nelson-Winnipeg,2021-08-01,-0.1834438833002423,-147.96428571428572,-12.976680572527194,-32.70788557295289,-2.136801211496021,-3.897624386378834e-25,1.5671789986746667
Rainy,Nelson-Winnipeg,2021-09-01,-0.24831888330015772,-96.65714285714284,-11.692854241118766,5.844143784738009,-0.9221505440239355,-0.0033689344149934186,1.4047121320452014
Rainy,Nelson-Winnipeg,2021-10-01,-0.15835714285714175,-137.57142857142858,-17.306514229858294,-20.40082343903903,-3.5309107749656405,-1.7116414623257827,4.020051138741629
Rainy,Nelson-Winnipeg,2021-11-01,-0.09096174044310601,-158.60000000000002,-18.55245614673809,13.590233450356337,11.464976019591894,4.3659969607168545,1.1945844377790178
Rainy,Nelson-Winnipeg,2021-12-01,-0.08277513823719573,-135.68076923076922,-14.963141554121481,38.18789553716434,5.2255413298822795,11.655579872981264,0.6238284640842018
Rainy,Nelson-Winnipeg,2022-01-01,-0.0002066499004627076,-51.06428571428572,-9.284915988765924,0.669399682789976,-0.6204769438876871,18.723141268960063,-4.0954355512346545
Rainy,Nelson-Winnipeg,2022-02-01,0.1007372333996841,-78.09259259259258,-5.120788902526588,19.246031596724475,-0.9955329462952376,33.14040561339685,-4.9001295907156805
Rainy,Nelson-Winnipeg,2022-03-01,0.1877168309855506,-30.060714285714283,-4.369344555016141,6.203358159317368,2.9073957786230107,54.26408784530524,-1.5366298130580356
Rainy,Nelson-Winnipeg,2022-04-01,0.17475254527124662,93.89285714285714,-6.3391691323236685,70.97255789891018,-3.7535870900943067,128.44038660529935,-2.8289784022739957
Rainy,Nelson-Winnipeg,2022-05-01,1.1305357142857702,710.6142857142858,127.10367639166569,25.327091545997447,-15.558714038758936,35.53723161084754,-0.8135463169642865
Rainy,Nelson-Winnipeg,2022-06-01,,921.2357142857143,40.04680545352,-30.817903170827776,-3.4529972305920467,-9.82189490731208e-05,-0.3194580078125
Rainy,Nelson-Winnipeg,2022-07-01,0.7359285714285875,651.4321428571429,2.1457676224859554,24.56511187899325,-5.016983495027361,-6.13080508824811e-25,-0.3062319074358264
Rainy,Nelson-Winnipeg,2022-08-01,0.16455611669982773,217.03571428571428,-1.8142119328591164,15.963820308180786,-5.2225048005181804,-3.897624386378834e-25,0.5066016060965417
Rainy,Nelson-Winnipeg,2022-09-01,0.07268111669986865,71.74285714285716,-11.083186909672804,-55.846928984725054,-45.41639039026839,-0.0033689344149934186,0.6554750714983264
Rainy,Nelson-Winnipeg,2022-10-01,0.00014285714286188522,40.928571428571416,-15.00428476720117,-58.19105490393538,-31.579298212558832,-0.8597970649231814,0.7033397129603793
Rainy,Nelson-Winnipeg,2022-11-01,-0.11796174044303598,-103.60000000000002,-17.79840267512814,-19.444795741167454,-17.850229154906366,5.322601217942845,0.3737226213727678
Rainy,Nelson-Winnipeg,2022-12-01,-0.08827513823717936,-81.68076923076922,-17.375013149662497,-7.492576275210553,-8.707582428878933,26.78571603502388,-0.9436764187282982
Rainy,Nelson-Winnipeg,2023-01-01,-0.04070664990052819,-30.064285714285717,-13.511774716399877,-19.53881242765679,-2.7270392952881854,34.58340825246913,4.564735957554408
Rainy,Nelson-Winnipeg,2023-02-01,0.0867372333996741,-48.09259259259258,-9.715037156378717,-2.0143738282578347,-3.45932923872689,35.4167591514332,0.6868760245186945
Rainy,Nelson-Winnipeg,2023-03-01,0.0847168309854851,100.93928571428572,-9.755373022926506,-15.213245137212134,-7.1792857259944345,64.72222941062812,-1.9186793736049106
Rainy,Nelson-Winnipeg,2023-04-01,-0.016247454728784305,80.89285714285714,-11.413772382573889,-4.023996859489543,-18.366839805301943,82.34616274837339,-2.3421925136021207
Rainy,Nelson-Winnipeg,2023-05-01,0.2235357142857879,350.61428571428576,9.523187834669706,-63.157492109374815,-31.529266960985424,15.362918274236748,2.7466648646763385
Rainy,Nelson-Winnipeg,2023-06-01,0.030249999999966803,81.23571428571432,-13.100513086620985,-71.839616575744,-48.77939591616658,-0.00010504309432200567,3.101470947265625
Rainy,Nelson-Winnipeg,2023-07-01,0.03292857142861294,-234.56785714285712,-18.473991568108822,-65.34504235189941,-68.22192483481818,-6.13080508824811e-25,-1.0906862531389514
Rainy,Nelson-Winnipeg,2023-08-01,0.08955611669978225,-117.96428571428572,-15.495943265185424,-51.50499238100436,-71.60301793399933,-3.897624386378834e-25,-0.2555138724190833
Rainy,Nelson-Winnipeg,2023-09-01,0.07168111669983546,-83.25714285714284,-14.247312137740664,-69.9760761511113,-53.24307978818459,-0.0033689344149934186,2.1029848371233264
Rainy,Nelson-Winnipeg,2023-10-01,0.0036428571428359646,-81.07142857142858,-19.74925253307447,-34.16170551957164,-29.13172491909271,-0.2638324571405195,1.2456675938197543
Rainy,Nelson-Winnipeg,2023-11-01,-0.08896174044303962,-101.60000000000002,-21.105587781806076,-28.99618569894561,-19.52928501330981,-0.8291494658416401,0.7602582659040178
Rainy,Nelson-Winnipeg,2023-12-01,-0.17477513823718027,-144.68076923076922,-18.411625495732384,-14.640010908435755,-9.458213988519102,-26.794903359755324,7.700305514865452
Rainy,Nelson-Winnipeg,2024-01-01,0.01479335009952365,,-12.1209152026235,-17.278364715041658,-1.1823557711717774,-43.68737725807088,4.261604854038783
Rainy,Nelson-Winnipeg,2024-02-01,0.12473723339968501,,-7.0511087230573,-13.478437284772685,-2.6499137914340407,-66.02616834321192,6.1418931143624445
Rainy,Nelson-Winnipeg,2024-03-01,0.21521683098546873,,2.6667418496799655,12.601081496021443,3.5966385704731305,-63.82411843099233,-0.07361711774553559
Rainy,Nelson-Winnipeg,2024-04-01,0.21375254527123388,,-1.3224953103677493,-3.556464777960045,2.385524847860715,-40.7415032490722,0.8125010899135043
Rainy,Nelson-Winnipeg,2024-05-01,0.2650357142857729,,-8.096130144882146,46.32245793306667,1.3173020062302925,-5.516064106727114,0.14055524553571352
Rainy,Nelson-Winnipeg,2024-06-01,0.114750000000015,,6.517886587451876,24.388321617152542,3.8055353382203236,-0.00010504309432200567,-0.384979248046875
Rainy,Nelson-Winnipeg,2024-07-01,0.2049285714286384,,9.506580597579678,-0.09508870009865689,-2.502781347305117,-6.13080508824811e-25,0.5168271745954236
Rainy,Nelson-Winnipeg,2024-08-01,0.1165561166998259,,7.26737037309379,-9.459346965221428,0.06808426197883932,-3.897624386378834e-25,0.4247839791434167
Rainy,Nelson-Winnipeg,2024-09-01,0.11568111669987502,,1.2532658729469404,-62.50860718345004,0.1161018319960192,-0.0033689344149934186,3.9144167218889514
Rainy,Nelson-Winnipeg,2024-10-01,-0.014357142857136296,,-8.290562924230471,-36.62135952202205,10.67183834883118,-1.7050971058876843,2.8845530918666293
Rainy,Nelson-Winnipeg,2024-11-01,-0.07996174044302506,,-14.03186875644938,4.219052664536449,2.515775164023843,-10.417911186648,3.256107875279018
Rainy,Nelson-Winnipeg,2024-12-01,-0.10877513823720619,,-14.41150877400543,21.940112448107726,9.280388445067391,9.3036997994339,2.422442966037327
Lake of the Woods,Nelson-Winnipeg,1994-01-01,0.1255580775483054,-57.150000000000034,-1.8148828452727415,-13.188075998706545,-2.244730200150765,-0.4645725046949707,-7.997472490583148
Lake of the Woods,Nelson-Winnipeg,1994-02-01,0.14155357142857383,-35.28571428571428,-1.2414584437335314,-10.127540775491589,-2.0591525036642064,-14.777991255479193,-3.7113527570452014
Lake of the Woods,Nelson-Winnipeg,1994-03-01,0.1115624999999909,8.835714285714289,-2.1076079262586838,-6.838909398149035,4.9106578538028,-35.279446248231196,1.98584965297154
Lake of the Woods,Nelson-Winnipeg,1994-04-01,-0.04095535714287735,-106.32499999999999,-5.0753616441007985,13.194442664306344,0.7974124205897439,-18.78839079264643,-0.1545366559709822
Lake of the Woods,Nelson-Winnipeg,1994-05-01,-0.18922321428567557,-247.45,-11.365555758987156,-12.619907385669649,-0.7911761744513299,-3.1901848523000966,0.7212775094168524
Lake of the Woods,Nelson-Winnipeg,1994-06-01,-0.24791827868841665,-373.6,-4.7503878366634495,39.67543993245012,-0.20863255485892296,-6.246637038980525e-05,0.7467455182756702
Lake of the Woods,Nelson-Winnipeg,1994-07-01,-0.01606097007072549,-92.45357142857142,2.2731177959940396,33.08556245922644,-7.705562614968841,-6.1309107392626055e-25,-1.6330370221819202
Lake of the Woods,Nelson-Winnipeg,1994-08-01,0.18626962108203315,180.73571428571432,11.528915448122593,32.00304058347163,-5.74382406193763,-3.8976948203884974e-25,-1.7567487444196423
Lake of the Woods,Nelson-Winnipeg,1994-09-01,0.2501728530575633,180.875,14.4035567375665,-2.0630077675117917,-16.081727226264775,-0.0024978120899886236,0.7520577566964288
Lake of the Woods,Nelson-Winnipeg,1994-10-01,0.23538392857142298,170.39629629629633,10.127531472140358,-6.938806730821469,-5.107361324397587,-1.177932112633633,1.971944536481585
Lake of the Woods,Nelson-Winnipeg,1994-11-01,0.2392946428571463,105.56666666666666,8.352379757395415,10.944098456613055,5.055692579065052,-7.6965112322276195,2.0096718924386163
Lake of the Woods,Nelson-Winnipeg,1994-12-01,0.2486867717785799,134.56923076923073,8.466155509705896,-13.571225074378567,2.204387114572995,-10.903268052196061,3.6075631600839113
Lake of the Woods,Nelson-Winnipeg,1995-01-01,0.24930807754833495,110.84999999999997,7.024892206183203,1.8064530772140373,2.06318611500527,-19.75289632433227,1.6291754586356024
Lake of the Woods,Nelson-Winnipeg,1995-02-01,0.21105357142857883,111.71428571428572,4.498177809832018,3.3985212399524514,1.251806700435866,-15.768333604293204,-1.2200807843889514
Lake of the Woods,Nelson-Winnipeg,1995-03-01,0.20456250000000864,44.83571428571429,6.086616982689261,-15.191287839635542,-2.3182913407384014,-34.53695491355445,0.9235327584402899
Lake of the Woods,Nelson-Winnipeg,1995-04-01,0.17504464285713084,47.67500000000001,-2.294930693876399,-14.102377525497495,1.679927289452671,-26.586229912676835,-1.8559831891741072
Lake of the Woods,Nelson-Winnipeg,1995-05-01,-0.039223214285698305,-190.45,-16.31999616178551,-19.25056555774063,1.4038318082124803,-3.6490604651215266,-0.026189531598772575
Lake of the Woods,Nelson-Winnipeg,1995-06-01,-0.24416827868839164,-402.6,-17.761280853717054,-45.29057490539604,2.2040947806090117,0.000701456257876495,3.306285313197545
Lake of the Woods,Nelson-Winnipeg,1995-07-01,-0.2705609700706759,-457.3535714285714,-8.060666536039207,58.20760520457823,4.576341149264152,-6.1309107392626055e-25,-0.6704820905412952
Lake of the Woods,Nelson-Winnipeg,1995-08-01,-0.15448037891798094,-290.7642857142857,-2.7949240622027496,14.517435030679081,9.623415186069906,-3.8976948203884974e-25,0.7949175153459827
Lake of the Woods,Nelson-Winnipeg,1995-09-01,-0.11007714694250126,-185.925,-1.788460618367285,6.395170722888523,5.202306783758104,0.01886154365189035,-1.1459830147879462
Lake of the Woods,Nelson-Winnipeg,1995-10-01,-0.012866071428561554,-18.603703703703673,2.3286479902578456,17.565656457528732,-0.8311259693333142,1.8379154729960387,-0.4977820260184149
Lake of the Woods,Nelson-Winnipeg,1995-11-01,0.1342946428571281,143.56666666666666,5.535897892384259,12.693122251740924,4.733177899782149,22.93426402944273,-5.513033185686384
Lake of the Woods,Nelson-Winnipeg,1995-12-01,0.14168677177855216,141.56923076923073,3.3329567026898808,5.530813624823672,-15.712488020114876,46.33765953972384,-3.9860952871817137
Lake of the Woods,Nelson-Winnipeg,1996-01-01,0.1493080775483122,120.84999999999997,1.7329065090702258,16.25270382230935,-2.329698454819403,50.845296188656775,-5.701848711286273
Lake of the Woods,Nelson-Winnipeg,1996-02-01,0.12605357142854245,106.71428571428572,1.035086830337864,23.59582427431763,0.8751089834342043,74.21870596174683,-1.1136354718889514
Lake of the Woods,Nelson-Winnipeg,1996-03-01,0.09081250000002683,136.8357142857143,-1.47737114249529,-13.563165547176531,-0.4928971154315924,94.0482495685241,-4.82414790562221
Lake of the Woods,Nelson-Winnipeg,1996-04-01,-0.07120535714284415,157.675,-3.1224498005550636,10.638164759646834,-4.435615784521879,106.2561227011299,-2.904384068080357
Lake of the Woods,Nelson-Winnipeg,1996-05-01,0.3175267857142785,430.55,58.090518220394316,4.370156326331198,-11.094696480930516,42.276292140869536,-2.1574761526925226
Lake of the Woods,Nelson-Winnipeg,1996-06-01,0.3995817213115629,671.4,40.64522092189041,-34.8847739015972,-13.039573095738888,0.00035046477311102234,-0.23149544852120485
Lake of the Woods,Nelson-Winnipeg,1996-07-01,0.21343902992924768,450.5464285714286,6.035723628883716,17.353711354579517,-20.09994057672364,-6.1309107392626055e-25,-1.4994005475725452
Lake of the Woods,Nelson-Winnipeg,1996-08-01,0.23476962108202315,54.73571428571432,2.514402279172959,2.1797452770572647,-19.522292190231383,-3.8976948203884974e-25,0.5367693219866077
Lake of the Woods,Nelson-Winnipeg,1996-09-01,0.28317285305752193,30.875,-1.363864835833997,8.944449738399797,5.761037464253604,-0.0018980787780874054,0.12348720005580383
Lake of the Woods,Nelson-Winnipeg,1996-10-01,0.2408839285714066,74.39629629629633,0.09267025442178678,38.6100097135308,4.367920370506383,-0.6786836079949612,-0.4498999459402899
Lake of the Woods,Nelson-Winnipeg,1996-11-01,0.2940446428571022,291.56666666666666,12.91781731457117,43.19270955290579,2.975772201482741,7.76502163249201,-5.035463605608259
Lake of the Woods,Nelson-Winnipeg,1996-12-01,0.3626867717785558,443.5692307692307,15.524371535758728,7.987865628415925,-16.2642795907299,32.97096032097384,-3.9438589590567137
Lake of the Woods,Nelson-Winnipeg,1997-01-01,0.30080807754831085,318.84999999999997,10.598815228669473,5.553111291581963,-0.9826917342122341,40.779241427247015,-2.8249871390206476
Lake of the Woods,Nelson-Winnipeg,1997-02-01,0.2200535714285934,301.7142857142857,5.73781146314494,-12.507187300278538,0.4221435145674537,41.92593760256257,2.2530637468610486
Lake of the Woods,Nelson-Winnipeg,1997-03-01,0.06781250000000227,298.8357142857143,2.3509423793127233,13.831912666708895,-1.932525161204726,64.8659495969436,-1.648763384137835
Lake of the Woods,Nelson-Winnipeg,1997-04-01,0.07954464285717222,397.675,7.0443412343073355,-11.228834108416258,-9.986246524411918,37.563222460708594,-2.163478306361607
Lake of the Woods,Nelson-Winnipeg,1997-05-01,0.14502678571426486,378.55,17.226115326463642,-15.71267715189606,1.6218295100510929,-0.9460446561741422,-2.6510674612862726
Lake of the Woods,Nelson-Winnipeg,1997-06-01,-0.026168278688430746,-156.60000000000002,9.217620733709609,-11.162961143002448,-6.039859727025032,-3.788713574220155e-05,0.43827383858817015
Lake of the Woods,Nelson-Winnipeg,1997-07-01,-0.012310970070700478,-274.4535714285714,2.6625117970979773,2.5136349099089585,-13.567082916519468,-6.1309107392626055e-25,-0.6182970319475452
Lake of the Woods,Nelson-Winnipeg,1997-08-01,-0.014230378917943654,-192.26428571428568,-1.5954350684686283,-37.53717972930255,-6.28407986368984,-3.8976948203884974e-25,-0.9547773088727673
Lake of the Woods,Nelson-Winnipeg,1997-09-01,-0.06757714694248307,-131.425,-4.0197232426310485,-0.16272554473418666,2.7117779245600104,-0.0024978120899886236,0.7305428641183038
Lake of the Woods,Nelson-Winnipeg,1997-10-01,-0.05761607142858338,-129.70370370370367,-6.763046383379592,-5.0241469829675935,6.983604082571603,-0.06012261162270849,0.2527367728097101
Lake of the Woods,Nelson-Winnipeg,1997-11-01,-0.09495535714290781,-163.53333333333333,-7.342730438852282,2.1083990473666105,0.18943200952240602,10.053823228060667,-1.863558088030134
Lake of the Woods,Nelson-Winnipeg,1997-12-01,-0.1455632282214765,-112.43076923076927,-6.68887467192555,-20.012906312735545,-4.580875261497027,-0.8095772247071622,4.760852955005786
Lake of the Woods,Nelson-Winnipeg,1998-01-01,-0.12894192245170188,-116.15000000000003,-4.500754664539791,-4.398906396610464,0.5340060922337999,-10.04547153466514,3.3000738961356024
Lake of the Woods,Nelson-Winnipeg,1998-02-01,-0.08994642857140889,-159.18571428571425,-2.4092213518867673,7.453568182037479,-0.4332585168802847,-23.708041092114783,9.276409694126674
Lake of the Woods,Nelson-Winnipeg,1998-03-01,0.042312500000036835,-170.1642857142857,-1.6810632639265215,-11.432579591720632,1.326742758724972,-32.86409467857864,0.5033057076590399
Lake of the Woods,Nelson-Winnipeg,1998-04-01,0.004544642857126746,-218.625,-3.822546516728057,-31.446545097943662,7.005465512130677,-38.68264146123173,3.850376674107143
Lake of the Woods,Nelson-Winnipeg,1998-05-01,-0.07147321428567466,-331.75,-16.747489056017784,3.6788330180570483,9.528066195863566,-4.042969252111054,3.3008978707449774
Lake of the Woods,Nelson-Winnipeg,1998-06-01,-0.08241827868840801,-452.6,-19.302756502708817,4.728296064838233,9.436653926968575,0.0002944241254330761,-0.32939583914620485
Lake of the Woods,Nelson-Winnipeg,1998-07-01,-0.11531097007070912,-430.3535714285714,-14.319385030830745,-26.742431863177828,18.087442166038926,-6.1309107392626055e-25,0.07921273367745485
Lake of the Woods,Nelson-Winnipeg,1998-08-01,-0.11998037891794411,-297.2642857142857,-9.097049202994508,4.088573082948898,-1.620944240130484,-3.8976948203884974e-25,1.2973284040178577
Lake of the Woods,Nelson-Winnipeg,1998-09-01,-0.13007714694248307,-184.125,-8.124828423855693,-24.494838643087334,5.709230317734182,-0.0024978120899886236,1.0462472098214288
Lake of the Woods,Nelson-Winnipeg,1998-10-01,-0.1468660714285761,-177.80370370370366,-6.879789879998757,28.51544507263627,-10.020065088091158,-1.4561680787405098,1.322469438825335
Lake of the Woods,Nelson-Winnipeg,1998-11-01,-0.1334553571429069,-245.13333333333333,-4.43843591451046,7.505083911902538,-2.7096447800951324,9.782607193171446,0.5932595389229911
Lake of the Woods,Nelson-Winnipeg,1998-12-01,-0.15731322822148286,-178.13076923076926,-2.811104225218987,-9.641351495196837,11.823226247172528,-11.724739266490495,0.2763558846932863
Lake of the Woods,Nelson-Winnipeg,1999-01-01,-0.16344192245168188,-145.15000000000003,0.13602985615892038,-9.372336699535872,-0.913682375799648,-20.014832661088022,-1.4975640433175226
Lake of the Woods,Nelson-Winnipeg,1999-02-01,-0.10994642857144754,-116.28571428571428,0.9760671725546537,7.180235250936157,2.4789038205718885,-21.86227150793586,4.398205348423549
Lake of the Woods,Nelson-Winnipeg,1999-03-01,-0.10343749999998408,-105.96428571428572,1.8025052579884822,21.299227151238092,2.596658045409381,-15.246295336900019,1.73987797328404
Lake of the Woods,Nelson-Winnipeg,1999-04-01,0.1665446428571613,-18.32499999999999,6.234052177335666,-0.35377225555878766,0.648200574297725,-9.534009732046151,2.086063929966518
Lake of the Woods,Nelson-Winnipeg,1999-05-01,0.35652678571426577,185.55,2.7971871812561773,25.76000161934644,1.0564667650864337,-3.9907865537850897,1.1611883980887274
Lake of the Woods,Nelson-Winnipeg,1999-06-01,0.31058172131156425,432.4,-0.9834278379068024,-5.773027202979264,2.0578166004270315,-6.246637038980525e-05,-0.22746712820870485
Lake of the Woods,Nelson-Winnipeg,1999-07-01,0.19443902992929907,140.54642857142858,6.629444913414773,34.20307224899132,3.8566304304237917,-6.1309107392626055e-25,0.21672494070870485
Lake of the Woods,Nelson-Winnipeg,1999-08-01,0.21301962108202588,89.73571428571432,6.229993493304523,7.287580910737489,-2.5457473238930106,-3.8976948203884974e-25,-0.6210065569196423
Lake of the Woods,Nelson-Winnipeg,1999-09-01,0.33092285305752966,120.875,14.816295619571715,71.55128035395008,-0.5658745067194104,-0.0024978120899886236,-2.244829450334821
Lake of the Woods,Nelson-Winnipeg,1999-10-01,0.3176339285714107,355.3962962962963,17.8657245035408,-27.240522085256615,-6.209605573011302,-1.2041394716756517,-1.66401127406529
Lake of the Woods,Nelson-Winnipeg,1999-11-01,0.1907946428571563,192.56666666666666,11.707805772727756,-39.256547180619755,-16.189494802217396,-10.488790119000312,3.0937783377511163
Lake of the Woods,Nelson-Winnipeg,1999-12-01,0.09693677177858717,28.569230769230728,5.100863354056383,-10.727514596914666,10.520548691231483,-22.991815512930906,2.9898873788339113
Lake of the Woods,Nelson-Winnipeg,2000-01-01,0.09355807754832313,-56.150000000000034,2.0741490957984112,-7.352777782736148,0.01779261557593248,-25.34017612093261,-0.6263787405831476
Lake of the Woods,Nelson-Winnipeg,2000-02-01,0.10280357142858065,-59.28571428571428,1.8535834585366366,-6.190449388148927,-1.1535125896833573,-39.09287162657294,4.442822047642299
Lake of the Woods,Nelson-Winnipeg,2000-03-01,0.14081249999998136,-106.16428571428571,-0.5344713551624274,1.3650143622986164,0.19734353034956698,-70.84792476546552,3.87073734828404
Lake of the Woods,Nelson-Winnipeg,2000-04-01,0.07454464285711992,-197.325,-5.806277570497645,-3.5804487457166303,8.276382057894288,-34.181460737922215,0.3459211077008928
Lake of the Woods,Nelson-Winnipeg,2000-05-01,-0.07722321428570922,-302.95,-18.115272520974813,1.9768659258261323,1.8014793063879821,-4.016125778306393,1.1258490426199774
Lake of the Woods,Nelson-Winnipeg,2000-06-01,-0.042918278688432565,-365.6,-10.62171892304572,44.832042642935576,3.5962939728051424,-6.246637038980525e-05,-2.06697518484933
Lake of the Woods,Nelson-Winnipeg,2000-07-01,0.18393902992926314,17.546428571428578,-0.38365656655514613,-27.429424521480016,-8.823086840233628,-6.1309107392626055e-25,-0.6551622663225452
Lake of the Woods,Nelson-Winnipeg,2000-08-01,0.22851962108205726,62.73571428571432,7.11634762306598,43.783779879699324,-1.1354422895237803,-3.8976948203884974e-25,-0.16968209402901735
Lake of the Woods,Nelson-Winnipeg,2000-09-01,0.2531728530574924,161.875,-0.2582254507745212,-36.11351849810619,4.695711540989578,-0.0018174588939854986,-1.8727896554129462
Lake of the Woods,Nelson-Winnipeg,2000-10-01,0.14963392857146118,32.39629629629633,-3.1427511218810515,-20.40438539864097,-15.51838821199324,-0.9345701897213334,0.8290002005440851
Lake of the Woods,Nelson-Winnipeg,2000-11-01,0.3157946428571563,221.56666666666666,2.502841619259147,35.42166551466965,0.640336490635363,-2.6383469895725806,0.5814797537667411
Lake of the Woods,Nelson-Winnipeg,2000-12-01,0.2581867717785826,176.56923076923073,3.2935802678198165,-7.701460297943818,-1.2674841413239903,-1.6885743717904447,-7.654537059642651
Lake of the Woods,Nelson-Winnipeg,2001-01-01,0.2290580775483022,50.849999999999966,2.6441618761704646,-4.190151023587013,-1.016745980710506,-6.498909488852533,4.168085370744977
Lake of the Woods,Nelson-Winnipeg,2001-02-01,0.20330357142859157,-0.2857142857142776,1.4932105748032747,6.846442720935947,-0.20661365955935018,-5.5986040138772495,-2.9778932843889514
Lake of the Woods,Nelson-Winnipeg,2001-03-01,0.17356250000000273,-40.16428571428571,-0.4457191950807875,-15.367372067495516,-0.9664600053968435,12.852120246472097,-0.17671748570033508
Lake of the Woods,Nelson-Winnipeg,2001-04-01,0.29079464285717904,118.67500000000001,7.832004391405331,59.17391733549136,-9.678550351444365,17.261109315118766,0.8624921526227678
Lake of the Woods,Nelson-Winnipeg,2001-05-01,0.4650267857143149,700.55,36.624590625121655,49.406259902752936,-1.538624706362107,-3.7801435063182156,0.9816840035574774
Lake of the Woods,Nelson-Winnipeg,2001-06-01,0.6270817213115834,745.4,26.068099448041593,-5.468568540111718,-0.3647594712674618,-6.246637038980525e-05,-0.33098275320870485
Lake of the Woods,Nelson-Winnipeg,2001-07-01,0.38493902992928497,685.5464285714286,11.510614327562507,5.2998451823701345,-1.7655204116765901,-6.1309107392626055e-25,0.07918221609932985
Lake of the Woods,Nelson-Winnipeg,2001-08-01,0.4140196210820477,630.7357142857143,8.562994028449925,32.567035564820145,6.281495909206569,-3.8976948203884974e-25,0.9687761579241077
Lake of the Woods,Nelson-Winnipeg,2001-09-01,0.2561728530575351,511.875,2.5460677300413543,-37.24719185681481,-5.598173593170941,-0.0024978120899886236,-0.3642447335379462
Lake of the Woods,Nelson-Winnipeg,2001-10-01,0.075883928571443,108.39629629629633,0.23781740154455733,32.2956044734123,9.243784738438464,1.9863741121558374,-0.9209082467215399
Lake of the Woods,Nelson-Winnipeg,2001-11-01,0.05954464285713357,57.56666666666666,3.792041191315679,1.9490905002125416,-15.892007088820847,-7.829917603105839,3.7839944022042413
Lake of the Woods,Nelson-Winnipeg,2001-12-01,0.06768677177853988,36.56923076923073,5.336620329655016,-2.0835119907537276,17.02465805337178,-7.415749994968927,3.2791329843026613
Lake of the Woods,Nelson-Winnipeg,2002-01-01,0.11655807754834768,57.849999999999966,5.654358778493979,-11.547564438452746,2.181270308678255,-23.767742261822733,2.6864874703543524
Lake of the Woods,Nelson-Winnipeg,2002-02-01,0.0948035714285993,59.71428571428572,4.1768566204284845,-10.691800485281938,3.5446183381801735,-33.912993302302695,4.372479030064174
Lake of the Woods,Nelson-Winnipeg,2002-03-01,0.0663124999999809,-23.16428571428571,2.1107789673676187,3.321461273506948,0.966337948089599,-20.27411103647735,-5.22459956577846
Lake of the Woods,Nelson-Winnipeg,2002-04-01,-0.07045535714286189,-70.32499999999999,0.526440614651488,1.363739076103748,-5.13206113412577,-15.471559948959374,-1.1314043317522322
Lake of the Woods,Nelson-Winnipeg,2002-05-01,-0.2199732142856874,-254.04999999999998,-9.37689783417487,-11.616907198913395,3.0952068523869727,-2.6810535599532317,-2.8200127737862726
Lake of the Woods,Nelson-Winnipeg,2002-06-01,0.13158172131159063,202.39999999999998,1.0492709926828496,33.24214764039165,-8.679142920300364,-6.246637038980525e-05,-0.13747079031807985
Lake of the Woods,Nelson-Winnipeg,2002-07-01,0.5644390299293036,786.5464285714286,4.567055868392345,-20.13588097595077,3.7777981654341772,6.004465844746502e-24,1.4721570696149548
Lake of the Woods,Nelson-Winnipeg,2002-08-01,0.2410196210820459,562.7357142857143,0.36982471543264595,34.37258458663044,4.396277363412082,6.227787436633913e-24,-0.49206978934151735
Lake of the Woods,Nelson-Winnipeg,2002-09-01,0.03542285305752557,102.875,-2.3352191471661037,-38.198454047752804,13.917697942815721,0.0014220841540536966,1.1237008231026788
Lake of the Woods,Nelson-Winnipeg,2002-10-01,-0.14586607142859975,-95.10370370370367,-5.664966776488914,-13.343823603853323,12.163545038284994,2.485045429628891,-4.69489506312779
Lake of the Woods,Nelson-Winnipeg,2002-11-01,-0.23295535714288462,-217.03333333333333,-7.74576028301713,-22.58305147863991,-10.24014565960637,5.516127209245626,-2.1225302559988837
Lake of the Woods,Nelson-Winnipeg,2002-12-01,0.22893677177853533,-250.33076923076928,-7.987532843361368,-14.086709558291155,-11.615962007824606,-3.182380391215837,1.5556832772714113
Lake of the Woods,Nelson-Winnipeg,2003-01-01,-0.20669192245168233,-227.55000000000004,-5.862538374848164,-16.204687676301027,-0.275163675074249,-21.232861027653726,-1.5694634573800226
Lake of the Woods,Nelson-Winnipeg,2003-02-01,-0.1599464285714589,-218.68571428571428,-4.063263864996511,-11.043129819362157,-0.6165132300728668,-28.885561307626105,-4.382159641810826
Lake of the Woods,Nelson-Winnipeg,2003-03-01,-0.1141875000000141,-234.7642857142857,-3.7626100217624163,-8.263671585674665,-3.81740898384513,-37.23469838899162,-2.369527544294085
Lake of the Woods,Nelson-Winnipeg,2003-04-01,-0.16545535714283233,-222.825,-9.224780899655475,-3.7320564193318475,5.484733327258645,-31.571063212790513,0.3129316057477678
Lake of the Woods,Nelson-Winnipeg,2003-05-01,-0.3592232142856915,-343.45,-22.51776436709666,-13.043993501923978,7.496771217639825,-4.019711397503504,1.6070196969168524
Lake of the Woods,Nelson-Winnipeg,2003-06-01,-0.4991682786883871,-478.0,-22.55823268829512,-3.380671384677825,8.887024596333504,-6.246637038980525e-05,0.6002306256975452
Lake of the Woods,Nelson-Winnipeg,2003-07-01,-0.5593109700707259,-466.55357142857144,-14.850798186671454,1.1451567365189277,2.6595449474241093,6.004465844746502e-24,-0.05009024483817015
Lake of the Woods,Nelson-Winnipeg,2003-08-01,-0.5327303789179609,-291.46428571428567,-10.228391810544831,-15.711678266857888,1.6380430897697806,3.9062190963750516e-24,1.8395036969866077
Lake of the Woods,Nelson-Winnipeg,2003-09-01,-0.45432714694248943,-233.625,-6.404012352244795,24.373403076814228,17.13243022095412,0.010296170842646495,-0.6082022530691962
Lake of the Woods,Nelson-Winnipeg,2003-10-01,-0.4001160714285561,-206.40370370370368,-5.775905397708161,-23.188480870365836,-12.417729445067906,0.14648163908402378,0.09947749546596008
Lake of the Woods,Nelson-Winnipeg,2003-11-01,-0.39995535714291464,-275.1333333333333,-6.868433462971421,-10.888122498207458,3.8439417923135437,2.2855498744840066,-1.714784894670759
Lake of the Woods,Nelson-Winnipeg,2003-12-01,-0.35781322822145967,-208.03076923076927,-6.302806249112582,-7.724932420791852,-4.199689646527446,-5.875131977653062,3.3182260018807863
Lake of the Woods,Nelson-Winnipeg,2004-01-01,-0.23994192245169188,-150.15000000000003,-4.214705309485517,13.059766122231458,-0.4566129466963629,-4.933784649308237,-4.63664790562221
Lake of the Woods,Nelson-Winnipeg,2004-02-01,-0.14569642857139797,-108.28571428571428,-2.2511808877295287,-3.7153429979558226,0.14327752329076482,3.621780047459268,2.8816648210797986
Lake of the Woods,Nelson-Winnipeg,2004-03-01,-0.075687500000015,-143.5642857142857,-1.0005963538008338,15.804321631938883,0.018702414568647185,12.60400101143334,1.025858197893415
Lake of the Woods,Nelson-Winnipeg,2004-04-01,0.04979464285713675,-61.32499999999999,-0.35466504674072397,-10.034112554941593,0.5537260481755126,-13.642729259767556,-0.2528642926897322
Lake of the Woods,Nelson-Winnipeg,2004-05-01,0.2075267857143217,136.55,3.99461550737864,50.38546316791326,1.151001245099387,-2.9308306655901264,-2.5489861624581476
Lake of the Woods,Nelson-Winnipeg,2004-06-01,0.3090817213115997,502.4,3.7260806649490945,-37.545937354609904,5.181552842259407,-6.0500031520297325e-05,-2.77638680594308
Lake of the Woods,Nelson-Winnipeg,2004-07-01,0.0951890299292586,93.54642857142858,0.5905231446377002,-21.783289096284918,-15.479721694386427,3.318345158662381e-24,-1.6664232526506702
Lake of the Woods,Nelson-Winnipeg,2004-08-01,0.0012696210820308806,-98.66428571428565,-1.5355060906066278,11.452677352021311,-5.933867418207228,-3.8976948203884974e-25,-3.8697248186383923
Lake of the Woods,Nelson-Winnipeg,2004-09-01,0.1346728530575092,97.875,7.880227089377254,39.32385451792341,-27.654495206661522,-0.0024978120899886236,0.8601815359933038
Lake of the Woods,Nelson-Winnipeg,2004-10-01,0.1311339285714439,222.39629629629633,9.846793478832947,29.825416164905093,-0.8246444298752778,-1.3275793522292847,0.6035363333565851
Lake of the Woods,Nelson-Winnipeg,2004-11-01,0.25179464285713493,219.56666666666666,10.933866235843329,-32.47860238064147,-1.8084924002843223,-9.952987436138626,2.2290627615792413
Lake of the Woods,Nelson-Winnipeg,2004-12-01,0.19393677177856716,73.56923076923073,7.894596326406354,25.78600336306004,10.002740091833942,-6.397844223236596,-1.5565603750723387
Lake of the Woods,Nelson-Winnipeg,2005-01-01,0.2243080775483577,72.84999999999997,4.475970876748242,19.184885869825457,-1.8471233018187503,18.658191963498084,-2.1900994437081476
Lake of the Woods,Nelson-Winnipeg,2005-02-01,0.2155535714285861,145.71428571428572,2.1962310617839513,-6.007751081987017,0.2405638432329784,23.41956711773362,2.8878598894391736
Lake of the Woods,Nelson-Winnipeg,2005-03-01,0.13381249999997635,195.8357142857143,1.3986107972284252,-10.649996857474825,-2.9631810591256773,33.18143918711159,-1.522420610700335
Lake of the Woods,Nelson-Winnipeg,2005-04-01,0.1352946428571613,239.675,4.431878384951101,-9.61579621486765,1.2515613967220176,-19.14784964148047,2.811436244419643
Lake of the Woods,Nelson-Winnipeg,2005-05-01,0.15027678571431125,144.55,2.7025372172439717,42.27170173544437,0.5449051282734487,-2.994001228088398,-0.5340630667550226
Lake of the Woods,Nelson-Winnipeg,2005-06-01,0.330831721311597,545.4,14.26647407892493,43.18319656054622,-10.672726202756166,-6.246637038980525e-05,0.06977408272879515
Lake of the Woods,Nelson-Winnipeg,2005-07-01,0.3004390299292936,545.5464285714286,13.26273395534372,-28.160654769245795,9.226376556658323,-6.1309107392626055e-25,0.01088387625557985
Lake of the Woods,Nelson-Winnipeg,2005-08-01,0.10226962108202997,55.73571428571432,5.668396609377982,-4.419847699214841,-1.0133973555639386,-3.8976948203884974e-25,-0.8849530901227673
Lake of the Woods,Nelson-Winnipeg,2005-09-01,0.056922853057528755,-3.625,2.75205474671176,-16.735270827276892,-2.339785569347441,-0.0024978120899886236,1.0193612234933038
Lake of the Woods,Nelson-Winnipeg,2005-10-01,-0.004366071428592022,-25.30370370370366,-0.7135921129832106,7.698191101163886,-8.675730288294815,-1.1879014551336045,1.19170161655971
Lake of the Woods,Nelson-Winnipeg,2005-11-01,0.035794642857126746,-23.433333333333337,-0.7637222526162581,52.16163232814454,11.824763912175385,3.168967078506414,0.5902993338448661
Lake of the Woods,Nelson-Winnipeg,2005-12-01,0.07293677177852942,130.56923076923073,2.112016556094641,-3.5495308370122487,-2.514944105685032,18.383908154511893,2.0385323983651613
Lake of the Woods,Nelson-Winnipeg,2006-01-01,0.05655807754834541,180.84999999999997,3.513482116042205,-1.0652027236314368,2.9813172911547428,16.046122714344946,7.792078290666852
Lake of the Woods,Nelson-Winnipeg,2006-02-01,-0.006696428571444812,163.71428571428572,2.5582161231016336,-5.681348130955094,0.7626659561148177,15.280187795204782,-0.7497743879045764
Lake of the Woods,Nelson-Winnipeg,2006-03-01,-0.0829375000000141,107.83571428571429,4.490900583082944,15.013375329934725,-1.1774339343121802,24.357247199597097,1.05726078578404
Lake of the Woods,Nelson-Winnipeg,2006-04-01,0.07204464285717904,199.675,6.431617127548503,-24.290343343246995,0.7902651019061793,-23.604606277980828,3.666019984654018
Lake of the Woods,Nelson-Winnipeg,2006-05-01,0.01127678571430124,88.55000000000001,-2.7157157975515105,-10.846080374903977,-2.6182665709971573,-3.8719282564296167,1.5764105660574774
Lake of the Woods,Nelson-Winnipeg,2006-06-01,-0.25166827868844166,-215.60000000000002,-10.740420641793335,-48.702072360486326,13.589583104476333,-6.246637038980525e-05,1.9470018659319202
Lake of the Woods,Nelson-Winnipeg,2006-07-01,-0.41731097007073004,-432.55357142857144,-10.272674124280456,-22.557840279270224,16.965370758303578,-6.1309107392626055e-25,2.16182381766183
Lake of the Woods,Nelson-Winnipeg,2006-08-01,-0.37898037891795866,-290.36428571428564,-9.70576897192846,-32.76787822168055,11.391128762625158,-3.8976948203884974e-25,0.6068987165178577
Lake of the Woods,Nelson-Winnipeg,2006-09-01,-0.3685771469424708,-223.125,-10.44807545050779,-34.63872263507385,4.094470641575754,-0.0024978120899886236,-0.18165806361607117
Lake of the Woods,Nelson-Winnipeg,2006-10-01,-0.37136607142861067,-221.7037037037037,-14.507983499892621,-18.705803431138136,7.39583143565271,2.8780812512455407,-1.91517094203404
Lake of the Woods,Nelson-Winnipeg,2006-11-01,-0.3699553571428851,-313.6333333333333,-16.309535910425307,-15.25896718833662,-7.465313122208627,-6.64196303945833,0.1876198904854911
Lake of the Woods,Nelson-Winnipeg,2006-12-01,-0.33806322822147195,-294.03076923076924,-15.499604595350792,3.0314042556306546,0.2773741876740985,-17.301856471156633,3.6262094003182863
Lake of the Woods,Nelson-Winnipeg,2007-01-01,-0.2904419224516914,-266.65000000000003,-11.848990259230568,-14.038240330202306,1.9960664537523245,-28.576069444950136,2.3186285836356024
Lake of the Woods,Nelson-Winnipeg,2007-02-01,-0.25094642857141025,-267.5857142857143,-8.130122480257082,-1.4476409227687057,-0.36570433543862,-40.09729557271514,-4.116259983607701
Lake of the Woods,Nelson-Winnipeg,2007-03-01,-0.18318749999997408,-249.56428571428572,-4.5002324893305605,9.650269533657202,-1.2573858527632957,-38.01989645164993,0.8974402291434149
Lake of the Woods,Nelson-Winnipeg,2007-04-01,-0.16970535714284551,-235.725,-6.541248242553724,4.490835064124049,-1.1800566530187737,-35.50558630351069,-0.4015764508928572
Lake of the Woods,Nelson-Winnipeg,2007-05-01,-0.3412232142856624,-377.15,-17.820223533947555,12.087771552614868,-3.3523189589946654,-4.042221060202626,1.3610174996512274
Lake of the Woods,Nelson-Winnipeg,2007-06-01,-0.26241827868841483,-488.40000000000003,-9.236598946569885,24.135042206450763,2.325586974620819,-6.246637038980525e-05,0.7443346296037952
Lake of the Woods,Nelson-Winnipeg,2007-07-01,-0.022310970070691383,-290.25357142857143,-0.9476894410909154,-22.401417202282957,2.991554227524574,-6.1309107392626055e-25,0.7025647844587048
Lake of the Woods,Nelson-Winnipeg,2007-08-01,-0.011730378917945927,-179.76428571428568,-1.1961094434289912,-25.743924854655887,16.18989312555641,-3.8976948203884974e-25,-0.48910958426339235
Lake of the Woods,Nelson-Winnipeg,2007-09-01,-0.0458271469424858,-132.125,2.3856573118661935,67.02463354616027,-7.603397243656218,0.001148763261024247,-0.7931387765066962
Lake of the Woods,Nelson-Winnipeg,2007-10-01,0.09463392857145436,55.49629629629635,20.282364325144695,45.82270002408352,-7.5860882310995095,-1.4947850036800705,1.43785640171596
Lake of the Woods,Nelson-Winnipeg,2007-11-01,0.21254464285709673,415.56666666666666,20.520269847890763,-9.242024981566438,12.088891650949208,-5.025311847150858,-0.2104208809988839
Lake of the Woods,Nelson-Winnipeg,2007-12-01,0.12893677177856944,156.56923076923073,9.973023211824948,7.1811882403886145,-2.9791013652424283,8.783428998733008,-1.0304678457754637
Lake of the Woods,Nelson-Winnipeg,2008-01-01,0.1260580775483504,113.84999999999997,4.211169675337651,-17.40556518468241,-1.184737757544748,3.6675120437783875,-0.11292048863002258
Lake of the Woods,Nelson-Winnipeg,2008-02-01,0.06930357142857702,78.71428571428572,1.792760643833649,-8.89725201289236,-1.0064930330762376,-6.746395757155753,-2.8871645246233264
Lake of the Woods,Nelson-Winnipeg,2008-03-01,0.023312500000031378,18.83571428571429,-1.4338102170898175,-8.898819146062515,1.8331049089153701,3.413694943966604,-2.14446040562221
Lake of the Woods,Nelson-Winnipeg,2008-04-01,-0.11270535714282914,-100.82499999999999,-2.493126033056928,30.14265786207813,-0.9274191065092694,17.95903127666471,-1.0539812360491072
Lake of the Woods,Nelson-Winnipeg,2008-05-01,0.042026785714313064,22.55000000000001,-5.0404700533753015,-10.966854984872043,1.4266254625649069,-0.7348716861623119,-2.8552605765206476
Lake of the Woods,Nelson-Winnipeg,2008-06-01,0.17408172131155197,342.4,0.8787935595527046,24.667334967359366,-4.259494598954916,-4.2802983026993656e-05,-2.046619960239955
Lake of the Woods,Nelson-Winnipeg,2008-07-01,0.24068902992928543,450.5464285714286,5.171809483726975,-3.232459134388975,-18.521079427695696,-6.1309107392626055e-25,-1.6822313581194202
Lake of the Woods,Nelson-Winnipeg,2008-08-01,0.12226962108206862,302.7357142857143,2.227455216468247,-45.80208806354287,-2.8840937884524465,-3.8976948203884974e-25,0.17290823800223265
Lake of the Woods,Nelson-Winnipeg,2008-09-01,-0.004577146942494892,-54.32499999999999,-1.024638737102837,14.957466420517974,-3.26606968883425,-0.0024978120899886236,-0.5592215401785712
Lake of the Woods,Nelson-Winnipeg,2008-10-01,0.03763392857143799,-44.403703703703684,-2.4832201977135675,-0.7485973141488813,-0.6987379996904366,-1.363271344026933,0.7262169974190851
Lake of the Woods,Nelson-Winnipeg,2008-11-01,0.12554464285710765,137.56666666666666,-0.3533809441640692,6.082151074744097,2.561776034001795,-5.764128182948168,0.1321389334542411
Lake of the Woods,Nelson-Winnipeg,2008-12-01,0.0944367717785326,154.56923076923073,0.4429407504007763,10.201542321333868,0.14437992703514624,-0.6330729703660367,-6.592998363353589
Lake of the Woods,Nelson-Winnipeg,2009-01-01,0.09280807754834086,115.84999999999997,0.7978470026241027,-1.8436027717793237,-3.2336776533026876,11.731104060475317,-4.027929033551898
Lake of the Woods,Nelson-Winnipeg,2009-02-01,0.05780357142856474,160.71428571428572,0.5640565848027883,7.662151842461235,-0.22129951061547892,6.26944072012391,0.5800901140485486
Lake of the Woods,Nelson-Winnipeg,2009-03-01,0.013562499999977717,187.8357142857143,4.891206017678737,38.683224829063484,-1.4383691284040516,14.611761118950582,-1.73271724155971
Lake of the Woods,Nelson-Winnipeg,2009-04-01,0.18154464285714766,317.675,2.933007251288341,-0.7721863845030654,-5.4377264418040525,20.185227506122565,-0.2787737165178572
Lake of the Woods,Nelson-Winnipeg,2009-05-01,0.3432767857142949,639.55,19.08391003131068,12.497876887209713,1.6310213146165822,-2.1305789376663755,-2.4024407523018976
Lake of the Woods,Nelson-Winnipeg,2009-06-01,0.2638317213115897,644.4,13.51168020586816,-14.96204478566402,-6.676580524072051,7.812685911307809e-05,-2.33656747000558
Lake of the Woods,Nelson-Winnipeg,2009-07-01,-0.04956097007067228,118.54642857142858,4.700591460277792,2.751654650117942,-16.820642498454873,-6.1309107392626055e-25,-3.754710606166295
Lake of the Woods,Nelson-Winnipeg,2009-08-01,0.007019621082008598,-47.26428571428568,7.148870804355415,28.04488425109801,-19.718282972462475,-3.8976948203884974e-25,-1.6452680315290173
Lake of the Woods,Nelson-Winnipeg,2009-09-01,0.20042285305754604,89.875,5.198819593975454,-54.28997936957914,-13.521921937353909,-0.0018469539208508324,3.539136614118304
Lake of the Woods,Nelson-Winnipeg,2009-10-01,0.04613392857140752,104.39629629629633,-1.1720076524527805,-5.598881976246574,2.1809276991656787,0.6941158439336246,-2.09681156703404
Lake of the Woods,Nelson-Winnipeg,2009-11-01,-0.018205357142903722,-8.433333333333337,-4.446967993447156,-11.659844323211082,-19.682198929201277,-9.180384463564094,3.9302346365792413
Lake of the Woods,Nelson-Winnipeg,2009-12-01,-0.0335632282214533,40.56923076923073,-2.9307384306944364,7.688661021853072,10.68758907840001,-14.406454680418527,-1.4249075430410887
Lake of the Woods,Nelson-Winnipeg,2010-01-01,-0.010691922451655955,24.849999999999966,-0.8648609431734897,-2.2232961169460665,-0.7106105297550256,-14.456710711653741,1.3309271676199774
Lake of the Woods,Nelson-Winnipeg,2010-02-01,-0.010196428571418892,36.71428571428572,-0.399716295110661,-17.30473454102009,-1.2329803804667403,-14.660804798560477,1.0795713152204236
Lake of the Woods,Nelson-Winnipeg,2010-03-01,-0.02018750000002001,92.83571428571429,1.2774229710755343,-17.43868766477265,-3.1553329006003743,-53.07316311102893,4.55481937953404
Lake of the Woods,Nelson-Winnipeg,2010-04-01,-0.09820535714283096,-116.32499999999999,-4.9006705583971275,-21.070204737562953,4.296633477289497,-42.95519856506352,4.114475795200892
Lake of the Woods,Nelson-Winnipeg,2010-05-01,-0.2094732142857083,-352.15,-22.090089224678067,-21.45516953896731,4.135104176904342,-3.8701723204747553,2.0219672066824774
Lake of the Woods,Nelson-Winnipeg,2010-06-01,-0.12066827868841301,-430.1,-23.52000281721952,-13.7346687344169,4.748239880427718,-6.246637038980525e-05,-0.06132943289620485
Lake of the Woods,Nelson-Winnipeg,2010-07-01,0.043939029929276785,-156.75357142857143,-4.640427454432938,74.05260175749261,12.96309232046562,-6.1309107392626055e-25,0.46937997000557985
Lake of the Woods,Nelson-Winnipeg,2010-08-01,0.11201962108202679,250.73571428571432,-0.23803253238189015,24.728436413819765,-1.534663257189095,-3.8976948203884974e-25,0.5249590192522327
Lake of the Woods,Nelson-Winnipeg,2010-09-01,0.05717285305752284,77.875,6.101049397589772,38.51711030750137,12.40741170477122,-0.0024978120899886236,-2.784837995256696
Lake of the Woods,Nelson-Winnipeg,2010-10-01,0.17738392857143026,240.39629629629633,9.892420485162543,-30.802810094818213,-7.166939055813216,-1.321416848960715,2.042867388044085
Lake of the Woods,Nelson-Winnipeg,2010-11-01,0.0890446428571181,130.56666666666666,3.1673641413882656,7.948769478909007,1.7775302486760296,-0.15673926931672888,1.114347185407366
Lake of the Woods,Nelson-Winnipeg,2010-12-01,0.01968677177853806,49.56923076923073,0.08769031545078221,-2.6681677813434774,-0.09596753753376674,21.504125626826728,-1.4920462149160887
Lake of the Woods,Nelson-Winnipeg,2011-01-01,0.03830807754832222,72.84999999999997,-0.4758512872545637,7.13884373856542,-1.71788046671801,30.984410151307074,-2.2278802054268976
Lake of the Woods,Nelson-Winnipeg,2011-02-01,0.018053571428538362,66.71428571428572,-0.6517149543339791,-10.152654587208026,-0.28347530418873923,31.62100232605424,-0.2560304914202014
Lake of the Woods,Nelson-Winnipeg,2011-03-01,-0.027687500000013188,72.83571428571429,-2.0929333383849418,-13.169531117975048,-0.23964070507125612,29.971974935116506,-1.853841509137835
Lake of the Woods,Nelson-Winnipeg,2011-04-01,0.08929464285716904,216.675,5.652781162228035,29.507568043689908,-6.177289698306204,12.531827204189277,0.016758510044642794
Lake of the Woods,Nelson-Winnipeg,2011-05-01,0.24327678571427214,398.55,7.380837333455148,-14.288145932368934,-5.069069807567367,-2.8556801515686105,-0.4151970999581476
Lake of the Woods,Nelson-Winnipeg,2011-06-01,-0.06266827868842029,186.39999999999998,3.648328035654103,21.996497401102843,-8.833080064505339,-6.246637038980525e-05,-1.5001722063337048
Lake of the Woods,Nelson-Winnipeg,2011-07-01,-0.14431097007070548,-135.45357142857142,2.674406649020966,-16.25029911935728,-2.838879224977319,-6.1309107392626055e-25,0.7706800188337048
Lake of the Woods,Nelson-Winnipeg,2011-08-01,-0.1624803789179623,-161.46428571428567,0.9630172997796258,-13.547017313872601,5.677153705619276,-3.8976948203884974e-25,1.1314958844866077
Lake of the Woods,Nelson-Winnipeg,2011-09-01,-0.17182714694246215,-173.925,-3.679264305641741,-37.450830194367356,7.05817190464586,-0.002301178212807794,0.22138759068080383
Lake of the Woods,Nelson-Winnipeg,2011-10-01,-0.1673660714285461,-176.00370370370368,-9.574135337710945,-32.46998402339939,4.003510610865689,-1.4218898782668734,2.645101274762835
Lake of the Woods,Nelson-Winnipeg,2011-11-01,-0.21995535714285097,-227.93333333333334,-12.662756687080087,-23.65881461758233,2.147388711039511,-6.711719565958317,1.894742693219866
Lake of the Woods,Nelson-Winnipeg,2011-12-01,-0.2835632282214533,-203.33076923076928,-12.871651610583758,-11.916754385715144,15.228658114749663,-16.389732180094278,3.7184945565682863
Lake of the Woods,Nelson-Winnipeg,2012-01-01,-0.2556919224516605,-189.65000000000003,-10.035966806234292,6.1829465880042065,4.095773972689391,-20.481864855225595,3.8693182809012274
Lake of the Woods,Nelson-Winnipeg,2012-02-01,-0.23044642857144026,-184.98571428571427,-6.956756211626011,-0.5274135432305869,1.6513831131825487,-18.321759333567954,4.698254176548549
Lake of the Woods,Nelson-Winnipeg,2012-03-01,-0.13493749999997817,-213.7642857142857,-3.2281446599102175,23.031378873773583,-4.420368988316373,-41.02415308755424,5.96961430140904
Lake of the Woods,Nelson-Winnipeg,2012-04-01,-0.015455357142855064,-182.125,-1.5601521071013345,1.8171301884909283,11.977551101673662,-39.44136691253724,1.8517804827008928
Lake of the Woods,Nelson-Winnipeg,2012-05-01,-0.07072321428569239,-213.05,-6.84085477509403,52.36132221762091,3.949813708978972,-4.037099730666175,1.9926703316824774
Lake of the Woods,Nelson-Winnipeg,2012-06-01,-0.0794182786884221,-209.60000000000002,3.925678226681029,-8.923498223469196,16.53524930588901,-5.3617845810086505e-05,2.077464512416295
Lake of the Woods,Nelson-Winnipeg,2012-07-01,-0.08356097007072094,-189.45357142857142,3.1719550242996775,16.571090727146455,20.900632387825425,-6.1309107392626055e-25,2.70088631766183
Lake of the Woods,Nelson-Winnipeg,2012-08-01,-0.047230378917959115,-169.3642857142857,-2.0338249606928507,-29.239004785527612,14.956163126043975,-3.8976948203884974e-25,0.31972830636160765
Lake of the Woods,Nelson-Winnipeg,2012-09-01,-0.11057714694248943,-143.025,-5.364718350132794,-63.58294302896995,13.336210395209491,-0.0013445543908728397,-1.0259573800223212
Lake of the Woods,Nelson-Winnipeg,2012-10-01,-0.11611607142856428,-155.90370370370368,-9.967447674820765,12.643396392897031,-4.980531022218727,0.8191985193012183,-1.61231449672154
Lake of the Woods,Nelson-Winnipeg,2012-11-01,-0.13095535714290918,-212.23333333333335,-11.8609988359302,-8.149105134569773,-0.1574181286352001,-4.923566718519266,-0.7597067696707589
Lake of the Woods,Nelson-Winnipeg,2012-12-01,-0.1628132282214665,-191.23076923076928,-10.769090373758917,-10.216326478661763,-2.948438559003449,-15.561553580617463,-0.8357962149160887
Lake of the Woods,Nelson-Winnipeg,2013-01-01,-0.09619192245168051,-151.15000000000003,-7.234449490559719,29.156005333269214,0.7593911611495843,-18.16767354362777,-0.054509844098772575
Lake of the Woods,Nelson-Winnipeg,2013-02-01,-0.07019642857142117,-53.28571428571428,-4.708324073622602,8.504524729297763,-1.5962073604376723,3.6156258678862088,-0.3400759015764514
Lake of the Woods,Nelson-Winnipeg,2013-03-01,-0.06693749999999454,-4.164285714285711,-5.242904675209761,0.7719065865135875,0.2159996095412815,29.79031487900231,-1.916951860700335
Lake of the Woods,Nelson-Winnipeg,2013-04-01,-0.2324553571428396,-183.92499999999998,-1.94644783083017,8.984191746484221,-5.057607132974745,79.39467113491057,-3.179866245814732
Lake of the Woods,Nelson-Winnipeg,2013-05-01,-0.07022321428570422,-122.94999999999999,6.574322344801786,17.749129212461412,-11.1654863680347,9.261690113036078,-1.5992791312081476
Lake of the Woods,Nelson-Winnipeg,2013-06-01,0.18658172131159745,327.4,16.14352446007875,-31.527737862363992,-9.319859091192484,-5.9516862196565666e-05,-0.9413648332868298
Lake of the Woods,Nelson-Winnipeg,2013-07-01,0.0021890299292977033,159.54642857142858,6.112516879511531,42.75652457311351,-1.2627247321818516,-6.1309107392626055e-25,-0.7278246198381702
Lake of the Woods,Nelson-Winnipeg,2013-08-01,-0.00398037891795866,19.735714285714323,6.454622502912702,1.2436680678677305,-22.1421621972695,-3.8976948203884974e-25,0.13097708565848265
Lake of the Woods,Nelson-Winnipeg,2013-09-01,0.028922853057508746,80.875,3.9772584880535895,-15.62546493784923,-1.586825237609446,-0.0024978120899886236,1.2715279715401788
Lake of the Woods,Nelson-Winnipeg,2013-10-01,-0.051616071428611576,42.39629629629633,-0.777544986444159,-24.772549625985064,7.95725689801786,0.0586796899629658,-0.061411176409039925
Lake of the Woods,Nelson-Winnipeg,2013-11-01,-0.15620535714288053,-103.13333333333333,-4.033581260175975,-4.361612965502509,7.254622011844603,-3.2995618031626304,-1.337862287248884
Lake of the Woods,Nelson-Winnipeg,2013-12-01,-0.15306322822141283,-112.83076923076925,-4.371042238306945,11.791605418289286,-10.707424123581774,14.11542582705065,-8.409572460033276
Lake of the Woods,Nelson-Winnipeg,2014-01-01,-0.1034419224516796,-64.15000000000003,-2.740635063154123,7.589574178772246,-1.7031851278131525,21.43108199483582,-5.292196001325335
Lake of the Woods,Nelson-Winnipeg,2014-02-01,-0.08244642857141571,2.7142857142857224,-1.8283856136674466,18.05985010703028,-1.6368304869891812,30.83858705524888,-4.887179783412389
Lake of the Woods,Nelson-Winnipeg,2014-03-01,-0.1061874999999759,46.83571428571429,-3.116450881602109,0.9855231141305651,-0.3166008661667412,60.52917524773095,-4.97691890171596
Lake of the Woods,Nelson-Winnipeg,2014-04-01,-0.1597053571428546,-1.3249999999999886,-5.1851907690953745,10.77068264878887,-4.016087560947717,92.98181068178175,-2.635035923549107
Lake of the Woods,Nelson-Winnipeg,2014-05-01,0.10202678571431534,330.55,39.27932958218402,7.082312484271824,-14.607802742310533,26.658951337723177,-0.9308526175362726
Lake of the Woods,Nelson-Winnipeg,2014-06-01,0.44583172131154925,649.4,50.32303617294279,74.13062196324712,-16.339102294296026,-4.87019985252944e-05,-1.5740247453962048
Lake of the Woods,Nelson-Winnipeg,2014-07-01,0.6881890299292763,884.5464285714286,31.49718828353798,18.893113064612933,-12.378824741712634,-6.1309107392626055e-25,-1.9175218854631702
Lake of the Woods,Nelson-Winnipeg,2014-08-01,0.5630196210820486,969.7357142857143,13.129971178256842,-37.25191259789946,-18.873878405429423,-3.8976948203884974e-25,-0.10388619559151735
Lake of the Woods,Nelson-Winnipeg,2014-09-01,0.14217285305750238,456.875,3.7308933990841204,-30.748346097035594,-8.766847313381732,-0.001520541729352739,-0.8281424386160712
Lake of the Woods,Nelson-Winnipeg,2014-10-01,0.001633928571436627,13.396296296296327,-3.220412306940748,-12.39922944971893,0.2686137200466163,-1.3005343267390603,0.3976647513253351
Lake of the Woods,Nelson-Winnipeg,2014-11-01,-0.07970535714287053,-106.83333333333331,-7.025569700220199,-16.144155535065302,19.727222222302643,-2.4489178405409415,-4.124910627092634
Lake of the Woods,Nelson-Winnipeg,2014-12-01,-0.10106322822144875,-183.93076923076927,-7.156904254332876,-11.408179092945325,-15.475605075523532,-10.785735143279588,1.2042733651620363
Lake of the Woods,Nelson-Winnipeg,2015-01-01,-0.06394192245170416,-83.15000000000003,-4.935029537071905,3.087592867294525,0.5487659397788649,-15.525716290410074,0.21932438441685242
Lake of the Woods,Nelson-Winnipeg,2015-02-01,-0.05319642857142526,-33.28571428571428,-3.136212335708219,-0.004433658822172504,-1.0803095439249386,-10.797775616603232,-6.152408054896764
Lake of the Woods,Nelson-Winnipeg,2015-03-01,-0.07868750000000091,-30.16428571428571,-2.470270990410686,-9.84117940658637,2.3059081306980396,-17.681268010554575,0.9047034127371649
Lake of the Woods,Nelson-Winnipeg,2015-04-01,-0.15045535714284597,-207.225,-6.849248259511246,-19.34955019221109,4.171666285921155,-23.227074183263802,0.8479047502790178
Lake of the Woods,Nelson-Winnipeg,2015-05-01,-0.25722321428571604,-288.35,-13.706862119891284,19.553263555280864,2.8217226977825973,-3.3234711407738518,0.038934980119977425
Lake of the Woods,Nelson-Winnipeg,2015-06-01,-0.1361682786884444,-37.60000000000002,-8.993911417616928,15.305154250069918,-0.8395244367420673,-6.246637038980525e-05,-0.00914437430245485
Lake of the Woods,Nelson-Winnipeg,2015-07-01,-0.09406097007075687,38.54642857142858,-3.636046872998122,-1.6460770899097241,2.1562656786825016,-6.1309107392626055e-25,0.45061165945870485
Lake of the Woods,Nelson-Winnipeg,2015-08-01,-0.07023037891792683,-77.26428571428568,1.164150728852423,26.1760572154474,-0.16001390758901834,-3.8976948203884974e-25,-0.5173688616071423
Lake of the Woods,Nelson-Winnipeg,2015-09-01,0.04342285305750693,-15.125,2.4183030784895116,-13.228506057722754,-3.5175058292225003,-0.0024978120899886236,2.019391741071429
Lake of the Woods,Nelson-Winnipeg,2015-10-01,-0.015116071428565192,-112.90370370370368,-3.653782254072471,-13.092898526727893,5.59439653131578,-1.3183041360857064,1.26653071812221
Lake of the Woods,Nelson-Winnipeg,2015-11-01,0.02379464285712629,41.56666666666666,1.3634965060711188,36.69653901722216,-6.153262386630686,-7.053389687955912,3.1351296561104913
Lake of the Woods,Nelson-Winnipeg,2015-12-01,0.08218677177853806,253.56923076923073,10.363084854799563,11.767296036446673,10.399207487892085,-10.010068235849893,5.223468921802661
Lake of the Woods,Nelson-Winnipeg,2016-01-01,0.025558077548339497,239.84999999999997,8.951661534021177,-3.5198800874890637,4.410309080152989,-13.202327237065347,2.0426276070731024
Lake of the Woods,Nelson-Winnipeg,2016-02-01,-0.05519642857143481,134.71428571428572,6.20540419705711,9.404064873316592,2.111359025418226,-5.740999510245658,1.9747739519391736
Lake of the Woods,Nelson-Winnipeg,2016-03-01,0.01131249999997408,74.83571428571429,9.494381987938791,33.003757834584185,-3.347813149697945,-18.854395453152918,2.08881596156529
Lake of the Woods,Nelson-Winnipeg,2016-04-01,0.11654464285714994,202.675,17.36145646386181,1.232761361669482,2.115077285062789,-20.23848798099997,-0.8148760114397322
Lake of the Woods,Nelson-Winnipeg,2016-05-01,0.0020267857142926005,222.55,8.630182934991481,-21.923428284935653,1.665143227520666,-3.934852076653276,1.8872931344168524
Lake of the Woods,Nelson-Winnipeg,2016-06-01,-0.1561682786884262,-97.60000000000002,-1.5532261230483897,17.724492811664405,4.574783379212022,-6.246637038980525e-05,-0.11595589773995485
Lake of the Woods,Nelson-Winnipeg,2016-07-01,-0.02131097007071503,231.54642857142858,0.6772083215764724,2.485868225838729,1.2607161354805783,-6.1309107392626055e-25,-0.06647818429129515
Lake of the Woods,Nelson-Winnipeg,2016-08-01,-0.03623037891793501,41.73571428571432,0.1738339332015535,8.332523442472194,6.344001623801887,-3.8976948203884974e-25,0.5522112165178577
Lake of the Woods,Nelson-Winnipeg,2016-09-01,0.046172853057555585,58.875,-1.268539895785839,11.315487582968288,-1.1096574598923326,-0.0024978120899886236,0.5111214773995538
Lake of the Woods,Nelson-Winnipeg,2016-10-01,0.02138392857142435,117.39629629629633,-1.0373515048870878,-26.802588715716936,-1.0387950709887974,-1.5109551910167542,1.12193843296596
Lake of the Woods,Nelson-Winnipeg,2016-11-01,-0.08045535714285279,12.566666666666663,-2.3461661995887475,9.300861264429322,-15.200608343418153,-3.604578328252371,5.404599870954241
Lake of the Woods,Nelson-Winnipeg,2016-12-01,-0.08931322822144239,-39.43076923076927,-2.210107448735034,21.80551892120598,27.94792143740105,3.928191097522223,0.2775155526620363
Lake of the Woods,Nelson-Winnipeg,2017-01-01,-0.023691922451689607,39.849999999999966,0.06490253924442158,4.70391413857994,0.4349036787191709,18.2643319214029,3.0447028023856024
Lake of the Woods,Nelson-Winnipeg,2017-02-01,0.003303571428602936,51.71428571428572,2.756765015614551,11.465799897060997,0.5303941642133783,4.997276434940957,3.4284482683454236
Lake of the Woods,Nelson-Winnipeg,2017-03-01,0.06581249999999272,122.83571428571429,4.84859422639212,-7.060611610151163,-0.08514657175900098,-22.523020360884928,-1.04143306187221
Lake of the Woods,Nelson-Winnipeg,2017-04-01,0.08679464285717131,139.675,8.709659502658592,5.9316143701185595,4.292060101371526,-33.577731810250306,1.1611676897321428
Lake of the Woods,Nelson-Winnipeg,2017-05-01,-0.05547321428571195,-47.44999999999999,0.1593124969596289,-24.32634716387838,1.7275912001163576,-2.6675634688752483,-0.13110896519252258
Lake of the Woods,Nelson-Winnipeg,2017-06-01,-0.1941682786884371,-253.60000000000002,-5.0613983538434155,13.11983842502481,3.4394196700304747,-6.246637038980525e-05,-0.00423104422432985
Lake of the Woods,Nelson-Winnipeg,2017-07-01,-0.12081097007069275,-272.4535714285714,-5.0399299143464305,-27.465931900743655,-7.212424284911577,-6.1309107392626055e-25,0.06139046805245485
Lake of the Woods,Nelson-Winnipeg,2017-08-01,-0.012986931195598572,-170.5642857142857,-3.721062429706631,-9.482384734188344,0.8042919216677547,-3.8976948203884974e-25,-0.24606759207589235
Lake of the Woods,Nelson-Winnipeg,2017-09-01,0.03383296744652853,-91.125,2.380938998872548,58.23828957675558,-3.277545911259949,-0.0024978120899886236,0.2621895926339288
Lake of the Woods,Nelson-Winnipeg,2017-10-01,0.12563392857146027,193.39629629629633,10.05106302026044,8.342469115242622,9.971471070977188,1.4759911804763501,1.26604243687221
Lake of the Woods,Nelson-Winnipeg,2017-11-01,0.013544642857084455,200.56666666666666,4.255612823596625,-7.013262958415517,13.263706184391467,25.93409502047247,-2.0166952950613837
Lake of the Woods,Nelson-Winnipeg,2017-12-01,-0.06910606624137472,80.56923076923073,1.5351126289547032,3.7481196082404082,-4.419246382355965,16.84268477752253,-3.3689077871817137
Lake of the Woods,Nelson-Winnipeg,2018-01-01,-0.05981809380494951,-4.150000000000034,1.507303103218355,-2.0467282998392236,-0.6628294761737505,11.601776882473914,0.2966559273856024
Lake of the Woods,Nelson-Winnipeg,2018-02-01,-0.0451964285714439,-21.285714285714278,0.9249366318856893,3.47259630923093,-1.724379640238892,10.869280169052743,-2.9626955304827014
Lake of the Woods,Nelson-Winnipeg,2018-03-01,-0.06093750000002274,5.835714285714289,-0.9336399941405809,-20.79340040342816,5.8435105332007105,24.97391685444329,0.6039221627371649
Lake of the Woods,Nelson-Winnipeg,2018-04-01,-0.2124553571428578,-204.42499999999998,-6.758911424965067,-38.70524006612998,-2.044234362464131,38.2602689790344,-3.838344029017857
Lake of the Woods,Nelson-Winnipeg,2018-05-01,-0.25272321428570876,-343.04999999999995,-19.3110750489203,-19.36973782721907,-1.171825871486881,-2.988024581881125,2.1217902047293524
Lake of the Woods,Nelson-Winnipeg,2018-06-01,-0.24466827868843666,-434.0,-14.117145422330523,11.21674127976543,-2.6909750886261463,-6.246637038980525e-05,1.0693163190569202
Lake of the Woods,Nelson-Winnipeg,2018-07-01,-0.17381097007069002,-360.05357142857144,-7.206788672192488,-12.93415442757707,9.311755320855553,-6.1309107392626055e-25,0.8028455461774548
Lake of the Woods,Nelson-Winnipeg,2018-08-01,-0.11523037891794274,-243.86428571428567,-7.02360888057488,-23.382803965692545,0.4362227628007531,-3.8976948203884974e-25,0.7896990094866077
Lake of the Woods,Nelson-Winnipeg,2018-09-01,-0.1215771469424567,-157.925,-4.3647834952155655,48.47581710367065,13.254416990093887,0.02146300954614893,-1.2386648995535712
Lake of the Woods,Nelson-Winnipeg,2018-10-01,0.03438392857140116,47.69629629629634,4.583882682969229,28.19402423171725,-7.123553160844111,3.940545220237774,-3.145548139299665
Lake of the Woods,Nelson-Winnipeg,2018-11-01,0.09129464285712174,289.96666666666664,11.547205015501408,-16.019446785711416,1.897496237818686,-1.7787697808151801,-3.7952597481863837
Lake of the Woods,Nelson-Winnipeg,2018-12-01,-0.021563228221452846,94.16923076923075,7.534973739422167,-2.243663035591858,-11.6580523166771,-7.930790005182779,1.5911141854745363
Lake of the Woods,Nelson-Winnipeg,2019-01-01,-0.05169192245165277,14.449999999999989,4.0035240313695155,-1.38200600901785,-0.4496690201319451,0.36924804693886415,-2.5112969534737726
Lake of the Woods,Nelson-Winnipeg,2019-02-01,-0.037696428571450724,-85.98571428571427,1.5785835182344137,22.62199753438056,-1.5312511033178975,17.487690517944955,-3.6508363996233264
Lake of the Woods,Nelson-Winnipeg,2019-03-01,0.02056249999998272,8.435714285714312,0.6010458185171181,1.1054640739790287,-1.1430792489721036,34.990328397335745,-1.39494868687221
Lake of the Woods,Nelson-Winnipeg,2019-04-01,0.00204464285712902,200.27500000000003,4.861182003099071,2.6821879977692973,-6.208032074417652,13.971826993188834,-0.2922014508928572
Lake of the Woods,Nelson-Winnipeg,2019-05-01,0.0057767857143176116,187.55,6.146432474322083,-22.374429390765727,0.35183031702347733,-1.921242535771687,-1.5144707815987726
Lake of the Woods,Nelson-Winnipeg,2019-06-01,-0.0764182786884362,-93.10000000000002,-1.8427894454881795,-30.8882405598914,1.414390280842781,-6.0500031520297325e-05,-0.07420785086495485
Lake of the Woods,Nelson-Winnipeg,2019-07-01,-0.11931097007072822,-245.6535714285714,-4.730730528535787,-9.816072012264542,-0.8734714772020027,-6.1309107392626055e-25,0.6360974993024548
Lake of the Woods,Nelson-Winnipeg,2019-08-01,-0.05748037891794411,-152.3642857142857,-5.223251225418476,1.425620326439713,12.78452982660383,-3.8976948203884974e-25,-0.42615182059151735
Lake of the Woods,Nelson-Winnipeg,2019-09-01,0.07692285305751057,157.77499999999998,-0.20255913633653577,58.97090982346397,-16.997086931951344,-0.0024978120899886236,-0.3016226632254462
Lake of the Woods,Nelson-Winnipeg,2019-10-01,0.4391339285714366,,14.333271063411043,29.29919166906204,5.873160470010973,-1.0611443781921739,-1.20069340297154
Lake of the Woods,Nelson-Winnipeg,2019-11-01,0.4202946428571295,,14.955035387954144,-5.333540040218004,3.9878031904143967,4.823700050889913,-2.3181174142020087
Lake of the Woods,Nelson-Winnipeg,2019-12-01,0.22193677177853033,,7.1834548811980135,12.7606930068901,-9.04289369592098,12.858773650670493,-0.04221711335358869
Lake of the Woods,Nelson-Winnipeg,2020-01-01,0.09980807754834586,224.84999999999997,3.288696120372542,3.699019292460953,0.012762294967875398,31.955660387341467,3.3532660348074774
Lake of the Woods,Nelson-Winnipeg,2020-02-01,0.018553571428583382,171.71428571428572,1.7249190329623936,-9.436553150797927,0.2898784504005949,33.32683510546174,0.5221067156110486
Lake of the Woods,Nelson-Winnipeg,2020-03-01,-0.05443750000000591,140.8357142857143,-0.8599675181488102,-8.496485523729852,2.450252303138509,38.27081158358071,1.00147465297154
Lake of the Woods,Nelson-Winnipeg,2020-04-01,-0.021705357142820958,115.67500000000001,-3.527040774185611,-21.13885252453786,4.0316308773721445,27.67766546483991,-1.5164751325334822
Lake of the Woods,Nelson-Winnipeg,2020-05-01,-0.13497321428570785,-203.45,-12.657634049121825,-49.20886887703091,1.3394242165044759,-1.6422681181746315,-0.18738337925502258
Lake of the Woods,Nelson-Winnipeg,2020-06-01,-0.2226682786884453,-327.6,-13.123692572532619,-10.83578752254003,-0.15141209587454796,-6.148320095505129e-05,0.6794237409319202
Lake of the Woods,Nelson-Winnipeg,2020-07-01,-0.2860609700707073,-328.4535714285714,-11.550989969691727,-24.15805153265994,10.530891029962476,-6.1309107392626055e-25,1.7209363664899548
Lake of the Woods,Nelson-Winnipeg,2020-08-01,-0.29648037891797685,-236.66428571428568,-6.017515887963651,31.85343106244025,9.356329566799104,-3.8976948203884974e-25,1.2032427106584827
Lake of the Woods,Nelson-Winnipeg,2020-09-01,-0.27557714694245306,-166.725,-7.113751749524713,-39.20504378454227,10.234836372546852,-0.0024978120899886236,-1.2218802315848212
Lake of the Woods,Nelson-Winnipeg,2020-10-01,-0.30661607142860703,-178.20370370370367,-9.45758491590303,-11.881608511820176,15.34722236517284,4.011610720616383,-3.09852055140904
Lake of the Woods,Nelson-Winnipeg,2020-11-01,-0.3044553571428992,-245.23333333333335,-9.688858314932855,-21.03740932527996,-10.810743718008908,-4.4480068692272265,0.9349953787667411
Lake of the Woods,Nelson-Winnipeg,2020-12-01,-0.30606322822143284,-221.43076923076927,-8.58198402285645,-1.7284780883023316,-2.7782386017928786,-11.716813711380517,2.8706552010995363
Lake of the Woods,Nelson-Winnipeg,2021-01-01,-0.23294192245168688,-248.15000000000003,-6.151205968697987,-7.635794780591304,-0.3065063031369517,-13.872369126017603,5.219843183244977
Lake of the Woods,Nelson-Winnipeg,2021-02-01,-0.13444642857143663,-249.28571428571428,-4.296310226241726,-15.930344564757043,0.8458777655115615,-17.52021842237029,-3.3882021222795764
Lake of the Woods,Nelson-Winnipeg,2021-03-01,-0.05668750000000955,-243.3642857142857,-4.465211966557295,-10.86113950129532,6.40671697536683,-41.00156292718437,3.700235639299665
Lake of the Woods,Nelson-Winnipeg,2021-04-01,-0.0034553571428546093,-226.725,-2.555372141484572,29.49042705170411,2.9086339678282727,-37.886796984561705,0.5464521135602678
Lake of the Woods,Nelson-Winnipeg,2021-05-01,-0.043223214285717404,-248.45,-14.063990974266616,-32.177844434045255,4.661433330121717,-3.9360476110767353,0.8757880074637274
Lake of the Woods,Nelson-Winnipeg,2021-06-01,-0.22920647541377548,-433.20000000000005,-19.236817118196214,-64.87628166464025,10.124032851308584,-6.246637038980525e-05,3.08494131905692
Lake of the Woods,Nelson-Winnipeg,2021-07-01,-0.405853808090626,-470.8535714285714,-15.897618235612754,-44.60545716990184,8.084550167300876,-6.1309107392626055e-25,2.60628182547433
Lake of the Woods,Nelson-Winnipeg,2021-08-01,-0.411023216937906,-322.46428571428567,-12.842315293840198,-29.171352815215613,9.233743301592767,-3.8976948203884974e-25,1.3073992047991077
Lake of the Woods,Nelson-Winnipeg,2021-09-01,-0.36907714694245897,-233.125,-10.8304570000785,-4.303029480589814,-3.6287965485826135,-0.0024978120899886236,1.6908394949776788
Lake of the Woods,Nelson-Winnipeg,2021-10-01,-0.33261607142856064,-235.90370370370368,-14.850664674408367,-5.3969870745537065,-3.1519501603075497,-1.5146410929186718,4.182882036481585
Lake of the Woods,Nelson-Winnipeg,2021-11-01,-0.2762053571428851,-318.6333333333333,-15.66473530796689,17.080384994707337,12.339775982711998,7.379435460149709,1.196988786969866
Lake of the Woods,Nelson-Winnipeg,2021-12-01,-0.2353132282214574,-248.63076923076926,-13.120726237064918,30.096320933403653,8.94655591454702,14.21148616268679,0.11125578703703631
Lake of the Woods,Nelson-Winnipeg,2022-01-01,-0.10694192245171052,-246.15000000000003,-9.304292666846386,0.2779176897352684,-0.7433128014651755,21.788978084389655,-3.7834221976143976
Lake of the Woods,Nelson-Winnipeg,2022-02-01,-0.002696428571425713,-164.8857142857143,-6.046291770222265,20.342017426238662,-0.7204921358996739,37.03407264713731,-5.014499119349889
Lake of the Woods,Nelson-Winnipeg,2022-03-01,-0.0009375000000204636,-43.16428571428571,-6.2574027376415735,1.5979167177907314,2.5400943434630925,54.24458071190331,-1.512777056012835
Lake of the Woods,Nelson-Winnipeg,2022-04-01,0.024044642857177223,135.675,-2.0786339363049997,79.17248870528834,-1.8458382068534505,110.21294724222182,-2.427760532924107
Lake of the Woods,Nelson-Winnipeg,2022-05-01,0.7402767857142862,663.55,100.77830519626981,42.40130365360528,-17.230550827142515,25.81869162180845,-0.6089226858956476
Lake of the Woods,Nelson-Winnipeg,2022-06-01,1.0500817213115852,740.4,29.678296902732527,-35.75355816532725,-1.4237849973142147,-5.85336926507894e-05,-0.5819898332868298
Lake of the Woods,Nelson-Winnipeg,2022-07-01,0.9949390299292986,690.5464285714286,2.5033207130036317,27.21333101674516,-5.846551719254677,-6.1309107392626055e-25,-0.32740347726004515
Lake of the Woods,Nelson-Winnipeg,2022-08-01,0.7565196210820204,738.7357142857143,-1.0348396473481039,10.361959850082968,-6.369379232637584,-3.8976948203884974e-25,0.7950395856584827
Lake of the Woods,Nelson-Winnipeg,2022-09-01,0.30292285305750966,696.875,-10.128138206450135,-56.962646984694786,-50.04406732041389,-0.0024978120899886236,0.6919076102120538
Lake of the Woods,Nelson-Winnipeg,2022-10-01,-0.009366071428587475,219.39629629629633,-12.715094411500363,-57.23355360844705,-38.952653961522245,-0.7098117262752826,0.6833398001534601
Lake of the Woods,Nelson-Winnipeg,2022-11-01,-0.1044553571428537,-91.63333333333333,-14.414711528973253,-19.602706899084815,-27.025294423635515,5.491795475661222,0.0889870779854911
Lake of the Woods,Nelson-Winnipeg,2022-12-01,-0.136313228221411,-92.43076923076927,-14.295048741149476,-7.634259437003898,-15.609663954280592,24.125053616309607,-1.1958731192129637
Lake of the Woods,Nelson-Winnipeg,2023-01-01,-0.10994192245163958,-26.150000000000034,-11.530601324401296,-19.38551579639482,-3.4050281649667467,30.10687331802079,4.466547284807477
Lake of the Woods,Nelson-Winnipeg,2023-02-01,-0.1281964285714139,-85.28571428571428,-8.66348090702169,-5.679944860665792,-3.144416035086449,29.398561189217233,0.5760312761579236
Lake of the Woods,Nelson-Winnipeg,2023-03-01,-0.064937499999985,-103.16428571428571,-9.675557242839464,-16.00706320147895,-6.135716435632535,54.59076448875878,-2.271077837262835
Lake of the Woods,Nelson-Winnipeg,2023-04-01,-0.020955357142838693,66.67500000000001,-11.018996249601646,-7.454092909548699,-14.202057438004495,65.17381500478743,-1.8785356794084822
Lake of the Woods,Nelson-Winnipeg,2023-05-01,0.12852678571431397,261.55,-0.6071728504528977,-64.1016403096728,-24.3389491619642,9.269026140956324,2.4980414254324774
Lake of the Woods,Nelson-Winnipeg,2023-06-01,0.04608172131156607,134.39999999999998,-14.966179826712633,-72.31885288742238,-32.30741189327091,-6.246637038980525e-05,2.82340567452567
Lake of the Woods,Nelson-Winnipeg,2023-07-01,-0.19581097007068138,-205.45357142857142,-17.810112658480648,-66.246924052913,-48.55595585624022,-6.1309107392626055e-25,-0.9198412214006702
Lake of the Woods,Nelson-Winnipeg,2023-08-01,-0.2069803789179332,-242.5642857142857,-14.5355692085494,-53.35705851237955,-70.94861986115575,-3.8976948203884974e-25,0.0005449567522326504
Lake of the Woods,Nelson-Winnipeg,2023-09-01,-0.20257714694247397,-206.925,-13.149725678626314,-64.14909169377226,-62.45013268198818,-0.0024978120899886236,2.195661272321429
Lake of the Woods,Nelson-Winnipeg,2023-10-01,-0.16236607142855064,-183.90370370370368,-16.42353779763133,-29.543688050970175,-37.1244231604838,0.005969044130844425,1.51402827671596
Lake of the Woods,Nelson-Winnipeg,2023-11-01,-0.13795535714285734,-167.43333333333334,-17.02726823818271,-28.5391655156023,-28.20496696845761,-0.6898851217036803,0.8508889334542411
Lake of the Woods,Nelson-Winnipeg,2023-12-01,-0.17131322822143602,-157.43076923076927,-14.860060523022657,-14.300179926471579,-13.26289195222435,-23.578596232389962,7.549854419849536
Lake of the Woods,Nelson-Winnipeg,2024-01-01,-0.11619192245166232,,-10.374473865730188,-16.006191432617406,-0.5220968853661487,-37.03253243916801,4.208399091448102
Lake of the Woods,Nelson-Winnipeg,2024-02-01,-0.06744642857142935,,-6.350611927960667,-10.64864253151297,-1.637935282945234,-58.302783673363066,6.389080592564174
Lake of the Woods,Nelson-Winnipeg,2024-03-01,-0.028437499999995453,,1.271948307735979,9.13266664013333,5.087070489285647,-54.75660130780723,-0.6801659720284601
Lake of the Woods,Nelson-Winnipeg,2024-04-01,-0.08970535714280459,,-2.2730277331512703,0.34591060414511077,1.8213020562793005,-32.020453363397145,1.1653485979352678
Lake of the Woods,Nelson-Winnipeg,2024-05-01,-0.060973214285695576,,-5.689529826798079,38.04181155283004,-0.565520439912298,-3.860404522000697,0.5242560250418524
Lake of the Woods,Nelson-Winnipeg,2024-06-01,0.16408172131156107,,5.088244704113876,21.76697295258886,10.721219005063176,-6.246637038980525e-05,-0.00011117117745484961
Lake of the Woods,Nelson-Winnipeg,2024-07-01,0.2379390299292936,,5.911448410188314,7.679638390462586,-0.33740918817264287,-6.1309107392626055e-25,1.0258374895368298
Lake of the Woods,Nelson-Winnipeg,2024-08-01,0.07801962108203497,,5.426699425567808,-3.0547690860528007,-0.18490070942789316,-3.8976948203884974e-25,0.7540544782366077
Lake of the Woods,Nelson-Winnipeg,2024-09-01,-0.05607714694247079,,0.520378265978902,-58.45575730615694,-4.679258563555777,-0.0024978120899886236,4.133832659040179
Lake of the Woods,Nelson-Winnipeg,2024-10-01,-0.1368660714285852,,-5.796501247199817,-41.58222372227881,16.342124236481524,-1.5114467756315466,2.83550044468471
Lake of the Woods,Nelson-Winnipeg,2024-11-01,-0.16295535714289144,,-9.7347981292322,7.441109035945765,-1.136955272938522,-9.406082806110915,3.0613991873604913
Lake of the Woods,Nelson-Winnipeg,2024-12-01,-0.18031322822145057,,-10.39487620302545,17.439238526599688,15.877948856170946,7.536280037904227,2.4175302010995363
Playgreen,Nelson-Winnipeg,1994-01-01,0.13667999999998415,182.4814814814813,-0.6417559743567836,1.2806908073668772,-1.6354481999119992,5.59521918850286,-8.630197252546036
Playgreen,Nelson-Winnipeg,1994-02-01,0.05219230769228034,61.42857142857156,-0.5990088419431618,-1.1645970703934196,-1.1270427026569712,6.489903533032965,-5.779270717075892
Playgreen,Nelson-Winnipeg,1994-03-01,0.07438461538461638,0.7142857142857792,0.5730693363667729,-8.907938515351685,1.7196621956827585,-12.026296995048014,2.1839370727539062
Playgreen,Nelson-Winnipeg,1994-04-01,0.08080769230770102,-287.7857142857142,-3.748421960543576,-11.81554525308976,1.136663621374673,-13.084664924203285,-1.1330392020089286
Playgreen,Nelson-Winnipeg,1994-05-01,0.05040000000002465,-844.6785714285713,-4.201097337499959,-1.7677456697648637,-5.542714799438336,-3.7441677247573226,-0.28023856026785676
Playgreen,Nelson-Winnipeg,1994-06-01,-0.02069230769228625,-1282.1428571428573,-4.208946047583595,12.62285019038245,1.7559675533058368,-0.6545588964529867,0.5062888009207587
Playgreen,Nelson-Winnipeg,1994-07-01,0.00818518518516953,-1529.4285714285716,-2.6454297835048894,8.073767622201032,-10.152739447741098,-0.014530112301664788,-0.9195523943219861
Playgreen,Nelson-Winnipeg,1994-08-01,0.014346153846162224,-966.4642857142858,-1.603488047424305,-1.8906731025448806,-0.8095737679728501,0.0024220914513404246,-1.067093985421316
Playgreen,Nelson-Winnipeg,1994-09-01,0.014919999999989386,-504.2142857142858,-0.13561200570880594,-14.48633486039138,-0.3985571259233609,-0.136388054150822,2.3124836512974323
Playgreen,Nelson-Winnipeg,1994-10-01,-0.09311538461537339,-81.57142857142844,0.6102063354254437,12.592525175672826,-1.7832145967986435,-1.4763410269681896,2.3636910574776784
Playgreen,Nelson-Winnipeg,1994-11-01,-0.11624000000000478,-79.21428571428578,1.1569992083033345,2.053944148688707,7.718757707542473,-4.1373054430420915,3.1264801025390625
Playgreen,Nelson-Winnipeg,1994-12-01,-0.07673913043475977,-4.629629629629562,1.2106942665047464,-3.40564191746698,0.5405885700990138,-7.931676072378952,3.8606267858434613
Playgreen,Nelson-Winnipeg,1995-01-01,-0.06532000000001403,142.4814814814813,0.7409786085190717,-2.805923429800064,0.9298920445611918,-9.20360083026545,2.1353972298758386
Playgreen,Nelson-Winnipeg,1995-02-01,-0.10180769230771602,151.42857142857156,0.4672390324620732,1.3239406211401459,0.22891916471832818,-10.293911344238687,-1.0351911272321423
Playgreen,Nelson-Winnipeg,1995-03-01,-0.11261538461539544,170.71428571428578,1.475352138056353,10.650913382830499,-1.0484333288331982,-14.58363055384585,0.32880401611328125
Playgreen,Nelson-Winnipeg,1995-04-01,0.003807692307702837,-97.78571428571422,-1.397721145102489,-3.8409763822398517,1.7517276761022273,-2.0024534148563227,-2.427503313337054
Playgreen,Nelson-Winnipeg,1995-05-01,0.04040000000003374,-584.6785714285713,-3.57622875526431,-10.644917688166188,-2.8400355471863534,-0.08577851778162415,0.21457345145089324
Playgreen,Nelson-Winnipeg,1995-06-01,0.008307692307710113,-912.1428571428573,-4.9336244410369545,-24.563093029428273,7.840363125848981,-0.3636191956632371,3.3577902657645087
Playgreen,Nelson-Winnipeg,1995-07-01,-0.05581481481482342,-1069.4285714285716,-3.25153943361199,8.76639012546677,-4.162938076271004,-0.017137582679944474,-1.357388087681361
Playgreen,Nelson-Winnipeg,1995-08-01,-0.023653846153820268,-666.4642857142858,3.7389605484869595,41.855907267225646,2.920949166374541,0.001106831145339715,0.35139356340680905
Playgreen,Nelson-Winnipeg,1995-09-01,-0.08808000000001925,-34.21428571428578,-1.8753148625754488,-21.69731759100354,-1.3439729393992081,-0.060756395604195435,-0.9852763584681927
Playgreen,Nelson-Winnipeg,1995-10-01,-0.1581153846153711,278.42857142857156,-1.9841565943871888,3.1570746338859763,-2.2318482806440443,-0.524148328362831,-0.008837018694196619
Playgreen,Nelson-Winnipeg,1995-11-01,-0.30224000000001183,-79.21428571428578,-1.5009402678905257,11.403426282673273,-2.5527634612184826,8.655904892033764,-6.0872039794921875
Playgreen,Nelson-Winnipeg,1995-12-01,-0.21173913043475068,-274.62962962962956,-1.4231041935056927,3.197983976591516,-1.902641893442099,21.450975599388283,-2.5133050989221637
Playgreen,Nelson-Winnipeg,1996-01-01,-0.1943200000000047,-267.5185185185187,-1.0612159640004393,-0.23781551655182298,-1.0130166232816658,23.119852745107245,-6.408410753522599
Playgreen,Nelson-Winnipeg,1996-02-01,-0.16380769230772785,-208.57142857142844,-0.3828327779566667,4.0848580933275755,0.9634509364592043,22.404485249093604,0.40621512276785765
Playgreen,Nelson-Winnipeg,1996-03-01,-0.15461538461539703,-149.28571428571422,0.12141773082216112,-4.390291077600391,-1.5460534305020701,17.994599350328954,-4.446678161621094
Playgreen,Nelson-Winnipeg,1996-04-01,-0.19419230769227624,-127.78571428571422,0.4787442490591527,9.91074066925129,-1.4061368814769324,23.657102154434792,-2.096387590680804
Playgreen,Nelson-Winnipeg,1996-05-01,0.041400000000010095,-184.67857142857133,8.966865530965151,6.279179398136748,-15.026033458915272,11.008184419811837,-1.8926653180803568
Playgreen,Nelson-Winnipeg,1996-06-01,0.09430769230769442,887.8571428571427,6.711794558214024,-17.480999522376806,-16.716143997785238,1.4220772884852653,-0.5556313650948663
Playgreen,Nelson-Winnipeg,1996-07-01,-0.009814814814831152,710.5714285714284,1.1633696490857144,7.952509422986097,-7.557878944291062,0.052233376274151366,0.3924898420061389
Playgreen,Nelson-Winnipeg,1996-08-01,0.04834615384615404,13.53571428571422,0.3933151082102473,-16.823392976740635,0.20991897742662502,-0.004135117965883506,1.454512459891184
Playgreen,Nelson-Winnipeg,1996-09-01,0.07192000000000576,-64.21428571428578,-1.0391864062902254,14.102349648185609,9.784582112583195,-0.002590178545298416,0.8251789637974323
Playgreen,Nelson-Winnipeg,1996-10-01,-0.10511538461537384,378.42857142857156,-1.0605259438826966,6.606646651302334,-2.8698468522634357,-0.2939698585708226,-1.5064871651785716
Playgreen,Nelson-Winnipeg,1996-11-01,-0.15724000000003002,70.78571428571422,0.8417427332980356,16.52118934933761,-5.109858601437217,10.326325061864086,-5.1810760498046875
Playgreen,Nelson-Winnipeg,1996-12-01,-0.04573913043475386,125.37037037037044,1.3700703054416445,9.018787146218258,-1.592836442190067,30.083635511497658,-3.1463007043909137
Playgreen,Nelson-Winnipeg,1997-01-01,0.00567999999998392,162.4814814814813,1.0103269924002234,4.748770940100908,-0.2617268950676328,38.97587289767606,-3.8571564810616614
Playgreen,Nelson-Winnipeg,1997-02-01,0.031192307692293753,211.42857142857156,0.4124467060527035,-5.188333646011806,-0.2959776725869494,42.013645970395636,1.2101091657366077
Playgreen,Nelson-Winnipeg,1997-03-01,0.06538461538460183,280.7142857142858,0.6046596234747472,3.8926417827107294,-1.6569113031437155,52.56676108443311,-2.2412643432617188
Playgreen,Nelson-Winnipeg,1997-04-01,0.06680769230771944,352.2142857142858,6.3731377927719475,7.357871405214873,-2.689530239357346,28.31348778480398,-1.9285409109933036
Playgreen,Nelson-Winnipeg,1997-05-01,0.24140000000002715,1265.3214285714287,5.932088581175776,-12.695159260017263,-5.97944100029833,4.3150605800162465,-2.3467668805803568
Playgreen,Nelson-Winnipeg,1997-06-01,0.23030769230771853,1317.8571428571427,5.099549453007057,0.3233851748518646,-12.905853052091388,-0.22919861450126122,-0.5459878104073663
Playgreen,Nelson-Winnipeg,1997-07-01,,890.5714285714284,2.745749451215877,-8.156057704971843,-3.425247942297048,-0.009508188148694474,0.3950228009905139
Playgreen,Nelson-Winnipeg,1997-08-01,,-226.46428571428578,-0.3401806108221148,-9.045123388724662,-2.608756734324359,-0.0009693197041218404,-0.662675040108816
Playgreen,Nelson-Winnipeg,1997-09-01,,-694.2142857142858,-0.45297356077104034,4.522805226900218,-1.3121845716211453,-0.011316088992836315,0.5444782802036823
Playgreen,Nelson-Winnipeg,1997-10-01,,-151.57142857142844,2.4021011787616384,17.77887549334472,7.394371001282707,-0.31354625908923994,-1.7131827218191966
Playgreen,Nelson-Winnipeg,1997-11-01,,40.78571428571422,0.996007295595648,-13.498366357193198,-6.347719889682985,-0.007338722103408912,-2.0315093994140625
Playgreen,Nelson-Winnipeg,1997-12-01,,395.37037037037044,0.4075986868917463,-12.714060060076278,0.4294744673340274,-12.229102042814095,6.088440506546586
Playgreen,Nelson-Winnipeg,1998-01-01,0.14067999999997483,152.4814814814813,0.35675116305355914,6.9605421470311875,0.10607859037138834,-9.075581229158807,-1.027490343366349
Playgreen,Nelson-Winnipeg,1998-02-01,0.12019230769229239,181.42857142857156,0.5387817774525114,8.475222780751729,0.5100900775037838,-14.283574319311548,9.583613804408483
Playgreen,Nelson-Winnipeg,1998-03-01,0.1673846153846057,-109.28571428571422,-0.170621454474583,-7.76309510651377,-1.4867032259644475,-10.690020463828532,0.06214141845703125
Playgreen,Nelson-Winnipeg,1998-04-01,0.25080769230771693,-197.78571428571422,-0.7226749689185201,-9.23327471744934,4.617874063634581,-20.64018601751221,3.910478864397321
Playgreen,Nelson-Winnipeg,1998-05-01,0.2194000000000358,-374.67857142857133,0.3515931784932036,8.190800473260296,11.244815239998779,-6.05024744956089,1.5400739397321432
Playgreen,Nelson-Winnipeg,1998-06-01,0.11130769230771875,-82.14285714285734,-1.6941454668994993,29.037487402092665,2.612632982033702,-0.8820992786370749,0.054262433733258675
Playgreen,Nelson-Winnipeg,1998-07-01,0.04718518518518522,-109.42857142857156,0.35970025835142927,-10.077379436032587,10.126539530964308,-0.018006855888026196,0.3604463849748889
Playgreen,Nelson-Winnipeg,1998-08-01,0.047346153846177685,-966.4642857142858,-1.2374985027625893,-8.206189876156188,10.095558628173805,-0.0047320957362120275,1.973402840750559
Playgreen,Nelson-Winnipeg,1998-09-01,-0.027080000000012205,-724.2142857142858,-2.1588043611180705,-9.621062656931045,2.972958651038681,-0.11044618025022968,0.6203144618443073
Playgreen,Nelson-Winnipeg,1998-10-01,-0.025115384615361336,-561.5714285714284,-0.9158416349756795,15.181452688661274,-6.6227267670910805,-0.7601566446412886,0.7450081961495534
Playgreen,Nelson-Winnipeg,1998-11-01,-0.09624000000002297,-399.2142857142858,-0.7148814594464579,-3.029505501867142,1.021384824915522,-1.8935584396656076,2.5855865478515625
Playgreen,Nelson-Winnipeg,1998-12-01,-0.14673913043475295,-524.6296296296296,-0.5591859883646029,-1.795713768202674,-0.34739586893313845,-7.569190425177414,-0.6943048547815387
Playgreen,Nelson-Winnipeg,1999-01-01,-0.15232000000003154,-387.5185185185187,-0.1565098027640488,1.2260307869707638,-0.7975115262784778,-6.010412371584344,-1.779779161725724
Playgreen,Nelson-Winnipeg,1999-02-01,-0.21880769230770625,-318.57142857142844,0.09823802715150798,-0.1284799842064146,1.3583567810461057,-6.2166332666363004,4.972102573939733
Playgreen,Nelson-Winnipeg,1999-03-01,-0.23661538461539067,-319.2857142857142,0.6373172353570613,-4.6932308697640615,1.9531275356712285,-7.661281220082728,3.4258804321289062
Playgreen,Nelson-Winnipeg,1999-04-01,-0.20819230769228625,-367.7857142857142,-1.7743820457586228,3.1143932262369063,3.2924891170945827,-13.607420010625251,4.131304059709821
Playgreen,Nelson-Winnipeg,1999-05-01,-0.23559999999997672,-374.67857142857133,-0.25522651776554994,31.334328036921633,9.328361881281516,-0.8926861753155082,2.6241193498883932
Playgreen,Nelson-Winnipeg,1999-06-01,-0.09069230769227943,-872.1428571428573,-2.8554520395118743,-6.484808691311628,17.151484082985135,0.9546574313260083,0.5339377267020087
Playgreen,Nelson-Winnipeg,1999-07-01,0.0021851851851693027,-1109.4285714285716,3.373838052149429,28.216429029790945,6.7594014357642465,0.2042833116969891,-0.7012601579938611
Playgreen,Nelson-Winnipeg,1999-08-01,0.038346153846163133,-786.4642857142858,1.1419617866132672,-3.120130194084979,-10.674866581601762,-0.0009461530550782804,-0.24189867292131595
Playgreen,Nelson-Winnipeg,1999-09-01,-0.038080000000007885,-214.21428571428578,2.0600799169707376,8.75051145807707,0.7458450688448295,-0.03951374258446916,-1.6246806553431927
Playgreen,Nelson-Winnipeg,1999-10-01,-0.004115384615374751,-51.57142857142844,2.3769527334869576,-16.143957431527916,-4.905710666207597,-1.1672174857397164,-1.2075369698660716
Playgreen,Nelson-Winnipeg,1999-11-01,-0.02324000000001547,-89.21428571428578,2.1836863041763923,-15.14586260392597,4.639697009614402,-7.042324070685677,3.7844085693359375
Playgreen,Nelson-Winnipeg,1999-12-01,-0.0027391304347474943,-134.62962962962956,1.0411727777897832,-2.4061423394380625,2.460862374088417,-14.541591828068096,2.6980596471715863
Playgreen,Nelson-Winnipeg,2000-01-01,-0.06832000000002836,22.481481481481296,0.4457572977116797,-3.7762290137054926,-0.929227004624928,-15.831112063356805,-1.602563585553849
Playgreen,Nelson-Winnipeg,2000-02-01,-0.07680769230771034,-8.571428571428442,1.0435531268220597,0.9801464433881577,0.8281985823746902,-23.61451382083552,5.232631138392858
Playgreen,Nelson-Winnipeg,2000-03-01,-0.009615384615386802,-139.28571428571422,-1.32086734915252,-1.0989916855968254,2.0019664407300297,-38.81601809657046,4.087318420410156
Playgreen,Nelson-Winnipeg,2000-04-01,0.016807692307708066,-327.7857142857142,-3.300367326508942,-2.6182278400353525,0.006973412902361531,-18.836776709317096,0.1054556710379464
Playgreen,Nelson-Winnipeg,2000-05-01,-0.06359999999997967,-1063.6785714285713,-4.554516268399311,1.0683320371234544,2.1177827625901315,-1.5405355786372512,0.11871773856026824
Playgreen,Nelson-Winnipeg,2000-06-01,-0.11069230769228966,-1202.1428571428573,-2.2893758432473987,15.334074560087174,-5.779342443150071,0.6941204067386155,-3.2178017752511163
Playgreen,Nelson-Winnipeg,2000-07-01,0.06918518518517658,-959.4285714285716,1.9785351110580702,1.2532898441090055,-8.322375801591463,0.033889581183237594,-0.5365567888532361
Playgreen,Nelson-Winnipeg,2000-08-01,0.12834615384616654,-706.4642857142858,2.6857997062117125,18.979667419833802,3.8994595275393493,0.00044675627058099465,-0.06428636823381595
Playgreen,Nelson-Winnipeg,2000-09-01,0.08491999999998256,-14.21428571428578,1.2376257499064582,3.0744682382127024,-1.7850775787207738,0.011591070298371475,-2.1770183018275677
Playgreen,Nelson-Winnipeg,2000-10-01,0.11188461538463912,48.42857142857156,-0.09005074285336612,-22.88337987764472,-7.067015365464613,-1.8404000272442187,1.0632455008370534
Playgreen,Nelson-Winnipeg,2000-11-01,-0.011240000000015016,-39.21428571428578,1.6132925546636603,22.09060777594069,3.336001983760589,3.9666808276836356,-0.3036651611328125
Playgreen,Nelson-Winnipeg,2000-12-01,0.21126086956525114,255.37037037037044,1.1285210855055121,-0.4972008539846655,-1.9688870791772688,5.429727646211784,-7.961608321578414
Playgreen,Nelson-Winnipeg,2001-01-01,0.14667999999997505,262.4814814814813,0.9888212553050835,-12.25952300384441,0.884749755251895,0.9637930031333681,6.271642957414901
Playgreen,Nelson-Winnipeg,2001-02-01,0.04619230769228011,161.42857142857156,0.5778345777278968,-3.117277829525328,-0.7612984741821753,-4.055417275854516,-2.91762215750558
Playgreen,Nelson-Winnipeg,2001-03-01,-0.018615384615372932,50.71428571428578,-1.4253984128507522,-10.684944944971772,-0.7011837697064038,-6.442943654422251,1.8392715454101562
Playgreen,Nelson-Winnipeg,2001-04-01,-0.0261923076922983,162.21428571428578,-0.11973149542297712,3.290423670218196,-1.8379934876325663,-2.881215868650802,1.4480154854910714
Playgreen,Nelson-Winnipeg,2001-05-01,0.043400000000019645,785.3214285714287,2.735581703745993,1.8603213039958604,1.1869131599918816,-4.155022075532803,1.6366925920758932
Playgreen,Nelson-Winnipeg,2001-06-01,0.006307692307700563,807.8571428571427,-0.7477849430870265,-7.522837549913675,12.341808344769689,-0.7639207303457494,-0.7296120779854913
Playgreen,Nelson-Winnipeg,2001-07-01,-0.02681481481482706,750.5714285714284,1.695344887204035,18.371035552783198,1.7604744311289124,-0.0145759799384646,0.3432039533342639
Playgreen,Nelson-Winnipeg,2001-08-01,0.10134615384617973,-196.46428571428578,0.5640861698858703,-31.97504525139395,3.481984870242215,-0.007060052926785243,1.138319832938059
Playgreen,Nelson-Winnipeg,2001-09-01,0.08992000000000644,205.78571428571422,-0.9551124250200314,-26.066974844850066,-3.3052335077497617,-0.11636205765950902,0.7584065028599323
Playgreen,Nelson-Winnipeg,2001-10-01,-0.053115384615381345,168.42857142857156,-1.480359452086434,-7.450921041059438,6.419725745217875,0.39535203749047865,-0.05134800502232162
Playgreen,Nelson-Winnipeg,2001-11-01,-0.10424000000000433,-9.21428571428578,-0.5461092197427728,-6.90861187259933,0.05546303457646928,-7.411281478458218,3.8471221923828125
Playgreen,Nelson-Winnipeg,2001-12-01,-0.23273913043476568,-74.62962962962956,-0.3472525498148533,-2.8336117759829875,1.8002370585842682,-6.969454077382881,2.8244329381872113
Playgreen,Nelson-Winnipeg,2002-01-01,-0.2743200000000172,-147.5185185185187,-0.2490972947271075,-7.609153775514901,0.04190174110720246,-19.848560116120744,0.17752674647740108
Playgreen,Nelson-Winnipeg,2002-02-01,-0.3418076923077251,-298.57142857142844,-0.3830490485207907,-4.141541274813271,1.1623528438836468,-26.896472222038675,2.7896074567522327
Playgreen,Nelson-Winnipeg,2002-03-01,-0.3496153846153902,-369.2857142857142,-2.614450089043073,-1.7803364545605795,-2.1553501683229115,-16.694584927920786,-5.384117126464844
Playgreen,Nelson-Winnipeg,2002-04-01,-0.42019230769227534,-307.7857142857142,-0.9284445799754142,3.6200943993338015,-3.0593537771242794,-1.2949537319530329,-2.964917864118304
Playgreen,Nelson-Winnipeg,2002-05-01,-0.4105999999999881,-724.6785714285713,-3.2082669604278635,-16.93126031646638,-7.07298244690589,5.388903448225132,-3.2528948102678568
Playgreen,Nelson-Winnipeg,2002-06-01,-0.31269230769228784,-1172.1428571428573,1.834096183301881,5.619860894512385,-9.987623613726882,1.5220228690720563,-0.22314235142299133
Playgreen,Nelson-Winnipeg,2002-07-01,-0.14781481481480796,-529.4285714285716,0.7932560625444491,-11.480899785445743,5.928775553391986,-0.013548149062054593,0.9162020002092639
Playgreen,Nelson-Winnipeg,2002-08-01,-0.15365384615384414,-206.46428571428578,-0.6271493267766868,29.197309132931494,-11.116347475243472,0.02801274032598089,-0.687455313546316
Playgreen,Nelson-Winnipeg,2002-09-01,-0.0790800000000047,-14.21428571428578,-1.210880961610071,3.778352526881335,6.708479527982746,-0.056304324451567966,-0.5038310459681927
Playgreen,Nelson-Winnipeg,2002-10-01,-0.1441153846153611,-81.57142857142844,-1.9448951924070048,-13.582399626362267,1.2230143474880606,1.9154825879793083,-4.285387311662946
Playgreen,Nelson-Winnipeg,2002-11-01,-0.21924000000001342,-159.21428571428578,-1.9538441821558603,-13.82232167608371,-8.391986619764275,-0.09631728088217173,-1.6162261962890625
Playgreen,Nelson-Winnipeg,2002-12-01,-0.1837391304347591,-144.62962962962956,-1.9932956131890895,2.9846597678476456,1.9326845746642602,-8.723771510024864,3.9507146764684613
Playgreen,Nelson-Winnipeg,2003-01-01,-0.3433200000000056,-357.5185185185187,-1.5107405888556968,-7.464941327011079,-0.017575901828032592,-11.061898565718103,0.3673918587820886
Playgreen,Nelson-Winnipeg,2003-02-01,-0.36180769230770693,-478.57142857142844,-1.3101286921093038,-0.5978029990468983,-1.2669612593266981,-9.950927591749597,-5.918003627232142
Playgreen,Nelson-Winnipeg,2003-03-01,-0.35861538461537634,-479.2857142857142,3.6334530585528615,-5.107448517394783,-1.0402971201983746,-10.814664951924769,-2.3128280639648438
Playgreen,Nelson-Winnipeg,2003-04-01,-0.42019230769227534,-517.7857142857142,-2.7915910426859885,8.591212577552405,-3.0040908417764243,-12.214723957835563,-0.4767892020089286
Playgreen,Nelson-Winnipeg,2003-05-01,-0.48459999999997194,-894.6785714285713,-5.290876983053749,-9.568390282635974,3.6750159238831017,-0.7885754873443931,2.6298566545758932
Playgreen,Nelson-Winnipeg,2003-06-01,-0.5486923076923063,-1352.1428571428573,-7.497033948311582,-16.569167200941592,15.742332491624566,-0.14200307279159974,2.0026266915457587
Playgreen,Nelson-Winnipeg,2003-07-01,-0.6298148148148073,-1589.4285714285716,-6.454456575219021,-12.530353410901242,4.525341816978269,-0.017384732408183057,-0.2649198259626111
Playgreen,Nelson-Winnipeg,2003-08-01,-0.6436538461538248,-1377.4642857142858,-5.429348887576323,-25.556000681327916,14.770430313157178,-0.007243407058662665,2.961500985281809
Playgreen,Nelson-Winnipeg,2003-09-01,-0.6570800000000077,-1437.2142857142858,-2.938333579680018,20.090150771596072,5.602466449740206,0.043910059113321465,-0.5054789951869427
Playgreen,Nelson-Winnipeg,2003-10-01,-0.524115384615385,-1488.5714285714284,-2.3608383333859297,-10.129936900089625,-4.154682130319998,-0.5370152482230748,0.2746407645089284
Playgreen,Nelson-Winnipeg,2003-11-01,-0.49224000000000956,-1217.2142857142858,-2.0633594223389604,-10.662394821078387,-3.30545312733323,4.711869272536465,-1.8097076416015625
Playgreen,Nelson-Winnipeg,2003-12-01,-0.3927391304347623,-1459.6296296296296,-1.980794470270026,-6.902017434455317,0.25625343065864126,-4.328809988995392,4.307159988968461
Playgreen,Nelson-Winnipeg,2004-01-01,-0.3503200000000106,-1344.5185185185187,-1.6069707889982965,10.16062181068784,-0.24941521808484257,-4.951889759727884,-5.218744005475724
Playgreen,Nelson-Winnipeg,2004-02-01,-0.3498076923077065,-1098.5714285714284,-1.1288984850190378,-3.3333477518421475,0.35450390298917345,4.50368305402143,3.7266496930803577
Playgreen,Nelson-Winnipeg,2004-03-01,-0.3636153846153718,-979.2857142857142,1.0391429085367623,17.384918907607375,0.8360805841221008,7.672527738447698,0.07599639892578125
Playgreen,Nelson-Winnipeg,2004-04-01,,-1039.7857142857142,-1.6808618342370867,-9.351089351444635,7.141151717015809,-4.541875777899154,0.0482962472098214
Playgreen,Nelson-Winnipeg,2004-05-01,,-804.6785714285713,1.656015625485452,33.03391327166797,0.3139443475187633,2.004317024589649,-3.0736040387834818
Playgreen,Nelson-Winnipeg,2004-06-01,-0.05669230769228761,-132.14285714285734,-0.20140709239058197,-14.130703930277377,-18.527378976744203,0.3490064866907363,-4.145749773297991
Playgreen,Nelson-Winnipeg,2004-07-01,0.05618518518517135,-259.42857142857156,0.8493253486189385,3.6434260878844924,-12.535304271815605,-0.014075277639286954,-1.264217921665736
Playgreen,Nelson-Winnipeg,2004-08-01,-0.028653846153844142,-226.46428571428578,-0.07950525572856115,18.823071116847657,-14.05188577648785,0.0014917001992995615,-3.868332999093191
Playgreen,Nelson-Winnipeg,2004-09-01,0.06991999999999621,-164.21428571428578,4.987713676070728,16.720967957683442,-10.611019055691685,-0.07003760713684781,-0.12968553815569273
Playgreen,Nelson-Winnipeg,2004-10-01,0.12988461538461138,408.42857142857156,5.117203080901943,4.922251171332654,2.812893391819671,1.839363731310836,-0.3804495675223216
Playgreen,Nelson-Winnipeg,2004-11-01,0.3457599999999843,50.78571428571422,3.872299278425219,-19.172267826174256,1.2420523957449134,-6.937640153669886,2.2236175537109375
Playgreen,Nelson-Winnipeg,2004-12-01,0.37126086956524773,325.37037037037044,2.8256982984236894,18.377762018375236,-0.9485137682834948,-6.202575129767258,-6.451674849898726
Playgreen,Nelson-Winnipeg,2005-01-01,0.34867999999997323,452.4814814814813,1.930583795910934,5.743730553409218,-0.500376383960039,5.869951897433829,-1.965509142194474
Playgreen,Nelson-Winnipeg,2005-02-01,0.2901923076922799,451.42857142857156,1.1335609862206706,-4.270803493065095,0.40892912095711953,3.9765991802726504,1.7557329450334827
Playgreen,Nelson-Winnipeg,2005-03-01,0.23238461538460342,440.7142857142858,1.3008549129673543,-0.7831519698291736,-2.211313443694962,2.2121276041226707,-1.7289047241210938
Playgreen,Nelson-Winnipeg,2005-04-01,0.2618076923077126,902.2142857142858,2.6235370647295237,-8.68235317674199,0.0729512144711677,-13.38570935851229,3.779222760881696
Playgreen,Nelson-Winnipeg,2005-05-01,0.08140000000003056,1525.3214285714287,0.6818332076363731,4.727846747430576,3.82703978227385,-3.9683221673060745,1.0343061174665182
Playgreen,Nelson-Winnipeg,2005-06-01,0.1303076923076958,1297.8571428571427,7.438640022883192,50.74281682027504,-0.36960625688412563,-0.7886982181974287,-0.23943873814174133
Playgreen,Nelson-Winnipeg,2005-07-01,0.3921851851851841,1360.5714285714284,5.220712301317169,-9.519303009645753,5.262541143955403,-0.01774049763168617,-0.4615445818219861
Playgreen,Nelson-Winnipeg,2005-08-01,0.38134615384618087,1663.5357142857142,4.249940254209962,16.80773097489562,-5.0174859019794695,0.01827692696159433,-1.095872061593191
Playgreen,Nelson-Winnipeg,2005-09-01,,1815.7857142857142,4.45162985020683,8.446751287140486,-0.2595013523075238,0.18698437322330252,-0.13917650495256773
Playgreen,Nelson-Winnipeg,2005-10-01,0.28388461538463616,758.4285714285716,2.072185046147622,-10.113534563320819,-8.597055653808638,-1.2361241803903664,1.0665108816964284
Playgreen,Nelson-Winnipeg,2005-11-01,0.2907599999999775,90.78571428571422,1.4620882601385734,10.425003232999835,3.016480342401856,-2.530359563284687,2.1614532470703125
Playgreen,Nelson-Winnipeg,2005-12-01,0.25626086956523864,325.37037037037044,1.3612213439989356,3.659844187226284,1.436438552142742,-3.2385516290863343,2.6404424596715863
Playgreen,Nelson-Winnipeg,2006-01-01,0.23667999999997846,462.4814814814813,1.3276815334393177,0.9928144593556816,0.9279561086909132,-4.065941220947671,7.815405164446151
Playgreen,Nelson-Winnipeg,2006-02-01,0.20519230769227192,541.4285714285716,0.8624869780240783,-1.1550936220113996,0.17644687925764746,-3.9576246802295927,0.23163931710379515
Playgreen,Nelson-Winnipeg,2006-03-01,0.17238461538462957,580.7142857142858,0.25638694829207687,7.782850217024265,0.0954871102294419,13.858916171427282,2.2620620727539062
Playgreen,Nelson-Winnipeg,2006-04-01,0.14280769230771284,962.2142857142858,5.6428994035481335,-3.3250178551367853,-0.841498705475324,-10.13866437798632,4.202471051897321
Playgreen,Nelson-Winnipeg,2006-05-01,0.01140000000003738,1425.3214285714287,2.2758056184102315,10.85187661478163,-3.0892824974476483,-4.067937361209521,0.5188642229352682
Playgreen,Nelson-Winnipeg,2006-06-01,-0.019692307692281474,537.8571428571427,-3.3955111575778574,-22.011844266671687,12.892799734670135,-0.8209023050897355,2.2326987130301337
Playgreen,Nelson-Winnipeg,2006-07-01,-0.0598148148148141,-29.42857142857156,-4.761658732084991,-28.506554222466164,8.72703225052517,-0.018050628049033124,0.5475191388811389
Playgreen,Nelson-Winnipeg,2006-08-01,-0.19565384615384573,-66.46428571428578,-1.7427716749287878,-9.08290830973003,4.628430619569755,-0.003448616813070071,0.32771192278180905
Playgreen,Nelson-Winnipeg,2006-09-01,-0.28308000000001243,-694.2142857142858,-1.7862104297299606,17.213663211025832,7.279168390336309,0.369323363494394,-0.4194804600306927
Playgreen,Nelson-Winnipeg,2006-10-01,-0.2871153846153618,-1106.5714285714284,-2.7018030367409143,-0.9954593136041794,8.241760107921436,2.227215811477176,-1.0978262765066966
Playgreen,Nelson-Winnipeg,2006-11-01,-0.24324000000001433,-339.2142857142858,-2.744602531622929,12.172263336002025,-2.4445548375037376,4.235799524134823,-1.6957244873046875
Playgreen,Nelson-Winnipeg,2006-12-01,-0.3177391304347452,-294.62962962962956,-2.511810198753934,-0.20394006450833047,-0.7357421685204217,11.785523655513924,4.900024979202836
Playgreen,Nelson-Winnipeg,2007-01-01,-0.34232000000002927,-307.5185185185187,-1.7553438192408066,-5.8707911791446215,0.08886132452192097,8.304917120507788,1.9026091439383386
Playgreen,Nelson-Winnipeg,2007-02-01,-0.30980769230771443,-368.57142857142844,-1.2512410493010453,5.022547130855465,-0.8829938711382317,6.798983418515753,-2.9906354631696423
Playgreen,Nelson-Winnipeg,2007-03-01,-0.26161538461539635,-329.2857142857142,1.0709659680807295,7.6827725050472,-0.7598343036079314,9.899156101580175,0.5840530395507812
Playgreen,Nelson-Winnipeg,2007-04-01,-0.21419230769228648,-457.7857142857142,-0.3598066645541369,-1.2631500015101764,-5.0125109659607645,-2.0074043256629786,-0.5864083426339286
Playgreen,Nelson-Winnipeg,2007-05-01,-0.1425999999999874,-844.6785714285713,1.897153433674248,28.879542406814707,3.699166515226743,-1.3568862175036758,0.7997785295758932
Playgreen,Nelson-Winnipeg,2007-06-01,-0.0956923076923033,-182.14285714285734,6.433256930904463,20.612193911802024,7.48577369709632,-0.13391942567458104,-1.0842873709542413
Playgreen,Nelson-Winnipeg,2007-07-01,0.06318518518517635,390.57142857142844,1.469063012856557,-31.161845337399953,-1.2311746582521863,-0.014946762738483388,1.171908787318639
Playgreen,Nelson-Winnipeg,2007-08-01,-0.013653846153829363,-86.46428571428578,0.6147051525268967,-3.4649654158524044,5.229705279426909,0.0010821510971124049,-1.501084463936941
Playgreen,Nelson-Winnipeg,2007-09-01,-0.018079999999997654,-44.21428571428578,0.3000321729424673,10.010039092906354,-4.313820931461777,0.028647428345201176,-1.9174968174525677
Playgreen,Nelson-Winnipeg,2007-10-01,-0.003115384615369976,408.42857142857156,3.701682319972731,-1.8425885812445912,-5.8977903972845525,-1.6657196517501558,1.5188424246651784
Playgreen,Nelson-Winnipeg,2007-11-01,-0.048240000000021155,340.7857142857142,3.54919611969048,-2.464271861494389,3.5010922978731926,-3.8427504644330064,-0.7132415771484375
Playgreen,Nelson-Winnipeg,2007-12-01,,195.37037037037044,1.9850920723035452,0.8220432425366226,-1.374637996680879,3.9071903253595046,-1.9867700647424762
Playgreen,Nelson-Winnipeg,2008-01-01,,152.4814814814813,1.0995230441039894,-8.544424401147158,-0.051048442791008064,-2.58150616926806,0.17632130214146358
Playgreen,Nelson-Winnipeg,2008-02-01,0.10919230769229671,91.42857142857156,0.7417790740354189,-0.9105936811205808,-0.5085733906266148,-1.4581635062183622,-4.128300258091517
Playgreen,Nelson-Winnipeg,2008-03-01,0.12138461538461343,100.71428571428578,-1.6865898370659647,-5.05236986750138,-1.0890701632888522,-2.1000300267977394,-2.5574264526367188
Playgreen,Nelson-Winnipeg,2008-04-01,0.08080769230770102,-117.78571428571422,-1.655152965603131,0.9103543249823716,2.886785795063979,3.0331425535093466,-0.3032052176339286
Playgreen,Nelson-Winnipeg,2008-05-01,0.05940000000001078,-554.6785714285713,-3.161408425512491,-20.38948280720173,2.330157837215147,0.09341632747756545,-1.2387041364397318
Playgreen,Nelson-Winnipeg,2008-06-01,0.01630769230771989,-192.14285714285734,-1.4053138147573918,2.1199972252361476,-4.07657278369048,-0.0072933159702057715,-0.3920266287667413
Playgreen,Nelson-Winnipeg,2008-07-01,-0.030814814814817737,690.5714285714284,1.0312812160658975,21.958755304305143,-7.231290194405503,-0.01048142023916765,-1.034206935337611
Playgreen,Nelson-Winnipeg,2008-08-01,0.06634615384615472,1093.5357142857142,-0.07524227216241108,-13.084854731070138,6.550430819126106,-0.0013489500685994749,1.835005623953684
Playgreen,Nelson-Winnipeg,2008-09-01,0.17292000000000485,305.7857142857142,0.3884717287811714,1.5893975588759162,2.067182254644905,-0.10013422745812162,-1.1111918858119427
Playgreen,Nelson-Winnipeg,2008-10-01,0.19788461538462343,678.4285714285716,-0.688443716041677,0.5377243048444953,-2.643032668856904,-1.8664657670472349,1.4377267020089284
Playgreen,Nelson-Winnipeg,2008-11-01,0.052759999999977936,400.7857142857142,-0.11750322041085148,-0.8112941993333962,3.048438094473177,-5.067455482536129,1.4613800048828125
Playgreen,Nelson-Winnipeg,2008-12-01,-0.020739130434748176,175.37037037037044,-0.10359213801738942,5.60268744421019,-0.8867656918785842,-3.8032311325271912,-7.971496016890914
Playgreen,Nelson-Winnipeg,2009-01-01,0.0166799999999796,12.481481481481296,0.07181559703894891,-1.3843875765035456,0.041251241392664006,3.7317023213420626,-1.4759614127022864
Playgreen,Nelson-Winnipeg,2009-02-01,0.025192307692293525,1.4285714285715585,0.10861016666500056,5.2976304827357765,-0.5732739051122087,1.717456483415198,0.31418936593192015
Playgreen,Nelson-Winnipeg,2009-03-01,0.02338461538462866,80.71428571428578,2.794345417766765,11.467129027421056,0.20734058125526644,9.049238570566686,-2.8178939819335938
Playgreen,Nelson-Winnipeg,2009-04-01,0.08080769230770102,292.2142857142858,1.5499418701178254,-4.731022740348372,-3.0715389688599046,4.736501740158669,0.3900931222098214
Playgreen,Nelson-Winnipeg,2009-05-01,0.11940000000001305,1315.3214285714287,1.8710621698119212,-15.971191306432175,-2.5556525901525404,0.4027532579909474,-2.7333025251116068
Playgreen,Nelson-Winnipeg,2009-06-01,0.1303076923076958,1297.8571428571427,-0.7273732626345009,-24.234291922766715,-19.57479905935803,0.023928109190559876,-2.6794716971261163
Playgreen,Nelson-Winnipeg,2009-07-01,0.09218518518517271,980.5714285714284,-1.5448988482863317,3.025240239886827,-19.335312511040158,-0.016914647338645894,-3.313564845493861
Playgreen,Nelson-Winnipeg,2009-08-01,0.06334615384616882,1263.5357142857142,3.835899441453096,15.037765460354947,-17.521422090274953,-0.0021122853338186864,-1.865647452218191
Playgreen,Nelson-Winnipeg,2009-09-01,0.19991999999999166,1145.7857142857142,2.4379745289999324,-28.19751144020951,3.388184164318119,-0.13118626832562907,4.445692879813057
Playgreen,Nelson-Winnipeg,2009-10-01,0.17188461538461297,308.42857142857156,0.06121434957354488,14.656426339310464,-3.47181802499108,0.5653563587527191,-1.3531058175223216
Playgreen,Nelson-Winnipeg,2009-11-01,0.23275999999998476,220.78571428571422,-1.1596379018945822,-18.492331333358642,-1.2188446895119611,-8.035023131274752,5.9805755615234375
Playgreen,Nelson-Winnipeg,2009-12-01,0.1012608695652375,55.37037037037044,-1.0644311917497324,1.7351860512496415,2.241011514949302,-10.983409670492012,-1.2157587122034137
Playgreen,Nelson-Winnipeg,2010-01-01,0.01867999999998915,,-0.6230444087123033,1.549153212441265,1.9674523969765039,-11.353938973375726,4.099218641008651
Playgreen,Nelson-Winnipeg,2010-02-01,0.014192307692297845,51.42857142857156,-0.7170334891790322,-7.460660960142768,0.6276339294605089,-7.0117443267788175,3.4013323102678577
Playgreen,Nelson-Winnipeg,2010-03-01,0.029384615384628887,20.71428571428578,0.6254286989652815,-14.263660553427012,-1.1283744206593838,-30.9330635438008,5.841285705566406
Playgreen,Nelson-Winnipeg,2010-04-01,0.11480769230772125,-587.7857142857142,-3.465794226420778,17.418205284879413,5.45927395121128,-23.445489334075578,4.950701032366071
Playgreen,Nelson-Winnipeg,2010-05-01,0.11040000000002692,-964.6785714285713,-2.1307651586539578,41.60712057741226,10.542531778420589,-1.300778223334679,1.5730329241071432
Playgreen,Nelson-Winnipeg,2010-06-01,0.1123076923076951,-72.14285714285734,-3.3826981962192804,8.851301099639386,17.012079063403817,0.6757752146638398,0.6980002267020087
Playgreen,Nelson-Winnipeg,2010-07-01,0.08518518518516771,680.5714285714284,0.07654612324716048,19.797970283044762,0.3729630511121087,0.003236029962343734,0.3868135724748889
Playgreen,Nelson-Winnipeg,2010-08-01,0.10634615384617518,953.5357142857142,3.832131775977489,36.291281892252826,0.5160670594445236,0.002858532492869603,-0.755936758858816
Playgreen,Nelson-Winnipeg,2010-09-01,0.23591999999999302,1545.7857142857142,5.618998459665038,23.43170124471986,-8.077271008265342,-0.02123968027132972,-2.3796245029994427
Playgreen,Nelson-Winnipeg,2010-10-01,0.24188461538463457,1458.4285714285716,4.599704844752393,-9.124764170597437,2.7877720131073147,-0.7951296699632491,2.1417061941964284
Playgreen,Nelson-Winnipeg,2010-11-01,0.35475999999997043,870.7857142857142,2.873971828064116,5.700040596171412,1.4805786590191659,-0.3882664189274827,1.0167083740234375
Playgreen,Nelson-Winnipeg,2010-12-01,0.4272608695652309,555.3703703703704,2.205938078717467,-2.9086853976844367,0.27998178363001625,10.47092831383149,0.7914739538122113
Playgreen,Nelson-Winnipeg,2011-01-01,0.3536799999999687,462.4814814814813,1.8158450293412898,9.985544458946347,-0.4515070290186225,17.568656110337805,-2.101281847272599
Playgreen,Nelson-Winnipeg,2011-02-01,0.2901923076922799,371.42857142857156,1.2385393757930228,-0.5204520026122097,0.30482023742349273,24.445720815232825,-0.13516671316964235
Playgreen,Nelson-Winnipeg,2011-03-01,0.2333846153846082,370.7142857142858,-0.8272061833330167,-1.1182251847848015,-2.82581823921646,34.112611719008,-3.8211898803710938
Playgreen,Nelson-Winnipeg,2011-04-01,0.25080769230771693,612.2142857142858,5.351017087897551,8.733743348524776,-2.335190521470004,12.246180342377297,0.3065054757254464
Playgreen,Nelson-Winnipeg,2011-05-01,0.34140000000002146,1665.3214285714287,5.647647882142337,7.0545606223666795,-0.044647905659594755,1.1771442534934193,0.42822701590401824
Playgreen,Nelson-Winnipeg,2011-06-01,0.5303076923077015,1797.8571428571427,7.039881456876174,8.309243421535939,2.343818362403127,0.5404614951528077,0.4787314278738837
Playgreen,Nelson-Winnipeg,2011-07-01,0.5771851851851864,1640.5714285714284,6.03629097947435,6.869197332499809,3.432538385303431,-0.009228092884378869,0.5692476545061389
Playgreen,Nelson-Winnipeg,2011-08-01,0.4983461538461711,1813.5357142857142,1.570089842841428,-16.579967141816653,6.6420168482831485,-0.006256787206179393,0.904188973563059
Playgreen,Nelson-Winnipeg,2011-09-01,0.3439199999999971,1875.7857142857142,-0.4902171505299133,-23.385722763902905,7.215745323004995,-0.1110880943347834,1.8494709559849323
Playgreen,Nelson-Winnipeg,2011-10-01,0.17288461538461775,648.4285714285716,-1.9982149668586704,-14.580589182774666,4.39374303095974,-1.8252403076205934,2.3577706473214284
Playgreen,Nelson-Winnipeg,2011-11-01,0.1307599999999809,230.78571428571422,-2.4713682042991945,-5.267414276854005,4.8181477281364735,-3.1606917203004876,1.5513458251953125
Playgreen,Nelson-Winnipeg,2011-12-01,-0.022739130434757726,215.37037037037044,-2.4111090536246556,-5.132759259410065,1.7407041547509534,-10.556938437124092,3.1357427526403363
Playgreen,Nelson-Winnipeg,2012-01-01,-0.10232000000002017,12.481481481481296,-1.7840916661953088,-0.04791651528129037,0.998850427614733,-17.185487917491365,2.541906629289901
Playgreen,Nelson-Winnipeg,2012-02-01,-0.12480769230771216,-108.57142857142844,-1.2522895293451644,-3.8950607600522105,0.8550372908108068,-22.30443725628512,4.855678013392858
Playgreen,Nelson-Winnipeg,2012-03-01,-0.02661538461538271,-549.2857142857142,-1.1212848341009316,16.247300466472684,4.0875028098525945,-26.0978397647185,5.109779357910156
Playgreen,Nelson-Winnipeg,2012-04-01,0.09080769230772034,-727.7857142857142,-1.5595591061615526,10.958876706094351,4.338648421773023,-17.392131483315357,1.7422354561941964
Playgreen,Nelson-Winnipeg,2012-05-01,-0.0015999999999678494,-784.6785714285713,-1.7057272016245406,22.354588182809366,10.09945215316423,-0.530493894724974,0.5674787248883932
Playgreen,Nelson-Winnipeg,2012-06-01,,-802.1428571428573,2.1836617088411003,14.428556605707854,4.010308350968572,1.1540801372445588,0.6987936837332587
Playgreen,Nelson-Winnipeg,2012-07-01,0.06718518518516703,-399.42857142857156,0.38199588795708017,0.19706596919733954,7.056022087843829,0.022148164654416602,2.264621189662389
Playgreen,Nelson-Winnipeg,2012-08-01,0.019346153846157677,-56.46428571428578,-1.3965235786080097,-9.022589573370553,0.09126638594482017,-0.0032458213224475507,0.22718702043805905
Playgreen,Nelson-Winnipeg,2012-09-01,0.012919999999979837,-504.2142857142858,-3.0479352582395745,-39.50805856480396,6.431730040016447,-0.13074645123976691,-0.2793742588588177
Playgreen,Nelson-Winnipeg,2012-10-01,-0.025115384615361336,-231.57142857142844,-2.896800476134688,23.9410367336989,2.431785367662087,2.041763875500432,-1.3392203194754466
Playgreen,Nelson-Winnipeg,2012-11-01,-0.024240000000020245,70.78571428571422,-2.6016046441717275,7.146991078375969,-0.8635812160459224,7.5962069510881385,-2.6489715576171875
Playgreen,Nelson-Winnipeg,2012-12-01,-0.01873913043476705,45.37037037037044,-2.173076682353254,-0.10362777565778458,-1.4754604902312467,11.532181563476723,-3.0108636926721637
Playgreen,Nelson-Winnipeg,2013-01-01,-0.03832000000002722,2.481481481481296,-1.424739293724997,9.698963697051763,-0.31178424654042036,12.81875451760633,-2.1566865103585364
Playgreen,Nelson-Winnipeg,2013-02-01,-0.06280769230770034,51.42857142857156,-1.0646606996098331,1.0713813057269093,-0.417627842190476,22.366621398500037,0.04793875558035765
Playgreen,Nelson-Winnipeg,2013-03-01,-0.08561538461538021,120.71428571428578,-3.3700682116822076,1.1567067475490553,-0.6630343523283955,43.689334698553594,-1.2488632202148438
Playgreen,Nelson-Winnipeg,2013-04-01,-0.18119230769229944,132.21428571428578,2.1732306673324526,1.2062844013728764,0.09385882419467606,64.30777163976538,-3.080487932477679
Playgreen,Nelson-Winnipeg,2013-05-01,-0.17659999999997922,-54.67857142857133,2.5409280096937437,-2.190864607525455,-3.34270491605691,4.197632910550705,0.17294747488839324
Playgreen,Nelson-Winnipeg,2013-06-01,-0.034692307692296254,157.85714285714266,4.660992563003674,11.368526320438832,-5.229042560261277,-0.18148602768113564,0.5099814278738837
Playgreen,Nelson-Winnipeg,2013-07-01,-0.029814814814812962,940.5714285714284,0.200436996757551,-2.1628567732737594,5.566112489239984,-0.016931411144988973,-0.3843351091657361
Playgreen,Nelson-Winnipeg,2013-08-01,-0.029653846153820496,493.5357142857142,-0.7640682389527296,-21.680133916171528,-3.422348726806902,-0.007258541050500167,0.676985604422434
Playgreen,Nelson-Winnipeg,2013-09-01,0.11292000000000257,105.78571428571422,-1.0122438262832087,-8.831784237242701,1.9174116148081168,-0.08896615638929828,2.3386066981724323
Playgreen,Nelson-Winnipeg,2013-10-01,0.05088461538463207,128.42857142857156,-1.5608946549556482,-8.494185445930007,5.3365724452305585,-0.7716826928247298,-0.3260977608816966
Playgreen,Nelson-Winnipeg,2013-11-01,-0.022240000000010696,190.78571428571422,-2.260644975779412,5.121532116650734,-1.6962394771066371,4.13475847536964,-1.7281341552734375
Playgreen,Nelson-Winnipeg,2013-12-01,0.010260869565229314,25.370370370370438,-2.086522778241757,9.026019331671435,-1.8578832726537557,14.678882124523323,-8.871886641890914
Playgreen,Nelson-Winnipeg,2014-01-01,0.04567999999997596,-107.5185185185187,-1.4661768473160919,5.976539078151941,-0.3069041453532657,22.43118812995298,-3.5427338736397864
Playgreen,Nelson-Winnipeg,2014-02-01,0.04219230769228943,-28.57142857142844,-1.156080254856663,-0.25413053351388015,-0.8220457353412973,24.64215537267072,-4.213612147739955
Playgreen,Nelson-Winnipeg,2014-03-01,0.027384615384619337,40.71428571428578,-2.157334646783836,-4.659276769546391,-2.8284820400585886,31.276160784597906,-5.741508483886719
Playgreen,Nelson-Winnipeg,2014-04-01,-0.04819230769228966,62.21428571428578,1.1995538703298987,18.267431774542537,-2.342969975351089,32.14826436513769,-2.744336809430804
Playgreen,Nelson-Winnipeg,2014-05-01,0.05940000000001078,165.32142857142867,6.073567306884797,0.21177999691904859,-7.886870367136517,9.347895176948182,0.13376290457589324
Playgreen,Nelson-Winnipeg,2014-06-01,0.06730769230770761,1347.8571428571427,12.972416152479127,47.65707504702732,-8.763223138105658,0.3892002735353475,-0.9065529959542413
Playgreen,Nelson-Winnipeg,2014-07-01,0.26418518518516976,1260.5714285714284,6.008668650403186,-18.333792478577905,2.4404586542264752,-0.015410910626607377,-0.7390104021344861
Playgreen,Nelson-Winnipeg,2014-08-01,0.38534615384617155,1683.5357142857142,3.098056832511377,12.592009235439562,0.9536431503615148,-0.007115932281262172,0.14646802629743405
Playgreen,Nelson-Winnipeg,2014-09-01,0.3829199999999844,1815.7857142857142,0.7830000530313033,-12.21079483262396,-10.405466850248303,0.15115325056415574,-1.0261699131556927
Playgreen,Nelson-Winnipeg,2014-10-01,0.25988461538463525,1148.4285714285716,-0.5255291751901883,-12.759659135813955,-0.3136554441880435,-1.5775400513250912,0.8549630301339284
Playgreen,Nelson-Winnipeg,2014-11-01,0.2307599999999752,220.78571428571422,-0.8265563493685999,7.019456929161343,4.333525295286172,-1.687883299642376,-5.0946807861328125
Playgreen,Nelson-Winnipeg,2014-12-01,0.26626086956522954,285.37037037037044,-0.663671038906883,-8.810549312598866,-1.5728890624207752,-2.2807012622555085,1.5930486608434613
Playgreen,Nelson-Winnipeg,2015-01-01,0.2216799999999921,82.4814814814813,-0.21387016386142932,0.7991676414219135,0.7417050033577004,-8.34501827401774,0.032491956438338576
Playgreen,Nelson-Winnipeg,2015-02-01,0.19019230769228557,-38.57142857142844,-0.20910831777395522,6.6907242102648254,-0.7642959067847448,-5.812983161636758,-6.003849574497767
Playgreen,Nelson-Winnipeg,2015-03-01,0.17038461538462002,80.71428571428578,2.10874398076807,-2.953431941153081,-0.37557663381448947,-13.689706168536631,0.31790924072265625
Playgreen,Nelson-Winnipeg,2015-04-01,0.11380769230771648,92.21428571428578,-2.6685831211839943,-9.967976470112,-2.8018459956261452,-13.310767693578132,-0.1825081961495536
Playgreen,Nelson-Winnipeg,2015-05-01,-0.013599999999968304,35.32142857142867,-1.5297792087949347,-10.493907923643874,4.263937404695234,-2.5263489057709068,-0.09182303292410676
Playgreen,Nelson-Winnipeg,2015-06-01,-0.00769230769228102,-82.14285714285734,-4.677987744798884,-34.20608147280291,-0.41828415955284015,-0.8018695641242499,0.5903342110770087
Playgreen,Nelson-Winnipeg,2015-07-01,-0.014814814814826605,-709.4285714285716,-2.5112509096548568,23.064882702393717,1.4339506409929328,-0.015261433353381593,0.4605745588030139
Playgreen,Nelson-Winnipeg,2015-08-01,0.04134615384617746,-496.4642857142858,-1.14214480812994,8.534132469711565,-14.704023920265698,0.004409650240891683,-0.40132250104631595
Playgreen,Nelson-Winnipeg,2015-09-01,0.14191999999999894,255.78571428571422,0.655451060863145,9.442318821259377,0.7856591089096412,0.0009985565806605035,0.8897846766880573
Playgreen,Nelson-Winnipeg,2015-10-01,0.18688461538462775,48.42857142857156,-0.8472288017011511,-5.895499535004738,0.7738682033959776,-1.9810483624626483,1.7260567801339284
Playgreen,Nelson-Winnipeg,2015-11-01,0.09775999999999385,40.78571428571422,0.05966838476264691,10.440858999832663,4.131240285849863,-5.170918435656599,3.2230377197265625
Playgreen,Nelson-Winnipeg,2015-12-01,-0.013739130434771596,45.37037037037044,1.4394978422421483,-1.9458826648554322,1.7786713239426417,-7.910933655997116,5.890625565140336
Playgreen,Nelson-Winnipeg,2016-01-01,0.10667999999998301,132.4814814814813,1.2965973910468165,-4.235079422609747,0.2016916728929834,-13.226191646286416,2.804113660539901
Playgreen,Nelson-Winnipeg,2016-02-01,0.14319230769228852,201.42857142857156,0.9339008949089997,3.8185033876548644,0.5304006658012179,-16.62785480065005,0.37221854073660765
Playgreen,Nelson-Winnipeg,2016-03-01,0.14038461538461888,320.7142857142858,-0.23576164780284437,6.713515299322484,0.9699130059743766,-21.933028540973154,2.2956619262695312
Playgreen,Nelson-Winnipeg,2016-04-01,,482.2142857142858,1.4111489040910126,1.7840175548501875,0.6094681053322617,-12.48612066930426,-1.4180428641183036
Playgreen,Nelson-Winnipeg,2016-05-01,,155.32142857142867,0.4304028880142141,4.649339281188858,2.088283818531117,-5.676848564430007,2.2783551897321432
Playgreen,Nelson-Winnipeg,2016-06-01,0.04530769230771625,-2.1428571428573377,-2.888048911700025,-7.1897407178767025,13.210837080675574,-0.8697334103219743,0.9466574532645087
Playgreen,Nelson-Winnipeg,2016-07-01,-0.04281481481481819,400.57142857142844,0.31727612856359677,40.38694125899512,-6.532186151681728,-0.017360750851886708,-0.0602384294782361
Playgreen,Nelson-Winnipeg,2016-08-01,-0.03565384615382072,523.5357142857142,2.754681400672,28.073317803708576,-2.3371528035828106,0.0007246396437818881,-0.28959764753069095
Playgreen,Nelson-Winnipeg,2016-09-01,0.012919999999979837,315.7857142857142,1.8933725940379578,12.741072693773148,-2.6521435523006573,-0.0915754894127272,0.9717548915318073
Playgreen,Nelson-Winnipeg,2016-10-01,0.25288461538463025,118.42857142857156,5.92059729491926,35.7287411586315,0.4058603954035789,4.609248850361578,-0.6605398995535716
Playgreen,Nelson-Winnipeg,2016-11-01,0.5247599999999863,330.7857142857142,5.62955480095947,-3.2775574488498833,-2.4668210140329663,-7.337550067209772,7.2243194580078125
Playgreen,Nelson-Winnipeg,2016-12-01,0.549260869565245,215.37037037037044,4.6794880542654065,9.50463554882272,4.462848325298789,-2.8712212418516465,-0.7897028040002887
Playgreen,Nelson-Winnipeg,2017-01-01,0.5376799999999946,462.4814814814813,3.62285564551712,-4.07246892947504,0.03456331939690127,0.13719206409795248,5.062139783586776
Playgreen,Nelson-Winnipeg,2017-02-01,0.4801923076922776,571.4285714285716,3.43309601625411,1.9745804997260805,1.6452848098456991,-10.65158764166491,3.1420854840959827
Playgreen,Nelson-Winnipeg,2017-03-01,0.46038461538461206,640.7142857142858,3.7949538226322534,6.178394926662026,1.4545695776178036,-17.189649931554285,-1.1880111694335938
Playgreen,Nelson-Winnipeg,2017-04-01,0.5708076923077101,1192.2142857142858,2.4597084016672195,7.211746893257704,0.8682122175481979,-16.00308994030846,-0.2198006766183036
Playgreen,Nelson-Winnipeg,2017-05-01,0.3534000000000219,1755.3214285714287,2.0053195366926957,-14.967407993805992,-3.7014884396090295,-1.0384907779682964,0.36319405691964324
Playgreen,Nelson-Winnipeg,2017-06-01,0.21230769230771784,1277.8571428571427,0.4006580275017768,-4.3361427378840744,-4.873600971352843,-0.4365441979773874,-0.5850808279854913
Playgreen,Nelson-Winnipeg,2017-07-01,0.14318518518518886,1100.5714285714284,-1.847498503983454,-30.575341802822166,5.604987290488296,-0.018052839940147836,0.6303133283342639
Playgreen,Nelson-Winnipeg,2017-08-01,-0.027653846153839368,463.5357142857142,-2.652484247976515,-30.77672553315226,14.521858222516514,-0.0071769339098994855,1.926192147391184
Playgreen,Nelson-Winnipeg,2017-09-01,-0.02808000000001698,-414.2142857142858,-1.133868733761899,11.51003654480779,2.090868116023813,0.06415375225645081,0.9750813075474323
Playgreen,Nelson-Winnipeg,2017-10-01,-0.018115384615384755,-421.57142857142844,-1.2281211955788809,2.8156534078464475,8.127304638037458,-0.29047530344022165,1.6099679129464284
Playgreen,Nelson-Winnipeg,2017-11-01,-0.17324000000002115,200.78571428571422,-1.796344292545525,0.1001085495642755,-0.10946837262184062,9.933547216600605,-4.3604278564453125
Playgreen,Nelson-Winnipeg,2017-12-01,-0.15373913043475795,-94.62962962962956,-1.8448986741498592,-1.8818143073952314,-0.8400054988063248,3.723231765131157,-2.093703658492476
Playgreen,Nelson-Winnipeg,2018-01-01,-0.11432000000002063,-157.5185185185187,-1.3060925666650292,-0.8342524795027977,-0.0068970152174836485,-2.2590748433555845,-0.9649293082100989
Playgreen,Nelson-Winnipeg,2018-02-01,,-168.57142857142844,-1.0933336187528244,-2.2520859097962145,-1.5327584374712648,0.9513766105685946,-2.5677839006696423
Playgreen,Nelson-Winnipeg,2018-03-01,,-99.28571428571422,-2.393562129457548,6.660244695792375,3.2711942367313895,17.2865259727197,1.5947341918945312
Playgreen,Nelson-Winnipeg,2018-04-01,-0.20519230769230035,-327.7857142857142,1.6196548572874487,-22.613771247311625,-2.699747430077487,26.926320062817208,-3.698072160993304
Playgreen,Nelson-Winnipeg,2018-05-01,,-574.6785714285713,-4.057368478243006,-21.647655716930913,4.746801267694018,-2.489408461510071,2.2752423967633932
Playgreen,Nelson-Winnipeg,2018-06-01,,-862.1428571428573,-4.886025708401576,-3.9861982804723084,5.2041009101750575,-0.8379992920838828,2.0725424630301337
Playgreen,Nelson-Winnipeg,2018-07-01,-0.32881481481481956,-1229.4285714285716,-3.670767101929025,2.894873240230865,9.747586005167776,-0.0030281620898418016,-0.2179837908063611
Playgreen,Nelson-Winnipeg,2018-08-01,-0.32665384615384596,-1126.4642857142858,-4.349137722913708,-27.81001016098473,2.376456545399762,-0.00014253808850694938,-0.698411124093191
Playgreen,Nelson-Winnipeg,2018-09-01,-0.3600800000000106,-1130.2142857142858,-2.654208016922764,20.218142433025477,0.9538908904817447,0.5171498674566724,-4.112839835030693
Playgreen,Nelson-Winnipeg,2018-10-01,-0.3491153846153736,-661.5714285714284,-1.7515474599869254,-0.5909441263481412,-5.709464865503833,3.1205427533547794,-3.4956229073660716
Playgreen,Nelson-Winnipeg,2018-11-01,-0.44824000000002684,-79.21428571428578,-0.1004897032024541,-2.887826891050544,-4.159170920112437,1.0692496850554427,-4.2217559814453125
Playgreen,Nelson-Winnipeg,2018-12-01,-0.35273913043477023,-404.62962962962956,-0.16514240296264315,-4.557111220761996,-0.7631527017413946,-4.038734671970207,2.4680486608434613
Playgreen,Nelson-Winnipeg,2019-01-01,-0.27032000000002654,-337.5185185185187,-0.2824306684487965,1.509181313200056,-0.03035650700309933,-4.260624891945291,-2.5837800162179114
Playgreen,Nelson-Winnipeg,2019-02-01,-0.23380769230772103,-268.57142857142844,-0.540482610501515,8.535167358266854,-1.4693697563156354,8.012459480336737,-4.540501185825892
Playgreen,Nelson-Winnipeg,2019-03-01,-0.2076153846153943,-129.28571428571422,1.1897394568742516,-13.443742203110428,1.2945078524353448,7.928127356405767,1.2076187133789062
Playgreen,Nelson-Winnipeg,2019-04-01,-0.21519230769229125,-247.78571428571422,-2.194672498652446,-4.8534648833862875,-2.1523148565652903,-5.69629853790892,0.1329214913504464
Playgreen,Nelson-Winnipeg,2019-05-01,-0.14359999999996376,-424.67857142857133,-2.262333011458395,-26.680076690224396,1.0011246673197363,-0.9391554464985221,-1.0334123883928568
Playgreen,Nelson-Winnipeg,2019-06-01,-0.18069230769228284,-702.1428571428573,-3.357583045726642,-12.034809042233974,-3.0392144773421563,-0.5331001136385436,0.041231427873883675
Playgreen,Nelson-Winnipeg,2019-07-01,-0.23881481481481615,-969.4285714285716,-2.1711351941381256,2.9576099228246875,-2.2865973629190393,-0.011179795754807431,0.0221895490373889
Playgreen,Nelson-Winnipeg,2019-08-01,,-706.4642857142858,-2.8497255053870116,-2.8654085804841287,4.839383797453976,-0.007108365285343421,-1.107773917061941
Playgreen,Nelson-Winnipeg,2019-09-01,,-894.2142857142858,1.3100584900322634,40.50664383352601,-4.391102078703369,0.13153307788473145,0.058333260672432274
Playgreen,Nelson-Winnipeg,2019-10-01,,-151.57142857142844,2.7219846389406097,13.40488293291336,-0.9886558109428734,2.784541591868869,-1.0259573800223216
Playgreen,Nelson-Winnipeg,2019-11-01,0.2207599999999843,400.7857142857142,2.513060174221339,-0.8428520647742417,-3.7792279804956976,1.9602273657385787,-1.7511138916015625
Playgreen,Nelson-Winnipeg,2019-12-01,,325.37037037037044,1.109957934844446,-4.079159036606413,-1.8384844418809125,-0.21088340630133828,-0.5028986047815387
Playgreen,Nelson-Winnipeg,2020-01-01,,452.4814814814813,0.49926202700589783,2.3689596876335735,0.05697398189243241,2.4551347430263277,4.123327527727401
Playgreen,Nelson-Winnipeg,2020-02-01,0.30619230769229944,531.4285714285716,0.46478096659744317,-2.67493301778034,0.30128077508249707,0.4645109708820101,1.3105730329241077
Playgreen,Nelson-Winnipeg,2020-03-01,0.26738461538462843,560.7142857142858,-1.5108922099378628,-1.0638340255744474,0.5409206241893116,5.132602461214574,-0.36794281005859375
Playgreen,Nelson-Winnipeg,2020-04-01,0.2628076923077174,642.2142857142858,1.3488504087685467,-6.087487085356507,-2.578594004652196,19.123908148945443,-2.363568987165179
Playgreen,Nelson-Winnipeg,2020-05-01,0.2394000000000176,735.3214285714287,-2.069713820674224,-20.299066053537118,-8.897095521595993,3.350050205231777,-1.7797197614397318
Playgreen,Nelson-Winnipeg,2020-06-01,0.13230769230770534,347.85714285714266,0.6659784412477165,7.655496883671731,-13.745049197625903,0.738935881859756,-0.9603249686104913
Playgreen,Nelson-Winnipeg,2020-07-01,0.13618518518518385,610.5714285714284,3.037025359455063,12.11674695202548,-5.522942611215896,0.0056423346645064765,1.209018162318639
Playgreen,Nelson-Winnipeg,2020-08-01,0.0023461538461617693,713.5357142857142,0.4909432962969209,-8.588961591678,3.5304809321782358,-0.005457712437159312,0.693922860281809
Playgreen,Nelson-Winnipeg,2020-09-01,0.03791999999998552,-434.2142857142858,-0.6996730527524573,-19.244531743294957,-4.069146192965235,-0.11664005744803174,-1.6141826084681927
Playgreen,Nelson-Winnipeg,2020-10-01,0.10288461538462457,-561.5714285714284,-1.221512443277918,-13.635926460015718,4.680233570979908,1.3735967388908779,-2.7962515694754466
Playgreen,Nelson-Winnipeg,2020-11-01,,30.78571428571422,-1.397008161023093,-1.6320466654308703,-6.634416775861091,5.984925764745899,-1.4140777587890625
Playgreen,Nelson-Winnipeg,2020-12-01,,-154.62962962962956,-1.437063773024689,-3.751691525664043,-1.2544597533027018,1.3284996772805862,2.0614324499059613
Playgreen,Nelson-Winnipeg,2021-01-01,,-197.5185185185187,-1.1247195325267967,-3.8578040236773496,-0.4591324690669092,-2.7113958661045316,5.805731092180526
Playgreen,Nelson-Winnipeg,2021-02-01,,-238.57142857142844,-0.9667002912984959,-6.209507777904427,0.16651295611934191,-5.651756322809625,-3.1223798479352673
Playgreen,Nelson-Winnipeg,2021-03-01,,-209.28571428571422,-2.391794231828369,-8.053418271759124,3.0841633888485376,-23.005930773381678,2.6401748657226562
Playgreen,Nelson-Winnipeg,2021-04-01,-0.25619230769228807,-147.78571428571422,-3.863659595871079,-3.992039232148919,3.5572385136869613,-11.52273265844477,0.4759085518973214
Playgreen,Nelson-Winnipeg,2021-05-01,-0.33959999999999013,-774.6785714285713,-5.062556545453845,-17.85640263447671,-4.4863790494023945,-0.13367457514894898,-1.1860918317522318
Playgreen,Nelson-Winnipeg,2021-06-01,-0.3486923076922892,-1172.1428571428573,-6.292613834375516,-39.93214719230309,4.401428907710525,-0.017319934808516013,1.5412314278738837
Playgreen,Nelson-Winnipeg,2021-07-01,-0.38781481481481705,-1915.4285714285716,-7.87978039391289,-47.04174692908835,9.551263206438833,-0.018078567726271588,1.585208347865514
Playgreen,Nelson-Winnipeg,2021-08-01,-0.4636538461538464,-1814.4642857142858,-4.6813026357475405,13.380887652082109,-2.9941773640790217,0.014926610414736974,-0.30940355573381595
Playgreen,Nelson-Winnipeg,2021-09-01,-0.40708000000000766,-1407.2142857142858,-4.53383365051455,-22.89927901334262,-5.019674967375721,-0.11015374496180041,2.3359211512974323
Playgreen,Nelson-Winnipeg,2021-10-01,-0.3741153846153793,-1435.5714285714284,-4.327068002437175,-3.099545300106648,2.227613265858963,-1.9502434713233794,4.087720598493304
Playgreen,Nelson-Winnipeg,2021-11-01,,-1313.2142857142858,-4.496672406405976,7.719503004669342,6.737247323534184,2.1711691349212607,2.4714813232421875
Playgreen,Nelson-Winnipeg,2021-12-01,,-1370.6296296296296,-3.9777455897786202,12.627243493355948,-0.3158773082153248,8.745548936227959,-3.036178023726851
Playgreen,Nelson-Winnipeg,2022-01-01,,-1147.5185185185187,-3.122739781247219,8.778646444885194,-0.6154552869962311,18.583440088800025,-4.055230821881974
Playgreen,Nelson-Winnipeg,2022-02-01,-0.2378076923077117,-858.5714285714284,-2.3387802092267,12.32978950013473,-0.7371397337660062,29.987887346318793,-5.462742396763392
Playgreen,Nelson-Winnipeg,2022-03-01,-0.24461538461537202,-649.2857142857142,-3.289302943033233,2.0068963411696537,-0.007702354196226224,38.81085098588041,-1.0167160034179688
Playgreen,Nelson-Winnipeg,2022-04-01,-0.26419230769229785,-397.7857142857142,-0.8485467073374569,35.44337629656574,2.5296695717510644,48.35625739568579,-1.0576913016183036
Playgreen,Nelson-Winnipeg,2022-05-01,0.054400000000015325,535.3214285714287,29.342151410673978,30.32419671321155,-12.835648445096531,11.927187459410302,-0.5399431501116068
Playgreen,Nelson-Winnipeg,2022-06-01,0.4813076923076949,1447.8571428571427,9.593889262760058,4.063900269102305,4.432937878716203,0.962141073874331,-0.9420449393136163
Playgreen,Nelson-Winnipeg,2022-07-01,0.67318518518519,1620.5714285714284,3.426875883243545,1.0864804249389834,-1.4985778585209317,0.0014809525704808646,0.1019930158342639
Playgreen,Nelson-Winnipeg,2022-08-01,0.6203461538461568,1883.5357142857142,0.11952690588909043,-13.922048765899874,-0.7770144979336493,-0.007160402934200061,0.910078866141184
Playgreen,Nelson-Winnipeg,2022-09-01,0.44692000000000576,1945.7857142857142,-5.14497087091773,-44.14703684493101,-35.001141908911194,-0.12938637103486283,1.7555988856724323
Playgreen,Nelson-Winnipeg,2022-10-01,0.20688461538463798,1108.4285714285716,-5.350404199686766,-33.58747447990546,-19.11763896350749,-0.9760071822841252,0.7482735770089284
Playgreen,Nelson-Winnipeg,2022-11-01,,460.7857142857142,-5.180014920499941,-8.856498066701796,-8.873099130661494,9.578597831672855,-0.2632904052734375
Playgreen,Nelson-Winnipeg,2022-12-01,,15.370370370370438,-4.88338013410275,-3.341129668384653,-2.4409692026286693,21.47212407241265,-2.002517135054976
Playgreen,Nelson-Winnipeg,2023-01-01,,92.4814814814813,-4.090170670679072,-16.02860766953589,-1.247352378803563,27.000256681016516,5.154150281633651
Playgreen,Nelson-Winnipeg,2023-02-01,0.11619230769227329,141.42857142857156,-3.3125695216377995,-9.521005635698593,-1.9461303277889135,25.160998904279303,-1.1495557512555798
Playgreen,Nelson-Winnipeg,2023-03-01,0.035384615384629114,-149.28571428571422,-5.787312519844688,-19.86626392421645,-6.1785190300724935,37.21734315955213,-3.1384506225585938
Playgreen,Nelson-Winnipeg,2023-04-01,-0.07919230769229557,-147.78571428571422,-5.916516248752098,-19.228142440884504,-9.947423688052886,25.854457186401955,-0.7462899344308036
Playgreen,Nelson-Winnipeg,2023-05-01,-0.04959999999996967,-524.6785714285713,-6.581632620509481,-49.96992428537591,-23.115521598291316,-3.0632312243272155,4.066837855747768
Playgreen,Nelson-Winnipeg,2023-06-01,-0.03169230769228193,-842.1428571428573,-11.618266871664673,-63.11507342616096,-36.48472991439381,-0.7728792386062975,4.475954328264509
Playgreen,Nelson-Winnipeg,2023-07-01,-0.15081481481482228,-1119.4285714285716,-10.905630340338186,-57.48946163969647,-62.61822462381262,-0.018038870101528603,-1.648586818150111
Playgreen,Nelson-Winnipeg,2023-08-01,-0.18665384615383118,-1006.4642857142858,-8.118237500769153,-41.30409894111965,-60.94795299161758,-0.00468681017602135,0.34397779192243405
Playgreen,Nelson-Winnipeg,2023-09-01,-0.2010800000000188,-884.2142857142858,-6.584288364267975,-42.3235642873416,-39.81688055708739,-0.1220079679374717,3.6497334071568073
Playgreen,Nelson-Winnipeg,2023-10-01,,-1208.5714285714284,-6.323284264778652,-23.336663596897516,-19.5095393282827,-0.4520737399746264,1.6532723563058034
Playgreen,Nelson-Winnipeg,2023-11-01,,-699.2142857142858,-5.797834962452596,-19.77689553833833,-6.9628206152369145,-0.966953945213131,1.9484710693359375
Playgreen,Nelson-Winnipeg,2023-12-01,-0.325739130434755,-804.6296296296296,-5.221131134291041,-14.017773363135618,-1.847727898469505,-12.536358398695786,8.184906570999711
Playgreen,Nelson-Winnipeg,2024-01-01,,,-4.191119249298936,-13.017366900125385,-1.017644892661857,-19.95053435010569,4.148321424211776
Playgreen,Nelson-Winnipeg,2024-02-01,,,-3.156834088128692,-4.0890938440238,-0.5830020859970579,-32.30390059096472,4.784449986049108
Playgreen,Nelson-Winnipeg,2024-03-01,,,-3.001800113582119,5.358812201718269,1.0535739456827287,-21.027559481029,-1.4686508178710938
Playgreen,Nelson-Winnipeg,2024-04-01,,,-2.793250397579479,6.957778719619718,-2.438635430215591,-12.100202946125396,2.269975934709821
Playgreen,Nelson-Winnipeg,2024-05-01,,,-0.40365954555454664,35.17056935483457,-3.705357153583982,-1.3600750659991592,0.7294049944196432
Playgreen,Nelson-Winnipeg,2024-06-01,,,0.17768543330021203,6.607870745938271,3.8916694964947425,0.17950461395750095,-0.9526955740792413
Playgreen,Nelson-Winnipeg,2024-07-01,,,-0.5143043012399833,-15.756160744266325,-0.8555629506840177,-0.016576111582773168,1.446017674037389
Playgreen,Nelson-Winnipeg,2024-08-01,,,-0.420528603301916,0.018905349341892475,8.00740582469318,0.008715387333982694,1.819105965750559
Playgreen,Nelson-Winnipeg,2024-09-01,,,-1.3153264600467605,-7.784748325190904,0.3283704115476951,-0.12708588786024078,4.873183114188057
Playgreen,Nelson-Winnipeg,2024-10-01,,,-2.784235154519722,-29.386471537041608,10.27651599724777,-1.8906222955722893,1.7814156668526784
Playgreen,Nelson-Winnipeg,2024-11-01,,,-2.7775613099428096,20.918405602320227,2.363332761368447,-2.679588173383049,4.6988677978515625
Playgreen,Nelson-Winnipeg,2024-12-01,,,-2.608452261753242,9.97180080567314,1.220750981398548,14.209085764984291,3.2131658483434613
Kiskitto,Nelson-Winnipeg,1994-01-01,-0.07712500000002365,182.4814814814813,0.4513946020909181,-14.884056128461712,-1.656434567134316,10.886555071920156,-8.593883514404297
Kiskitto,Nelson-Winnipeg,1994-02-01,-0.07765384615385074,61.42857142857156,0.25259074495157385,-0.011177777196280658,-1.0985129192704335,3.1572972823466614,-6.016776493617467
Kiskitto,Nelson-Winnipeg,1994-03-01,-0.051269230769236174,0.7142857142857792,0.05219082491488969,3.9247356689884327,2.4045543276380545,9.352164342999458,2.4606039864676337
Kiskitto,Nelson-Winnipeg,1994-04-01,-0.05096296296295577,-287.7857142857142,-0.674795888439153,-7.476126588049478,3.0172377384068163,4.287978667499765,-1.173433576311384
Kiskitto,Nelson-Winnipeg,1994-05-01,-0.06624999999999659,-844.6785714285713,-0.8986594912130386,-1.1841331984864425,-5.25289094782368,-4.625364921854011,-0.062103271484375
Kiskitto,Nelson-Winnipeg,1994-06-01,-0.03339130434781623,-1282.1428571428573,-1.9439681377012406,-20.841135493745767,4.067300552768373,-0.0036192235869845846,0.7016187395368298
Kiskitto,Nelson-Winnipeg,1994-07-01,0.0007727272727038326,-1529.4285714285716,-3.4852642903777955,-14.985442573171369,-9.80750028975308,-6.130840305252942e-25,-0.9393375941685278
Kiskitto,Nelson-Winnipeg,1994-08-01,0.007541666666639912,-966.4642857142858,-4.933330256400431,-38.05287494573609,1.1921712263886377,-3.8976948203884974e-25,-1.0124555315290173
Kiskitto,Nelson-Winnipeg,1994-09-01,-0.04263999999997736,-504.2142857142858,-4.906538483088038,-29.98871878454728,0.6940979177930586,-0.014906344521900141,2.374189104352679
Kiskitto,Nelson-Winnipeg,1994-10-01,-0.0744799999999941,-81.57142857142844,-5.919653090781399,-19.561638916327084,-1.2294426560401917,-2.4137244844106527,2.406406947544643
Kiskitto,Nelson-Winnipeg,1994-11-01,-0.09022222222222354,-79.21428571428578,-5.965202555151857,-2.1906944623749176,7.863977703631722,-5.097110813949257,2.841305324009487
Kiskitto,Nelson-Winnipeg,1994-12-01,-0.12692000000001258,-4.629629629629562,-6.142896815112586,-1.4655324166933816,-0.001834411199928887,-12.80025823938626,3.7521684434678804
Kiskitto,Nelson-Winnipeg,1995-01-01,-0.11412500000000136,142.4814814814813,-5.455500986759684,-4.0518473667491754,0.8967402161813101,-15.227286610752344,2.0908241271972656
Kiskitto,Nelson-Winnipeg,1995-02-01,-0.116653846153838,151.42857142857156,-4.392757898001166,-3.3078655105782673,0.28098795155528933,-19.06199181186301,-0.907432011195592
Kiskitto,Nelson-Winnipeg,1995-03-01,-0.07526923076923708,170.71428571428578,-4.182948466352952,10.588779543468263,-1.6571559655338728,-16.649385914206505,0.21093967982700867
Kiskitto,Nelson-Winnipeg,1995-04-01,-0.09496296296296691,-97.78571428571422,-5.693005082970817,-13.420678837324626,3.478228443002859,-3.2116751785257023,-2.4528220040457587
Kiskitto,Nelson-Winnipeg,1995-05-01,-0.15125000000000455,-584.6785714285713,-6.782327458495274,-26.698947851920302,-1.4763151598994497,-5.390336055175535,0.54132080078125
Kiskitto,Nelson-Winnipeg,1995-06-01,-0.19939130434781305,-912.1428571428573,-8.88754676582591,-40.527477477943265,8.663607960832977,-0.0036192235869845846,3.453236171177455
Kiskitto,Nelson-Winnipeg,1995-07-01,-0.27422727272727343,-1069.4285714285716,-10.440463626894466,-17.001533361118547,-2.044225577265024,-6.130840305252942e-25,-1.4018925258091528
Kiskitto,Nelson-Winnipeg,1995-08-01,-0.2684583333333421,-666.4642857142858,-0.09149848171676211,66.66587190453096,0.2604174494211122,-3.8976948203884974e-25,0.31899588448660765
Kiskitto,Nelson-Winnipeg,1995-09-01,-0.1256400000000042,-34.21428571428578,-8.698569976591639,-25.097015646419358,-0.9832745750567682,0.05019229581242663,-0.7954886300223212
Kiskitto,Nelson-Winnipeg,1995-10-01,-0.0674799999999891,278.42857142857156,-8.543087764077686,-28.46561946249234,-3.146859584376216,-1.4750601775241585,0.1125226702008928
Kiskitto,Nelson-Winnipeg,1995-11-01,-0.10222222222222399,-79.21428571428578,-7.694722272779993,-2.911793084682099,-3.060471021204389,-0.9287242428399622,-6.171725681849888
Kiskitto,Nelson-Winnipeg,1995-12-01,-0.12892000000002213,-274.62962962962956,-7.375974961582365,11.945001885544993,-1.645194276029037,9.248775774957956,-2.3003217909071196
Kiskitto,Nelson-Winnipeg,1996-01-01,-0.08712500000001455,-267.5185185185187,-6.39847295159208,-15.535132360777684,-1.153514550618898,4.22543054446578,-6.345043182373047
Kiskitto,Nelson-Winnipeg,1996-02-01,-0.11065384615383778,-208.57142857142844,-4.844857629775236,12.554281696793623,0.8602750167483464,-2.7839297960911438,0.583077022007533
Kiskitto,Nelson-Winnipeg,1996-03-01,-0.06526923076924618,-149.28571428571422,-5.045744311376309,0.08447045547654852,-2.0591268959313833,11.248113587498665,-4.380094255719866
Kiskitto,Nelson-Winnipeg,1996-04-01,-0.08396296296297123,-127.78571428571422,-5.959000851102505,9.28540965625351,-3.365557079502782,35.18611382293914,-2.2507346017020087
Kiskitto,Nelson-Winnipeg,1996-05-01,-0.030249999999995225,-184.67857142857133,-0.7322822348214686,20.622147395832663,-23.158867280082113,27.37476325793458,-2.501800537109375
Kiskitto,Nelson-Winnipeg,1996-06-01,0.2606086956521949,887.8571428571427,1.4460917269129183,-1.867656911989414,-9.029339333730078,0.0171957541011482,0.20351082938057985
Kiskitto,Nelson-Winnipeg,1996-07-01,0.23977272727270815,710.5714285714284,-0.19205129241786878,-29.891561429914347,-10.54999022744596,-6.130840305252942e-25,0.4867183140345972
Kiskitto,Nelson-Winnipeg,1996-08-01,0.17254166666666038,13.53571428571422,-1.9081105097679298,-28.694748159198625,0.9086940969739601,-3.8976948203884974e-25,1.5031694684709827
Kiskitto,Nelson-Winnipeg,1996-09-01,0.07636000000002241,-64.21428571428578,-2.9931813644777456,-17.655223242140245,8.52299804267075,-0.006986701127483943,0.6613900320870538
Kiskitto,Nelson-Winnipeg,1996-10-01,0.06551999999999225,378.42857142857156,-4.155188403923862,9.027659333826577,-3.2939176307991147,0.39107300757937713,-1.5487627301897322
Kiskitto,Nelson-Winnipeg,1996-11-01,0.017777777777780557,70.78571428571422,-4.577528717553443,-4.855736291834287,-6.081078421889938,3.152254910673946,-5.108432224818638
Kiskitto,Nelson-Winnipeg,1996-12-01,-0.010919999999998709,125.37037037037044,-4.612252040209974,8.286169252608456,-1.5434849014531613,10.049862200739206,-3.3397505018446196
Kiskitto,Nelson-Winnipeg,1997-01-01,0.01887499999997999,162.4814814814813,-4.02279115431676,-1.4887070699062726,-0.1127920342826525,14.749018009752035,-3.8005638122558594
Kiskitto,Nelson-Winnipeg,1997-02-01,-0.0016538461538573301,211.42857142857156,-3.2045342985449157,-3.3897042012540624,0.21265757095534354,9.48359271777528,1.457588740757533
Kiskitto,Nelson-Winnipeg,1997-03-01,0.013730769230761553,280.7142857142858,-3.230757630392743,-7.131226047931705,-1.3610234137948805,6.076419726014137,-2.2273232596261163
Kiskitto,Nelson-Winnipeg,1997-04-01,-0.01096296296296373,352.2142857142858,-3.199921052977775,27.22150897690361,-2.196952139326772,32.50384520340179,-2.0178244454520087
Kiskitto,Nelson-Winnipeg,1997-05-01,0.02574999999998795,1265.3214285714287,-2.1064110042061657,-16.323865359091933,-9.741458071013248,11.41033715768052,-2.87322998046875
Kiskitto,Nelson-Winnipeg,1997-06-01,0.0946086956521981,1317.8571428571427,-2.015717228849617,2.6474158845043547,-6.855360032724477,0.002641855719584133,-0.02842276436942015
Kiskitto,Nelson-Winnipeg,1997-07-01,,890.5714285714284,2.825655678732023,-1.7642930075193561,-7.823441876098514,-6.130840305252942e-25,0.4918147495814722
Kiskitto,Nelson-Winnipeg,1997-08-01,,-226.46428571428578,-2.3961170196084183,-1.5408402333767839,-3.3796382070119932,-3.8976948203884974e-25,-0.6032758440290173
Kiskitto,Nelson-Winnipeg,1997-09-01,,-694.2142857142858,-0.24374250123011265,28.532447426446844,-2.265691790463663,-0.014906344521900141,0.5755440848214288
Kiskitto,Nelson-Winnipeg,1997-10-01,,-151.57142857142844,2.183096761915035,41.55905442270783,7.356496760621667,2.3624423839854507,-1.7985491071428572
Kiskitto,Nelson-Winnipeg,1997-11-01,,40.78571428571422,5.6639904765428835,-14.317956769705884,-6.527957843250729,5.198880971875042,-1.875125340053013
Kiskitto,Nelson-Winnipeg,1997-12-01,,395.37037037037044,5.4742314273931285,-3.708917368418984,1.3062945759480096,0.44208892655593246,6.43655565049913
Kiskitto,Nelson-Winnipeg,1998-01-01,,152.4814814814813,4.56435272436855,15.57658364098253,-0.21785991813365913,6.403540726751089,-1.5966453552246094
Kiskitto,Nelson-Winnipeg,1998-02-01,,181.42857142857156,3.375513360099701,17.468154153903015,0.36301488580647856,13.197289912828381,9.241371699741908
Kiskitto,Nelson-Winnipeg,1998-03-01,,-109.28571428571422,3.066765292585062,-15.919626959657762,-1.1190844353612714,21.7003021389246,0.16739109584263367
Kiskitto,Nelson-Winnipeg,1998-04-01,,-197.78571428571422,2.9172940360565143,-14.661021518155135,7.8804930464165,-24.766499143359916,4.380246843610491
Kiskitto,Nelson-Winnipeg,1998-05-01,,-374.67857142857133,3.021420503500849,10.11799709833992,12.698945163200342,-10.510240348854236,1.55023193359375
Kiskitto,Nelson-Winnipeg,1998-06-01,,-82.14285714285734,2.9948910638008144,38.16026138208274,-2.2411223367920883,-0.0034948312860803655,-0.23978751046317015
Kiskitto,Nelson-Winnipeg,1998-07-01,,-109.42857142857156,2.485389292685017,-19.525782616775743,11.810866184532642,-6.130840305252942e-25,0.3809443882533472
Kiskitto,Nelson-Winnipeg,1998-08-01,0.15254166666665014,-966.4642857142858,2.554591806464096,25.825814481192666,9.392935416794245,-3.8976948203884974e-25,1.9840654645647327
Kiskitto,Nelson-Winnipeg,1998-09-01,0.053359999999997854,-724.2142857142858,0.1500951891232809,-43.9903318017189,2.381158493725323,-0.014906344521900141,0.5893075125558038
Kiskitto,Nelson-Winnipeg,1998-10-01,0.046519999999986794,-561.5714285714284,-0.26367897018124964,3.2135343873440974,-7.892891066148877,0.29753003686242385,0.8123517717633928
Kiskitto,Nelson-Winnipeg,1998-11-01,0.002777777777794199,-399.2142857142858,-1.0303657940572268,0.616507937333413,1.806423429765605,-9.009911736939102,2.716274806431362
Kiskitto,Nelson-Winnipeg,1998-12-01,-0.013920000000013033,-524.6296296296296,-1.0242742541271994,-6.378782924945913,-0.6698035617268436,-0.8185828380562654,-0.7214643690321196
Kiskitto,Nelson-Winnipeg,1999-01-01,,-387.5185185185187,-0.713361676649324,-14.599813917551987,-0.6492280674267801,-13.12986621633172,-1.8150749206542969
Kiskitto,Nelson-Winnipeg,1999-02-01,-0.0006538461538525553,-318.57142857142844,-0.5201059419570289,10.367645605583675,0.8573571831220761,-11.838612944952075,4.589272090366908
Kiskitto,Nelson-Winnipeg,1999-03-01,0.014730769230766327,-319.2857142857142,-0.3544833717959204,-17.99654443311738,1.1060008135765589,-14.233691617846489,3.2566550118582587
Kiskitto,Nelson-Winnipeg,1999-04-01,-0.013962962962978054,-367.7857142857142,-1.5823158953155918,-10.983270289476163,1.4730205085860284,-36.75248470556523,4.348142351422991
Kiskitto,Nelson-Winnipeg,1999-05-01,-0.07925000000000182,-374.67857142857133,-3.1403545872308314,5.263031725397532,8.537421508143389,-10.844606850046798,2.3265380859375
Kiskitto,Nelson-Winnipeg,1999-06-01,,-872.1428571428573,-0.478529447199044,53.38174166224364,8.436646977705621,-0.0036192235869845846,0.08662850516182985
Kiskitto,Nelson-Winnipeg,1999-07-01,-0.07922727272728025,-1109.4285714285716,-2.171748380663171,30.470835099030026,10.986346518620849,-6.130840305252942e-25,-0.7657230922154028
Kiskitto,Nelson-Winnipeg,1999-08-01,-0.11545833333335054,-786.4642857142858,-2.321644275590579,-38.19218834645913,-10.715730388515766,-3.8976948203884974e-25,-0.19092232840401735
Kiskitto,Nelson-Winnipeg,1999-09-01,-0.1846400000000017,-214.21428571428578,-1.013292016328446,13.752756307699848,2.3944158705749743,0.005701313848963505,-1.5363638741629462
Kiskitto,Nelson-Winnipeg,1999-10-01,-0.13548000000000116,-51.57142857142844,-1.392710093309038,-16.614339291533852,-4.807487013749778,-0.7650703708869906,-1.1421465192522322
Kiskitto,Nelson-Winnipeg,1999-11-01,-0.1712222222222124,-89.21428571428578,-0.6609884180111951,2.1694056756262263,4.519394029297732,-8.188342733774334,3.792080470493862
Kiskitto,Nelson-Winnipeg,1999-12-01,-0.18992000000000075,-134.62962962962956,-0.29443612988365686,9.863179048773386,2.370325800762253,-8.675326248285948,2.6807573106553804
Kiskitto,Nelson-Winnipeg,2000-01-01,-0.14012500000001182,22.481481481481296,0.15954217607421484,-6.23234045425696,-0.9979864746258369,-4.175568465143442,-1.8529930114746094
Kiskitto,Nelson-Winnipeg,2000-02-01,-0.14365384615385324,-8.571428571428442,0.7499158647468516,-3.2455163163831457,1.1157411354361102,-14.0091756890927,5.389961787632533
Kiskitto,Nelson-Winnipeg,2000-03-01,-0.10526923076923822,-139.28571428571422,2.9393512548787317,-1.0125427288585342,2.8577198562353647,-32.13482163846493,4.204622541155134
Kiskitto,Nelson-Winnipeg,2000-04-01,-0.10396296296298146,-327.7857142857142,-0.6153603369187159,-8.308250502783007,-1.4819286505891291,-44.096067514536635,0.1692177908761161
Kiskitto,Nelson-Winnipeg,2000-05-01,-0.08825000000001637,-1063.6785714285713,-0.25019157328642905,28.55770258195532,3.0660169826920267,-9.574893180147878,-0.01971435546875
Kiskitto,Nelson-Winnipeg,2000-06-01,0.004608695652194683,-1202.1428571428573,-0.5157119189139578,7.461282574305571,-6.3175072760454185,-0.0036192235869845846,-3.45371573311942
Kiskitto,Nelson-Winnipeg,2000-07-01,0.12877272727271816,-959.4285714285716,-0.5620024795851855,-34.295630354400984,-8.121318416669965,-6.130840305252942e-25,-0.4747379847935278
Kiskitto,Nelson-Winnipeg,2000-08-01,0.0465416666666556,-706.4642857142858,2.4440285082424182,26.603303288408952,3.603462695277159,-3.8976948203884974e-25,-0.12826974051339235
Kiskitto,Nelson-Winnipeg,2000-09-01,-0.010639999999995098,-14.21428571428578,0.1452267003644785,11.520187503525186,-2.371031358571983,-0.0077330552171263525,-2.303667340959821
Kiskitto,Nelson-Winnipeg,2000-10-01,0.015520000000009304,48.42857142857156,0.6641501552491853,-32.147566939654226,-5.591648630797863,-2.839851070218304,1.1635480608258928
Kiskitto,Nelson-Winnipeg,2000-11-01,-0.005222222222215578,-39.21428571428578,0.5276475245149665,21.64073088871581,3.656880476877891,14.273507462348789,-0.397159031459263
Kiskitto,Nelson-Winnipeg,2000-12-01,-0.023920000000003938,255.37037037037044,0.16720935269000137,-11.050568119605519,-1.826484869929522,7.211518818857492,-8.124433729383682
Kiskitto,Nelson-Winnipeg,2001-01-01,-0.005125000000020918,262.4814814814813,0.17760730198850538,-7.001314120965876,0.9751475361424258,-1.305753830820322,6.706974029541016
Kiskitto,Nelson-Winnipeg,2001-02-01,-0.015653846153838913,161.42857142857156,0.09625567794760848,-2.534176266635768,-0.8079220860963687,-3.1379515837345764,-2.991843632289342
Kiskitto,Nelson-Winnipeg,2001-03-01,0.004730769230747001,50.71428571428578,-0.10679545552453185,-0.2829382792697288,-0.18748764445522959,-0.16595982015132904,1.8907492501395087
Kiskitto,Nelson-Winnipeg,2001-04-01,-0.027962962962959637,162.21428571428578,-0.5063711484711213,-4.925951756636746,-1.1637271589799134,1.4524553303739864,1.521604265485491
Kiskitto,Nelson-Winnipeg,2001-05-01,,785.3214285714287,-0.3926284553017467,17.536140661312466,3.839741733307683,-10.136980521825276,1.91070556640625
Kiskitto,Nelson-Winnipeg,2001-06-01,,807.8571428571427,0.1980857164848473,18.076599725256003,9.736337898565196,-0.0036192235869845846,-0.9821581159319202
Kiskitto,Nelson-Winnipeg,2001-07-01,,750.5714285714284,-2.1859078016339986,-28.739594101872555,5.524942185729742,-6.130840305252942e-25,0.4425898960658472
Kiskitto,Nelson-Winnipeg,2001-08-01,,-196.46428571428578,-3.301149784030194,-31.8948242139803,6.267447590029661,-3.8976948203884974e-25,1.1946977887834827
Kiskitto,Nelson-Winnipeg,2001-09-01,,205.78571428571422,-3.5684566994729856,-2.4423239353512045,-3.2102275041064985,-0.014906344521900141,0.7548653738839288
Kiskitto,Nelson-Winnipeg,2001-10-01,-0.027479999999997062,168.42857142857156,-4.64907828219501,-24.31926751783716,5.545238498598337,-2.12190014359034,-0.1257280622209822
Kiskitto,Nelson-Winnipeg,2001-11-01,-0.09922222222220967,-9.21428571428578,-4.323516015054858,-7.9296264032434145,-1.9012503201208482,-10.305997042451054,3.735012599400112
Kiskitto,Nelson-Winnipeg,2001-12-01,-0.14492000000001326,-74.62962962962956,-4.422406269845347,0.5061998844784874,1.311593757741826,-15.403664325950324,2.6069658067491304
Kiskitto,Nelson-Winnipeg,2002-01-01,,-147.5185185185187,-3.831444994180597,-14.54746357714092,-0.05717047425995192,-22.84506941214204,-0.12578964233398438
Kiskitto,Nelson-Winnipeg,2002-02-01,,-298.57142857142844,-3.002285727104338,6.229590580915101,1.2643703521462157,-26.22715184198958,2.783821650913783
Kiskitto,Nelson-Winnipeg,2002-03-01,-0.13226923076925345,-369.2857142857142,-3.0444467530677297,-0.08630511729279533,-2.5316720831532233,-27.55117230117321,-5.388303484235491
Kiskitto,Nelson-Winnipeg,2002-04-01,-0.1549629629629692,-307.7857142857142,-3.9485105714577777,33.12005330891614,-5.75161773927643,13.51124982881759,-3.2827170235770087
Kiskitto,Nelson-Winnipeg,2002-05-01,,-724.6785714285713,-1.887463266029954,-7.4149316320212435,-12.561736123253858,29.701065488292702,-3.7076416015625
Kiskitto,Nelson-Winnipeg,2002-06-01,-0.2603913043478201,-1172.1428571428573,-3.8744880761701737,-26.767574101021253,-3.296019775526858,0.025322718631822942,0.36964852469307985
Kiskitto,Nelson-Winnipeg,2002-07-01,-0.3552272727272907,-529.4285714285716,-4.61352221204184,-12.338036850061528,4.954191390424967,6.004374280534316e-24,0.8097773960658472
Kiskitto,Nelson-Winnipeg,2002-08-01,-0.4504583333333585,-206.46428571428578,3.8725150547439355,42.888611459472614,-12.883184610732968,6.2276888290207604e-24,-0.6779828752790173
Kiskitto,Nelson-Winnipeg,2002-09-01,-0.4066399999999817,-14.21428571428578,0.07351602627230491,27.93702496481793,5.909038674352431,-0.0015963679556664691,-0.6949026925223212
Kiskitto,Nelson-Winnipeg,2002-10-01,-0.3764799999999866,-81.57142857142844,1.0128306333042154,-24.2005156822935,0.7631976623088121,0.08365832686000152,-4.229548863002233
Kiskitto,Nelson-Winnipeg,2002-11-01,-0.44322222222220375,-159.21428571428578,1.4487732810916238,-11.401136538812093,-9.261336630775727,-5.7108207256533206,-1.249789646693638
Kiskitto,Nelson-Winnipeg,2002-12-01,-0.042920000000009395,-144.62962962962956,0.9638576771572431,23.72733630451236,2.4396094336730636,-8.582281535146414,4.34103563096788
Kiskitto,Nelson-Winnipeg,2003-01-01,-0.4221250000000225,-357.5185185185187,0.8441006482046625,-11.977583706279152,0.13641927833824807,-0.46216556802392006,0.5627174377441406
Kiskitto,Nelson-Winnipeg,2003-02-01,-0.4186538461538589,-478.57142857142844,0.5519094385298171,-6.331904834951274,-1.3922735379310325,-7.670229167810504,-6.076499394008092
Kiskitto,Nelson-Winnipeg,2003-03-01,-0.3812692307692487,-479.2857142857142,0.8023956350890717,-5.250993162917439,-1.519537833831107,-16.879474744200706,-2.3464028494698663
Kiskitto,Nelson-Winnipeg,2003-04-01,-0.3879629629629733,-517.7857142857142,0.9256272408362882,-13.369808543107606,-4.508490694986126,-23.508520763633506,-0.4700034005301339
Kiskitto,Nelson-Winnipeg,2003-05-01,-0.4732500000000073,-894.6785714285713,-2.375136857153848,-30.195357653220917,8.049819192300284,-10.577080467815644,3.2825927734375
Kiskitto,Nelson-Winnipeg,2003-06-01,-0.5793913043478085,-1352.1428571428573,-4.263146448855487,-18.698127324959003,10.379292736096048,-0.0036192235869845846,1.7391553606305798
Kiskitto,Nelson-Winnipeg,2003-07-01,-0.637227272727273,-1589.4285714285716,-4.849290916484147,-9.30189033221852,7.119018351659179,6.004374280534316e-24,-0.2742374965122778
Kiskitto,Nelson-Winnipeg,2003-08-01,-0.7224583333333499,-1377.4642857142858,-7.795726586274604,-52.4651770039262,14.302210749260013,3.906317703988204e-24,3.0110735212053577
Kiskitto,Nelson-Winnipeg,2003-09-01,-0.6536399999999958,-1437.2142857142858,-5.0722425969849745,75.11937259031194,6.956797525552773,-0.01229410611764641,-0.4599478585379462
Kiskitto,Nelson-Winnipeg,2003-10-01,-0.39547999999999206,-1488.5714285714284,-6.794851285771333,-9.01692847297194,-3.489100025035441,0.6853024889486341,0.3770795549665178
Kiskitto,Nelson-Winnipeg,2003-11-01,-0.3142222222222131,-1217.2142857142858,-5.846825635152138,-19.156195589208178,-3.42674447373221,5.015527771320194,-1.884799412318638
Kiskitto,Nelson-Winnipeg,2003-12-01,-0.3269200000000012,-1459.6296296296296,-5.462907178702558,-10.939511307730786,0.5096507625744886,-5.410152142522513,4.266786363389755
Kiskitto,Nelson-Winnipeg,2004-01-01,-0.2841250000000173,-1344.5185185185187,-4.553993190971337,-2.743126749659755,-0.4372057603307309,-12.540868017822504,-5.381237030029297
Kiskitto,Nelson-Winnipeg,2004-02-01,-0.2656538461538389,-1098.5714285714284,-3.2202607861628554,5.682297880412079,0.4390885878819972,-12.087063730827396,3.715675898960658
Kiskitto,Nelson-Winnipeg,2004-03-01,-0.21226923076923754,-979.2857142857142,-3.436640338934792,15.43593891983619,1.2308002213623173,3.8394350558519363,0.050813947405133675
Kiskitto,Nelson-Winnipeg,2004-04-01,-0.2279629629629767,-1039.7857142857142,-3.836002729907964,-1.832110969449527,9.40399125933514,2.0402502601167996,0.0470559256417411
Kiskitto,Nelson-Winnipeg,2004-05-01,-0.25225000000000364,-804.6785714285713,-3.323843324324116,35.81157015599144,0.084461916620576,7.146625064446457,-3.7420654296875
Kiskitto,Nelson-Winnipeg,2004-06-01,-0.14639130434781578,-132.14285714285734,-2.40647456978747,-16.535198166301214,-10.256289304899312,0.023539761589371926,-3.684947422572545
Kiskitto,Nelson-Winnipeg,2004-07-01,-0.11122727272729094,-259.42857142857156,-2.4976153555534033,-27.74698747504901,-10.32369933091104,3.318352202063347e-24,-0.9990910121372778
Kiskitto,Nelson-Winnipeg,2004-08-01,-0.11545833333335054,-226.46428571428578,-3.660444865610252,-15.992522335311932,-14.816718774714644,-3.8976948203884974e-25,-3.8349347795758923
Kiskitto,Nelson-Winnipeg,2004-09-01,-0.08263999999999783,-164.21428571428578,-2.8328512728746453,3.1117765632058862,-10.805761474849916,-0.013952670205493891,-0.035204206194196175
Kiskitto,Nelson-Winnipeg,2004-10-01,,408.42857142857156,-3.043428454215505,-8.727511135345722,2.7228420367464423,2.680223150621584,-0.3467058454241072
Kiskitto,Nelson-Winnipeg,2004-11-01,-0.016222222222211258,50.78571428571422,-2.798213073609597,0.8376190505389651,1.9782175201856127,-4.982793761882931,2.130703517368862
Kiskitto,Nelson-Winnipeg,2004-12-01,0.0020799999999780994,325.37037037037044,-2.6517252958405564,12.77825863777522,-1.1164313877492935,4.284111196520151,-6.578809950086807
Kiskitto,Nelson-Winnipeg,2005-01-01,0.05787499999999568,452.4814814814813,-1.9957916395339588,14.85650842576953,-0.2740974680039341,11.005265172570944,-1.9701805114746094
Kiskitto,Nelson-Winnipeg,2005-02-01,0.07834615384615518,451.42857142857156,-1.420048766574057,4.378724333946593,0.5738476902479306,23.700686304696973,1.798561641148158
Kiskitto,Nelson-Winnipeg,2005-03-01,0.11673076923074177,440.7142857142858,-1.3483079939240792,12.72114828316262,-1.5002041883625292,28.34678627550602,-1.7060525076729913
Kiskitto,Nelson-Winnipeg,2005-04-01,0.20003703703702058,902.2142857142858,6.571754924412485,3.988064314138942,0.38598021741823274,-14.25887454700257,3.7286355154854913
Kiskitto,Nelson-Winnipeg,2005-05-01,0.2887499999999932,1525.3214285714287,4.301363951526582,9.472795212267165,5.599349776665413,-9.436610404268972,1.084136962890625
Kiskitto,Nelson-Winnipeg,2005-06-01,0.39160869565219514,1297.8571428571427,4.9663932700890925,12.41809563777808,-4.4957495161465175,-0.0036192235869845846,-0.6121324811662952
Kiskitto,Nelson-Winnipeg,2005-07-01,0.40677272727270974,1360.5714285714284,11.700119236463383,40.698141379315146,6.213010288774967,-6.130840305252942e-25,-0.4023502894810278
Kiskitto,Nelson-Winnipeg,2005-08-01,0.43054166666664173,1663.5357142857142,4.85981302647685,-9.669188738501234,-6.348241020792301,-3.8976948203884974e-25,-1.2107282366071423
Kiskitto,Nelson-Winnipeg,2005-09-01,0.6853600000000029,1815.7857142857142,21.68527022669358,89.1880617876138,-0.590631305905319,-0.014906344521900141,-0.22279575892857117
Kiskitto,Nelson-Winnipeg,2005-10-01,,758.4285714285716,18.954836168891884,-15.658272523848737,-8.925166446715593,-1.919472408969471,0.9957318987165178
Kiskitto,Nelson-Winnipeg,2005-11-01,0.5217777777777712,90.78571428571422,15.13127676714378,-10.846018807829491,6.181570830189489,-11.213480087462813,2.397854396275112
Kiskitto,Nelson-Winnipeg,2005-12-01,0.3350799999999765,325.37037037037044,11.875549203573932,16.884068480942883,1.3834027009175367,-8.125637313006102,2.8413713243272554
Kiskitto,Nelson-Winnipeg,2006-01-01,0.22787499999998317,462.4814814814813,8.970740351027676,9.303821209219418,0.9036372273710316,2.1025515161454678,7.828586578369141
Kiskitto,Nelson-Winnipeg,2006-02-01,0.13134615384615245,541.4285714285716,6.147868579448966,-6.2958068883745,0.14536130765918642,3.111930697091992,0.307777949741908
Kiskitto,Nelson-Winnipeg,2006-03-01,0.07373076923076383,580.7142857142858,5.148219121890309,-15.7433325148304,-0.1885522625733369,0.29495544731616974,2.2422812325613837
Kiskitto,Nelson-Winnipeg,2006-04-01,0.008037037037041728,962.2142857142858,5.31721976065975,-3.27739554839874,-2.626557855234882,-28.024125810978667,4.562253679547991
Kiskitto,Nelson-Winnipeg,2006-05-01,-0.054249999999996135,1425.3214285714287,2.551028912421316,12.388109378142481,-1.8904913054679398,-10.932344887156173,0.44073486328125
Kiskitto,Nelson-Winnipeg,2006-06-01,-0.12439130434782442,537.8571428571427,0.07502540808803104,-18.028559944858515,7.638291655374431,-0.0036192235869845846,1.9001355852399548
Kiskitto,Nelson-Winnipeg,2006-07-01,-0.13122727272727275,-29.42857142857156,-0.5844659218772499,40.96911014806081,9.626969927921891,-6.130840305252942e-25,0.4769832066127222
Kiskitto,Nelson-Winnipeg,2006-08-01,-0.14245833333336577,-66.46428571428578,2.5059784560913343,24.917597786822753,3.6782097137932226,-3.8976948203884974e-25,0.26925223214285765
Kiskitto,Nelson-Winnipeg,2006-09-01,-0.15464000000000055,-694.2142857142858,0.2993471987013301,-32.59439054610474,8.595347836879753,-0.014906344521900141,-0.3152029854910712
Kiskitto,Nelson-Winnipeg,2006-10-01,-0.04947999999998842,-1106.5714285714284,0.38648692342186663,5.843379324817633,7.68679182510823,4.50750458471053,-1.0549272809709822
Kiskitto,Nelson-Winnipeg,2006-11-01,-0.027222222222206938,-339.2142857142858,0.19629866853522593,47.07757533261818,-3.1651190823010573,15.126090438570827,-1.836032322474888
Kiskitto,Nelson-Winnipeg,2006-12-01,0.02407999999999788,-294.62962962962956,0.20331073351876938,-3.791237611073516,-0.4559400517286525,41.65090003085357,5.06393602159288
Kiskitto,Nelson-Winnipeg,2007-01-01,0.09687499999998295,-307.5185185185187,0.3753962061767062,-5.317034124995448,-0.048547518612654716,38.09488331899047,1.9357948303222656
Kiskitto,Nelson-Winnipeg,2007-02-01,0.11534615384616131,-368.57142857142844,0.3438921386467495,1.4443166583077982,-0.9453015954932198,32.43094882262605,-2.9836801801409045
Kiskitto,Nelson-Winnipeg,2007-03-01,0.17273076923075337,-329.2857142857142,0.5614454883990607,7.378746602626052,-1.1037124323982948,39.83769752085209,0.4319174630301337
Kiskitto,Nelson-Winnipeg,2007-04-01,0.193037037037044,-457.7857142857142,3.68543608991396,-11.15800503092552,-5.812391775959572,24.889910626890405,-0.5762656075613839
Kiskitto,Nelson-Winnipeg,2007-05-01,0.31475000000000364,-844.6785714285713,4.654203657992184,8.350709369031911,4.326835197779083,-9.674324088596872,1.071533203125
Kiskitto,Nelson-Winnipeg,2007-06-01,0.33460869565217877,-182.14285714285734,7.138827157697442,28.551408239374197,5.776971312505864,-0.003246046684271927,-1.1322740827287952
Kiskitto,Nelson-Winnipeg,2007-07-01,0.3947727272727093,390.57142857142844,4.749157170278654,-36.085018834065906,-0.5463764537125826,-6.130840305252942e-25,1.1264277866908472
Kiskitto,Nelson-Winnipeg,2007-08-01,0.16154166666663627,-86.46428571428578,4.376046944733908,9.283301790544229,5.932695564946954,-3.8976948203884974e-25,-1.5715985979352673
Kiskitto,Nelson-Winnipeg,2007-09-01,0.016360000000020136,-44.21428571428578,3.3090581252638778,15.590516517737079,-5.156219038846231,-0.0034622527250251414,-1.9301016671316962
Kiskitto,Nelson-Winnipeg,2007-10-01,-0.012480000000010705,408.42857142857156,1.8705266868762145,2.411205693663632,-6.323326379060745,-2.1969916350436898,1.5421491350446428
Kiskitto,Nelson-Winnipeg,2007-11-01,-0.07822222222222308,340.7857142857142,1.9456420237215095,8.854801167867013,3.3919529648431173,6.373807729687542,-0.876468113490513
Kiskitto,Nelson-Winnipeg,2007-12-01,-0.12492000000000303,195.37037037037044,1.9798516182668706,-7.605713804002367,-1.366778368214404,2.8200162298701414,-2.1121504041883696
Kiskitto,Nelson-Winnipeg,2008-01-01,-0.13112499999999727,152.4814814814813,1.994963660503604,-2.4349180000301978,-0.2886870217610391,-2.3569115437567234,0.037036895751953125
Kiskitto,Nelson-Winnipeg,2008-02-01,-0.1486538461538487,91.42857142857156,2.0570729658564755,4.239545334712602,-0.4565472772810608,1.9724165488566712,-4.189811161586217
Kiskitto,Nelson-Winnipeg,2008-03-01,-0.13126923076924868,100.71428571428578,1.3387033276168427,3.7495644864975475,-1.1992366463735902,12.417981401085854,-2.6409279959542413
Kiskitto,Nelson-Winnipeg,2008-04-01,-0.16796296296297442,-117.78571428571422,0.6435482594367521,-20.549581781129486,5.622972364238063,10.73473136472915,-0.3989279610770089
Kiskitto,Nelson-Winnipeg,2008-05-01,-0.17025000000001,-554.6785714285713,-1.680114452028647,-39.40812346679325,4.986183873760247,-2.231808163092605,-1.12005615234375
Kiskitto,Nelson-Winnipeg,2008-06-01,-0.1663913043477976,-192.14285714285734,-3.676636744265643,-26.083038038840257,2.3385539783963196,-0.003328974894348643,-0.10029166085379515
Kiskitto,Nelson-Winnipeg,2008-07-01,-0.07922727272728025,690.5714285714284,-4.151767561000138,52.717210778999814,-9.60807385854423,-6.130840305252942e-25,-1.0565861293247778
Kiskitto,Nelson-Winnipeg,2008-08-01,0.010541666666654237,1093.5357142857142,-6.077565569804783,-56.29186923865096,4.7915692973349735,-3.8976948203884974e-25,1.8544878278459827
Kiskitto,Nelson-Winnipeg,2008-09-01,-0.03463999999999601,305.7857142857142,-4.932903934137098,-5.472692760771942,1.2452709155955546,-0.014906344521900141,-1.1258414132254462
Kiskitto,Nelson-Winnipeg,2008-10-01,-0.03747999999998797,678.4285714285716,-5.809240463089996,-29.90497052711102,-2.7835072251036763,-2.9263451877860853,1.4237409319196428
Kiskitto,Nelson-Winnipeg,2008-11-01,-0.11122222222221012,400.7857142857142,-5.392522117680139,-9.468341262878052,3.8856505541064372,-12.08924368256703,1.613247462681362
Kiskitto,Nelson-Winnipeg,2008-12-01,-0.12492000000000303,175.37037037037044,-5.332821671294774,-11.592252133629732,-0.9875609434352048,-18.97517464089173,-8.02816602918837
Kiskitto,Nelson-Winnipeg,2009-01-01,-0.09512500000002433,12.481481481481296,-4.586935903976805,0.783222278447024,0.24819493299738893,-30.64935887232423,-1.2238731384277344
Kiskitto,Nelson-Winnipeg,2009-02-01,-0.08265384615384619,1.4285714285715585,-3.6178120670748672,9.524123699520715,-1.0389588860562071,-19.9799629460488,0.058937617710657975
Kiskitto,Nelson-Winnipeg,2009-03-01,-0.047269230769245496,80.71428571428578,-3.5999049406590142,16.75768938002875,-0.9460316624816709,-10.990781709551811,-2.9163796561104913
Kiskitto,Nelson-Winnipeg,2009-04-01,-0.01996296296297828,292.2142857142858,4.889543628710921,19.454317121666723,-3.3470557744814364,7.991300929071649,0.2478615897042411
Kiskitto,Nelson-Winnipeg,2009-05-01,0.0017499999999870397,1315.3214285714287,-3.9266598760150373,0.5294869510440279,-8.869857022156275,-2.4455560071926037,-3.0733642578125
Kiskitto,Nelson-Winnipeg,2009-06-01,0.01060869565219491,1297.8571428571427,-3.734809771620867,-18.612205832531416,-16.190020167934037,0.001688181403177883,-2.21958487374442
Kiskitto,Nelson-Winnipeg,2009-07-01,0.01077272727272316,980.5714285714284,-1.529698846882507,17.4910254385655,-24.893492693081498,-6.130840305252942e-25,-3.314429146902903
Kiskitto,Nelson-Winnipeg,2009-08-01,0.07254166666663764,1263.5357142857142,-2.432990699682186,-19.704437910279793,-17.382693842851694,-3.8976948203884974e-25,-1.8105512346540173
Kiskitto,Nelson-Winnipeg,2009-09-01,0.06535999999999831,1145.7857142857142,-2.151861803473107,-45.43722291210933,0.7763802672603362,-0.014906344521900141,4.373944963727679
Kiskitto,Nelson-Winnipeg,2009-10-01,0.02752000000000976,308.42857142857156,-2.659659786981397,-9.578321455462302,-0.6656533805653453,-1.4449158269209357,-1.3086504255022322
Kiskitto,Nelson-Winnipeg,2009-11-01,-0.0012222222222249002,220.78571428571422,-2.9819155783375866,-15.297406602517835,-1.46701534894029,-12.371365039143711,5.998714991978237
Kiskitto,Nelson-Winnipeg,2009-12-01,-0.029920000000004165,55.37037037037044,-3.0990300114758114,-11.85817208628308,1.6317154036692552,-27.239509513256728,-1.4435560438368071
Kiskitto,Nelson-Winnipeg,2010-01-01,-0.001125000000001819,,-2.587832090544648,8.003272889514587,2.405326870562671,-32.15707698836923,4.143619537353516
Kiskitto,Nelson-Winnipeg,2010-02-01,0.0183461538461529,51.42857142857156,-2.0288097465319357,-6.409946057829075,0.3462473541731015,-26.626078278890674,3.293800898960658
Kiskitto,Nelson-Winnipeg,2010-03-01,0.05273076923074882,20.71428571428578,-0.8980710673703083,-12.981266518181656,-1.3613211459804528,-49.25045557320118,6.008089338030134
Kiskitto,Nelson-Winnipeg,2010-04-01,0.021037037037018536,-587.7857142857142,-3.323866699897085,6.11944608473485,4.895714789329627,-53.21423054140593,5.316892351422991
Kiskitto,Nelson-Winnipeg,2010-05-01,-0.06825000000000614,-964.6785714285713,-4.6541486226487905,14.063601763544803,13.158578697974527,-8.619933405758015,1.35040283203125
Kiskitto,Nelson-Winnipeg,2010-06-01,-0.0693913043478176,-72.14285714285734,-6.735063990553108,-42.8378932078236,12.560990372938775,-0.0036192235869845846,0.5068555559430798
Kiskitto,Nelson-Winnipeg,2010-07-01,,680.5714285714284,-6.82189836983785,36.01180068965603,4.426277941092849,-6.130840305252942e-25,0.3995906284877222
Kiskitto,Nelson-Winnipeg,2010-08-01,-0.07645833333336327,953.5357142857142,3.7198452077323694,133.35028839979452,0.07600393811506478,-3.8976948203884974e-25,-0.9037519182477673
Kiskitto,Nelson-Winnipeg,2010-09-01,0.18336000000002173,1545.7857142857142,5.632385478488036,-14.244976087606382,-9.992846088217831,-0.014906344521900141,-2.330950055803571
Kiskitto,Nelson-Winnipeg,2010-10-01,0.3005200000000059,1458.4285714285716,7.708744482702709,-17.292959359890247,2.735310699790716,-1.983161252480516,2.107822963169643
Kiskitto,Nelson-Winnipeg,2010-11-01,0.272777777777776,870.7857142857142,6.145825926588648,-2.711414958217315,4.820887593918346,-5.798932223115116,0.804928370884487
Kiskitto,Nelson-Winnipeg,2010-12-01,0.2420799999999872,555.3703703703704,5.0326097876273295,-4.297777498356513,0.2225124294960148,-8.864237581966101,0.8137529161241304
Kiskitto,Nelson-Winnipeg,2011-01-01,0.24187499999999318,462.4814814814813,4.1123880489197155,-1.9478732553709825,-0.5009817989178242,-15.498375985771418,-2.2419090270996094
Kiskitto,Nelson-Winnipeg,2011-02-01,0.2163461538461604,371.42857142857156,2.968692101733593,5.278528624330647,0.3471861273283139,-9.418601037136142,-0.031638554164342025
Kiskitto,Nelson-Winnipeg,2011-03-01,0.2167307692307645,370.7142857142858,2.45313384480791,-14.554548346495721,-3.833192543554885,-7.217926904559135,-3.9858071463448663
Kiskitto,Nelson-Winnipeg,2011-04-01,0.18403703703702945,612.2142857142858,1.1379303707924144,-2.630120538274891,-3.805898616389772,-14.897627722738044,0.4260232107979911
Kiskitto,Nelson-Winnipeg,2011-05-01,,1665.3214285714287,-0.23585170856676996,-6.5377079559506726,1.4756543491135474,-8.028945669398777,0.552825927734375
Kiskitto,Nelson-Winnipeg,2011-06-01,,1797.8571428571427,-1.9927831194114063,-18.802475034525358,-0.12147872309598995,-0.0016704108633445814,0.46822030203682985
Kiskitto,Nelson-Winnipeg,2011-07-01,,1640.5714285714284,0.4402272123635562,41.448513099957,1.7327507957816124,-6.130840305252942e-25,0.4970332554408472
Kiskitto,Nelson-Winnipeg,2011-08-01,,1813.5357142857142,4.108544500403305,58.05410016078635,6.20460264118654,-3.8976948203884974e-25,0.7953142438616077
Kiskitto,Nelson-Winnipeg,2011-09-01,0.2923600000000022,1875.7857142857142,3.8044111404035768,-17.220949853903484,7.25360071685698,-0.014450239409110768,1.9376351492745538
Kiskitto,Nelson-Winnipeg,2011-10-01,0.29452000000000567,648.4285714285716,2.3452254702403614,-4.12427922752353,4.099555662833154,-2.4066755948816927,2.344273158482143
Kiskitto,Nelson-Winnipeg,2011-11-01,0.23977777777778897,230.78571428571422,1.5411348691226774,10.108566244265862,4.937059025646054,2.195304201450199,1.270840236118862
Kiskitto,Nelson-Winnipeg,2011-12-01,0.19607999999999493,215.37037037037044,1.1900962450050017,4.904283489816375,1.238771622916425,4.442089582207025,3.1762712266710054
Kiskitto,Nelson-Winnipeg,2012-01-01,0.17287499999997635,12.481481481481296,1.0837452843718758,16.38635022598984,0.7601163295346072,18.002090509980917,2.5002479553222656
Kiskitto,Nelson-Winnipeg,2012-02-01,0.12334615384614267,-108.57142857142844,1.2271374554464796,-9.50629093858879,0.6056972197256982,18.796557693609174,4.760994502476283
Kiskitto,Nelson-Winnipeg,2012-03-01,0.09973076923074586,-549.2857142857142,2.495530908033418,22.2174805458053,4.803120903358961,-2.6761945337057114,4.694917951311384
Kiskitto,Nelson-Winnipeg,2012-04-01,0.1230370370370224,-727.7857142857142,2.7093442570601063,-1.7612419781341622,5.072861074170628,-30.83194975209023,1.310788835797991
Kiskitto,Nelson-Winnipeg,2012-05-01,0.07574999999999932,-784.6785714285713,4.378386365715414,3.089583161844139,10.029958367730224,-9.782338065893523,0.65460205078125
Kiskitto,Nelson-Winnipeg,2012-06-01,0.08460869565217877,-802.1428571428573,3.880992688729229,13.847517464975155,-0.31966882358703685,-0.003121654383367708,0.37401253836495485
Kiskitto,Nelson-Winnipeg,2012-07-01,0.08877272727272612,-399.42857142857156,2.588651836828962,-12.32376014065396,6.069680210202932,-6.130840305252942e-25,2.247307913643972
Kiskitto,Nelson-Winnipeg,2012-08-01,-0.020458333333351675,-56.46428571428578,2.8822253256553907,-7.8425999755771585,0.5415632456008836,-3.8976948203884974e-25,0.32934134347098265
Kiskitto,Nelson-Winnipeg,2012-09-01,-0.13463999999999032,-504.2142857142858,-1.1665865479569355,-28.93468398334725,7.095566917476916,-0.013745349751356375,-0.13530186244419617
Kiskitto,Nelson-Winnipeg,2012-10-01,-0.1924799999999891,-231.57142857142844,-1.5389128363624742,31.39233393553046,2.6048426516354084,1.6941239074575214,-1.5029863630022322
Kiskitto,Nelson-Winnipeg,2012-11-01,-0.15922222222221194,70.78571428571422,-1.9596927190182871,-6.860355746799282,-1.1523517189613948,2.062329964246601,-2.610446384974888
Kiskitto,Nelson-Winnipeg,2012-12-01,-0.12492000000000303,45.37037037037044,-1.6431078951831708,24.912609939713516,-1.3306959339792632,22.4283871896289,-3.333418104383682
Kiskitto,Nelson-Winnipeg,2013-01-01,-0.085125000000005,2.481481481481296,-1.0704833132747034,2.677659695369325,-0.2581383461931961,26.10151981934905,-2.0874290466308594
Kiskitto,Nelson-Winnipeg,2013-02-01,-0.07365384615386006,51.42857142857156,-0.6965138044116816,-5.764627523603849,-0.23913862241897732,22.53421595586198,0.08571679251534547
Kiskitto,Nelson-Winnipeg,2013-03-01,-0.045269230769235946,120.71428571428578,-0.7596310143916138,-11.221420289075468,-0.47968110915722484,24.48602207005024,-1.3770119803292413
Kiskitto,Nelson-Winnipeg,2013-04-01,-0.15896296296295986,132.21428571428578,-2.5545581645149333,-8.822459307599015,1.632608452512482,43.47113709497665,-3.1656821114676337
Kiskitto,Nelson-Winnipeg,2013-05-01,-0.10625000000001705,-54.67857142857133,0.7729073404334486,-7.989020636679406,-3.0200475199048284,8.378399752213486,0.371917724609375
Kiskitto,Nelson-Winnipeg,2013-06-01,0.05860869565219673,157.85714285714266,-2.5572423068557057,9.517565984944142,-3.579467801111079,-0.0036192235869845846,0.6912427629743298
Kiskitto,Nelson-Winnipeg,2013-07-01,-0.025227272727278205,940.5714285714284,-4.0636180830395965,-36.69494035836708,4.4935401529073715,-6.130840305252942e-25,-0.4653690883091528
Kiskitto,Nelson-Winnipeg,2013-08-01,-0.16745833333334303,493.5357142857142,-5.1272224778326105,-37.31471926689015,-1.3541066021259383,-3.8976948203884974e-25,0.6227983747209827
Kiskitto,Nelson-Winnipeg,2013-09-01,-0.2186399999999935,105.78571428571422,-4.874488180835865,-3.3544496233974215,2.341672744868063,-0.014906344521900141,2.410993303571429
Kiskitto,Nelson-Winnipeg,2013-10-01,-0.20248000000000843,128.42857142857156,-4.794377002066799,25.878463778229033,6.094382959417999,-0.7712899758709164,-0.3703874860491072
Kiskitto,Nelson-Winnipeg,2013-11-01,-0.23522222222220535,190.78571428571422,-4.287967141343481,20.986869099682995,-3.2425504053078065,5.423160211648792,-1.874148777553013
Kiskitto,Nelson-Winnipeg,2013-12-01,-0.2509200000000078,25.370370370370438,-3.7694895112912903,-9.116858022968731,-1.7818406053670008,12.503334666015924,-9.116407606336807
Kiskitto,Nelson-Winnipeg,2014-01-01,-0.21712500000001,-107.5185185185187,-2.9145715109604815,14.38155521671953,-0.1620073901124539,17.89386337623,-3.3290977478027344
Kiskitto,Nelson-Winnipeg,2014-02-01,-0.21665384615386074,-28.57142857142844,-2.1108497192991695,-3.3351078600389883,-0.7278859702637419,21.767588465341504,-4.308768681117467
Kiskitto,Nelson-Winnipeg,2014-03-01,-0.1892692307692414,40.71428571428578,-2.0653337097818234,-8.008467768377159,-2.7190665251899713,25.459060445427895,-5.520108904157366
Kiskitto,Nelson-Winnipeg,2014-04-01,-0.22696296296297191,62.21428571428578,-3.1944597191925688,-3.002357365663297,-1.79630589887633,47.3905746226332,-2.8940146309988837
Kiskitto,Nelson-Winnipeg,2014-05-01,-0.18625000000000114,165.32142857142867,0.4734311660286039,3.604457745885675,-8.40951614788667,7.808018691970833,0.179412841796875
Kiskitto,Nelson-Winnipeg,2014-06-01,-0.07739130434779895,1347.8571428571427,0.840679084441426,20.87290041215185,-4.450745681034661,-0.0036192235869845846,-0.7707933698381702
Kiskitto,Nelson-Winnipeg,2014-07-01,-0.04322727272727889,1260.5714285714284,0.993606687968299,-7.950590403717271,2.482487354427576,-6.130840305252942e-25,-0.6434086390904028
Kiskitto,Nelson-Winnipeg,2014-08-01,-0.09145833333334963,1683.5357142857142,1.9401970816293854,18.945515991487937,2.4994789689247057,-3.8976948203884974e-25,0.34240286690848265
Kiskitto,Nelson-Winnipeg,2014-09-01,-0.11063999999998941,1815.7857142857142,1.0311135390241226,-16.296631989202332,-10.318056946354247,0.10169070889836414,-1.0513480050223212
Kiskitto,Nelson-Winnipeg,2014-10-01,-0.06947999999999865,1148.4285714285716,1.316392956401355,-11.001961282870198,-0.8523693541064858,-1.091683102328846,1.0148359026227678
Kiskitto,Nelson-Winnipeg,2014-11-01,-0.10022222222221444,220.78571428571422,1.1020296629534894,-8.553638139606587,3.8682249266587725,-7.106751261744648,-4.910495213099888
Kiskitto,Nelson-Winnipeg,2014-12-01,-0.09792000000001622,285.37037037037044,0.8693719169564744,-6.743185466836653,-1.2469860489040405,-13.080223118541419,1.6472490098741304
Kiskitto,Nelson-Winnipeg,2015-01-01,-0.04712500000002251,82.4814814814813,0.7871219256360611,-7.353487989998289,1.1079924795792198,-21.028029266744852,0.3028450012207031
Kiskitto,Nelson-Winnipeg,2015-02-01,-0.02365384615384869,-38.57142857142844,0.5532882616015353,-2.2160723310662434,-0.6780034600524232,-22.810844571462695,-5.7869028363909045
Kiskitto,Nelson-Winnipeg,2015-03-01,0.029730769230752685,80.71428571428578,0.5968440408261291,-3.808691843005363,-0.5935357013575935,-27.556149289011955,0.5513022286551337
Kiskitto,Nelson-Winnipeg,2015-04-01,0.058037037037024675,92.21428571428578,1.9821652624939041,24.65904941865509,-5.506211330482206,-20.293975215671317,-0.1735556466238839
Kiskitto,Nelson-Winnipeg,2015-05-01,0.06575000000000841,35.32142857142867,-0.8597864944022149,-19.066224191712017,6.097706539938891,-10.246694512066565,0.23150634765625
Kiskitto,Nelson-Winnipeg,2015-06-01,0.09360869565219332,-82.14285714285734,-1.733716827792314,2.3259978375530608,-0.19845253388795925,-0.0009655210919033508,0.5060926164899548
Kiskitto,Nelson-Winnipeg,2015-07-01,0.1167727272727177,-709.4285714285716,0.43332884784571846,48.20553963820983,-1.627025194466114,-6.130840305252942e-25,0.3122188023158472
Kiskitto,Nelson-Winnipeg,2015-08-01,0.25654166666663514,-496.4642857142858,-2.957509099880035,-4.479114061853451,-13.612350582012112,-3.8976948203884974e-25,-0.37781197684151735
Kiskitto,Nelson-Winnipeg,2015-09-01,0.3753600000000006,255.78571428571422,1.1995583606351694,17.582517715969253,0.5823741334357493,-0.014906344521900141,0.8032967703683038
Kiskitto,Nelson-Winnipeg,2015-10-01,0.4635199999999884,48.42857142857156,1.4078671104341218,-18.08299983427527,-0.49546966329216957,-2.0964826625069173,1.7170453752790178
Kiskitto,Nelson-Winnipeg,2015-11-01,0.4407777777777824,40.78571428571422,1.5897341914491587,-7.4629290195714155,3.9294442519479027,-9.251067007426172,3.256985255650112
Kiskitto,Nelson-Winnipeg,2015-12-01,0.41007999999999356,45.37037037037044,1.4920616409249803,-3.9290118266190213,1.392827277919019,-17.682573413131415,5.83279588487413
Kiskitto,Nelson-Winnipeg,2016-01-01,0.41987499999999045,132.4814814814813,1.5526906188045224,-8.715019079058298,0.07817045733255723,-23.890212643891573,2.8531532287597656
Kiskitto,Nelson-Winnipeg,2016-02-01,0.4013461538461627,201.42857142857156,1.718726646816192,0.43555193406064063,0.40047592483460903,-23.39432561503989,0.3004995073590955
Kiskitto,Nelson-Winnipeg,2016-03-01,0.41273076923076246,320.7142857142858,1.60419562858546,-1.7969569671549834,0.3524000520493633,-33.696481958031654,2.3944418770926337
Kiskitto,Nelson-Winnipeg,2016-04-01,0.37903703703702263,482.2142857142858,0.11865165496211816,-11.344689223083801,-1.153508222029945,-32.73125548314835,-1.220674787248884
Kiskitto,Nelson-Winnipeg,2016-05-01,0.28974999999999795,155.32142857142867,-1.8444526940584183,-0.23042663503604643,3.7626994703064796,-9.416375907936267,2.664825439453125
Kiskitto,Nelson-Winnipeg,2016-06-01,0.29360869565218195,-2.1428571428573377,-2.6453954810027156,3.9448995708620913,8.486624075365924,-0.0036192235869845846,0.8327222551618298
Kiskitto,Nelson-Winnipeg,2016-07-01,0.308772727272725,400.57142857142844,-4.856259654064029,10.427244527298697,-4.354179836809635,-6.130840305252942e-25,-0.0431889125279028
Kiskitto,Nelson-Winnipeg,2016-08-01,0.30554166666664173,523.5357142857142,-4.0212674035241704,-4.608427270016236,-4.205832390912946,-3.8976948203884974e-25,-0.40924508231026735
Kiskitto,Nelson-Winnipeg,2016-09-01,0.2713600000000156,315.7857142857142,-2.5560197121064583,18.46096910802381,-2.144447561087347,-0.014906344521900141,0.9634225027901788
Kiskitto,Nelson-Winnipeg,2016-10-01,0.5215200000000095,118.42857142857156,8.840105134627915,109.90343070547429,1.6319946153089404,10.020446679066351,-0.8188432965959822
Kiskitto,Nelson-Winnipeg,2016-11-01,0.7007777777777733,330.7857142857142,15.688463780471855,-10.645350807213358,-1.9286626359514365,-13.577099714893848,7.447170802525112
Kiskitto,Nelson-Winnipeg,2016-12-01,0.6460799999999836,215.37037037037044,16.59216654984953,-3.008245269517861,3.5172871681020803,-22.518779737529933,-0.9428541395399321
Kiskitto,Nelson-Winnipeg,2017-01-01,0.5818749999999966,462.4814814814813,13.453688455878623,0.3595999026271919,-0.06564569158789313,-27.504390571266413,5.088901519775391
Kiskitto,Nelson-Winnipeg,2017-02-01,0.4913461538461661,571.4285714285716,9.393179670171646,-8.483240424538963,1.5574444114463404,-32.541638107172076,3.064186641148158
Kiskitto,Nelson-Winnipeg,2017-03-01,0.4497307692307686,640.7142857142858,8.052551481211724,30.71809533139458,0.04552027062995201,-13.303814455866814,-1.5429360525948663
Kiskitto,Nelson-Winnipeg,2017-04-01,0.4260370370370197,1192.2142857142858,8.64004890380394,16.915690108102613,-1.198859556877455,-11.569181423900382,-0.5839865548270089
Kiskitto,Nelson-Winnipeg,2017-05-01,0.3777499999999918,1755.3214285714287,6.1124544008634984,-14.898110730947728,-7.734212635633803,-6.6133614330153385,0.26275634765625
Kiskitto,Nelson-Winnipeg,2017-06-01,0.4146086956521913,1277.8571428571427,5.512222804619732,27.35999753765229,-7.834806373076773,-0.0036192235869845846,-0.8631090436662952
Kiskitto,Nelson-Winnipeg,2017-07-01,0.39577272727271406,1100.5714285714284,3.478129447882697,-60.785111917149536,3.044511890038848,-6.130840305252942e-25,0.6632319859095972
Kiskitto,Nelson-Winnipeg,2017-08-01,0.15954166666665515,463.5357142857142,-0.1506659869586926,-57.4606647507088,14.88221470000488,-3.8976948203884974e-25,1.9092973981584827
Kiskitto,Nelson-Winnipeg,2017-09-01,0.022360000000020364,-414.2142857142858,-1.5900551391366342,-2.301179670861792,4.776301294831299,-0.014906344521900141,1.1164071219308038
Kiskitto,Nelson-Winnipeg,2017-10-01,0.06152000000000157,-421.57142857142844,-0.32962574706678893,33.41427831868974,9.64121415745467,-1.8458735947725864,1.5779157366071428
Kiskitto,Nelson-Winnipeg,2017-11-01,0.021777777777771234,200.78571428571422,-3.6297860528325803,10.086200532636472,-1.3452507430754075,6.206251622643322,-4.510562351771763
Kiskitto,Nelson-Winnipeg,2017-12-01,-0.01792000000000371,-94.62962962962956,-3.6066372235331485,-9.24711134306293,-0.37326952264670066,10.710549885752023,-1.8461744520399321
Kiskitto,Nelson-Winnipeg,2018-01-01,-0.007125000000002046,-157.5185185185187,-3.0470118092905203,22.47473884407165,-0.025755668697716505,11.341584380716085,-1.0191459655761719
Kiskitto,Nelson-Winnipeg,2018-02-01,-0.005653846153848008,-168.57142857142844,-2.378785519665273,-7.779735067742877,-1.350640130112879,23.235703020223553,-2.1078867231096545
Kiskitto,Nelson-Winnipeg,2018-03-01,0.0057307692307517755,-99.28571428571422,-2.454544560480697,-18.330094702832866,2.7888850771497733,16.111189499497414,1.5410483224051337
Kiskitto,Nelson-Winnipeg,2018-04-01,-0.03496296296296464,-327.7857142857142,-2.276998425908719,-14.668339094246871,-4.268838113473198,17.385946619989618,-3.5309470040457587
Kiskitto,Nelson-Winnipeg,2018-05-01,-0.06425000000001546,-574.6785714285713,-4.74248846876435,-25.13646016866135,9.930591604123556,-8.607908867166511,3.23175048828125
Kiskitto,Nelson-Winnipeg,2018-06-01,-0.0723913043478035,-862.1428571428573,-5.852851219450322,-2.511743306448423,3.1110930389591687,-0.0036192235869845846,2.101795741489955
Kiskitto,Nelson-Winnipeg,2018-07-01,0.08977272727270247,-1229.4285714285716,-3.8907430472525952,40.883089004117735,13.477848842740059,-6.130840305252942e-25,-0.1930912562779028
Kiskitto,Nelson-Winnipeg,2018-08-01,0.22554166666665765,-1126.4642857142858,-4.819774298604379,-3.8573626453788705,2.380133473447387,-3.8976948203884974e-25,-0.6306806291852673
Kiskitto,Nelson-Winnipeg,2018-09-01,0.18136000000001218,-1130.2142857142858,-3.3570380349244395,12.112354992755819,1.3368501926639311,0.15513793629955736,-4.351549421037946
Kiskitto,Nelson-Winnipeg,2018-10-01,0.13051999999998998,-661.5714285714284,-2.582807892135211,-0.07731930859985425,-7.9411056358367205,6.393913826416663,-3.565791538783482
Kiskitto,Nelson-Winnipeg,2018-11-01,0.05077777777779602,-79.21428571428578,-2.0882545244863397,-20.19884322570371,-5.0179667180470595,1.7664841725490987,-4.158908299037388
Kiskitto,Nelson-Winnipeg,2018-12-01,-0.0529200000000003,-404.62962962962956,-1.7568948209777275,-5.822945805482082,-0.2511483512029775,-10.880014514205634,2.7044389512803804
Kiskitto,Nelson-Winnipeg,2019-01-01,-0.07712500000002365,-337.5185185185187,-1.2883059846769491,6.355366744433663,-0.0775597156591954,-5.276935640722513,-2.5532493591308594
Kiskitto,Nelson-Winnipeg,2019-02-01,-0.1206538461538571,-268.57142857142844,-0.942117886422368,-4.961084152455442,-1.4727387024322525,-6.086421997419421,-4.587333134242467
Kiskitto,Nelson-Winnipeg,2019-03-01,-0.12926923076923913,-129.28571428571422,-0.6388446755798736,-15.529920790868346,3.7005699003722317,-17.126021906733513,1.6763632638113837
Kiskitto,Nelson-Winnipeg,2019-04-01,-0.18096296296297965,-247.78571428571422,-1.939652143586759,-4.841336444120056,0.6587483013780506,-22.823324393747107,0.2836892264229911
Kiskitto,Nelson-Winnipeg,2019-05-01,-0.20324999999999704,-424.67857142857133,-2.6199033891316503,6.96817101873291,4.523428662131273,-3.826932299749128,-0.761871337890625
Kiskitto,Nelson-Winnipeg,2019-06-01,-0.21939130434782328,-702.1428571428573,-4.0857609305281315,-35.792893114765846,2.151455929768943,-0.0036192235869845846,0.03380257742745485
Kiskitto,Nelson-Winnipeg,2019-07-01,-0.26722727272729685,-969.4285714285716,-5.565593052909076,-4.118607558276764,-2.1561728790402412,-6.130840305252942e-25,-0.1406620570591528
Kiskitto,Nelson-Winnipeg,2019-08-01,,-706.4642857142858,-5.974403171941439,23.26618381526454,3.684554116002147,-3.8976948203884974e-25,-1.2296186174665173
Kiskitto,Nelson-Winnipeg,2019-09-01,,-894.2142857142858,-3.419185481366835,-3.3401305388127085,-6.584376595648266,-0.014906344521900141,-0.053941999162946175
Kiskitto,Nelson-Winnipeg,2019-10-01,-0.0674799999999891,-151.57142857142844,-4.01560343535883,28.593651391150033,-1.286120037548244,2.851677308301857,-1.0418962751116072
Kiskitto,Nelson-Winnipeg,2019-11-01,0.04877777777778647,400.7857142857142,-2.8095251504315204,6.893310097179242,-3.94909769446323,19.45875951787457,-1.585299900599888
Kiskitto,Nelson-Winnipeg,2019-12-01,,325.37037037037044,-2.0502846277344773,-2.0151388135100525,-1.7304246252428532,22.116122180940927,-0.5298444959852446
Kiskitto,Nelson-Winnipeg,2020-01-01,,452.4814814814813,-1.3351320397175321,5.437420523126743,-0.01494821591612494,33.08017319068313,4.010044097900391
Kiskitto,Nelson-Winnipeg,2020-02-01,0.3213461538461502,531.4285714285716,-0.5100964652748576,-0.7075597968650982,0.6905604241183028,29.640125243791516,1.583412715366908
Kiskitto,Nelson-Winnipeg,2020-03-01,,560.7142857142858,-0.8388837133160063,15.71265662641963,1.334226067098955,43.68033446371555,-0.4067666190011163
Kiskitto,Nelson-Winnipeg,2020-04-01,0.4640370370370306,642.2142857142858,-1.283745519426052,26.8605632715792,-2.34981709841772,95.29923837232803,-2.6322653634207587
Kiskitto,Nelson-Winnipeg,2020-05-01,0.6807499999999891,735.3214285714287,14.808942680247128,35.37224736958576,-12.98059658854202,62.679991342260365,-2.30645751953125
Kiskitto,Nelson-Winnipeg,2020-06-01,,347.85714285714266,27.69160472650713,61.46503953329686,-13.612619867282248,0.0027662477646929673,-1.3213609967912952
Kiskitto,Nelson-Winnipeg,2020-07-01,,610.5714285714284,33.48705806534521,44.568024629760274,-9.69514879398048,-6.130840305252942e-25,1.0976191929408472
Kiskitto,Nelson-Winnipeg,2020-08-01,0.45354166666663787,713.5357142857142,27.638138682440122,-7.975392139217419,2.946416481531088,-3.8976948203884974e-25,0.5954851422991077
Kiskitto,Nelson-Winnipeg,2020-09-01,0.2573600000000056,-434.2142857142858,19.881065569019743,5.789117089339662,-1.6066925932786233,-0.014906344521900141,-1.6629507882254462
Kiskitto,Nelson-Winnipeg,2020-10-01,0.1265199999999993,-561.5714285714284,14.828080415359832,-7.012523222199107,5.461512599140406,-0.7024182058168145,-2.764491489955357
Kiskitto,Nelson-Winnipeg,2020-11-01,0.02277777777777601,30.78571428571422,10.43000348415392,14.488962811550923,-8.435064332193829,32.46227273484692,-1.468356541224888
Kiskitto,Nelson-Winnipeg,2020-12-01,-0.02192000000002281,-154.62962962962956,7.404822553831359,-1.236145105428509,-0.9961130749110856,31.148658478977502,2.2532670762803804
Kiskitto,Nelson-Winnipeg,2021-01-01,-0.027125000000012278,-197.5185185185187,5.27389724239973,2.2336183049316922,-0.5131846457646003,34.161393996328115,5.875370025634766
Kiskitto,Nelson-Winnipeg,2021-02-01,-0.07465384615383641,-238.57142857142844,3.4537933508025684,-3.3229445543838665,0.1476100442232564,34.64562645448106,-3.026084354945592
Kiskitto,Nelson-Winnipeg,2021-03-01,-0.09826923076923322,-209.28571428571422,2.894011154109778,10.36557062616339,3.7358250000189788,26.581870391964912,2.6559775216238837
Kiskitto,Nelson-Winnipeg,2021-04-01,-0.10896296296297692,-147.78571428571422,1.0499998409483986,-10.591356944392569,6.811861510089198,24.83505945253585,0.4814431326729911
Kiskitto,Nelson-Winnipeg,2021-05-01,-0.12725000000000364,-774.6785714285713,1.3785649789497256,-16.66444210838693,-5.071404234123683,7.0234353022117695,-1.53948974609375
Kiskitto,Nelson-Winnipeg,2021-06-01,-0.0933913043478185,-1172.1428571428573,2.655029337412479,-12.124745491226875,5.451481057597064,-0.0030387262017127015,1.4398999895368298
Kiskitto,Nelson-Winnipeg,2021-07-01,-0.1782272727272698,-1915.4285714285716,-0.7194125838785617,-50.34175311863821,9.588203392922878,-6.130840305252942e-25,1.6818477085658472
Kiskitto,Nelson-Winnipeg,2021-08-01,-0.2844583333333617,-1814.4642857142858,-2.9325041073856752,-13.76363784324245,1.1537150546376154,-3.8976948203884974e-25,-0.13855416434151735
Kiskitto,Nelson-Winnipeg,2021-09-01,-0.32063999999999737,-1407.2142857142858,-3.8340338090035537,-30.326181191152763,-4.8326147121510274,-0.014906344521900141,2.444562639508929
Kiskitto,Nelson-Winnipeg,2021-10-01,-0.3454800000000091,-1435.5714285714284,-5.026439391908102,-15.449997131197179,2.38068460021168,-2.96698000680148,4.023991176060267
Kiskitto,Nelson-Winnipeg,2021-11-01,-0.3862222222222158,-1313.2142857142858,-5.363794890789515,11.046888872182794,9.122234083146655,-3.08299163589254,2.512631007603237
Kiskitto,Nelson-Winnipeg,2021-12-01,-0.38092000000000326,-1370.6296296296296,-5.5473205688435385,14.340486482035853,-0.7136809403568298,13.141465718271554,-3.501417371961807
Kiskitto,Nelson-Winnipeg,2022-01-01,-0.3331250000000239,-1147.5185185185187,-4.962830908230639,7.138398783614061,-0.4979664710975027,20.224434789270163,-3.964916229248047
Kiskitto,Nelson-Winnipeg,2022-02-01,-0.3156538461538503,-858.5714285714284,-4.024995144261213,5.033983106841333,-0.6734079943271354,31.422542541154797,-5.3897165570940295
Kiskitto,Nelson-Winnipeg,2022-03-01,-0.2732692307692446,-649.2857142857142,-4.135971740782095,8.705177773663308,0.664476613435129,35.14266945421696,-0.8312966482979913
Kiskitto,Nelson-Winnipeg,2022-04-01,-0.26396296296297805,-397.7857142857142,-5.6076995731148465,-2.25561361211086,2.750530818177918,76.92984681177353,-1.283022199358259
Kiskitto,Nelson-Winnipeg,2022-05-01,-0.14324999999999477,535.3214285714287,9.296288713812828,56.95617795884443,-17.363398412791348,23.53186927004052,-0.93792724609375
Kiskitto,Nelson-Winnipeg,2022-06-01,0.13760869565217604,1447.8571428571427,4.774887737377348,6.8622489093935854,7.217701724065208,0.04804504495276823,-0.8905138288225452
Kiskitto,Nelson-Winnipeg,2022-07-01,0.15077272727270952,1620.5714285714284,2.66767356775485,-37.89343330260765,-2.7681586798280478,-6.130840305252942e-25,0.0635615757533472
Kiskitto,Nelson-Winnipeg,2022-08-01,0.019541666666640367,1883.5357142857142,0.05486666071062274,-28.072011519855423,0.24006339455289094,-3.8976948203884974e-25,1.0483354840959827
Kiskitto,Nelson-Winnipeg,2022-09-01,-0.09963999999999373,1945.7857142857142,-8.4506839214425,-50.39918036865337,-37.110686451861895,-0.014906344521900141,1.8876168387276788
Kiskitto,Nelson-Winnipeg,2022-10-01,-0.18147999999999342,1108.4285714285716,-9.363774804764294,-24.285544385617996,-18.564031226560473,2.70240632302635,0.9068036760602678
Kiskitto,Nelson-Winnipeg,2022-11-01,-0.234222222222229,460.7857142857142,-9.227478123128614,-0.6902377520288745,-8.477832120011694,7.630668522324413,-0.385898045131138
Kiskitto,Nelson-Winnipeg,2022-12-01,-0.22592000000000212,15.370370370370438,-9.212622110175694,-8.275387471291683,-2.172744356761945,26.144028986217798,-2.2064192030164946
Kiskitto,Nelson-Winnipeg,2023-01-01,-0.18212500000001342,92.4814814814813,-8.388769756753131,-14.888523013464042,-1.2356076597045882,28.422181960195303,5.119754791259766
Kiskitto,Nelson-Winnipeg,2023-02-01,-0.17465384615385915,141.42857142857156,-6.938094217600467,-4.309244730393402,-2.0812085567740723,32.242747156747754,-1.276297977992467
Kiskitto,Nelson-Winnipeg,2023-03-01,-0.1402692307692348,-149.28571428571422,-7.1962196790471875,-20.981717847462278,-6.906911284334326,34.453125670552254,-3.1772744315011163
Kiskitto,Nelson-Winnipeg,2023-04-01,-0.1689629629629792,-147.78571428571422,-8.388877909705375,-22.113742701809056,-12.379111742900154,27.710633385660394,-0.7521994454520089
Kiskitto,Nelson-Winnipeg,2023-05-01,-0.1982500000000016,-524.6785714285713,-9.388304650201462,-30.534110116215224,-28.33515424988166,-6.36635978506612,4.589569091796875
Kiskitto,Nelson-Winnipeg,2023-06-01,-0.23039130434781896,-842.1428571428573,-10.974592197661487,-57.66291121420052,-43.199201380567885,-0.0036192235869845846,4.499317714146205
Kiskitto,Nelson-Winnipeg,2023-07-01,,-1119.4285714285716,-12.692260866190605,-66.12592569269638,-62.76580621488392,-6.130840305252942e-25,-1.5589359828404028
Kiskitto,Nelson-Winnipeg,2023-08-01,-0.37545833333334144,-1006.4642857142858,-12.675372152963455,-43.6238663761677,-63.24482559492546,-3.8976948203884974e-25,0.42260306222098265
Kiskitto,Nelson-Winnipeg,2023-09-01,-0.3786399999999901,-884.2142857142858,-11.674106748874433,-45.48918547308339,-42.82375672898654,-0.014906344521900141,3.709211077008929
Kiskitto,Nelson-Winnipeg,2023-10-01,-0.38548000000000116,-1208.5714285714284,-12.021722051680886,-40.254750295259456,-20.935713488142937,-2.8813566394611763,1.5184064592633928
Kiskitto,Nelson-Winnipeg,2023-11-01,-0.4392222222222131,-699.2142857142858,-11.095690398568488,-18.640768789087556,-6.747848341806925,-7.115997432265431,2.265133449009487
Kiskitto,Nelson-Winnipeg,2023-12-01,-0.4519200000000012,-804.6296296296296,-10.890715141108053,-18.254764491791352,-1.3014769032856242,-14.698651274321257,8.464479234483505
Kiskitto,Nelson-Winnipeg,2024-01-01,,,-9.818315733614977,-12.031169184150972,-0.943380249022344,-21.074304822832346,4.115451812744141
Kiskitto,Nelson-Winnipeg,2024-02-01,,,-7.946943350231907,-7.207500151707791,-0.9409990889253095,-24.298822374216144,4.446999141148158
Kiskitto,Nelson-Winnipeg,2024-03-01,,,-5.072888464513069,4.56430410122266,0.7362011991582609,-19.776737317442894,-1.5766274588448663
Kiskitto,Nelson-Winnipeg,2024-04-01,,,-4.876962635275309,31.73468536780482,-4.460174261891684,-20.013386350391166,2.1352822440011163
Kiskitto,Nelson-Winnipeg,2024-05-01,,,-4.035737219965085,34.87769436053765,-6.84545138626293,-8.724215689913503,0.44512939453125
Kiskitto,Nelson-Winnipeg,2024-06-01,,,-1.3733962727461133,5.0514435029721625,-0.3811291285923488,-0.0036192235869845846,-1.4788622174944202
Kiskitto,Nelson-Winnipeg,2024-07-01,,,-0.9121607919431476,-18.672312555801383,-2.5081464555114508,-6.130840305252942e-25,1.5313655308314722
Kiskitto,Nelson-Winnipeg,2024-08-01,,,-3.0989923366827767,-20.15035050239281,10.492393613925998,-3.8976948203884974e-25,1.9151872907366077
Kiskitto,Nelson-Winnipeg,2024-09-01,,,-3.3869797646600226,-14.220644121191334,0.29052324992206024,-0.014906344521900141,4.847974504743304
Kiskitto,Nelson-Winnipeg,2024-10-01,,,-4.510637326997571,-24.599314411586548,11.341218021698296,-2.8375290793129744,1.6873517717633928
Kiskitto,Nelson-Winnipeg,2024-11-01,,,-4.514681032950259,19.688592624983617,8.524483897157811,-4.108896537218243,4.511166163853237
Kiskitto,Nelson-Winnipeg,2024-12-01,,,-4.745389753629247,9.190466708753743,0.2359726309401191,15.266665602447809,3.1888139512803804
Sipiwesk,Nelson-Winnipeg,1994-01-01,0.06576000000001159,73.70370370370392,-0.6428999393912296,0.9777717017901253,-1.2595714776710207,5.48199989965984,-8.371869223458425
Sipiwesk,Nelson-Winnipeg,1994-02-01,-0.18730769230768374,-60.35714285714266,-0.5945507618889678,-1.110220567040546,-1.0393718028873473,6.213267200759482,-5.813170841761998
Sipiwesk,Nelson-Winnipeg,1994-03-01,-0.13539999999997576,-175.35714285714266,0.5514251409165025,-8.630520558134386,0.966458571513483,-11.759705242833924,2.19872065952846
Sipiwesk,Nelson-Winnipeg,1994-04-01,-0.0156785714285661,-240.35714285714266,-3.6898309761974293,-11.870420088858474,1.1697916280744316,-12.876680453440972,-1.4560001918247767
Sipiwesk,Nelson-Winnipeg,1994-05-01,-0.6977599999999882,-523.9285714285716,-4.153639648783221,-1.5281036113654949,-5.499707643009188,-3.8487455915726194,0.023662022181919262
Sipiwesk,Nelson-Winnipeg,1994-06-01,-1.1600370370370285,-1097.1428571428573,-4.188917851674237,11.85544841324112,-0.29210670618340373,-0.6415486402277435,1.0383823939732135
Sipiwesk,Nelson-Winnipeg,1994-07-01,-1.5751851851851768,-1427.1428571428573,-2.6894271088947015,7.695462533904774,-4.682677166004268,-0.014237897370808827,-0.7302355085100452
Sipiwesk,Nelson-Winnipeg,1994-08-01,-1.492692307692323,-1336.4285714285716,-1.704021911531786,-2.8817003310125813,1.6228953526089214,0.0023734132160566634,-0.8450295584542395
Sipiwesk,Nelson-Winnipeg,1994-09-01,-0.8641481481481321,-881.3571428571427,-0.2775606117211282,-14.771907860579503,0.7115746848285198,-0.13408795764137582,2.533802577427455
Sipiwesk,Nelson-Winnipeg,1994-10-01,-0.45784615384616245,-476.42857142857156,0.42285170379078174,12.022751483267974,-3.0187277672147133,-1.507419140710096,2.0838623046875
Sipiwesk,Nelson-Winnipeg,1994-11-01,-0.2468695652173949,-247.89285714285734,0.9578018995983122,2.0391678637159742,5.112455775296048,-4.107155504503421,2.6165204729352673
Sipiwesk,Nelson-Winnipeg,1994-12-01,-0.14438095238094206,-230.37037037037044,1.0157565573333862,-3.36037252391516,-0.0039914491396673135,-7.906259106541121,3.9036435727719905
Sipiwesk,Nelson-Winnipeg,1995-01-01,-0.15324000000001092,-86.29629629629608,0.5821651513023038,-2.795916986152797,0.8223397765375142,-9.205303554024013,2.4827755519321997
Sipiwesk,Nelson-Winnipeg,1995-02-01,-0.06530769230769806,-120.35714285714266,0.34678079464356415,1.2178928528945612,0.06735536693927946,-10.32231295747416,-1.5108637128557483
Sipiwesk,Nelson-Winnipeg,1995-03-01,0.11260000000001469,-35.35714285714266,1.3406572273067594,10.486924428343109,-0.30885017882350674,-14.537553635558915,0.3123070853097101
Sipiwesk,Nelson-Winnipeg,1995-04-01,0.060321428571427305,-50.35714285714266,-1.5070851649008024,-3.984089957417119,1.4932318091658594,-1.9794314700577935,-2.777838570731027
Sipiwesk,Nelson-Winnipeg,1995-05-01,-0.5667599999999879,-513.9285714285716,-3.6749702007260314,-10.960064371049938,-1.583450349114301,-0.1972360644556055,0.22355215890066926
Sipiwesk,Nelson-Winnipeg,1995-06-01,-1.1220370370370176,-877.1428571428573,-5.055329862183758,-24.648012310665635,8.953202341217548,-0.3567063083340014,3.4177158900669635
Sipiwesk,Nelson-Winnipeg,1995-07-01,-1.454185185185196,-1277.1428571428573,-3.436985711492266,8.579882306678755,0.9050450088190161,-0.016792980854266393,-1.8035997663225452
Sipiwesk,Nelson-Winnipeg,1995-08-01,-0.9516923076923263,-926.4285714285716,3.629337732750823,42.34766571815791,-1.8303793705334641,0.0010845791881106681,0.19684055873326045
Sipiwesk,Nelson-Winnipeg,1995-09-01,-0.3971481481481476,-401.35714285714266,-1.9842322217300534,-21.814183835106505,-0.01973239704966545,-0.05881986414481477,-1.2049059186662952
Sipiwesk,Nelson-Winnipeg,1995-10-01,0.046153846153828226,-26.42857142857156,-2.0880393011404,2.5986761154074784,-0.9468076833789922,-0.5238847599165246,0.23211669921875
Sipiwesk,Nelson-Winnipeg,1995-11-01,-0.07486956521736943,-157.89285714285734,-1.6057726263950052,11.079885132078616,-2.4300591654277284,8.461880830249616,-6.076228550502233
Sipiwesk,Nelson-Winnipeg,1995-12-01,-0.35338095238094525,-350.37037037037044,-1.5215013392864627,3.4221669559849914,-1.2849616220962532,21.232641233062303,-1.9503298158998845
Sipiwesk,Nelson-Winnipeg,1996-01-01,-0.6272400000000005,-406.2962962962961,-1.1435875847902413,-0.5372304045262624,-0.9935640097994889,22.804886634860722,-6.18391145978655
Sipiwesk,Nelson-Winnipeg,1996-02-01,-0.6233076923076908,-470.35714285714266,-0.44733306640409864,4.258371766939359,0.7847067255560041,21.949064784816336,0.7683416094098767
Sipiwesk,Nelson-Winnipeg,1996-03-01,-0.3973999999999762,-385.35714285714266,0.04088030462818448,-4.1875515702746,-1.8460703239335476,17.972440126218963,-4.25812748500279
Sipiwesk,Nelson-Winnipeg,1996-04-01,-0.1306785714285752,-380.35714285714266,0.3658065699190569,9.74456289051367,-1.3524313024910448,24.026201705315284,-2.120428902762277
Sipiwesk,Nelson-Winnipeg,1996-05-01,-0.017759999999981346,-133.92857142857156,8.81606606396547,6.547389310851159,-15.923437770522597,11.65712288431158,-2.1128125871930807
Sipiwesk,Nelson-Winnipeg,1996-06-01,0.7289629629629815,592.8571428571427,6.778848723375372,-16.51736367161253,-11.414305481594056,1.3940917727138316,0.2704990931919635
Sipiwesk,Nelson-Winnipeg,1996-07-01,0.9688148148148059,782.8571428571427,1.3061767146739705,7.0620688867555685,-4.261564762730686,0.051183089713699115,0.5754285539899548
Sipiwesk,Nelson-Winnipeg,1996-08-01,0.4013076923076824,363.57142857142844,0.48219124281396475,-16.72540970113394,3.267127662963631,-0.00405189764153735,1.4481833321707605
Sipiwesk,Nelson-Winnipeg,1996-09-01,-0.355148148148146,-391.35714285714266,-1.0006281081587076,13.667725454849588,10.09062398225069,-0.0025889353959687167,1.0348401750837048
Sipiwesk,Nelson-Winnipeg,1996-10-01,0.13115384615383618,43.57142857142844,-1.0712604297233543,6.7643752388123985,-2.1817610915085055,-0.23305809840426894,-1.87628173828125
Sipiwesk,Nelson-Winnipeg,1996-11-01,0.06413043478261216,-77.89285714285734,0.7758133194459198,16.00512636027166,-4.110385406030609,10.304567736706563,-4.793635777064733
Sipiwesk,Nelson-Winnipeg,1996-12-01,0.17161904761903202,69.62962962962956,1.2940504400628718,8.892580845255267,-1.3487151052147426,29.69120342836336,-3.0050173158998845
Sipiwesk,Nelson-Winnipeg,1997-01-01,-0.029240000000015698,-26.296296296296077,0.9528660822460164,4.608494807533653,-0.4901232439026768,38.473956819091526,-3.9362613133021753
Sipiwesk,Nelson-Winnipeg,1997-02-01,0.05869230769229716,-10.357142857142662,0.3759703649848234,-5.150794756316049,-0.1644727079630166,41.32469450788839,1.0280004228864392
Sipiwesk,Nelson-Winnipeg,1997-03-01,0.28860000000003083,94.64285714285734,0.5611140680100233,3.6009491783001337,-1.4491103164410948,51.57447666195886,-2.40571049281529
Sipiwesk,Nelson-Winnipeg,1997-04-01,0.46132142857143776,229.64285714285734,6.202429592251844,7.695271384104025,-1.662855086449003,28.3652261298682,-2.188727242606027
Sipiwesk,Nelson-Winnipeg,1997-05-01,0.9932400000000143,786.0714285714284,5.7915202747348555,-12.63526804645413,-7.380389832958045,4.6379811953686705,-3.1187940325055807
Sipiwesk,Nelson-Winnipeg,1997-06-01,1.794962962962984,1392.8571428571427,4.99226527088987,0.32884376456162556,-10.094794852193445,-0.22456700181854616,-0.20685686383928648
Sipiwesk,Nelson-Winnipeg,1997-07-01,1.4888148148148161,1042.8571428571427,2.7175824559110744,-7.79882354878022,-9.456569162596551,-0.009317021717184293,0.6406141008649548
Sipiwesk,Nelson-Winnipeg,1997-08-01,0.4733076923076851,353.57142857142844,-0.20155433022799585,-8.098870440984939,-4.338511390545008,-0.0009498949761368447,-0.7827126639229895
Sipiwesk,Nelson-Winnipeg,1997-09-01,-0.4971481481481419,-581.3571428571427,-0.2938223769888282,5.013172942978727,-3.3813435584306717,-0.01153079626549558,0.6237683977399548
Sipiwesk,Nelson-Winnipeg,1997-10-01,-0.36384615384616836,-486.42857142857156,2.740269116787074,18.410914910158944,7.349061189285877,-0.24043347470329257,-2.020263671875
Sipiwesk,Nelson-Winnipeg,1997-11-01,0.21713043478260374,72.10714285714266,1.4124677597594975,-13.461574729132863,-7.168122018421336,0.1171122837279519,-1.6392168317522327
Sipiwesk,Nelson-Winnipeg,1997-12-01,0.4506190476190568,189.62962962962956,0.7077363714213583,-12.478570475381005,0.7365442827533655,-11.873760329628432,6.1324643735532405
Sipiwesk,Nelson-Winnipeg,1998-01-01,0.48275999999998476,153.70370370370392,0.5552587328046297,7.001759945913882,-0.09396169999880444,-8.683118437017711,-2.1639224461146753
Sipiwesk,Nelson-Winnipeg,1998-02-01,0.46169230769231717,109.64285714285734,0.6559700523212086,8.63668787600805,0.707802385607335,-13.716316914984155,9.25901848929269
Sipiwesk,Nelson-Winnipeg,1998-03-01,0.29060000000001196,-25.357142857142662,-0.06970554906209703,-7.900183506925323,-1.2875003838936596,-10.007272807082963,0.2650658743722101
Sipiwesk,Nelson-Winnipeg,1998-04-01,-0.07367857142855883,9.642857142857338,-0.6268648420310843,-9.447009319306481,4.274532381844306,-20.68265467616064,3.946099417550223
Sipiwesk,Nelson-Winnipeg,1998-05-01,-0.363759999999985,-353.92857142857156,0.39971850908061946,8.197410256668391,7.626293933883844,-6.24108872060398,1.6421922956194193
Sipiwesk,Nelson-Winnipeg,1998-06-01,-0.2240370370370215,-137.14285714285734,-1.6353824009586653,28.902374490696403,3.258663055021316,-0.8642616282616342,-0.17774309430803648
Sipiwesk,Nelson-Winnipeg,1998-07-01,-0.34118518518519636,-317.14285714285734,0.35538792664218377,-10.162189157979029,9.226316752444419,-0.017644791764074075,0.44884163992745485
Sipiwesk,Nelson-Winnipeg,1998-08-01,-0.8096923076923304,-776.4285714285716,-1.2359914269057164,-7.633123472000335,8.875745223901632,-0.004637001049039524,2.1044943673270105
Sipiwesk,Nelson-Winnipeg,1998-09-01,-0.8641481481481321,-1011.3571428571427,-2.173565444536507,-10.26164068857075,3.5969121381640434,-0.10866774079788999,0.45830208914620485
Sipiwesk,Nelson-Winnipeg,1998-10-01,-0.6408461538461552,-796.4285714285716,-0.9683795241081885,14.676617092585992,-6.000600414284108,-0.7797060326473519,1.122314453125
Sipiwesk,Nelson-Winnipeg,1998-11-01,-0.5188695652173863,-577.8928571428573,-0.7793842035295846,-2.9731857856469475,2.0190969475411933,-2.119427214243583,3.3278852190290173
Sipiwesk,Nelson-Winnipeg,1998-12-01,-0.6353809523809559,-600.3703703703704,-0.6185188669607875,-1.8947488494665805,0.18502969329279884,-7.5393086989168765,-0.2828188295717595
Sipiwesk,Nelson-Winnipeg,1999-01-01,-0.7372400000000141,-636.2962962962961,-0.20472387300937278,0.9112132205960464,-0.5973510394271995,-6.249330405678066,-1.6437198093959253
Sipiwesk,Nelson-Winnipeg,1999-02-01,-0.5793076923076796,-540.3571428571427,0.06027692506904714,0.06815487826575506,1.1379218423306674,-6.428896582552362,4.646591731480189
Sipiwesk,Nelson-Winnipeg,1999-03-01,-0.42739999999997735,-545.3571428571427,0.5938619017667532,-4.886906429809251,1.359066275784114,-7.877937850675416,3.36986323765346
Sipiwesk,Nelson-Winnipeg,1999-04-01,-0.3806785714285752,-420.35714285714266,-1.788787833772533,2.7485899460901138,1.5884572141138555,-14.303524379751511,4.620354788643973
Sipiwesk,Nelson-Winnipeg,1999-05-01,-0.5817599999999743,-663.9285714285716,-0.36580868202561057,30.78547421942598,9.734335247360704,-1.2030555974758634,2.8696092878069193
Sipiwesk,Nelson-Winnipeg,1999-06-01,-0.8650370370370126,-897.1428571428573,-2.8955509021346053,-5.591063943159369,13.470656995195895,0.9350677885647332,0.5168369838169635
Sipiwesk,Nelson-Winnipeg,1999-07-01,-1.1631851851851707,-1147.1428571428573,3.168805507552211,27.97012937039004,7.68216576294175,0.20017595878536154,-0.6201280866350452
Sipiwesk,Nelson-Winnipeg,1999-08-01,-1.1286923076923188,-1116.4285714285716,0.979182046908786,-3.9012002941620096,-5.700623508476255,-0.0009270775730587655,-0.02782985142298955
Sipiwesk,Nelson-Winnipeg,1999-09-01,-0.5551481481481346,-681.3571428571427,1.9122421508654952,8.985461629760849,-0.5431403405964375,-0.03891133071322517,-1.6218981061662952
Sipiwesk,Nelson-Winnipeg,1999-10-01,-0.16584615384616086,-296.42857142857156,2.2265349372381547,-16.131146827579606,-3.1892940252354123,-1.1620893866555497,-1.5452880859375
Sipiwesk,Nelson-Winnipeg,1999-11-01,-0.11586956521739467,-257.89285714285734,2.072478024014604,-14.787501006919356,2.335297259768204,-7.083723454603128,3.1804853166852673
Sipiwesk,Nelson-Winnipeg,1999-12-01,-0.08538095238094456,-300.37037037037044,0.9771217462710204,-2.1130677411781136,1.9397639509945832,-14.374857837403262,2.1530942563657405
Sipiwesk,Nelson-Winnipeg,2000-01-01,-0.12523999999999091,-246.29629629629608,0.41783277369436966,-3.8372957538480748,-0.9411026964828904,-15.540968094553264,-1.7787753513881128
Sipiwesk,Nelson-Winnipeg,2000-02-01,-0.04530769230768783,-160.35714285714266,1.0262144896842074,0.9047730647060739,1.3033118676893145,-23.372109181114602,5.525314876011439
Sipiwesk,Nelson-Winnipeg,2000-03-01,-0.07739999999998304,-265.35714285714266,-1.256177330755496,-1.041305494644412,1.8488113611445964,-38.55913817616446,4.17381831577846
Sipiwesk,Nelson-Winnipeg,2000-04-01,-0.0746785714285636,-220.35714285714266,-3.240471908481725,-2.550044113637078,-0.27659307566604596,-19.32707182796938,-0.07440839494977669
Sipiwesk,Nelson-Winnipeg,2000-05-01,,-773.9285714285716,-4.436399514296292,1.8457686445409678,0.17584733099543826,-1.7745048847116003,-0.30586678641183074
Sipiwesk,Nelson-Winnipeg,2000-06-01,,-1227.1428571428573,-2.197696345059999,15.005179032284232,-1.6592090833000839,0.680923362129501,-3.3675013950892865
Sipiwesk,Nelson-Winnipeg,2000-07-01,,-1047.1428571428573,1.9485961581397397,0.5485475786762066,-8.882223927815048,0.033208331192976726,-0.46863882882254515
Sipiwesk,Nelson-Winnipeg,2000-08-01,-0.9706923076923317,-946.4285714285716,2.7218572488761446,19.14801293085995,1.1086811926881097,0.0004377756600402183,0.04651096888951045
Sipiwesk,Nelson-Winnipeg,2000-09-01,-0.2881481481481387,-391.35714285714266,1.2141684419475496,3.107666000557529,2.4773203767836094,0.011966123046087462,-2.242259434291295
Sipiwesk,Nelson-Winnipeg,2000-10-01,-0.008846153846150173,-106.42857142857156,-0.07913288105295813,-23.087087336794603,-6.619692089900909,-1.8888484711559221,1.173583984375
Sipiwesk,Nelson-Winnipeg,2000-11-01,,-27.892857142857338,1.5841954934460638,22.113113497783033,3.102269339641289,4.178964865526982,-0.24499075753348265
Sipiwesk,Nelson-Winnipeg,2000-12-01,,-70.37037037037044,1.107060192023507,-0.7475109520816687,-1.5383768229555614,5.443497491931474,-7.676663434063947
Sipiwesk,Nelson-Winnipeg,2001-01-01,,113.70370370370392,0.9757319140979757,-12.059166449554532,0.6225163690812354,0.8985740797860302,5.984515053885325
Sipiwesk,Nelson-Winnipeg,2001-02-01,0.3836923076923142,179.64285714285734,0.5723084141209256,-3.082271671571238,-0.8553567812279135,-3.981619275041986,-2.8851770673479358
Sipiwesk,Nelson-Winnipeg,2001-03-01,0.0016000000000246928,64.64285714285734,-1.396115517958866,-10.405089192707756,-0.41899394532915046,-6.212934252939057,1.94304438999721
Sipiwesk,Nelson-Winnipeg,2001-04-01,-0.157678571428562,-0.35714285714266225,-0.09549321735643623,3.0836041384775754,-1.535616050075209,-2.700161521456071,1.8073665073939733
Sipiwesk,Nelson-Winnipeg,2001-05-01,0.5742400000000316,496.07142857142844,2.740445645550997,2.447988829642,3.6954820472081877,-4.377607127285696,2.2197679792131693
Sipiwesk,Nelson-Winnipeg,2001-06-01,0.9229629629629983,712.8571428571427,-0.6620007167969426,-6.899311390173224,10.59882139088586,-0.7488793760005916,-0.8465663364955365
Sipiwesk,Nelson-Winnipeg,2001-07-01,0.9028148148148034,692.8571428571427,1.6649963269758565,17.21404351077841,6.126394196014317,-0.014282950100355851,0.36229378836495485
Sipiwesk,Nelson-Winnipeg,2001-08-01,0.13930769230768192,-36.42857142857156,0.4991800217664739,-31.975966803396915,4.209635887361529,-0.006918042864916485,0.9261496407645105
Sipiwesk,Nelson-Winnipeg,2001-09-01,-0.11114814814814622,-131.35714285714266,-1.0217094677500427,-25.873962128701223,-3.583549987524748,-0.11446464174826221,0.7048841203962048
Sipiwesk,Nelson-Winnipeg,2001-10-01,0.10715384615383527,-36.42857142857156,-1.5746975867451898,-7.809929217078853,3.575949921339216,0.32743534289433507,-0.06414794921875
Sipiwesk,Nelson-Winnipeg,2001-11-01,-0.006869565217385798,-37.89285714285734,-0.6610876101019265,-7.032770247730824,1.2205216002517503,-7.506541109510831,3.4529462541852673
Sipiwesk,Nelson-Winnipeg,2001-12-01,-0.13838095238094184,-220.37037037037044,-0.4654894857796741,-2.7127184072957817,1.3468321078646652,-7.182496668839896,2.9491147641782405
Sipiwesk,Nelson-Winnipeg,2002-01-01,-0.20724000000001297,-286.2962962962961,-0.350698805829909,-7.753957241740345,-0.2619268613800938,-19.919029836143764,-0.3092013767787378
Sipiwesk,Nelson-Winnipeg,2002-02-01,-0.3833076923076817,-460.35714285714266,-0.4579173000820447,-3.814232774727447,0.6637696871101588,-26.845506525465417,2.0300756181989392
Sipiwesk,Nelson-Winnipeg,2002-03-01,-0.6023999999999887,-375.35714285714266,-2.6456023167286604,-1.68235356561906,-2.468456902404016,-16.812569794378113,-5.085428510393415
Sipiwesk,Nelson-Winnipeg,2002-04-01,-0.579678571428559,-580.3571428571427,-1.014698121122949,4.340767378120553,-3.3948583794491647,-0.7815513360713204,-3.276984078543527
Sipiwesk,Nelson-Winnipeg,2002-05-01,-0.6267599999999902,-713.9285714285716,-3.1878650074109576,-16.809498550303815,-11.590615255824687,6.378457311906718,-4.116047450474331
Sipiwesk,Nelson-Winnipeg,2002-06-01,-1.252037037037013,-917.1428571428573,1.6912308222215096,4.887244015532943,-8.597008127253503,1.4942587752427374,-0.057870047433036476
Sipiwesk,Nelson-Winnipeg,2002-07-01,-1.7791851851851845,-907.1428571428573,0.6685823370519621,-11.525600470901864,6.5577991107212625,-0.013275724735909211,0.6540418352399548
Sipiwesk,Nelson-Winnipeg,2002-08-01,-0.898692307692329,-596.4285714285716,-0.6742330458239714,28.780085807998802,-11.16988075331652,0.027449506368222076,-0.5656716482979895
Sipiwesk,Nelson-Winnipeg,2002-09-01,-0.2551481481481517,-241.35714285714266,-1.184362918138504,4.648979250175344,6.002902518957853,-0.05499946252842025,-0.7156481061662952
Sipiwesk,Nelson-Winnipeg,2002-10-01,-0.08884615384616268,-176.42857142857156,-1.8905007626537031,-13.926734116726685,2.6333731283167623,1.8677534743411734,-3.9522705078125
Sipiwesk,Nelson-Winnipeg,2002-11-01,-0.24186956521737102,-257.89285714285734,-1.8929396849541398,-13.69400315784982,-8.33927732726027,-0.22655878482120428,-1.1788896833147327
Sipiwesk,Nelson-Winnipeg,2002-12-01,-0.49238095238095525,-290.37037037037044,-1.9427368954186228,3.306982493355733,2.0018582538425647,-8.679044501924956,3.9443540219907405
Sipiwesk,Nelson-Winnipeg,2003-01-01,-0.5622400000000027,-406.2962962962961,-1.4707727012656893,-7.5672142016368795,0.04333885070601751,-10.84686762520245,0.7739895411900122
Sipiwesk,Nelson-Winnipeg,2003-02-01,-0.9633076923076942,-590.3571428571427,-1.2791490480594803,-0.7066377500970198,-1.2136470530614525,-9.88935226840632,-6.032287052699498
Sipiwesk,Nelson-Winnipeg,2003-03-01,-1.1633999999999673,-595.3571428571427,3.58922903459253,-4.967913041972288,-1.4140920492146893,-10.886463669261765,-2.307535443987165
Sipiwesk,Nelson-Winnipeg,2003-04-01,-0.9186785714285577,-710.3571428571427,-2.6871641447152275,8.142704360320103,-3.3649524474250434,-12.352586125156709,-0.9133976527622767
Sipiwesk,Nelson-Winnipeg,2003-05-01,-0.8537599999999941,-983.9285714285716,-5.257769534572228,-10.004051736489473,5.919675001808045,-1.075230177126027,3.5187181745256693
Sipiwesk,Nelson-Winnipeg,2003-06-01,-1.3530370370370122,-1477.1428571428573,-7.47642687721444,-16.66688983927348,11.26271003158763,-0.1395490087036575,2.1530064174107135
Sipiwesk,Nelson-Winnipeg,2003-07-01,-1.7571851851851932,-1777.1428571428573,-6.485574728035967,-12.34948497481777,6.403166035722407,-0.017035241138988244,-0.24177115304129515
Sipiwesk,Nelson-Winnipeg,2003-08-01,-1.7606923076923238,-1796.4285714285716,-5.525795700772765,-26.228219894359682,16.65225007205403,-0.007097788121817272,2.9572165352957605
Sipiwesk,Nelson-Winnipeg,2003-09-01,-1.4051481481481574,-1790.3571428571427,-3.05577865219675,20.62766669301449,7.0984032936394215,0.04279453008036538,-0.19147818429129515
Sipiwesk,Nelson-Winnipeg,2003-10-01,-1.3148461538461618,-1751.4285714285716,-2.5203671856226197,-10.268738742784727,-3.7066659507607795,-0.5527550612376735,0.32354736328125
Sipiwesk,Nelson-Winnipeg,2003-11-01,-1.2388695652173851,-1476.8928571428573,-2.2086104529859902,-10.831006968926104,-1.306070397341891,4.552022886595555,-0.9178423200334827
Sipiwesk,Nelson-Winnipeg,2003-12-01,-1.4283809523809623,-1470.3703703703704,-2.111547886872561,-6.952139628723401,0.5193053468785904,-4.531965660000289,4.5202817563657405
Sipiwesk,Nelson-Winnipeg,2004-01-01,-1.622240000000005,-1516.296296296296,-1.71284656140155,9.848823068231077,-0.29862911989247154,-5.306146506752285,-5.2773562840053
Sipiwesk,Nelson-Winnipeg,2004-02-01,-1.483307692307676,-1420.3571428571427,-1.2040489273204003,-3.1817327897962464,0.52387522841205,3.9393947060619112,3.5317846025739392
Sipiwesk,Nelson-Winnipeg,2004-03-01,-1.1763999999999726,-1185.3571428571427,0.9186092231954843,17.206581066212884,0.30006988267164836,7.283114495554138,-0.22553471156528992
Sipiwesk,Nelson-Winnipeg,2004-04-01,-0.9666785714285595,-1160.3571428571427,-1.753630115542494,-9.195643028111327,6.1342095224452855,-4.737282504460641,-0.2267521449497767
Sipiwesk,Nelson-Winnipeg,2004-05-01,-1.2347599999999943,-933.9285714285716,1.4914997269183257,32.712144303202095,-4.046327076918843,2.063003730394744,-3.7679029192243307
Sipiwesk,Nelson-Winnipeg,2004-06-01,-1.1520370370370188,-527.1428571428573,-0.3443667498816332,-14.241732839894084,-15.640558849554509,0.34249051740126957,-3.8818446568080365
Sipiwesk,Nelson-Winnipeg,2004-07-01,-0.6111851851851782,-347.14285714285734,0.6706303736012025,2.6822010778622456,-13.169437480558244,-0.013792375934177148,-0.8373522077287952
Sipiwesk,Nelson-Winnipeg,2004-08-01,-0.4686923076923222,-466.42857142857156,-0.2452388596014181,18.03953976403656,-18.038385439597604,0.00146164841550811,-3.6904885428292395
Sipiwesk,Nelson-Winnipeg,2004-09-01,-0.3791481481481469,-301.35714285714266,4.731949302367866,16.193660870028125,-11.944498401135206,-0.06882890426952915,0.03490121023995485
Sipiwesk,Nelson-Winnipeg,2004-10-01,-0.16984615384615154,-36.42857142857156,4.855600357716737,4.744556483014357,3.255828275411787,1.8665669693811133,-0.43365478515625
Sipiwesk,Nelson-Winnipeg,2004-11-01,0.19913043478260306,212.10714285714266,3.65179621959604,-18.68825451570696,1.2337650072627824,-6.855795292982034,1.7810712541852673
Sipiwesk,Nelson-Winnipeg,2004-12-01,0.1966190476190377,-0.37037037037043774,2.643110159422374,18.135674741912496,-1.362187035502521,-5.9681619276051165,-6.9156618471498845
Sipiwesk,Nelson-Winnipeg,2005-01-01,0.7217599999999891,233.70370370370392,1.7973238801849742,5.929965579915525,-0.22350587616009365,5.985364850078312,-1.9165469578334253
Sipiwesk,Nelson-Winnipeg,2005-02-01,0.813692307692321,479.64285714285734,1.044495827954961,-4.182926152550085,0.4802501290604204,4.355531984141898,1.5186315264020642
Sipiwesk,Nelson-Winnipeg,2005-03-01,0.6496000000000208,484.64285714285734,1.212192104763484,-0.663304711841711,-2.2777684597323447,2.6654681589986566,-1.90412357875279
Sipiwesk,Nelson-Winnipeg,2005-04-01,0.9963214285714344,769.6428571428573,2.6959197722525072,-8.263589365274775,-1.0639820746811388,-13.546165411493607,3.928155081612723
Sipiwesk,Nelson-Winnipeg,2005-05-01,1.6392400000000293,1306.0714285714284,0.7536056915081897,4.687331841393771,4.755942741342423,-4.174638177833653,1.4642137799944193
Sipiwesk,Nelson-Winnipeg,2005-06-01,1.8379629629629903,1392.8571428571427,7.4223920403580586,50.329871758419486,-0.4108712892048061,-0.7732416103993143,-1.0069056919642865
Sipiwesk,Nelson-Winnipeg,2005-07-01,1.8108148148148189,1112.8571428571427,5.244172066990618,-8.977489333899157,7.943737021248253,-0.017383788612538087,-0.40894644601004515
Sipiwesk,Nelson-Winnipeg,2005-08-01,2.0953076923076708,1283.5714285714284,4.242083201721211,16.2864854376364,-5.941357122667668,0.017909387159826595,-1.1803567068917395
Sipiwesk,Nelson-Winnipeg,2005-09-01,2.685851851851851,1768.6428571428573,4.808683879673481,9.938574824315893,0.5609658546745777,0.18285252320181056,-0.6362413678850452
Sipiwesk,Nelson-Winnipeg,2005-10-01,2.084153846153839,1503.5714285714284,2.4064481814483383,-10.198354854115415,-10.15437220589125,-1.2708920777575776,0.9365234375
Sipiwesk,Nelson-Winnipeg,2005-11-01,0.5061304347826194,402.10714285714266,1.7236197215554832,9.950790387977449,3.6634237871372264,-2.786925661244563,2.2542768205915173
Sipiwesk,Nelson-Winnipeg,2005-12-01,0.08861904761903361,249.62962962962956,1.5528383535436454,3.870237655334037,1.5414632464483105,-3.446520375156844,2.1257505063657405
Sipiwesk,Nelson-Winnipeg,2006-01-01,0.5937600000000032,303.7037037037039,1.4580409125691016,1.1681795544323634,0.7014072782892202,-4.046558801616939,7.210284096854075
Sipiwesk,Nelson-Winnipeg,2006-02-01,0.8206923076922976,419.64285714285734,0.9457152154936921,-1.3236382572878433,0.0017145877271622645,-3.9481885199035887,0.5653386797223767
Sipiwesk,Nelson-Winnipeg,2006-03-01,0.9576000000000136,604.6428571428573,0.3275630172408581,7.27960175260835,0.04294746499259183,13.384074571409393,2.56065913609096
Sipiwesk,Nelson-Winnipeg,2006-04-01,0.9263214285714412,789.6428571428573,5.61184418724484,-3.427877340332735,0.13274065817573089,-10.755868961236306,5.150262015206473
Sipiwesk,Nelson-Winnipeg,2006-05-01,1.4772400000000232,1156.0714285714284,2.2101530453905323,11.076152083530488,2.3972903228630997,-4.316389431811071,0.6149095807756693
Sipiwesk,Nelson-Winnipeg,2006-06-01,1.1739629629629746,942.8571428571427,-3.411042312758841,-22.14116667996028,12.379046820569783,-0.8047981952716197,2.3441685267857135
Sipiwesk,Nelson-Winnipeg,2006-07-01,0.027814814814803412,2.8571428571426623,-4.6912249474969165,-26.444769019560354,6.319324652265223,-0.017687749017828214,-0.06464712960379515
Sipiwesk,Nelson-Winnipeg,2006-08-01,-0.2246923076923224,-216.42857142857156,-1.6714536193051437,-8.834178717474316,4.654169889233472,-0.0033792499120213204,0.24310520717076045
Sipiwesk,Nelson-Winnipeg,2006-09-01,-0.520148148148138,-601.3571428571427,-1.7628216301091015,16.128002628517734,8.421207312494516,0.361455512964832,-0.17396109444754515
Sipiwesk,Nelson-Winnipeg,2006-10-01,-1.0438461538461752,-1136.4285714285716,-2.6716196469871125,-0.6778539557542089,6.1672195941875,2.370772438423176,-0.6478271484375
Sipiwesk,Nelson-Winnipeg,2006-11-01,-1.0958695652173844,-787.8928571428573,-2.720029219095263,12.83818839250931,-1.5726253955758054,4.568658170423337,-1.8028520856584827
Sipiwesk,Nelson-Winnipeg,2006-12-01,-0.29138095238096184,-320.37037037037044,-2.4842824188656074,-0.3333041310758773,-0.5856293180302061,12.455741805886781,4.9514341001157405
Sipiwesk,Nelson-Winnipeg,2007-01-01,-0.662239999999997,-246.29629629629608,-1.729340022263516,-5.799145150896429,-0.007802516587876784,8.982889886413304,1.8614529200962622
Sipiwesk,Nelson-Winnipeg,2007-02-01,,-390.35714285714266,-1.2291455241211224,4.904665279484885,-0.5895332204610377,7.396322542003226,-2.8017267499651233
Sipiwesk,Nelson-Winnipeg,2007-03-01,,-515.3571428571427,1.0509150909326435,7.812369138784042,-0.4666680859892427,10.611989202776122,0.09319087437221008
Sipiwesk,Nelson-Winnipeg,2007-04-01,-0.6876785714285631,-580.3571428571427,-0.2544673614985573,-1.4350833537589196,-5.981504093922144,-1.274418418428727,-0.3856266566685267
Sipiwesk,Nelson-Winnipeg,2007-05-01,-0.6797599999999875,-593.9285714285716,2.0583448172796377,28.419120461746516,6.5693699372267105,-1.6237023394621382,1.4074510846819193
Sipiwesk,Nelson-Winnipeg,2007-06-01,-0.8250370370370206,-437.14285714285734,6.486627639138273,20.70706645359418,6.873107340652496,-0.13162380283964525,-1.2207118443080365
Sipiwesk,Nelson-Winnipeg,2007-07-01,-0.1311851851851884,82.85714285714266,1.5403710474077208,-31.318511369006174,-1.996432730395881,-0.014646165904455888,1.0330091203962048
Sipiwesk,Nelson-Winnipeg,2007-08-01,0.16930769230768306,243.57142857142844,0.7587862476481995,-2.5809944324594483,4.87763142778671,0.0010603648011706657,-1.7910744803292395
Sipiwesk,Nelson-Winnipeg,2007-09-01,-0.20114814814814963,-181.35714285714266,0.43438427383080125,9.901554751974928,-5.461469991132617,0.028239238807665545,-2.227733067103795
Sipiwesk,Nelson-Winnipeg,2007-10-01,0.13515384615382686,163.57142857142844,3.7319554804915764,-1.7195845887597088,-6.397060592592297,-1.6978597060577676,1.4935302734375
Sipiwesk,Nelson-Winnipeg,2007-11-01,0.4821304347826185,572.1071428571427,3.5664850344931303,-2.2152556838201605,3.1935849360057276,-3.5138219994093696,-0.9385942731584827
Sipiwesk,Nelson-Winnipeg,2007-12-01,,109.62962962962956,2.0217512081015023,0.72085907622413,-1.2943474036917366,4.013719899510896,-2.1905031557436345
Sipiwesk,Nelson-Winnipeg,2008-01-01,0.38175999999998567,313.7037037037039,1.142247209957402,-8.406757614076405,-0.11746269384665142,-2.395674054111751,0.4066494532993872
Sipiwesk,Nelson-Winnipeg,2008-02-01,0.2176923076923174,249.64285714285734,0.783357896580128,-0.7916048115086092,-0.5923876659445733,-1.1781036321605924,-4.010314396449498
Sipiwesk,Nelson-Winnipeg,2008-03-01,0.07560000000000855,244.64285714285734,-1.6194060860600858,-4.852250403408625,-1.4317380945223181,-1.5837320658777472,-2.871622358049665
Sipiwesk,Nelson-Winnipeg,2008-04-01,-0.11867857142857474,239.64285714285734,-1.6062483181095946,0.4909941760290977,5.2468017176059725,3.3818796676184455,-0.07977948869977669
Sipiwesk,Nelson-Winnipeg,2008-05-01,-1.0257599999999911,-473.92857142857156,-3.15398308469282,-20.75233159952664,4.785517471775947,0.12596080861320402,-1.3531079973493307
Sipiwesk,Nelson-Winnipeg,2008-06-01,-0.7520370370370131,-637.1428571428573,-1.4808620159913382,1.4690689775826655,-2.295381564181298,-0.007524720526167261,-0.10535539899553648
Sipiwesk,Nelson-Winnipeg,2008-07-01,0.33281481481481023,352.85714285714266,0.9462347422543509,22.720096844880445,-9.708901700962869,-0.010270696033590543,-1.2759508405412952
Sipiwesk,Nelson-Winnipeg,2008-08-01,1.209307692307675,1023.5714285714284,-0.1455897015278289,-13.467440073977087,12.234712826154592,-0.0013218419293739014,2.2945578438895105
Sipiwesk,Nelson-Winnipeg,2008-09-01,0.7828518518518592,818.6428571428573,0.32438052585348487,1.7265937848216169,3.5095098428428173,-0.0985631236939557,-1.3710436139787952
Sipiwesk,Nelson-Winnipeg,2008-10-01,0.6281538461538503,693.5714285714284,-0.7439273493738643,-0.14407608458505905,-3.286127358608482,-1.914999892635803,1.47540283203125
Sipiwesk,Nelson-Winnipeg,2008-11-01,0.6581304347826062,682.1071428571427,-0.1737969380753519,-0.9429840637104832,3.045013956060366,-5.27615672243493,1.6835981096540173
Sipiwesk,Nelson-Winnipeg,2008-12-01,0.5226190476190311,249.62962962962956,-0.15940410796449456,5.2771954581624385,-1.0463139376413353,-4.145399736309493,-7.8958864565248845
Sipiwesk,Nelson-Winnipeg,2009-01-01,0.045760000000001355,223.70370370370392,0.02415278244630592,-1.4146814397203613,0.10795575716266681,3.0109105365616955,-0.8178683689662378
Sipiwesk,Nelson-Winnipeg,2009-02-01,-0.23130769230769488,59.64285714285734,0.06916185884620063,5.449541605360405,-0.4878393145710498,1.2194783027683016,0.2632146562848767
Sipiwesk,Nelson-Winnipeg,2009-03-01,-0.14639999999997144,54.64285714285734,2.698636281171015,11.404953653774491,-0.6742424546765893,8.574925961771179,-2.87421635219029
Sipiwesk,Nelson-Winnipeg,2009-04-01,-0.044678571428562464,189.64285714285734,1.5828196202554476,-4.37833277309047,-1.3475034419181107,4.545716236212424,0.6472102573939733
Sipiwesk,Nelson-Winnipeg,2009-05-01,0.5332400000000064,956.0714285714284,1.763852499217526,-15.718243325993953,-5.558900410375955,0.22541581503381636,-3.0242505754743307
Sipiwesk,Nelson-Winnipeg,2009-06-01,1.4959629629629774,1562.8571428571427,-0.7942968347508987,-23.886425603580264,-18.831186171155423,0.02473117118435253,-2.5023280552455365
Sipiwesk,Nelson-Winnipeg,2009-07-01,1.3638148148148161,1412.8571428571427,-1.5295383002791958,3.4001073592142887,-20.360575589750496,-0.016574585710519063,-3.086619785853795
Sipiwesk,Nelson-Winnipeg,2009-08-01,1.3773076923076815,1333.5714285714284,3.7546883961892625,14.109049067233826,-17.61029347211921,-0.0020698103721119576,-1.9490944998604895
Sipiwesk,Nelson-Winnipeg,2009-09-01,1.6698518518518597,1678.6428571428573,2.401919919066131,-28.283658009188784,0.08251285180449486,-0.12899071277518348,4.219532557896205
Sipiwesk,Nelson-Winnipeg,2009-10-01,0.6971538461538387,743.5714285714284,0.018004500036893134,14.170421852863264,-1.8208483317201711,0.5344811569167569,-1.28143310546875
Sipiwesk,Nelson-Winnipeg,2009-11-01,,412.10714285714266,-1.1897080496834995,-18.42844171083665,0.6622519244306844,-8.10297964406865,6.076786586216517
Sipiwesk,Nelson-Winnipeg,2009-12-01,-0.03838095238094752,109.62962962962956,-1.0937991303055448,1.4471000543347117,1.9781551629960261,-11.347732575679267,-1.6987429018373845
Sipiwesk,Nelson-Winnipeg,2010-01-01,0.20176000000000727,,-0.6472143494257967,1.7813238040876698,2.291444210901058,-11.792919997658046,4.4410275050572
Sipiwesk,Nelson-Winnipeg,2010-02-01,0.010692307692323766,129.64285714285734,-0.730290270439582,-7.468820439368887,0.15326288952824774,-7.382976955601144,3.6987767900739392
Sipiwesk,Nelson-Winnipeg,2010-03-01,-0.01839999999998554,74.64285714285734,0.6614624456103355,-14.294382777214715,0.09610078008596012,-31.35074428947909,6.61198970249721
Sipiwesk,Nelson-Winnipeg,2010-04-01,-0.24767857142856542,-190.35714285714266,-3.4570546111873615,17.1706427188058,9.9442559959633,-24.274804962000676,5.588616507393973
Sipiwesk,Nelson-Winnipeg,2010-05-01,-0.8727599999999711,-933.9285714285716,-2.2078335054434977,40.86506924691743,9.1335008702507,-1.5535672303355703,1.2450365339006693
Sipiwesk,Nelson-Winnipeg,2010-06-01,-0.9870370370370267,-427.14285714285734,-3.501120705290564,7.629222984957906,21.88337763072923,0.6617865458663021,0.9671543666294635
Sipiwesk,Nelson-Winnipeg,2010-07-01,0.1988148148148241,292.85714285714266,-0.13169832007926274,19.68272330954538,1.1523972997175775,0.0031709662705128316,0.7468152727399548
Sipiwesk,Nelson-Winnipeg,2010-08-01,0.8743076923076671,933.5714285714284,3.764950232185324,38.029394187365796,3.8026486207464956,0.002801123108448822,-0.8870217459542395
Sipiwesk,Nelson-Winnipeg,2010-09-01,,1658.6428571428573,5.5377488024532795,22.924259267581093,-8.718020981177688,-0.02103901767571048,-2.285594395228795
Sipiwesk,Nelson-Winnipeg,2010-10-01,,1983.5714285714284,4.618263597097082,-9.146017737553585,3.4294548594126724,-0.8196818900095031,2.14959716796875
Sipiwesk,Nelson-Winnipeg,2010-11-01,1.4981304347826097,1462.1071428571427,2.914452421204519,5.540271356169669,2.358169378047542,-0.5433425706412116,1.3121381487165173
Sipiwesk,Nelson-Winnipeg,2010-12-01,1.3186190476190518,609.6296296296296,2.2538758510361525,-2.8661262692400697,0.3615307462125741,10.018556309794938,1.3606137876157405
Sipiwesk,Nelson-Winnipeg,2011-01-01,1.8627600000000086,633.7037037037039,1.8630378846345206,9.622813663944335,-0.5797316095725233,16.859770353351323,-1.8244754246303003
Sipiwesk,Nelson-Winnipeg,2011-02-01,1.4426923076923117,919.6428571428573,1.2760240169882309,-0.4105151227642132,0.5251751509994,23.62069194870336,0.048035212925501725
Sipiwesk,Nelson-Winnipeg,2011-03-01,0.7946000000000311,804.6428571428573,-0.7607333806975349,-1.4253637740953948,-2.747758563470727,33.10659587649362,-3.59754398890904
Sipiwesk,Nelson-Winnipeg,2011-04-01,0.6903214285714228,649.6428571428573,5.266300228998132,8.584849752618801,-0.33288977907172423,11.505489836313895,0.4033748081752233
Sipiwesk,Nelson-Winnipeg,2011-05-01,,1376.0714285714284,5.514001397906602,6.913502459480824,2.6381719009285547,0.9080110009693136,0.36057608468191926
Sipiwesk,Nelson-Winnipeg,2011-06-01,2.08196296296299,2092.8571428571427,6.828731524624995,7.621176357913228,-0.09133218554779887,0.5292851876999651,0.5570591517857135
Sipiwesk,Nelson-Winnipeg,2011-07-01,2.160814814814813,2182.8571428571427,5.859923728816543,7.305963875426514,-4.239889859621016,-0.00904251438831638,0.36290413992745485
Sipiwesk,Nelson-Winnipeg,2011-08-01,2.4273076923076644,2423.5714285714284,1.5242701322547099,-15.306941391567563,2.1985036936322473,-0.006130958874044579,0.6547263009207605
Sipiwesk,Nelson-Winnipeg,2011-09-01,2.6908518518518463,2768.6428571428573,-0.438569113612175,-23.287911005484474,8.345148526132107,-0.10922595226605014,2.358021327427455
Sipiwesk,Nelson-Winnipeg,2011-10-01,1.6841538461538335,1733.5714285714284,-1.9579989046698234,-14.38393166089164,4.582237793199184,-1.824630403591852,2.29296875
Sipiwesk,Nelson-Winnipeg,2011-11-01,0.501130434782624,462.10714285714266,-2.4321466428643497,-5.056289540204617,4.513469258589403,-3.1494904708649436,1.3360028948102673
Sipiwesk,Nelson-Winnipeg,2011-12-01,,349.62962962962956,-2.370952917974339,-4.933484735105324,0.9965592137261949,-10.34982229962393,2.5289487485532405
Sipiwesk,Nelson-Winnipeg,2012-01-01,,243.70370370370392,-1.747896857393373,0.28403946946907155,0.7955925996481841,-16.59504643508366,1.6758144923618872
Sipiwesk,Nelson-Winnipeg,2012-02-01,,-70.35714285714266,-1.215741012856597,-4.010295094173802,0.34557029097673597,-21.574548578688074,4.615524836948939
Sipiwesk,Nelson-Winnipeg,2012-03-01,,-445.35714285714266,-1.0621975941051334,16.57486915480279,4.850528309491763,-25.61551645132048,4.20323726109096
Sipiwesk,Nelson-Winnipeg,2012-04-01,-0.4476785714285825,-540.3571428571427,-1.4753902204185056,10.723712371795308,3.1450621983302476,-17.456521612725087,1.3828059605189733
Sipiwesk,Nelson-Winnipeg,2012-05-01,,-653.9285714285716,-1.575727324442207,21.812605663269224,10.432565942340133,-0.7991992045260439,0.5101732526506693
Sipiwesk,Nelson-Winnipeg,2012-06-01,-0.8430370370370213,-787.1428571428573,2.2090840086873094,14.391267489242765,0.2169402432627976,1.131728890218905,-0.021859305245536476
Sipiwesk,Nelson-Winnipeg,2012-07-01,-0.595185185185187,-457.14285714285734,0.39693329537320565,-0.3115989010049276,8.800050875704201,0.02170288852149893,2.126209803989955
Sipiwesk,Nelson-Winnipeg,2012-08-01,-0.3296923076923406,-256.42857142857156,-1.3492397281100104,-9.11645770039675,0.041313111848594986,-0.0031805289576627427,0.46350315638951045
Sipiwesk,Nelson-Winnipeg,2012-09-01,-0.35314814814813644,-371.35714285714266,-3.0570778471883386,-38.98968306852372,6.905242335051298,-0.1284924551977642,-0.15858023507254515
Sipiwesk,Nelson-Winnipeg,2012-10-01,,-456.42857142857156,-2.923297174545171,24.04887984240694,1.2641659621814512,2.0269253499074176,-1.24853515625
Sipiwesk,Nelson-Winnipeg,2012-11-01,0.016130434782610337,-7.892857142857338,-2.63227855092347,6.787289000515429,-0.8389609034306247,7.567215112171002,-2.6874346051897327
Sipiwesk,Nelson-Winnipeg,2012-12-01,,169.62962962962956,-2.1962517914491606,0.3052502072899159,-0.910937819517804,11.739215744590318,-2.822537457501447
Sipiwesk,Nelson-Winnipeg,2013-01-01,0.1067600000000084,163.70370370370392,-1.4396132236080508,9.476423259392114,-0.5271069946632321,13.034772660051075,-2.6500064304896753
Sipiwesk,Nelson-Winnipeg,2013-02-01,-0.0363076923077017,159.64285714285734,-1.0705401255108882,0.899505329601066,0.016206898310753726,22.283312731555533,0.21330315726143922
Sipiwesk,Nelson-Winnipeg,2013-03-01,-0.1993999999999687,184.64285714285734,-3.329181881521696,0.8932644164555583,0.002422505661213492,43.13321471480386,-0.9990942818777899
Sipiwesk,Nelson-Winnipeg,2013-04-01,-0.1546785714285761,69.64285714285734,2.064616653245009,0.9890817870785114,0.7879383130265118,63.694772909262355,-3.234991891043527
Sipiwesk,Nelson-Winnipeg,2013-05-01,-0.1027599999999893,-53.92857142857156,2.4664562484498926,-2.2289110430782415,1.506490059130428,4.176495027162932,0.9323534284319193
Sipiwesk,Nelson-Winnipeg,2013-06-01,-0.283037037037019,-267.14285714285734,4.476142598183028,10.798245951134177,-2.443936828058213,-0.17823789468301188,1.4889439174107135
Sipiwesk,Nelson-Winnipeg,2013-07-01,0.6368148148148123,612.8571428571427,0.05491480052504372,-2.937676173002856,9.238500314365538,-0.01659100027089666,0.01878792898995485
Sipiwesk,Nelson-Winnipeg,2013-08-01,0.8073076923076599,793.5714285714284,-0.9148583937660852,-21.776225110183333,-3.4596131964852788,-0.00711268928301112,0.40216282435826045
Sipiwesk,Nelson-Winnipeg,2013-09-01,0.137851851851849,158.64285714285734,-1.162542903330177,-8.765296349468244,2.3523601703345776,-0.08761961778093652,2.318409511021205
Sipiwesk,Nelson-Winnipeg,2013-10-01,0.11115384615382595,83.57142857142844,-1.7082408474899626,-8.049439422653187,5.365782292626264,-0.7914737590389058,-0.2626953125
Sipiwesk,Nelson-Winnipeg,2013-11-01,0.3171304347826265,192.10714285714266,-2.3765082681036027,5.5308661623192705,-2.5752913539430935,4.271311086735555,-2.2557939801897327
Sipiwesk,Nelson-Winnipeg,2013-12-01,0.1586190476190552,179.62962962962956,-2.1857251542516885,8.637740138780188,-1.743421370284287,14.757095767116105,-9.025937115704572
Sipiwesk,Nelson-Winnipeg,2014-01-01,0.17776000000000636,23.703703703703923,-1.5456649769995625,6.116531785145135,-0.2529561004069234,22.441253598247258,-3.140805380684988
Sipiwesk,Nelson-Winnipeg,2014-02-01,0.1476923076922958,-60.35714285714266,-1.2107742550142575,-0.2690341851640774,-0.7261613853708178,24.695073121360373,-3.8525079999651233
Sipiwesk,Nelson-Winnipeg,2014-03-01,0.3766000000000247,24.642857142857338,-2.187961332050951,-4.676027233862051,-2.620328285827002,31.316251161375213,-5.50641850062779
Sipiwesk,Nelson-Winnipeg,2014-04-01,0.5793214285714328,39.64285714285734,1.0812701085732055,17.788947776093018,-2.44562006888113,32.62707371530789,-3.015326363699777
Sipiwesk,Nelson-Winnipeg,2014-05-01,0.5282400000000109,306.07142857142844,5.9376472314137825,0.16013532045430168,-8.50433063793129,9.514028568186664,0.19462149483816926
Sipiwesk,Nelson-Winnipeg,2014-06-01,1.0769629629629947,1072.8571428571427,12.720432381943933,46.97276586999318,-7.071260770317167,0.38099698057132114,-0.7387782505580365
Sipiwesk,Nelson-Winnipeg,2014-07-01,1.4978148148148023,1562.8571428571427,6.043036240693514,-17.59359172761573,-1.1066718226564802,-0.015101116982155549,-0.5915025983537952
Sipiwesk,Nelson-Winnipeg,2014-08-01,1.8943076923076774,1963.5714285714284,3.1121345221306136,12.455231584941174,2.592347437582376,-0.006972874481496971,0.28351048060826045
Sipiwesk,Nelson-Winnipeg,2014-09-01,2.2748518518518495,2228.6428571428573,0.8041597902774811,-12.39453469419719,-9.207091061398387,0.14842956027548238,-1.1336778913225452
Sipiwesk,Nelson-Winnipeg,2014-10-01,2.0491538461538426,2013.5714285714284,-0.48283607143925344,-12.542329978064764,-1.5168367036884405,-1.5826831596703932,0.99652099609375
Sipiwesk,Nelson-Winnipeg,2014-11-01,,562.1071428571427,-0.7742563996414127,6.689828421388356,2.777959536095814,-1.8580077615167419,-5.245418003627233
Sipiwesk,Nelson-Winnipeg,2014-12-01,,549.6296296296296,-0.6126485807019186,-8.817420944709468,-0.697450309181241,-2.6167529393677356,1.9746884946469905
Sipiwesk,Nelson-Winnipeg,2015-01-01,0.363759999999985,433.7037037037039,-0.17336680944676353,0.7128694518801879,0.9675726344409799,-8.70867392846516,0.025271279471262176
Sipiwesk,Nelson-Winnipeg,2015-02-01,0.07469230769231672,309.64285714285734,-0.17964195649255998,6.459651741481917,-0.5541018680170446,-6.252671724983621,-5.686370304652623
Sipiwesk,Nelson-Winnipeg,2015-03-01,-0.10939999999999372,284.64285714285734,2.1032052921197772,-2.8784628479375627,-0.45665706680405727,-14.076735225639176,0.09966060093471008
Sipiwesk,Nelson-Winnipeg,2015-04-01,0.018321428571425713,219.64285714285734,-2.5463595219272452,-9.352457959071863,-5.393204503759211,-13.604414050600358,-0.5191105433872767
Sipiwesk,Nelson-Winnipeg,2015-05-01,0.029240000000015698,56.07142857142844,-1.5318028048828385,-10.575177854791818,4.805954530768631,-2.7879100401021013,0.28251211983816926
Sipiwesk,Nelson-Winnipeg,2015-06-01,-0.13103703703700376,-67.14285714285734,-4.637763527820685,-33.42924331913569,-3.207164991181344,-0.7858769801844443,0.3852451869419635
Sipiwesk,Nelson-Winnipeg,2015-07-01,-0.5561851851851713,-427.14285714285734,-2.528537146905105,22.944821489675505,-1.8970010070396341,-0.014954550091975438,0.15105111258370485
Sipiwesk,Nelson-Winnipeg,2015-08-01,,-536.4285714285716,-1.2202143277266124,8.147180388082887,-14.0991323943516,0.004321041550221283,-0.5412575857979895
Sipiwesk,Nelson-Winnipeg,2015-09-01,0.130851851851844,118.64285714285734,0.6506041972897947,9.87641602737962,-2.357445191591978,0.0005373980716936178,0.6365857805524548
Sipiwesk,Nelson-Winnipeg,2015-10-01,0.28515384615383255,313.57142857142844,-0.8064465972503445,-6.2334102279107455,-0.5353165407931186,-1.9978447609381482,1.2713623046875
Sipiwesk,Nelson-Winnipeg,2015-11-01,0.13813043478262443,152.10714285714266,0.0857399624822257,10.055173022140352,2.764785978277878,-5.286659712770156,3.0252729143415173
Sipiwesk,Nelson-Winnipeg,2015-12-01,0.19761904761904248,169.62962962962956,1.4362861272982421,-1.9770781143085543,1.2987519687697016,-8.148168282652342,5.7671689633969905
Sipiwesk,Nelson-Winnipeg,2016-01-01,0.10175999999998453,163.70370370370392,1.3002437564344813,-4.314264519572525,0.3122252985901599,-13.509943549122127,3.1628902980259497
Sipiwesk,Nelson-Winnipeg,2016-02-01,0.25469230769232354,299.64285714285734,0.9490735646977555,3.7213933475348817,0.2019035683978081,-16.826718247362543,-0.19013922555106078
Sipiwesk,Nelson-Winnipeg,2016-03-01,0.2826000000000306,474.64285714285734,-0.2050239251860022,6.497735380045405,1.384977095897609,-22.246509191713166,2.02861567905971
Sipiwesk,Nelson-Winnipeg,2016-04-01,0.3003214285714364,609.6428571428573,1.3789001397006881,1.4337731824655648,0.6131214987752678,-13.07546380641205,-1.3351505824497767
Sipiwesk,Nelson-Winnipeg,2016-05-01,0.1542400000000157,226.07142857142844,0.3368934090498694,4.586665882795515,2.3540199118932463,-5.847586888454057,2.4042772565569193
Sipiwesk,Nelson-Winnipeg,2016-06-01,-0.172037037037029,-97.14285714285734,-2.9543656689514,-6.979421429735211,10.23147749947384,-0.8526474536795701,0.8795689174107135
Sipiwesk,Nelson-Winnipeg,2016-07-01,0.26981481481482206,352.85714285714266,0.14571770381215643,39.634150432123405,-4.945663103301612,-0.017011608828657376,-0.04133169991629515
Sipiwesk,Nelson-Winnipeg,2016-08-01,0.44030769230766964,493.57142857142844,2.5470722160077592,26.994833099057104,-7.509081283517716,0.0007100710977934188,-0.30767604282923955
Sipiwesk,Nelson-Winnipeg,2016-09-01,0.4618518518518613,388.64285714285734,1.7551076598465443,12.934965509755003,-2.0839576609432697,-0.09017644749422149,1.2515760149274548
Sipiwesk,Nelson-Winnipeg,2016-10-01,0.59415384615383,653.5714285714284,5.933107572803108,37.1519253655736,3.3396624411190174,4.84293934174015,-0.71453857421875
Sipiwesk,Nelson-Winnipeg,2016-11-01,0.28913043478260647,732.1071428571427,5.815727714174759,-3.4207968773054205,-0.8123797929978807,-7.448262668081693,7.439152308872767
Sipiwesk,Nelson-Winnipeg,2016-12-01,,289.62962962962956,4.937854815377957,9.28332095672549,2.493785806345167,-3.3612000514511706,-0.862057721173322
Sipiwesk,Nelson-Winnipeg,2017-01-01,,733.7037037037039,3.829566188090082,-3.973029150594293,0.47199019380579044,-0.47491437622478827,5.558489663260325
Sipiwesk,Nelson-Winnipeg,2017-02-01,0.9526923076923026,859.6428571428573,3.548266988218529,1.824602711297171,1.0495223333626718,-11.113404429384637,2.7560888017926892
Sipiwesk,Nelson-Winnipeg,2017-03-01,0.905600000000021,964.6428571428573,3.8637408163465023,6.715444371885887,0.2772924682566167,-17.070020881614518,-1.46222904750279
Sipiwesk,Nelson-Winnipeg,2017-04-01,1.342321428571438,1219.6428571428573,2.5721050925702524,7.5185249858934995,-0.7804537225248573,-15.57128909709198,-1.0829533168247767
Sipiwesk,Nelson-Winnipeg,2017-05-01,1.9382400000000075,1866.0714285714284,2.0915581959083536,-14.895737412319122,-7.7304831855664276,-1.0465789694405565,0.09330313546316926
Sipiwesk,Nelson-Winnipeg,2017-06-01,1.733962962962977,1452.8571428571427,0.5014668152268449,-3.879591074239997,-4.178592644166201,-0.4281615672100867,-0.7078334263392865
Sipiwesk,Nelson-Winnipeg,2017-07-01,1.5358148148148132,1332.8571428571427,-1.7254641227607088,-31.008184209765332,3.562440097864183,-0.0176898444936211,0.6041150774274548
Sipiwesk,Nelson-Winnipeg,2017-08-01,1.0623076923076837,933.5714285714284,-2.6259433086254695,-31.453452231029843,14.48758190131879,-0.007032595541594189,2.2615378243582605
Sipiwesk,Nelson-Winnipeg,2017-09-01,-0.2401481481481369,-171.35714285714266,-1.1864566477015615,11.148292999548303,2.3907003924250603,0.06242168767909928,1.1711927141462048
Sipiwesk,Nelson-Winnipeg,2017-10-01,-0.4738461538461536,-496.42857142857156,-1.2896009746847472,3.427656350790393,6.791641578144791,-0.3390954599516198,1.28594970703125
Sipiwesk,Nelson-Winnipeg,2017-11-01,,-127.89285714285734,-1.883261206135753,0.2529912827802576,-0.6269319315574009,9.844956320843526,-4.617183140345983
Sipiwesk,Nelson-Winnipeg,2017-12-01,0.08461904761904293,109.62962962962956,-1.9211472519802761,-1.91700297701,-0.49797696259769575,3.918996943091905,-2.011502301251447
Sipiwesk,Nelson-Winnipeg,2018-01-01,-0.2922399999999925,-146.29629629629608,-1.3691093398457657,-0.3318601562308956,0.11756889788167824,-1.850373510803493,-1.0852939060756128
Sipiwesk,Nelson-Winnipeg,2018-02-01,-0.42630769230768806,-90.35714285714266,-1.1368817249604035,-2.3567075903494192,-0.9351264223888784,1.5356436903987642,-2.1060022626604358
Sipiwesk,Nelson-Winnipeg,2018-03-01,-0.5283999999999764,-55.35714285714266,-2.4102495351274102,6.164044364205829,3.1422628282078744,17.38554299143808,1.57408687046596
Sipiwesk,Nelson-Winnipeg,2018-04-01,-0.6416785714285709,-270.35714285714266,1.5442724699304176,-22.41758538210498,-2.9035234391423224,26.805629621126823,-3.327704293387277
Sipiwesk,Nelson-Winnipeg,2018-05-01,-0.6947599999999738,-653.9285714285716,-4.085337178756683,-21.858913715862272,6.744339022718904,-2.698355923972226,2.7330126081194193
Sipiwesk,Nelson-Winnipeg,2018-06-01,-0.9570370370370256,-907.1428571428573,-4.919425160291471,-3.577109143537072,6.5472887945361435,-0.821551407820412,2.1006992885044635
Sipiwesk,Nelson-Winnipeg,2018-07-01,-1.1451851851851984,-987.1428571428573,-3.578123398515995,4.1011313234256335,10.142992649759563,-0.0029672644034559603,-0.26807730538504515
Sipiwesk,Nelson-Winnipeg,2018-08-01,-1.3366923076923172,-1186.4285714285716,-4.299909591022047,-27.368422289977644,3.574091350726249,-0.00013976075154320533,-0.6680276053292395
Sipiwesk,Nelson-Winnipeg,2018-09-01,-1.2241481481481458,-1161.3571428571427,-2.5720681878738105,20.201300233436214,-0.22544525563716888,0.5129364102945797,-4.389354160853795
Sipiwesk,Nelson-Winnipeg,2018-10-01,-1.0128461538461693,-1026.4285714285716,-1.671437089368867,-0.6556990722726468,-6.404372173294959,3.198221346662779,-3.54913330078125
Sipiwesk,Nelson-Winnipeg,2018-11-01,-0.2808695652173867,-347.89285714285734,-0.07066547758378405,-3.194122275869759,-6.811654519489302,1.1892610761736115,-4.393550327845983
Sipiwesk,Nelson-Winnipeg,2018-12-01,-0.328380952380968,-220.37037037037044,-0.14174317604758713,-4.6170549682789925,-0.4282832712676652,-4.053606720710242,2.7238340024594905
Sipiwesk,Nelson-Winnipeg,2019-01-01,-0.6612399999999923,-396.2962962962961,-0.2572293950444351,1.5617688726966392,-0.0716624615181769,-4.207014505352291,-2.654812949044363
Sipiwesk,Nelson-Winnipeg,2019-02-01,-0.8833076923076817,-310.35714285714266,-0.5151775731064845,8.261524134598272,-1.4413549568936497,7.773605042270255,-4.044356754847936
Sipiwesk,Nelson-Winnipeg,2019-03-01,,-255.35714285714266,1.1775649493626714,-13.523151759207913,2.5621190335576625,7.489190104284454,1.98387690952846
Sipiwesk,Nelson-Winnipeg,2019-04-01,-0.44167857142858225,-240.35714285714266,-2.1625290381572473,-4.824344318227041,-1.4416898401188014,-5.99681246759636,0.3209163120814733
Sipiwesk,Nelson-Winnipeg,2019-05-01,-0.48175999999998,-413.92857142857156,-2.2802338530060045,-26.184417432107566,4.458463177018402,-1.131524435809947,-0.7143140520368307
Sipiwesk,Nelson-Winnipeg,2019-06-01,-0.769037037037009,-657.1428571428573,-3.3976277752247235,-12.30666571895459,-2.799923240672797,-0.5227689232145036,0.12828717912946352
Sipiwesk,Nelson-Winnipeg,2019-07-01,-1.1371851851851886,-967.1428571428573,-2.2499951540209757,3.19498612329231,2.348436208974036,-0.010955101710611093,-0.02814810616629515
Sipiwesk,Nelson-Winnipeg,2019-08-01,-1.0466923076923251,-916.4285714285716,-2.8574255718142787,-1.6536507007133707,4.569433504782083,-0.006965423900900047,-1.3627297537667395
Sipiwesk,Nelson-Winnipeg,2019-09-01,-0.9591481481481594,-701.3571428571427,1.3080536155030131,39.46037121100484,-4.7655904199928045,0.12845338954191132,0.34117562430245485
Sipiwesk,Nelson-Winnipeg,2019-10-01,-0.9328461538461568,-566.4285714285716,2.6974714684391596,13.690044504723382,0.5452564135859035,2.7618967204554274,-0.632568359375
Sipiwesk,Nelson-Winnipeg,2019-11-01,0.2821304347826299,202.10714285714266,2.5110183248346267,-0.7600944289671503,-3.176118396887823,2.2919870513890466,-1.5389360700334827
Sipiwesk,Nelson-Winnipeg,2019-12-01,0.6446190476190452,569.6296296296296,1.141353526488981,-3.9618330408336107,-1.425483995936466,0.20437401339963657,-0.469998395001447
Sipiwesk,Nelson-Winnipeg,2020-01-01,0.7507599999999854,603.7037037037039,0.541046532037269,2.4071712936607312,0.11148613910855998,3.086142774139134,4.0120724269322
Sipiwesk,Nelson-Winnipeg,2020-02-01,0.8606923076923181,649.6428571428573,0.5049237042840105,-2.6499163421768976,0.5336910773101926,1.0481522019420382,1.3362889971051892
Sipiwesk,Nelson-Winnipeg,2020-03-01,0.9756000000000142,694.6428571428573,-1.4504868283568486,-0.9100416895567562,0.6004410580706985,5.791627469339538,-0.5207007271902899
Sipiwesk,Nelson-Winnipeg,2020-04-01,1.203321428571428,709.6428571428573,1.324700658317722,-5.195833759249318,-3.4910546881811975,20.69332976160305,-2.168402535574777
Sipiwesk,Nelson-Winnipeg,2020-05-01,1.4632400000000132,1316.0714285714284,-1.5871241516184202,-19.23521108359897,-8.240500223889413,4.650775704898738,-2.0908399309430807
Sipiwesk,Nelson-Winnipeg,2020-06-01,1.020962962962983,1162.8571428571427,1.4287934339206139,8.96279076446912,-16.81451773038134,0.7237893462713276,-1.8911830357142865
Sipiwesk,Nelson-Winnipeg,2020-07-01,0.8308148148148291,992.8571428571427,3.94600199589539,12.840779943092329,-9.792728648920146,0.005528842198795569,1.2199598039899548
Sipiwesk,Nelson-Winnipeg,2020-08-01,,1133.5714285714284,1.2486603502890965,-8.24636516128001,3.195823511175277,-0.005347949419436615,0.39837864467076045
Sipiwesk,Nelson-Winnipeg,2020-09-01,0.06385185185186515,178.64285714285734,-0.20670733647421002,-19.01853973062576,-4.135665949434042,-0.11469828729916887,-1.6485094342912952
Sipiwesk,Nelson-Winnipeg,2020-10-01,-0.5748461538461527,-436.42857142857156,-0.8604958155566624,-13.45845732638346,6.8842453100452445,1.330839956478615,-2.740478515625
Sipiwesk,Nelson-Winnipeg,2020-11-01,,-217.89285714285734,-1.149890517159033,-1.1568622929709278,-7.660884501612081,6.532050070485898,-1.7607378278459827
Sipiwesk,Nelson-Winnipeg,2020-12-01,0.10161904761903884,99.62962962962956,-1.2630463445222837,-3.6166748247557763,-1.2315033570673593,2.050015075063264,1.7722653989438655
Sipiwesk,Nelson-Winnipeg,2021-01-01,-0.17724000000001183,-16.296296296296077,-1.0045493607841696,-3.6186304101387847,-0.6489796048429395,-1.7286384744303547,6.15959439958845
Sipiwesk,Nelson-Winnipeg,2021-02-01,-0.5923076923076849,-70.35714285714266,-0.8873485676303972,-6.097416283280058,0.10331314946857395,-4.521506971546579,-2.8714136396135608
Sipiwesk,Nelson-Winnipeg,2021-03-01,-0.7293999999999699,-195.35714285714266,-2.298215620352754,-7.711928348206648,2.4347374757261218,-21.692077961883378,2.60014888218471
Sipiwesk,Nelson-Winnipeg,2021-04-01,-0.49567857142855587,-160.35714285714266,-3.7849096978399235,-4.113716089964974,2.2385890562353374,-10.348616500518151,0.3884211948939733
Sipiwesk,Nelson-Winnipeg,2021-05-01,-0.5297599999999818,-473.92857142857156,-4.873268265717863,-17.670828740977285,-11.675117063402595,0.35966875813236143,-2.1360059465680807
Sipiwesk,Nelson-Winnipeg,2021-06-01,-1.0210370370370185,-937.1428571428573,-5.983839551585593,-39.09656935970166,0.16685837181285024,-0.01720581868929516,0.4857700892857135
Sipiwesk,Nelson-Winnipeg,2021-07-01,-1.7801851851851893,-1727.1428571428573,-7.631494483835663,-47.14917707938834,8.091570975791129,-0.017715106618457543,1.5228772844587048
Sipiwesk,Nelson-Winnipeg,2021-08-01,-1.9516923076923263,-2166.4285714285716,-4.5929240747812266,12.911140760739471,-2.267334734954474,0.014626475084307033,-0.08190699986048955
Sipiwesk,Nelson-Winnipeg,2021-09-01,-1.4291481481481583,-1774.3571428571427,-4.505499091465026,-23.0233467092538,-6.118433084338903,-0.10838112627555208,2.313892909458705
Sipiwesk,Nelson-Winnipeg,2021-10-01,-1.303846153846166,-1621.4285714285716,-4.342228773436675,-3.27402808969574,0.5946041700164102,-2.0004765621186897,4.1318359375
Sipiwesk,Nelson-Winnipeg,2021-11-01,-1.347869565217394,-1507.8928571428573,-4.52126004737303,7.760452405948726,9.426696425569908,1.9848610806678018,2.6051679338727673
Sipiwesk,Nelson-Winnipeg,2021-12-01,-1.4783809523809452,-1330.3703703703704,-4.010075512471506,12.712376519899678,-0.3575890193503626,8.76720894679979,-3.898404156720197
Sipiwesk,Nelson-Winnipeg,2022-01-01,-1.6492399999999918,-1286.296296296296,-3.152482276034009,8.661311930544407,-0.6514336398270513,18.591583307300297,-4.058392660958425
Sipiwesk,Nelson-Winnipeg,2022-02-01,-1.771307692307687,-1020.3571428571427,-2.3624064815521706,12.101715890042083,-0.8662512762904435,29.898268037608695,-5.450988224574498
Sipiwesk,Nelson-Winnipeg,2022-03-01,-1.617399999999975,-865.3571428571427,-3.294626903620416,2.0181868354224477,-0.3173337416748314,38.54785919455545,-0.7649634225027899
Sipiwesk,Nelson-Winnipeg,2022-04-01,-1.1216785714285606,-690.3571428571427,-0.9363997950068939,34.57273448085679,1.126965341557348,48.58868349609631,-0.7310856410435267
Sipiwesk,Nelson-Winnipeg,2022-05-01,-0.14275999999998135,26.07142857142844,28.97774624268225,30.92387457477993,-10.623927569083335,11.958474655070209,-0.7104078020368307
Sipiwesk,Nelson-Winnipeg,2022-06-01,1.544962962962984,1632.8571428571427,9.558932173864118,4.2975980821730815,2.3735480499453843,0.9479242310460125,-0.7938319614955365
Sipiwesk,Nelson-Winnipeg,2022-07-01,2.026814814814827,2112.8571428571427,3.4607292088497026,0.5675158255534001,-3.441325222541181,0.0014511627211635236,0.18895394461495485
Sipiwesk,Nelson-Winnipeg,2022-08-01,2.219307692307666,2293.5714285714284,0.14429227875163164,-14.23584895175216,0.45086989744699224,-0.007016413811860245,0.8852560860770105
Sipiwesk,Nelson-Winnipeg,2022-09-01,2.4738518518518617,2478.6428571428573,-5.244355998001993,-44.272532956841005,-34.043744090013206,-0.12722702064950542,2.004627772739955
Sipiwesk,Nelson-Winnipeg,2022-10-01,1.967153846153849,1993.5714285714284,-5.4709420900118335,-33.322015561030376,-17.649680733614204,-0.9118760728077695,1.0089111328125
Sipiwesk,Nelson-Winnipeg,2022-11-01,0.9751304347826135,752.1071428571427,-5.298685495550412,-8.74835024920425,-7.663698550978943,9.587939229926892,-0.45983450753348265
Sipiwesk,Nelson-Winnipeg,2022-12-01,0.9706190476190386,469.62962962962956,-4.996463145491564,-3.4468321461678926,-1.8751764334781371,21.49481226310686,-1.9600344057436345
Sipiwesk,Nelson-Winnipeg,2023-01-01,0.4127599999999916,383.7037037037039,-4.189977668699742,-16.00177213965383,-0.9051781505279775,26.968442435775486,5.351885659354075
Sipiwesk,Nelson-Winnipeg,2023-02-01,0.0926923076923174,389.64285714285734,-3.3908110817719717,-9.391467791699274,-1.8574294871151715,25.289964729121756,-2.1124414716448108
Sipiwesk,Nelson-Winnipeg,2023-03-01,,114.64285714285734,-5.818541210568843,-19.8429035476043,-5.84004925154399,37.20682919291513,-3.11896732875279
Sipiwesk,Nelson-Winnipeg,2023-04-01,-0.4256785714285627,-60.35714285714266,-5.973063146354564,-19.333605554753113,-10.697170676264381,25.93309585271137,-0.7763126918247767
Sipiwesk,Nelson-Winnipeg,2023-05-01,-0.5377599999999916,-373.92857142857156,-6.6492470681883535,-49.398005890127806,-22.705511705550762,-3.206890646002389,4.597148350306919
Sipiwesk,Nelson-Winnipeg,2023-06-01,-0.8250370370370206,-697.1428571428573,-11.633733416342043,-63.01040104257741,-35.23765102727339,-0.7577406774674142,4.4651402064732135
Sipiwesk,Nelson-Winnipeg,2023-07-01,-1.1631851851851707,-987.1428571428573,-10.97914330083378,-57.518811975439476,-57.29193992114493,-0.01767610748564552,-1.7140001569475452
Sipiwesk,Nelson-Winnipeg,2023-08-01,-1.31169230769234,-1206.4285714285716,-8.216443640516705,-41.40759193770853,-59.24002326459491,-0.004592530396101635,0.5546896798270105
Sipiwesk,Nelson-Winnipeg,2023-09-01,-0.940148148148154,-1001.3571428571427,-6.712755202897824,-42.16895815001668,-38.965040585026145,-0.11999704708744363,4.129993983677455
Sipiwesk,Nelson-Winnipeg,2023-10-01,-1.0728461538461715,-1306.4285714285716,-6.460388695683962,-23.709437826515305,-19.310001408614752,-0.5303681620197103,1.5010986328125
Sipiwesk,Nelson-Winnipeg,2023-11-01,-0.9678695652173701,-977.8928571428573,-5.91738956635319,-19.762533359296086,-6.517668870011612,-1.161601061799697,2.1492963518415173
Sipiwesk,Nelson-Winnipeg,2023-12-01,-0.8853809523809559,-730.3703703703704,-5.338895758743295,-14.071261735538158,-1.274905943083232,-12.62943732931658,8.57789894386574
Sipiwesk,Nelson-Winnipeg,2024-01-01,,,-4.29857773893413,-12.965818696622073,-0.6550303348506401,-19.99496801623276,4.1984737941197
Sipiwesk,Nelson-Winnipeg,2024-02-01,,,-3.2420715178886894,-4.1299859939109815,-0.6283104656696588,-32.04175005001681,3.9703222002301892
Sipiwesk,Nelson-Winnipeg,2024-03-01,,,-2.994773601780513,5.252550811357132,0.3073534945932419,-20.89035823675139,-1.57532719203404
Sipiwesk,Nelson-Winnipeg,2024-04-01,,,-2.7762694506756294,7.446087880193126,-3.6113576996805428,-12.238379900476762,2.211968558175223
Sipiwesk,Nelson-Winnipeg,2024-05-01,,,-0.39155800498390114,35.09208186629361,-7.267789324812057,-1.5793173682011137,0.40214102608816926
Sipiwesk,Nelson-Winnipeg,2024-06-01,,,0.29044716419386063,6.627096611607286,1.5757724759168923,0.17549436805503715,-1.3542567661830365
Sipiwesk,Nelson-Winnipeg,2024-07-01,,,-0.43121419210885037,-15.930290121884482,0.6787252412842832,-0.0162428020433123,1.6086316789899548
Sipiwesk,Nelson-Winnipeg,2024-08-01,,,-0.40770860661203656,-0.17715168152270167,8.985440587691429,0.008540165643873054,2.0792258126395105
Sipiwesk,Nelson-Winnipeg,2024-09-01,,,-1.3366551138460636,-8.081703251394046,0.5553709343075752,-0.12497287077297048,5.107594081333705
Sipiwesk,Nelson-Winnipeg,2024-10-01,,,-2.8164573330806366,-29.18867000179099,12.102411469511154,-1.929371364115338,1.450927734375
Sipiwesk,Nelson-Winnipeg,2024-11-01,,,-2.8182070621239426,20.780712199796525,4.57514784232314,-2.786148938217334,5.060246058872767
Sipiwesk,Nelson-Winnipeg,2024-12-01,,,-2.6524406550581467,9.897320509750259,0.8977166392098836,14.053511364316499,3.6464414243344905
Split,Nelson-Winnipeg,1994-01-01,-0.0784444444444432,4.814814814814781,-0.6143453283584677,0.3584263093736304,-0.9146890334120275,4.881910048425198,-7.716171809605189
Split,Nelson-Winnipeg,1994-02-01,-0.11780769230770716,-171.07142857142844,-0.5575673229551672,-0.8200223507758757,-0.7351472860526491,5.3162649273872375,-5.466805594308035
Split,Nelson-Winnipeg,1994-03-01,-0.22142307692308805,-377.5,0.5371098616576226,-7.607392580082109,-0.03205800697157546,-11.128885604973348,1.0736639840262274
Split,Nelson-Winnipeg,1994-04-01,-0.35238461538460797,-663.9285714285716,-3.564203756728343,-12.066838077901465,0.021065924166967065,-12.170214571857024,-2.5366483415876115
Split,Nelson-Winnipeg,1994-05-01,-0.4261153846154002,-635.0,-3.8938262992555135,-0.9565048593295984,-6.087168238341942,-4.0678012800136845,0.05159868512834809
Split,Nelson-Winnipeg,1994-06-01,-0.9411111111111268,-1276.7857142857142,-4.048698714801244,10.877451693106977,1.863407898261876,-0.6105544453021139,1.7499574933733264
Split,Nelson-Winnipeg,1994-07-01,-1.0061923076923165,-1462.1428571428569,-2.7516079925200234,5.81638912886514,-4.071404633577913,-0.013587551490802818,-0.7321417672293542
Split,Nelson-Winnipeg,1994-08-01,-1.0223461538461436,-1519.6428571428569,-1.928096813831612,-5.129330608594628,0.3852378660147764,0.0022617210301436597,-0.6644788469587048
Split,Nelson-Winnipeg,1994-09-01,-0.8173076923076792,-1174.6428571428573,-0.6526659802018138,-15.349104297846289,-0.6961362669244409,-0.1306802275524075,2.4324635096958698
Split,Nelson-Winnipeg,1994-10-01,-0.5156071428571352,-828.5714285714284,-0.06777331873308867,10.87479329310424,-3.613106769210262,-1.711221715335601,1.5326036725725447
Split,Nelson-Winnipeg,1994-11-01,-0.3293928571428637,-414.64285714285734,0.456139070073343,2.477939976545585,4.770241690234148,-3.9613832819408596,2.37677982875279
Split,Nelson-Winnipeg,1994-12-01,-0.4444615384615531,-607.7777777777778,0.5428827954111277,-3.0787484849699673,0.09569745668192864,-7.220223684001851,4.111356382016783
Split,Nelson-Winnipeg,1995-01-01,-0.2624444444444407,-355.1851851851852,0.20508582383627072,-2.884690992816882,0.5738215904459918,-8.651756681501865,2.5993646894182483
Split,Nelson-Winnipeg,1995-02-01,-0.3938076923076892,-341.07142857142844,0.06569819119509468,1.0616946549687007,-0.21576961184369514,-9.79442149400711,-2.171319144112722
Split,Nelson-Winnipeg,1995-03-01,-0.3694230769230842,-347.5,1.0336685029739918,9.61292637761549,0.0913136396515517,-14.00269375049642,0.5444281441824774
Split,Nelson-Winnipeg,1995-04-01,-0.19438461538462093,-253.92857142857156,-1.7436220826181987,-4.27272459741549,-1.440035131443958,-1.6282912277217392,-3.0402799333844865
Split,Nelson-Winnipeg,1995-05-01,-0.49111538461539794,-685.0,-3.9267563811985635,-11.641340700277524,-5.719362527348235,-0.28878437920606537,-0.9638737269810269
Split,Nelson-Winnipeg,1995-06-01,-0.7491111111111195,-1076.7857142857142,-5.387319210318051,-24.728586597900303,2.139015351921053,-0.34607769339345396,2.9909548078264514
Split,Nelson-Winnipeg,1995-07-01,-1.136192307692312,-1662.1428571428569,-3.8804171698367487,8.598492501602905,1.3551812735386193,-0.016023309269387775,-2.037317548479354
Split,Nelson-Winnipeg,1995-08-01,-0.8443461538461463,-1239.6428571428569,3.3055297660342013,43.586165361505536,-5.809186716630521,0.0010331901389040166,0.26029532296317015
Split,Nelson-Winnipeg,1995-09-01,-0.4873076923076667,-734.6428571428573,-2.200972007163468,-21.979804379433126,0.8165492909029126,-0.05057880272423576,-1.5892650059291302
Split,Nelson-Winnipeg,1995-10-01,-0.1566071428571263,-238.57142857142844,-2.2720267879776657,1.563347304389545,-0.6162356377379723,-0.5273924450323517,0.015880039760044706
Split,Nelson-Winnipeg,1995-11-01,-0.17839285714288167,-394.64285714285734,-1.7799235034284973,10.161368679421557,-3.293824078614957,7.855888539259988,-5.76366206577846
Split,Nelson-Winnipeg,1995-12-01,-0.4594615384615679,-467.7777777777778,-1.6717349116569729,4.000534348758972,-0.5960516988394642,20.516672965001177,-0.9890159324363417
Split,Nelson-Winnipeg,1996-01-01,-0.35044444444443457,-465.1851851851852,-1.25817990192445,-1.1487048406187164,-0.6659347791680506,21.99100237339735,-5.730026790073939
Split,Nelson-Winnipeg,1996-02-01,-0.5398076923077042,-531.0714285714284,-0.5316817504145934,4.603155788832478,0.52718291668238,20.831406116485596,1.2192753383091528
Split,Nelson-Winnipeg,1996-03-01,-0.27942307692308077,-527.5,-0.07461790456935447,-3.6466739464750795,-1.1200490038650708,17.769297651414362,-3.9232232230050226
Split,Nelson-Winnipeg,1996-04-01,-0.22038461538460297,-373.92857142857156,0.15961214168263282,9.018354487904745,-1.3126214720874234,24.552490196323824,-2.2956205095563615
Split,Nelson-Winnipeg,1996-05-01,-0.1311153846153843,-315.0,8.49491008869206,6.50153120763467,-9.079840443778917,13.358885547079678,-1.755194527762277
Split,Nelson-Winnipeg,1996-06-01,0.5208888888888623,833.2142857142858,6.693150249442883,-14.75900428236595,-11.422435990035801,1.3268427283037454,0.4364504132952014
Split,Nelson-Winnipeg,1996-07-01,0.6358076923077078,897.8571428571431,1.4151467268155624,5.304708399177926,-5.716394807677716,0.04877916321025366,0.8937737601143958
Split,Nelson-Winnipeg,1996-08-01,0.26865384615385324,350.3571428571431,0.4716011441944694,-16.742957340154263,4.390259048834977,-0.0038635875431023425,1.1710924421037952
Split,Nelson-Winnipeg,1996-09-01,-0.32130769230766987,-444.64285714285734,-1.0883066663934322,12.662503639668493,6.509216618724167,-0.003548293274694192,1.4139393397739948
Split,Nelson-Winnipeg,1996-10-01,0.009392857142870525,-188.57142857142844,-1.2540123279904947,7.38216378834165,0.350311302879291,0.16989714848542858,-1.8402600969587053
Split,Nelson-Winnipeg,1996-11-01,0.032607142857131066,-54.64285714285734,0.5108851213922865,14.851483553814305,-2.6744424706391463,10.852998205726701,-4.27593013218471
Split,Nelson-Winnipeg,1996-12-01,-0.01046153846155562,142.22222222222217,1.0323175175236194,8.353232742390698,-1.074449353499976,29.215792056035113,-1.9725516990379042
Split,Nelson-Winnipeg,1997-01-01,-0.10344444444444889,-35.18518518518522,0.7598511074320413,4.4447789031047655,-0.6428431106866941,37.79497276991606,-3.8048711504255017
Split,Nelson-Winnipeg,1997-02-01,-0.02880769230770852,18.92857142857156,0.2529854729281009,-4.936102586465754,-0.5915212069729541,40.260083973407745,0.2964237758091528
Split,Nelson-Winnipeg,1997-03-01,0.12457692307691559,172.5,0.43864351235762555,2.9795398960621746,-2.2540269923670815,49.84528391755053,-3.1642510550362726
Split,Nelson-Winnipeg,1997-04-01,0.26461538461538225,526.0714285714284,5.753111077605613,7.789008689412313,-1.1447075043439074,28.96114774713559,-2.1378751482282365
Split,Nelson-Winnipeg,1997-05-01,0.49888461538461115,695.0,5.445136458937279,-12.539835085460382,-9.25589399620159,6.380663378097649,-4.006201607840402
Split,Nelson-Winnipeg,1997-06-01,0.9558888888888646,1463.2142857142858,4.760812485723623,0.33055182679423467,-6.916248010903864,-0.20897467038594186,-0.6627927507672986
Split,Nelson-Winnipeg,1997-07-01,0.7758076923076942,1167.8571428571431,2.6179414500282814,-7.191959514914615,-12.12986366590485,-0.008896363267142826,0.8868767874581458
Split,Nelson-Winnipeg,1997-08-01,0.40965384615384437,640.3571428571431,0.1013621492477661,-5.474678290608736,-3.125807727753582,-0.0009062891227327174,-0.5738721575055798
Split,Nelson-Winnipeg,1997-09-01,-0.046307692307692605,5.357142857142662,0.26086367662563603,6.78205374112752,-3.031327505595982,-0.013796799716406571,0.6125172206333698
Split,Nelson-Winnipeg,1997-10-01,-0.0016071428571251545,11.428571428571558,3.7643250107066706,19.510102119446465,7.335321300031083,0.007084500144368899,-2.6275830950055803
Split,Nelson-Winnipeg,1997-11-01,0.2606071428571397,335.35714285714266,2.529000313578374,-13.33395283186941,-7.731786858390219,0.4416528058105289,-1.56981440952846
Split,Nelson-Winnipeg,1997-12-01,0.43753846153842346,402.2222222222222,1.5226111518805503,-11.917038484373027,0.4910449737238838,-10.988343645025182,5.469876889829283
Split,Nelson-Winnipeg,1998-01-01,0.15255555555555134,374.8148148148148,1.0955333200399764,6.8552673973109854,-0.078012505615074,-7.810150273144245,-3.0192266191755017
Split,Nelson-Winnipeg,1998-02-01,0.0331923076923033,328.92857142857156,0.9747370105677486,9.089567656961403,1.0800779735810857,-12.407813221216202,8.48451886858259
Split,Nelson-Winnipeg,1998-03-01,-0.039423076923071676,262.5,0.20447444174871166,-8.11874490214645,-0.4279245253461079,-8.43284831249288,0.011743818010602425
Split,Nelson-Winnipeg,1998-04-01,0.11861538461539567,266.07142857142844,-0.32592706182705555,-9.89107238378243,-1.3671632145165606,-20.485308387183714,3.0413240705217635
Split,Nelson-Winnipeg,1998-05-01,0.04188461538461752,185.0,0.6696863305738336,8.570275481490953,1.2434330398848807,-7.052992345831756,1.155968802315848
Split,Nelson-Winnipeg,1998-06-01,0.09988888888887004,43.21428571428578,-1.3810462717499057,28.712584005136577,0.8015674497333478,-0.8235530403908342,0.0186342511858264
Split,Nelson-Winnipeg,1998-07-01,0.0328076923076992,57.85714285714312,0.3765034863525738,-10.59481825463341,13.518122083041817,-0.016835422554452473,0.3603875296456458
Split,Nelson-Winnipeg,1998-08-01,-0.32534615384614085,-359.6428571428569,-1.2822660812941784,-7.795466392833205,8.192887305215535,-0.00442121693465336,2.402354649135045
Split,Nelson-Winnipeg,1998-09-01,-0.6443076923076774,-1044.6428571428573,-2.2984413174396785,-11.169192377045484,6.584039074368775,-0.10644686491494726,0.6450489589146198
Split,Nelson-Winnipeg,1998-10-01,-0.535607142857117,-838.5714285714284,-1.2155859294580296,13.071125732884475,-4.224879646374447,-1.0123789085940058,1.5181383405412947
Split,Nelson-Winnipeg,1998-11-01,-0.5433928571428623,-744.6428571428573,-1.0299444225633376,-2.9669303538477294,2.3625906448744765,-2.952856859857482,3.877176557268415
Split,Nelson-Winnipeg,1998-12-01,-0.6064615384615593,-707.7777777777778,-0.8468309005601675,-2.2249283631228742,0.7428120464923,-7.9549123981484655,-0.14683758770977917
Split,Nelson-Winnipeg,1999-01-01,-0.6964444444444382,-845.1851851851852,-0.39332248707069084,0.2604453537579907,-0.15299218378978763,-7.305447943508625,-0.8934789385114392
Split,Nelson-Winnipeg,1999-02-01,-0.5698076923077053,-681.0714285714284,-0.08812166457313886,0.49953414626153503,0.8775820777892869,-7.353104650974274,4.88838849748884
Split,Nelson-Winnipeg,1999-03-01,-0.7664230769230755,-867.5,0.4430688952977242,-5.213427319956413,1.6674473814159034,-8.910069175596746,3.7045843941824774
Split,Nelson-Winnipeg,1999-04-01,-0.5863846153846168,-563.9285714285716,-1.8314120409611085,2.4955679171918206,1.3204110915207163,-16.475122787856627,5.145480564662389
Split,Nelson-Winnipeg,1999-05-01,-0.7641153846153941,-1285.0,-0.6658843163417512,30.27827197469638,9.544496888078616,-2.363113561711673,3.514184134347098
Split,Nelson-Winnipeg,1999-06-01,-0.7881111111111352,-1086.7857142857142,-3.1403771884340266,-5.505648607920321,9.755465663537116,0.8856512431520969,1.5508302961077014
Split,Nelson-Winnipeg,1999-07-01,-0.9621923076923053,-1402.1428571428569,2.5407837030278255,26.32505541883542,16.20162377366796,0.19081598397211308,-0.3775580269949792
Split,Nelson-Winnipeg,1999-08-01,-1.0173461538461481,-1569.6428571428569,0.4159053766800618,-5.8452303554596625,-2.963199039056363,-0.0008846358728729076,0.08814566476004515
Split,Nelson-Winnipeg,1999-09-01,-0.6883076923076885,-1074.6428571428573,1.4248786517003147,9.814738067299395,-0.3311148611828685,-0.03631408409481596,-1.5359813145228802
Split,Nelson-Winnipeg,1999-10-01,-0.36960714285712015,-458.57142857142844,1.64803110237699,-16.20074069485002,-2.5415054780231543,-1.1943591068432267,-1.9224134172712053
Split,Nelson-Winnipeg,1999-11-01,-0.31339285714287257,-484.64285714285734,1.5902673216520018,-13.963217227553415,1.0386707851596704,-7.120733531857175,2.45447758265904
Split,Nelson-Winnipeg,1999-12-01,-0.3194615384615531,-367.7777777777778,0.619559659820947,-1.2410443871178565,1.560644241517703,-13.678217444706846,1.6836983009620958
Split,Nelson-Winnipeg,2000-01-01,-0.18144444444445185,-375.1851851851852,0.17738319729687646,-4.065094451237069,-0.8445188860020738,-14.566526748239994,-1.4966283525739392
Split,Nelson-Winnipeg,2000-02-01,0.3391923076923149,-191.07142857142844,0.8510742674323932,0.6799576388272861,1.348108186773191,-22.511262446641922,5.23457990373884
Split,Nelson-Winnipeg,2000-03-01,-0.07242307692308714,-57.5,-1.2937585758793695,-1.051872989462158,2.50558964814575,-37.5166571965175,4.748987470354352
Split,Nelson-Winnipeg,2000-04-01,-0.17738461538462502,-233.92857142857156,-3.0263929095651427,-1.8639891433330007,-2.7561152923486336,-19.876971275412608,-0.6260953630719865
Split,Nelson-Winnipeg,2000-05-01,-0.45311538461538703,-545.0,-4.210587180360951,3.75415964767204,1.9678659716321683,-2.6552559491912167,0.08025469098772309
Split,Nelson-Winnipeg,2000-06-01,-0.7561111111111245,-1116.7857142857142,-1.963806820900313,13.81957654042968,-1.6944271088245202,0.6501565512735397,-3.4730954851422986
Split,Nelson-Winnipeg,2000-07-01,-0.4351923076922901,-832.1428571428569,2.168474116063278,0.4615620917840175,-4.659615166019648,0.032044693528275436,-0.8031256539481042
Split,Nelson-Winnipeg,2000-08-01,-0.4553461538461363,-589.6428571428569,2.6626141022591447,18.267063606929568,3.6451490679090597,0.00041653817918674285,0.31635611397879515
Split,Nelson-Winnipeg,2000-09-01,-0.1053076923076901,-274.64285714285734,1.201996861449775,3.383240899503498,6.864155293442309,0.018082488428003085,-1.8795482090541302
Split,Nelson-Winnipeg,2000-10-01,0.08039285714286848,131.42857142857156,-0.08234685810748488,-23.409809499363682,-7.573157760946614,-2.1240268376589353,1.2001146589006697
Split,Nelson-Winnipeg,2000-11-01,0.045607142857136296,85.35714285714266,1.5071764677746362,21.732348520475043,3.1648225974225035,4.1557253238611995,-0.14043208530971008
Split,Nelson-Winnipeg,2000-12-01,-0.03446153846155653,2.2222222222221717,1.0674977330146014,-1.2796557404928741,-0.9776194034471968,4.894533987950396,-7.084398622866029
Split,Nelson-Winnipeg,2001-01-01,0.26655555555555566,94.81481481481478,0.9638833653298207,-11.449682694676863,0.34563535788428057,0.23787375539541245,5.077819279261998
Split,Nelson-Winnipeg,2001-02-01,0.280192307692289,368.92857142857156,0.5768703605489076,-3.013395745905914,-0.7496875743007485,-4.243195056915283,-2.7227260044642847
Split,Nelson-Winnipeg,2001-03-01,0.14657692307693537,292.5,-1.3035341159723295,-9.585674989336571,-0.6475556942210199,-6.062535502548727,1.9959357125418524
Split,Nelson-Winnipeg,2001-04-01,0.05161538461538839,116.07142857142844,0.11568223791462984,2.5603635211674742,-1.8644877231313988,-2.551436790132094,2.0087007795061385
Split,Nelson-Winnipeg,2001-05-01,0.5108846153846116,655.0,2.7748414462881303,4.11059379361437,3.856982102401421,-5.370255434952144,2.897057669503348
Split,Nelson-Winnipeg,2001-06-01,0.5488888888888823,803.2142857142858,-0.523233570025436,-5.805455314527663,7.053133096113534,-0.7174510683398694,-0.1626706804547986
Split,Nelson-Winnipeg,2001-07-01,0.5718076923076865,807.8571428571431,1.518719634207498,14.718733050228494,2.9172611539252102,-0.01363039232923513,0.3942620413643958
Split,Nelson-Winnipeg,2001-08-01,0.1346538461538671,210.35714285714312,0.29820191931711193,-31.290870093341383,5.2903485567575075,-0.006595855146380503,0.5507616315569202
Split,Nelson-Winnipeg,2001-09-01,-0.13930769230768192,-194.64285714285734,-1.2586199539198013,-25.254680305286975,-1.4438474318012595,-0.11153619353925537,0.7825611659458698
Split,Nelson-Winnipeg,2001-10-01,-0.0656071428571181,-148.57142857142844,-1.8453427328495309,-8.387291793561808,4.06436333183332,0.08256214122021843,0.1225084577287947
Split,Nelson-Winnipeg,2001-11-01,-0.04339285714286234,-34.64285714285734,-0.9414970086904102,-7.124406713826048,0.9953031673960915,-7.698109290296477,2.528482709612165
Split,Nelson-Winnipeg,2001-12-01,-0.06146153846157176,-257.7777777777778,-0.7196225687275053,-2.2332774953813193,0.6599249849117501,-7.523898173261571,3.5884987160011583
Split,Nelson-Winnipeg,2002-01-01,-0.07344444444444775,-105.18518518518522,-0.5488352253451012,-8.07059922330414,-0.10831013881735485,-19.847136922180653,-0.5329290117536267
Split,Nelson-Winnipeg,2002-02-01,-0.29780769230768556,-441.07142857142844,-0.5898865446007608,-3.351538250821509,0.032801343747581146,-26.6258604824543,0.6418217250279028
Split,Nelson-Winnipeg,2002-03-01,-0.33242307692307804,-617.5,-2.661377385915589,-1.6804054820178358,-1.3930784402223901,-17.229409821863683,-4.534627641950335
Split,Nelson-Winnipeg,2002-04-01,-0.4903846153846132,-703.9285714285716,-1.1770089206817964,5.8053859018920235,-1.2743493529602095,-0.09503624668078459,-3.2217679704938615
Split,Nelson-Winnipeg,2002-05-01,-0.5651153846153818,-905.0,-3.107052758943089,-16.171507325322764,-4.882496900141373,9.443443393268224,-4.074164254324777
Split,Nelson-Winnipeg,2002-06-01,-0.5591111111111218,-766.7857142857142,1.3946419182632646,3.2497451840234675,-5.133679140791564,1.463196036638692,-0.7752500261579236
Split,Nelson-Winnipeg,2002-07-01,-0.6641923076923035,-992.1428571428569,0.4441410211646666,-11.394292328207356,-8.911808195989579,-0.012670198754806572,-0.013819013323104201
Split,Nelson-Winnipeg,2002-08-01,-0.5153461538461386,-899.6428571428569,-0.8830848112536067,27.174337251511005,-11.98509777064568,0.026167258121339243,-0.7671094621930798
Split,Nelson-Winnipeg,2002-09-01,-0.31930769230768874,-604.6428571428573,-1.2662378815418514,6.0183226638140965,2.544964081607759,-0.04872919609104942,-0.8939219883510052
Split,Nelson-Winnipeg,2002-10-01,-0.26660714285713993,-348.57142857142844,-1.8283719982719049,-14.704418125412694,4.351005444602507,1.6644633599623506,-3.5675550188337053
Split,Nelson-Winnipeg,2002-11-01,-0.3403928571428594,-564.6428571428573,-1.7841799386327946,-13.33741735184698,-5.896764736722357,-0.7585537719673336,-1.031453813825335
Split,Nelson-Winnipeg,2002-12-01,0.2315384615384346,-377.7777777777778,-1.8348871871475474,3.5102939453079465,1.0484251127949125,-8.810142193127561,3.1680885597511583
Split,Nelson-Winnipeg,2003-01-01,0.00855555555554588,-255.18518518518522,-1.3791160090477206,-7.675016001615273,0.7372093450287918,-10.906954295933247,1.6681207929338733
Split,Nelson-Winnipeg,2003-02-01,-0.3068076923077001,-611.0714285714284,-1.2069783214038967,-0.8968729941573521,-0.8195494712189038,-10.256268084049225,-5.743172781808035
Split,Nelson-Winnipeg,2003-03-01,-0.29842307692308623,-817.5,3.5074070422394605,-4.807964803019008,-0.9180936535163449,-11.576110430594,-2.2159173148018976
Split,Nelson-Winnipeg,2003-04-01,-0.6453846153846143,-983.9285714285716,-2.3929550245936433,7.2397914690165095,1.057093603386809,-13.361720734142828,-1.3860440935407365
Split,Nelson-Winnipeg,2003-05-01,-1.0191153846153895,-1405.0,-5.266473625462302,-10.80399509269877,4.783383917778597,-2.1434480939725677,3.261040823800223
Split,Nelson-Winnipeg,2003-06-01,-1.4481111111111318,-2036.7857142857142,-7.535404542327992,-16.509194559018525,2.643864364862175,-0.13934841263107955,1.5919374738420764
Split,Nelson-Winnipeg,2003-07-01,-1.6171923076923065,-2152.142857142857,-6.701431432572592,-13.105505358128411,5.803300125990063,-0.016254160852570587,0.1608636038643958
Split,Nelson-Winnipeg,2003-08-01,-1.6393461538461338,-2459.642857142857,-5.841882028367504,-26.88586286136082,17.694477698699174,-0.006767218500109751,2.915294102260045
Split,Nelson-Winnipeg,2003-09-01,-1.7293076923076853,-2314.6428571428573,-3.489336444805044,20.288680451423197,7.490625721402466,0.03900686195785452,0.2885120936802448
Split,Nelson-Winnipeg,2003-10-01,-1.7196071428571145,-2228.5714285714284,-3.0303010425996035,-10.565099878086976,-3.5199256173135467,-0.6377623191968138,0.4139818464006697
Split,Nelson-Winnipeg,2003-11-01,-1.5533928571428817,-1994.6428571428573,-2.664911906841942,-11.05000470748304,0.8733447300203672,4.281072029178697,0.030466352190289925
Split,Nelson-Winnipeg,2003-12-01,-1.4574615384615583,-1727.7777777777778,-2.517899256350507,-6.956094888866776,0.5319858558963193,-4.857020590592313,4.515378598813658
Split,Nelson-Winnipeg,2004-01-01,-1.49444444444444,-1815.1851851851852,-2.044167609710712,9.186348010968818,-0.4654681461358581,-5.879146046936512,-5.894455501011439
Split,Nelson-Winnipeg,2004-02-01,-1.3198076923077053,-1781.0714285714284,-1.445131735506168,-2.7361755325858077,0.3479236137146864,2.9570385813713074,2.356146676199778
Split,Nelson-Winnipeg,2004-03-01,-1.085423076923064,-1487.5,0.5912926083380761,16.344102544410685,-0.0706323693780826,6.44740282690951,-1.1417901175362726
Split,Nelson-Winnipeg,2004-04-01,-1.2023846153846023,-1603.9285714285716,-1.9847912647362271,-8.59080520707981,4.089219136013915,-5.158448957705069,-1.2803006853376115
Split,Nelson-Winnipeg,2004-05-01,-1.0911153846153923,-1495.0,1.0020537915157295,31.00720697797702,-2.2443605724090183,3.1386354322811325,-4.302740914481027
Split,Nelson-Winnipeg,2004-06-01,-0.6561111111111302,-1006.7857142857142,-0.8152416142235914,-14.799342191378983,-11.556106390863924,0.333997217239812,-4.306835719517299
Split,Nelson-Winnipeg,2004-07-01,-0.4461923076923142,-822.1428571428569,0.1148907259838392,0.28549229942395016,-21.80543792201206,-0.013162751981456333,-0.8806708199637292
Split,Nelson-Winnipeg,2004-08-01,-0.5423461538461538,-809.6428571428569,-0.791026019474625,15.902759690236834,-18.258780465527835,0.0014142174872435742,-3.40736825125558
Split,Nelson-Winnipeg,2004-09-01,-0.3343076923076751,-484.64285714285734,3.9548644469635157,14.645152030945091,-13.311623479239643,-0.06737927989368986,0.19885144914899477
Split,Nelson-Winnipeg,2004-10-01,0.015392857142870753,-108.57142857142844,4.062575972056948,4.322978212647804,2.8185472100241356,1.7984923199817007,-0.4133191789899553
Split,Nelson-Winnipeg,2004-11-01,0.2496071428571156,315.35714285714266,2.9826184358431167,-17.486281306316542,0.154762424894475,-6.67002928509776,1.69465092250279
Split,Nelson-Winnipeg,2004-12-01,0.07253846153844279,22.22222222222217,2.083208377438563,17.310583136147923,-1.1613017792384466,-5.4889564850816015,-6.998140688295717
Split,Nelson-Winnipeg,2005-01-01,0.20355555555556748,364.8148148148148,1.3737026965827681,6.568917603414906,-0.19915522083075698,6.235047243535519,-1.7782750810895642
Split,Nelson-Winnipeg,2005-02-01,0.38519230769230717,618.9285714285716,0.7503465941616536,-4.046368919911661,0.06430688050126543,5.3009167313575745,0.9195927211216528
Split,Nelson-Winnipeg,2005-03-01,0.36857692307691536,512.5,0.9337243193710627,-0.7015125801055042,-2.300015337303713,3.67531745827624,-1.5548455374581476
Split,Nelson-Winnipeg,2005-04-01,0.5956153846153995,816.0714285714284,2.613553993536957,-6.94307321932034,0.8601118939363257,-13.716541596555281,4.816256931849889
Split,Nelson-Winnipeg,2005-05-01,0.9498846153846046,1395.0,0.8351324972214318,4.789560313968522,3.8084824315904235,-4.831991499356393,1.688683646065848
Split,Nelson-Winnipeg,2005-06-01,1.255888888888876,1893.2142857142858,7.481396647303232,50.53386308385858,2.873692657366128,-0.7417585875373334,-0.8694272722516736
Split,Nelson-Winnipeg,2005-07-01,1.1948076923077053,1887.8571428571431,5.910913555583518,-5.345088874621851,12.318741355556995,-0.01658641018106466,-0.3878729684012292
Split,Nelson-Winnipeg,2005-08-01,1.3796538461538432,2210.357142857143,5.534760710101441,17.85988867881575,-10.113282586514416,0.017072543934253614,-1.1729016985212048
Split,Nelson-Winnipeg,2005-09-01,1.691692307692307,2725.3571428571427,6.963406272656616,12.226735478699474,-0.44802494812756777,0.17275293274516512,-0.7909556797572552
Split,Nelson-Winnipeg,2005-10-01,1.481392857142879,2361.4285714285716,4.542688067886047,-9.87738544478946,-9.207465665115578,-1.4051281156883175,1.0269274030412947
Split,Nelson-Winnipeg,2005-11-01,0.5716071428571183,1065.3571428571427,3.1258965931816167,8.935892526226652,3.70316080599358,-3.6124465155548275,2.319864545549665
Split,Nelson-Winnipeg,2005-12-01,0.41053846153843665,432.2222222222222,2.4133906645821064,4.226004226236707,1.8158264377874462,-4.294119913268972,1.3436561867042833
Split,Nelson-Winnipeg,2006-01-01,0.3445555555555586,574.8148148148148,1.9601169115048833,1.598462817907734,0.5285111501182524,-4.321207292377949,6.123092106410436
Split,Nelson-Winnipeg,2006-02-01,0.36419230769229216,618.9285714285716,1.2276373646662773,-1.690630144107022,0.012717343322167896,-4.240274429321289,1.1677769252232153
Split,Nelson-Winnipeg,2006-03-01,0.42457692307692696,942.5,0.5479094200252028,6.024549810847798,0.5586737757507114,11.790258876447169,3.2689154488699774
Split,Nelson-Winnipeg,2006-04-01,0.7016153846153941,866.0714285714284,5.577520683540829,-3.617441377303166,1.3951794140406744,-12.927925580048132,5.937320164271764
Split,Nelson-Winnipeg,2006-05-01,0.9198846153846034,1395.0,2.003288336189664,12.03766090579198,1.7460897776930189,-5.350229438460831,1.042595999581473
Split,Nelson-Winnipeg,2006-06-01,0.8348888888888837,1273.2142857142858,-3.5115933444883147,-22.385132199685486,12.176389801814885,-0.773535663029179,2.7686952863420764
Split,Nelson-Winnipeg,2006-07-01,0.21180769230770125,327.8571428571431,-4.6082451507183055,-22.052483845202786,11.585851025301963,-0.016876284332413727,-0.5427191598074792
Split,Nelson-Winnipeg,2006-08-01,0.04265384615385415,80.35714285714312,-1.6010416168553228,-8.204922129932257,3.1990704675471164,-0.0032222555351577586,0.32822745186942015
Split,Nelson-Winnipeg,2006-09-01,-0.2853076923076685,-394.64285714285734,-1.7092913133507999,13.57009611508277,6.015718099661171,0.34173256634468485,0.014128548758369774
Split,Nelson-Winnipeg,2006-10-01,-0.7456071428571249,-1058.5714285714284,-2.640583144966513,-0.3239102557667408,3.39015691757335,2.6927747988208597,-0.1771436418805803
Split,Nelson-Winnipeg,2006-11-01,-0.5503928571428673,-864.6428571428573,-2.706807889418476,13.92467905783893,0.4775512622602811,5.316639402216035,-1.488790239606585
Split,Nelson-Winnipeg,2006-12-01,-0.13746153846156517,-287.7777777777778,-2.471546415041235,-0.6329110603676078,-0.39964905375166326,13.647166874121737,4.881436948423033
Split,Nelson-Winnipeg,2007-01-01,-0.14844444444443639,-205.18518518518522,-1.718318679195363,-5.557867692134874,0.09259299892099593,10.16912516206503,2.1623834882463733
Split,Nelson-Winnipeg,2007-02-01,-0.2098076923076917,-411.07142857142844,-1.2183906900255739,4.513063193631492,-0.4772960648032103,8.445017039775848,-2.060296194893972
Split,Nelson-Winnipeg,2007-03-01,-0.2294230769230694,-487.5,0.968025773805234,8.530639207622567,-0.30130128236903264,12.004932455186335,-0.3537652151925226
Split,Nelson-Winnipeg,2007-04-01,-0.26938461538460956,-403.92857142857156,-0.029528122727892736,-1.762222361451549,-5.765299730618219,0.46931915650410616,0.24344199044363846
Split,Nelson-Winnipeg,2007-05-01,-0.09111538461539226,-125.0,2.552895635225079,27.720842722504003,6.177708853751287,-2.677350180290107,1.976616995675223
Split,Nelson-Winnipeg,2007-06-01,-0.20211111111112245,-296.7857142857142,6.633474591321178,19.24321970104107,3.349554255172343,-0.1317689602728933,-1.1681333269391736
Split,Nelson-Winnipeg,2007-07-01,0.13580769230770784,157.85714285714312,1.6039738922180344,-31.363648341669304,0.525486480910331,-0.013976727911670261,0.8596551077706458
Split,Nelson-Winnipeg,2007-08-01,0.3596538461538614,440.3571428571431,0.89378267667988,-0.09860941541514023,2.3043365300899126,0.0010100234898604565,-1.7810865129743298
Split,Nelson-Winnipeg,2007-09-01,0.01569230769231922,35.35714285714266,0.5942521290437845,10.294161973953514,-5.683288327418268,0.037024891103750956,-2.7186900547572552
Split,Nelson-Winnipeg,2007-10-01,0.22739285714285984,251.42857142857156,3.787539098993875,-1.0992229113721166,-4.82507164373861,-1.8229368849590952,1.4253649030412947
Split,Nelson-Winnipeg,2007-11-01,0.471607142857124,795.3571428571427,3.6906770869141585,-2.0952648109024636,0.6755719784580698,-3.070118753904742,-1.58159419468471
Split,Nelson-Winnipeg,2007-12-01,0.12253846153842574,112.22222222222217,2.2133669645646243,0.6074682912892762,-1.2426704066725773,3.8194301089754816,-2.947679872866029
Split,Nelson-Winnipeg,2008-01-01,0.22155555555553974,334.8148148148148,1.3367965366342105,-7.804130721654342,-0.067435569722615,-2.140016295015812,0.6363672528948108
Split,Nelson-Winnipeg,2008-02-01,0.025192307692293525,358.92857142857156,0.9531873703443647,-0.6045715251405319,-0.6408427554041345,-0.6591565907001495,-3.6759120396205347
Split,Nelson-Winnipeg,2008-03-01,0.23657692307691036,192.5,-1.3947718886941267,-4.364275277891597,-1.8331947280135603,-0.4666428347783409,-3.5117241995675226
Split,Nelson-Winnipeg,2008-04-01,0.2806153846153734,396.07142857142844,-1.4897682870339075,-0.20574834447221235,4.0560547391318575,4.213496676779222,0.045749119349888456
Split,Nelson-Winnipeg,2008-05-01,-0.1621153846153902,-225.0,-3.095673976141759,-21.262222456113832,-2.3628399378919447,0.7583779598852356,-1.369025094168527
Split,Nelson-Winnipeg,2008-06-01,-0.42811111111112155,-616.7857142857142,-1.6244742021496812,0.15491603075393812,-0.5785443395974923,-0.013133598258718848,-0.3345456804547986
Split,Nelson-Winnipeg,2008-07-01,0.1888076923077051,107.85714285714312,0.8651758336262514,24.6461490377052,-13.474285078700632,-0.00980545051528936,-1.0327093941824792
Split,Nelson-Winnipeg,2008-08-01,0.6656538461538446,1030.3571428571431,-0.16426277787624244,-13.584065766605946,14.133947211251197,-0.0012608901930175609,2.77115958077567
Split,Nelson-Winnipeg,2008-09-01,0.5556923076923113,835.3571428571427,0.18194107334628384,1.519259302377968,2.329360577277839,-0.09674830445354532,-1.5699168613978802
Split,Nelson-Winnipeg,2008-10-01,0.4793928571428694,681.4285714285716,-0.851739154313691,-1.5213710617639933,-3.4089094052823015,-2.1194822163254554,1.5703844342912947
Split,Nelson-Winnipeg,2008-11-01,0.4936071428571154,725.3571428571427,-0.25977848833593065,-1.012525483799564,2.7365405237235656,-5.8832959371751965,1.84974125453404
Split,Nelson-Winnipeg,2008-12-01,0.08753846153842915,212.22222222222217,-0.2168729023887188,4.59012527587927,-0.7321479002981772,-5.025414887953687,-7.312776918764467
Split,Nelson-Winnipeg,2009-01-01,0.1125555555555593,104.81481481481478,-0.0050246817409060895,-1.5857359914142357,0.16583195880619828,1.2690378352999687,0.08270209176199828
Split,Nelson-Winnipeg,2009-02-01,-0.07280769230769124,158.92857142857156,0.047497237704062556,5.72695881627234,0.101567903454582,-0.12492015957832336,0.6771763392857153
Split,Nelson-Winnipeg,2009-03-01,-0.02242307692307577,92.5,2.5551431265609743,11.359156321434835,-0.8943526694825517,7.294816962842432,-2.7731988089425226
Split,Nelson-Winnipeg,2009-04-01,0.15361538461539226,296.07142857142844,1.505609585105308,-4.306426833084387,1.951990987955858,3.98449935684247,1.2636141095842635
Split,Nelson-Winnipeg,2009-05-01,0.5758846153846093,645.0,1.6848818080948806,-14.624407884964185,-0.8357138160915518,-0.20235298766887588,-3.771307809012277
Split,Nelson-Winnipeg,2009-06-01,0.8988888888888766,1493.2142857142858,-0.9010915112282554,-23.165159093748244,-14.984421785421937,0.056151096941903234,-2.6102109636579236
Split,Nelson-Winnipeg,2009-07-01,0.9308076923076953,2027.8571428571431,-1.41303295718639,4.632714225278633,-25.54400503868237,-0.015815158673961216,-3.233423505510604
Split,Nelson-Winnipeg,2009-08-01,0.847653846153861,1390.3571428571431,3.726739608932153,11.717706170332221,-15.902798614531221,-0.0019739340392075366,-2.24422127859933
Split,Nelson-Winnipeg,2009-09-01,0.9086923076923199,1385.3571428571427,2.399879090912041,-28.113936069920392,-1.3024936197325587,-0.12577914250349354,3.4098805018833698
Split,Nelson-Winnipeg,2009-10-01,0.514392857142866,771.4285714285716,-0.018018661648966372,13.619342712835142,-1.7165202672393747,0.5221165941163366,-1.0621228899274553
Split,Nelson-Winnipeg,2009-11-01,0.25960714285713493,425.35714285714266,-1.2038427199253672,-18.246003039946245,-0.6627141140467891,-7.572510662222546,5.678934369768415
Split,Nelson-Winnipeg,2009-12-01,0.08553846153844802,82.22222222222217,-1.1123069615913899,0.9220430963776174,0.6536651657100907,-11.388665203143049,-2.4221824363425917
Split,Nelson-Winnipeg,2010-01-01,0.22655555555556361,,-0.6620487911277451,2.1387799705345465,1.6377603378389591,-11.905827559530735,4.441512516566686
Split,Nelson-Winnipeg,2010-02-01,0.03419230769230808,158.92857142857156,-0.7294968626021205,-7.424317574727215,-0.15947541136743615,-7.456902414560318,4.30879865373884
Split,Nelson-Winnipeg,2010-03-01,-0.14542307692306622,62.5,0.6840596418312224,-14.350376985800853,1.3073989471844731,-31.453577735062154,7.986292157854352
Split,Nelson-Winnipeg,2010-04-01,-0.11938461538460388,-33.92857142857156,-3.352752350370533,16.214934314900475,6.931328669972052,-26.523990922474432,5.801669529506139
Split,Nelson-Winnipeg,2010-05-01,-0.724115384615402,-1115.0,-2.3766687923593306,39.04971478290723,4.549236500419543,-2.7005391810754578,0.4451838902064731
Split,Nelson-Winnipeg,2010-06-01,-0.4821111111111236,-596.7857142857142,-3.791342855298094,4.671979529250947,19.183384948909016,0.6245861586648971,1.1890138898577014
Split,Nelson-Winnipeg,2010-07-01,0.0468076923077092,-172.14285714285688,-0.6581302940113734,18.911415731833713,12.154479802120477,0.003008616788845009,1.3351494925362708
Split,Nelson-Winnipeg,2010-08-01,0.47365384615386574,720.3571428571431,3.43342288189368,41.5573713336406,4.049343065292177,0.0026695239025034123,-0.8600660051618298
Split,Nelson-Winnipeg,2010-09-01,1.120692307692309,1745.3571428571427,5.305104355751869,22.536420500338345,-5.717493477277458,-0.019273325701111066,-2.0664683750697552
Split,Nelson-Winnipeg,2010-10-01,1.295392857142872,2021.4285714285716,4.68012124474626,-8.822828870117,3.781434751415091,-0.8734479322031672,2.0199999128069197
Split,Nelson-Winnipeg,2010-11-01,1.0546071428571224,1595.3571428571427,3.0312160119397706,4.8717102410072215,1.7871310826324454,-0.6807799550837697,2.119119916643415
Split,Nelson-Winnipeg,2010-12-01,0.4145384615384273,692.2222222222222,2.3730398334683507,-2.61569734559291,0.1340992697536154,9.142832692574572,2.4136024757667833
Split,Nelson-Winnipeg,2011-01-01,0.3795555555555552,554.8148148148148,1.970561897906009,8.771421219405187,-0.4646784227913616,15.48545341938734,-0.7708135332380017
Split,Nelson-Winnipeg,2011-02-01,0.7391923076922922,918.9285714285716,1.3569941121594251,-0.2590695346173426,0.4839156634781312,21.88720554113388,0.2880467006138403
Split,Nelson-Winnipeg,2011-03-01,0.6495769230769213,882.5,-0.6072048469962148,-2.175894994122377,-1.9438252415316777,30.78524588740298,-2.8975884573800226
Split,Nelson-Winnipeg,2011-04-01,0.4446153846153891,726.0714285714284,5.105956557339855,8.349649745338994,1.2553587917604343,9.75665786037488,0.38836996895926346
Split,Nelson-Winnipeg,2011-05-01,0.6968846153846187,925.0,5.127282990932665,5.7894640859948225,3.5508917623831486,-0.08300772502220077,0.1811152866908481
Split,Nelson-Winnipeg,2011-06-01,1.0038888888888664,1473.2142857142858,6.272523647307285,6.698667836774675,0.9635721757409286,0.49913537804968655,0.6744875226702014
Split,Nelson-Winnipeg,2011-07-01,1.097807692307697,1727.8571428571431,5.267436711749594,7.7621285080177955,-1.171081734355539,-0.008634661623675877,0.1215569632393958
Split,Nelson-Winnipeg,2011-08-01,1.333653846153851,2090.357142857143,1.4350949765814995,-12.32199166302702,0.27335552398913876,-0.005845441981884081,0.5467943464006702
Split,Nelson-Winnipeg,2011-09-01,1.4916923076923183,2315.3571428571427,-0.5328580248585375,-23.724563881322474,5.333703593350947,-0.10644849472945284,2.5992115565708698
Split,Nelson-Winnipeg,2011-10-01,1.0363928571428858,1561.4285714285716,-1.9989238207926974,-13.428049268051318,4.007375587077277,-1.8440031687662537,2.0696825299944197
Split,Nelson-Winnipeg,2011-11-01,0.33160714285713766,575.3571428571427,-2.424099392166161,-4.856579783206271,3.5171052565731635,-3.410395151669425,1.377664838518415
Split,Nelson-Winnipeg,2011-12-01,0.32353846153844756,242.22222222222217,-2.3255692266738386,-4.420261144534582,0.29870479408634365,-10.132335264373708,1.1535621925636583
Split,Nelson-Winnipeg,2012-01-01,0.35755555555556384,344.8148148148148,-1.687854361080099,0.6833730211448206,0.47412495311099123,-15.643742866814137,0.7373499189104358
Split,Nelson-Winnipeg,2012-02-01,0.13619230769231194,-31.07142857142844,-1.1409665993206932,-4.187148746236094,0.5958206410079065,-20.471520721912384,4.91707502092634
Split,Nelson-Winnipeg,2012-03-01,-0.13042307692307986,-337.5,-0.9873867436129196,17.567561685739616,4.189891297366038,-24.381803282137426,3.0713751656668524
Split,Nelson-Winnipeg,2012-04-01,-0.33538461538461206,-563.9285714285716,-1.3344629717591623,10.606257149317699,2.4337111868330137,-16.12104139556842,1.3240389142717635
Split,Nelson-Winnipeg,2012-05-01,-0.4551153846153966,-645.0,-1.2578453721029543,19.819911082907183,5.158620302349195,-1.5419906620601456,0.7941829136439731
Split,Nelson-Winnipeg,2012-06-01,,-726.7857142857142,2.3023077353302916,14.187479225386468,-2.371723302141099,1.0819665913004428,-0.3608518327985486
Split,Nelson-Winnipeg,2012-07-01,,-312.1428571428569,0.3769654223495831,-1.9184620843069382,13.240657339338213,0.02067534036801333,1.9840447562081458
Split,Nelson-Winnipeg,2012-08-01,-0.08134615384614108,-229.64285714285688,-1.4410908645783955,-9.14219026786408,-0.39422138693875297,-0.0030327313912235088,0.42499869210379515
Split,Nelson-Winnipeg,2012-09-01,-0.13230769230767692,-114.64285714285734,-3.1957620324517073,-37.6255923142058,4.8588268691673875,-0.12459787623291563,0.22299085344586977
Split,Nelson-Winnipeg,2012-10-01,-0.2746071428571213,-448.57142857142844,-3.104017727309838,24.332367476225564,0.5305998700870447,1.934376940230972,-0.7265821184430803
Split,Nelson-Winnipeg,2012-11-01,0.09660714285712402,65.35714285714266,-2.784557026253813,5.850377762856496,-2.361636829196609,7.641265251939851,-2.95964595249721
Split,Nelson-Winnipeg,2012-12-01,0.1315384615384403,42.22222222222217,-2.310401576256414,0.6545424564845028,-0.4896706356063345,11.838158454608035,-2.069719667787904
Split,Nelson-Winnipeg,2013-01-01,0.08655555555554884,144.81481481481478,-1.5156789959291928,8.721925499100639,-0.5778663317284685,12.930846773087978,-3.3443608965192517
Split,Nelson-Winnipeg,2013-02-01,,88.92857142857156,-1.1101677472262441,0.5105663606497863,-0.2552149936881114,21.4383602142334,0.2320011683872778
Split,Nelson-Winnipeg,2013-03-01,0.17757692307691286,242.5,-3.2462230935509844,0.15442053804040867,-0.49529590562867387,40.989583424691645,-0.7414300101143976
Split,Nelson-Winnipeg,2013-04-01,0.08661538461538498,146.07142857142844,1.820560469890811,0.6357458395151667,-0.45980211455441555,61.17044725189252,-3.1125455583844865
Split,Nelson-Winnipeg,2013-05-01,0.027884615384607514,-75.0,2.1471624526644266,-3.2972139514250927,-2.543388344098016,3.5776860396643837,0.7865230015345981
Split,Nelson-Winnipeg,2013-06-01,-0.2461111111111336,-236.78571428571422,3.870722471869417,9.452891369749395,4.156413716762991,-0.1762283209245652,2.5366396222795764
Split,Nelson-Winnipeg,2013-07-01,,257.8571428571431,-0.4406612923568378,-3.956314388363225,12.022438284475356,-0.015830758327086025,0.7457635062081458
Split,Nelson-Winnipeg,2013-08-01,,640.3571428571431,-1.3376505833418513,-20.60630852689168,-3.6562546073192976,-0.00678130475405081,-0.09190804617745485
Split,Nelson-Winnipeg,2013-09-01,,85.35714285714266,-1.5893558832301231,-7.989646629929275,2.076576347462833,-0.08615800262694906,1.8327625819614948
Split,Nelson-Winnipeg,2013-10-01,0.18139285714286757,291.42857142857156,-2.055039120023139,-6.734755461885861,4.822273992301362,-0.876138755951875,-0.4534497942243303
Split,Nelson-Winnipeg,2013-11-01,0.1736071428571222,295.35714285714266,-2.544660409122505,6.605702489780796,-1.5411777297101388,4.675703206365663,-3.039754595075335
Split,Nelson-Winnipeg,2013-12-01,,232.22222222222217,-2.281479601084289,7.727771402440137,-1.53682179882674,15.048736568402362,-8.848421450014467
Split,Nelson-Winnipeg,2014-01-01,,-35.18518518518522,-1.59746016288409,6.287843984734668,-0.38390244029480014,22.51728903502226,-2.9157720293317517
Split,Nelson-Winnipeg,2014-02-01,,-81.07142857142844,-1.2280281906506776,-0.3909117492314955,-0.34869341210911164,24.763084948062897,-2.622307913643972
Split,Nelson-Winnipeg,2014-03-01,,22.5,-2.1428501692883266,-4.842725486793956,-1.9758328048088254,31.137196413640467,-4.967611040387835
Split,Nelson-Winnipeg,2014-04-01,,226.07142857142844,0.8998520622429034,16.60547512333973,-1.7924164525798663,33.30184110174222,-3.1179471697126115
Split,Nelson-Winnipeg,2014-05-01,,405.0,5.658713288929514,0.24364816740022377,-3.936083873018756,10.110350450434323,0.9337092808314731
Split,Nelson-Winnipeg,2014-06-01,0.7198888888888746,1073.2142857142858,12.308232586032577,45.15595018996724,1.5008312142786693,0.3687041171360761,-0.0769468035016736
Split,Nelson-Winnipeg,2014-07-01,0.9008076923076942,1377.8571428571431,5.937602990473222,-17.13032482907043,1.5438893460668623,-0.014410374985475594,-0.4824164254324792
Split,Nelson-Winnipeg,2014-08-01,1.0046538461538432,1540.3571428571431,2.951129221141205,10.680291751798777,5.896502415583072,-0.006648125625880796,0.35758536202567015
Split,Nelson-Winnipeg,2014-09-01,1.1576923076923151,1805.3571428571427,0.6195759540007977,-13.272711304515333,-6.762217381037772,0.1400858621179526,-1.4654246738978802
Split,Nelson-Winnipeg,2014-10-01,1.1383928571428612,1761.4285714285716,-0.6502132600871846,-11.906529533527127,-3.8932312537716456,-1.711959672060662,1.0496629987444197
Split,Nelson-Winnipeg,2014-11-01,0.4416071428571229,685.3571428571427,-0.9016366935351723,6.015843516381992,3.079009371244215,-2.438029191190642,-5.355916704450335
Split,Nelson-Winnipeg,2014-12-01,0.2565384615384403,502.2222222222222,-0.7097946999473841,-8.858950006672078,-0.3311602755544567,-3.701279077816892,2.3149696632667833
Split,Nelson-Winnipeg,2015-01-01,0.23155555555555907,454.8148148148148,-0.2476700974511914,0.5695581265691949,0.719750961219948,-9.848815388977528,-0.4368291582380017
Split,Nelson-Winnipeg,2015-02-01,0.2311923076923108,258.92857142857156,-0.2315123373201846,5.889461101365409,-0.41783279188426325,-7.582437247037888,-5.420830862862722
Split,Nelson-Winnipeg,2015-03-01,0.2875769230769265,322.5,2.0237137307828696,-2.8030055899372606,-0.043287923680119356,-15.388837017651113,-0.3686883108956476
Split,Nelson-Winnipeg,2015-04-01,0.18861538461538885,366.07142857142844,-2.3109817578058163,-8.187342297917766,-3.7935408285453125,-15.280237787270117,-0.5788236345563615
Split,Nelson-Winnipeg,2015-05-01,0.018884615384592962,65.0,-1.7060874930133902,-10.403381099292474,3.6266691147050416,-3.7841953952530663,0.5086299351283481
Split,Nelson-Winnipeg,2015-06-01,-0.11011111111113792,-296.7857142857142,-4.699894010887615,-31.190908214609536,-2.8366325464698363,-0.754343782318756,-0.0248532976422986
Split,Nelson-Winnipeg,2015-07-01,-0.30519230769229466,-502.1428571428569,-2.6648497358629744,23.113950642125147,-0.2053107018582523,-0.014270793014605099,-0.1659796578543542
Split,Nelson-Winnipeg,2015-08-01,-0.2713461538461388,-419.6428571428569,-1.4486451421232367,7.084834572326926,-11.07895978826231,0.00411854541328327,-1.2129407610212048
Split,Nelson-Winnipeg,2015-09-01,0.09069230769230785,-34.64285714285734,0.5989407561303643,10.917286625564365,-5.21348265465349,-0.002240949210577714,0.034636361258369774
Split,Nelson-Winnipeg,2015-10-01,0.24739285714287007,371.42857142857156,-0.6328852468868718,-6.78455071881347,-1.5956698708967991,-2.1061115673676665,0.6673692975725447
Split,Nelson-Winnipeg,2015-11-01,0.09360714285713811,215.35714285714266,0.2500123550167448,9.28071703778447,0.49285347423782255,-5.610286175007266,2.877420697893415
Split,Nelson-Winnipeg,2015-12-01,0.12253846153842574,192.22222222222217,1.531118172419223,-1.7823088694260356,1.1605720304672746,-8.52281986563294,5.884671811704283
Split,Nelson-Winnipeg,2016-01-01,0.16655555555556134,114.81481481481478,1.3946242470410652,-4.461886646043109,0.5236794304112533,-13.915610499680042,3.0177301679338733
Split,Nelson-Winnipeg,2016-02-01,0.22319230769230103,338.92857142857156,1.0485407884906248,3.4426793738800505,0.03547514175547173,-17.053265124559402,-0.8694697788783472
Split,Nelson-Winnipeg,2016-03-01,0.2945769230769315,482.5,-0.08676357330321949,6.110928233413556,1.411803700258523,-22.39972532593778,1.5560553414481024
Split,Nelson-Winnipeg,2016-04-01,0.3116153846153793,346.07142857142844,1.4273880931016585,0.6914820031462483,0.4040368263044254,-13.991918780707884,-2.3445096697126115
Split,Nelson-Winnipeg,2016-05-01,-0.033115384615399535,25.0,0.15066334474665588,4.662549568040831,2.06047150797011,-6.676576441220407,2.067711966378348
Split,Nelson-Winnipeg,2016-06-01,-0.2801111111111254,-346.7857142857142,-3.1191177134002963,-6.965957748304518,8.617629292919965,-0.819153938209638,1.0344728742327014
Split,Nelson-Winnipeg,2016-07-01,0.05680769230770011,-162.14285714285688,-0.24032362021638853,38.054613650144475,0.05606567719951272,-0.016231809110779816,-0.3183234078543542
Split,Nelson-Winnipeg,2016-08-01,0.38965384615386256,530.3571428571431,2.005222338734061,23.66277197974601,-2.9124077326352023,0.0006761443468608075,-0.17943246023995485
Split,Nelson-Winnipeg,2016-09-01,0.39669230769231945,595.3571428571427,1.3192570674748687,13.135878606200485,-3.128718235529959,-0.08881879122262548,1.4721668788364948
Split,Nelson-Winnipeg,2016-10-01,0.5323928571428667,771.4285714285716,5.442130684969015,39.99146366134352,2.5759658518446855,6.947494041274435,-1.1042981828962053
Split,Nelson-Winnipeg,2016-11-01,0.4136071428571313,835.3571428571427,5.806085220163888,-3.570282445122885,-0.7935014894298682,-5.982067352826041,7.23859623500279
Split,Nelson-Winnipeg,2016-12-01,0.2485384615384305,432.2222222222222,5.250653886900249,8.817413459635443,1.5115635418354674,-3.080651302028585,-1.0839103416160292
Split,Nelson-Winnipeg,2017-01-01,0.4525555555555627,844.8148148148148,4.105564214114565,-3.8648163255337344,0.6069197106301414,-0.4753554239869118,5.703429630824498
Split,Nelson-Winnipeg,2017-02-01,0.5961923076922915,948.9285714285716,3.6951390403763593,1.8191509464356521,0.7091075411673438,-10.628670454025269,2.244818551199778
Split,Nelson-Winnipeg,2017-03-01,0.8315769230769092,982.5,3.9401003253130646,8.885243653951743,-0.08708523039656146,-14.517048307295354,-1.2952019827706476
Split,Nelson-Winnipeg,2017-04-01,0.9496153846153845,1306.0714285714284,2.5674788464259883,7.915826884397703,0.008042542114187867,-11.281617351674605,-1.3935209001813615
Split,Nelson-Winnipeg,2017-05-01,1.7208846153846196,2785.0,2.8593324272411085,-14.104668537454145,-7.788305289328232,1.4047940577646454,0.3352290562220981
Split,Nelson-Winnipeg,2017-06-01,1.2358888888888657,1983.2142857142858,1.7891990553055486,-3.194485491673859,-3.60062555825737,-0.4115064803045243,-0.7183652605329236
Split,Nelson-Winnipeg,2017-07-01,0.9358076923076908,1427.8571428571431,-0.9065896073090176,-32.083914827256066,3.5688146599568427,-0.016878263392884785,0.6188714163643958
Split,Nelson-Winnipeg,2017-08-01,0.6216538461538619,960.3571428571431,-2.3057935489175314,-32.981581104520174,11.45675383408421,-0.0067050527182541675,2.180919102260045
Split,Nelson-Winnipeg,2017-09-01,-0.06530769230766964,105.35714285714266,-1.2494120840399,10.285794040620594,3.75721778254956,0.05665495908553053,1.3749378749302448
Split,Nelson-Winnipeg,2017-10-01,-0.2876071428571265,-548.5714285714284,-1.498652549344115,4.408089920096764,4.105165272319155,-0.4891956466183598,0.5485338483537947
Split,Nelson-Winnipeg,2017-11-01,0.03560714285711697,-334.64285714285734,-2.097644781835177,0.5139133801484235,-1.2343642759203384,9.475385853355485,-4.53893062046596
Split,Nelson-Winnipeg,2017-12-01,0.07653846153843347,272.2222222222222,-2.108457052532618,-1.9093340508536336,-0.4355357065193215,4.296609993886065,-2.167375917787904
Split,Nelson-Winnipeg,2018-01-01,-0.14544444444445048,-285.1851851851852,-1.5227826152113266,0.5942103515345885,-0.22081185401085746,-0.9932862594723701,-1.2879796709333142
Split,Nelson-Winnipeg,2018-02-01,0.05419230769228989,-111.07142857142844,-1.2441580573587476,-2.5988882823315045,-0.7003574693434138,2.6321038603782654,-2.408166067940847
Split,Nelson-Winnipeg,2018-03-01,,12.5,-2.4473354621607406,5.1968759882064255,1.6564069306436329,17.321160129670588,1.6558173043387274
Split,Nelson-Winnipeg,2018-04-01,,-213.92857142857156,1.4005494137693724,-21.832532345017952,-2.3860891919217213,26.06323697338147,-2.5476651872907365
Split,Nelson-Winnipeg,2018-05-01,,-415.0,-4.186697330234372,-22.154939032459097,4.730438112996385,-3.620406953684453,2.014550345284598
Split,Nelson-Winnipeg,2018-06-01,-0.5401111111111163,-956.7857142857142,-5.03206708734589,-2.128041981320294,2.7234854600724887,-0.7885779195930809,1.4453920636858264
Split,Nelson-Winnipeg,2018-07-01,-0.47919230769230126,-712.1428571428569,-3.442441396016095,6.702382371128934,9.697305096779019,-0.0028429993627858696,-0.0988715035574792
Split,Nelson-Winnipeg,2018-08-01,,-1019.6428571428569,-4.1935130450708265,-25.96351020370743,7.194434300929842,-0.00013398987773283189,-0.47581917898995485
Split,Nelson-Winnipeg,2018-09-01,,-1024.6428571428573,-2.4431636068454416,19.541873833596973,2.1358748199418187,0.5095432736977403,-3.8936778477260052
Split,Nelson-Winnipeg,2018-10-01,-0.6766071428571365,-988.5714285714284,-1.5016614488558844,-1.2275725499161396,-3.2621905931072064,3.257631719212181,-3.0937696184430803
Split,Nelson-Winnipeg,2018-11-01,-0.1623928571428621,-434.64285714285734,0.008870239461041152,-3.5621816849535577,-4.724166168931074,1.645089210277158,-4.072286333356585
Split,Nelson-Winnipeg,2018-12-01,-0.12446153846155994,-117.77777777777783,-0.07507479124426553,-4.683748715453678,-0.21954679471457839,-3.808451954413343,2.7513099952980333
Split,Nelson-Winnipeg,2019-01-01,-0.2974444444444373,-345.1851851851852,-0.18672792793950066,1.6003123663332595,0.07050668406398986,-3.8353251293301582,-2.7395024980817517
Split,Nelson-Winnipeg,2019-02-01,-0.21480769230768715,-431.07142857142844,-0.4484940244375526,7.553341989738069,-0.9970895454378996,7.394015789031982,-3.117058890206472
Split,Nelson-Winnipeg,2019-03-01,-0.07642307692307782,-197.5,1.1613342597099425,-13.757022002079925,2.052720949515268,6.5372493783278145,2.3545172555106024
Split,Nelson-Winnipeg,2019-04-01,-0.08938461538460274,-253.92857142857156,-2.0389593139823,-4.685798755547566,-0.3205594943470462,-7.024497159623671,1.1017488752092635
Split,Nelson-Winnipeg,2019-05-01,-0.21711538461539703,-295.0,-2.3545924019085103,-25.206679499076145,4.356650691728905,-2.0278374348501007,-0.1525944301060269
Split,Nelson-Winnipeg,2019-06-01,-0.3631111111111238,-636.7857142857142,-3.4973772874634186,-11.47534482048026,-2.851192610770731,-0.5039416428189725,0.5523256574358264
Split,Nelson-Winnipeg,2019-07-01,-0.551192307692304,-932.1428571428569,-2.4169786691865216,4.248203032018083,-1.4998141559772193,-0.01045795839412933,0.2148186819893958
Split,Nelson-Winnipeg,2019-08-01,-0.572346153846155,-889.6428571428569,-2.833750304749369,0.016867366087225832,-1.1614754247213028,-0.006641024291249353,-1.4833875383649548
Split,Nelson-Winnipeg,2019-09-01,-0.3833076923076817,-334.64285714285734,1.3298435858035056,37.08444978526261,-3.0349771259352565,0.12040026402766157,0.4972523280552448
Split,Nelson-Winnipeg,2019-10-01,-0.37760714285712993,-768.5714285714284,2.6397445326438174,12.861955339238712,2.2021585817648344,2.4581909404202764,0.2324938092912947
Split,Nelson-Winnipeg,2019-11-01,0.14860714285711651,55.35714285714266,2.4797740947438545,-0.7411543837016694,-0.7775968281618724,2.332439729278642,-1.68004390171596
Split,Nelson-Winnipeg,2019-12-01,0.3735384615384305,592.2222222222222,1.1795920964451163,-3.847076163058066,-1.0197030584364524,0.359462436150622,-0.41978680645977917
Split,Nelson-Winnipeg,2020-01-01,0.48255555555556384,604.8148148148148,0.6100196405895986,2.402330696765734,-0.09400703951152023,3.5129105672240257,4.209060123988561
Split,Nelson-Winnipeg,2020-02-01,0.4071923076922985,708.9285714285716,0.5777243979017452,-2.6935614129927536,0.726718952916729,1.3143494725227356,0.7052372523716528
Split,Nelson-Winnipeg,2020-03-01,0.4375769230769322,712.5,-1.3227179931293769,-0.7947496695643572,-0.2748486798996703,5.793644181851832,-1.1578423636300226
Split,Nelson-Winnipeg,2020-04-01,0.5186153846153729,536.0714285714284,1.2318260685008546,-3.4263339849920698,-3.1277837219282194,22.876225046015215,-2.0826688494001115
Split,Nelson-Winnipeg,2020-05-01,0.8638846153846202,1315.0,-1.1471765142882102,-18.186887164899545,1.333449208427087,6.323598449983235,-1.271490914481027
Split,Nelson-Winnipeg,2020-06-01,0.887888888888881,1393.2142857142858,2.243562817706593,11.667648629684535,-9.447195105687051,0.6847181648481637,-1.7523923601422986
Split,Nelson-Winnipeg,2020-07-01,0.8848076923077031,1407.8571428571431,5.4873417040133585,14.691435519905227,-18.073063634801656,0.005256363822679466,1.0860039847237708
Split,Nelson-Winnipeg,2020-08-01,0.8526538461538564,1270.3571428571431,2.9792613038028186,-6.009592957395526,4.053955207512317,-0.005098986938329775,0.45963614327567015
Split,Nelson-Winnipeg,2020-09-01,0.370692307692309,515.3571428571427,1.1988737294034628,-17.790895882561536,-1.788507797755301,-0.11003583287154983,-1.6889964512416302
Split,Nelson-Winnipeg,2020-10-01,-0.041607142857117196,-38.57142857142844,0.3650327416835353,-13.185316337122849,6.30074706610425,1.1756493934496706,-2.7599378313337053
Split,Nelson-Winnipeg,2020-11-01,0.09360714285713811,-154.64285714285734,-0.2530816969478362,0.2692805511677392,-6.747082620027609,7.5013116833620845,-2.16472407749721
Split,Nelson-Winnipeg,2020-12-01,0.26053846153843097,312.2222222222222,-0.6267608022662223,-3.0389371806652186,-0.4886380462536448,3.69605594487102,1.1826912208839708
Split,Nelson-Winnipeg,2021-01-01,0.13855555555554133,204.81481481481478,-0.5715900842915289,-2.474176050912188,-0.5957188159624951,1.0208366438746452,5.902388981410436
Split,Nelson-Winnipeg,2021-02-01,0.22319230769230103,-81.07142857142844,-0.6078503600812315,-5.739556317816355,0.16517141453472783,-1.1307746171951294,-2.303612845284597
Split,Nelson-Winnipeg,2021-03-01,0.089576923076919,-67.5,-2.0011337089402197,-7.264224658553889,1.571212219070211,-17.924545266266378,2.6293890816824774
Split,Nelson-Winnipeg,2021-04-01,0.016615384615391804,-83.92857142857156,-3.5759353652663,-4.2754941179217525,3.0213664181896345,-6.679039814376402,0.5845979963030135
Split,Nelson-Winnipeg,2021-05-01,-0.20211538461538225,-325.0,-4.21065845564174,-16.981808023826616,-7.759416245140269,2.941694235362645,-2.068243844168527
Split,Nelson-Winnipeg,2021-06-01,-0.4131111111111352,-646.7857142857142,-4.777938260563783,-36.144263743023785,-6.408175457701354,-0.015197059838101268,-1.2434201921735486
Split,Nelson-Winnipeg,2021-07-01,-0.9981923076923067,-1522.1428571428569,-6.521301655863811,-48.13661296170072,0.7528672576881945,-0.01690236136450296,1.4449212210518958
Split,Nelson-Winnipeg,2021-08-01,-1.497346153846138,-2099.642857142857,-4.162524537865206,10.56711021478155,-4.798586239173474,0.013942834422258299,0.14097159249442015
Split,Nelson-Winnipeg,2021-09-01,-1.301307692307688,-1904.6428571428573,-4.37925445502125,-22.436520313411684,-5.423575057648122,-0.10617363815461944,2.2609852382114948
Split,Nelson-Winnipeg,2021-10-01,-1.204607142857128,-1748.5714285714284,-4.384693325846456,-3.758877156152657,-0.6375568710999318,-2.2551886047170098,4.334788731166295
Split,Nelson-Winnipeg,2021-11-01,-1.2533928571428703,-1594.6428571428573,-4.5920524540373915,7.854944830926669,8.610398404666089,1.2464244750195324,3.239603315080915
Split,Nelson-Winnipeg,2021-12-01,-1.1444615384615702,-1427.7777777777778,-4.091636254021001,13.16406157436884,-0.3472432268878305,8.624801274251055,-4.194521303530092
Split,Nelson-Winnipeg,2022-01-01,-1.0744444444444525,-1495.1851851851852,-3.2218734340858646,8.20401946007873,-0.42127002874232344,18.54513119906187,-3.5215306963239392
Split,Nelson-Winnipeg,2022-02-01,-0.6428076923076844,-1111.0714285714284,-2.4145848973213493,11.45593445315691,-0.7132718138953869,29.46849912405014,-5.189355032784597
Split,Nelson-Winnipeg,2022-03-01,-0.4834230769230885,-887.5,-3.2931962102468653,1.8005998364450129,0.139692864260204,37.53801255619952,-0.20941707066127258
Split,Nelson-Winnipeg,2022-04-01,-0.34938461538462207,-753.9285714285716,-1.1107010816756109,32.38890613179787,1.7203920184069172,48.182393989658785,0.11078207833426346
Split,Nelson-Winnipeg,2022-05-01,,25.0,27.88245951835831,31.31287147074805,-2.2881759235003436,11.39246126071417,0.1599360874720981
Split,Nelson-Winnipeg,2022-06-01,1.0178888888888764,1493.2142857142858,9.284270677848586,4.94903635366687,0.45135058046850673,0.946975575061515,-0.3713498796735486
Split,Nelson-Winnipeg,2022-07-01,1.1668076923076853,1767.8571428571431,3.3340920137041916,-0.9383566004024573,-2.5783697492443025,0.001369023396234459,0.2233636038643958
Split,Nelson-Winnipeg,2022-08-01,1.2306538461538423,1870.3571428571431,0.08766646871143635,-14.740847333866569,3.399557907999096,-0.006689569480451185,0.7561144147600452
Split,Nelson-Winnipeg,2022-09-01,1.3426923076923174,2055.3571428571427,-5.60869760582656,-44.40168523745212,-28.54005724657327,-0.12413966552620481,2.2620228358677448
Split,Nelson-Winnipeg,2022-10-01,1.3073928571428723,2011.4285714285716,-5.869260436156765,-32.52199506511845,-16.44254363158585,-0.801252039049619,1.2772020612444197
Split,Nelson-Winnipeg,2022-11-01,0.549607142857127,835.3571428571427,-5.652170246841186,-8.365501146597254,-6.1685339772209,10.373871856635171,-0.5706994192940851
Split,Nelson-Winnipeg,2022-12-01,0.29953846153844665,522.2222222222222,-5.310454382129979,-3.6402298848972556,-1.4893663334347633,22.08592170090587,-1.2784751609519667
Split,Nelson-Winnipeg,2023-01-01,0.3275555555555627,324.8148148148148,-4.45340833539376,-15.875482459835307,-0.31189140012039784,27.45972853153944,5.623382023402623
Split,Nelson-Winnipeg,2023-02-01,0.3931923076922885,378.92857142857156,-3.5900071187435447,-8.94440318890182,-1.5142155290439923,26.250727474689484,-3.1334620884486597
Split,Nelson-Winnipeg,2023-03-01,0.27557692307692605,102.5,-5.8941446602277985,-19.67511683220177,-4.7484094242723325,38.04942785895297,-2.8585869925362726
Split,Nelson-Winnipeg,2023-04-01,0.07761538461539885,-73.92857142857156,-6.090788987681403,-19.562499926126165,-8.827292778213243,27.05661170849843,-0.5043302263532365
Split,Nelson-Winnipeg,2023-05-01,-0.0651153846153818,-85.0,-6.754175945908562,-48.11287481321155,-17.06686089372462,-3.6080976632157604,4.937157767159598
Split,Nelson-Winnipeg,2023-06-01,-0.32711111111112245,-466.7857142857142,-11.551642341406218,-62.12082940952054,-24.131187591202824,-0.7286786276381463,4.128833225795201
Split,Nelson-Winnipeg,2023-07-01,-0.537192307692294,-902.1428571428569,-11.051827815078598,-57.30684006370471,-40.973244758788496,-0.016865224876840168,-1.2295782906668542
Split,Nelson-Winnipeg,2023-08-01,-0.8203461538461454,-1259.6428571428569,-8.435642501613724,-42.06074907311371,-50.0304496298278,-0.004378958172830183,0.9450792585100452
Split,Nelson-Winnipeg,2023-09-01,-0.9153076923076924,-1384.6428571428573,-6.989901225356984,-41.925592460237176,-31.75704216118902,-0.11724717998211931,4.714537484305245
Split,Nelson-Winnipeg,2023-10-01,-1.2436071428571154,-1688.5714285714284,-6.806322191550862,-24.56759433386781,-16.714824226385517,-0.8468630964801247,2.3204149518694197
Split,Nelson-Winnipeg,2023-11-01,-1.1113928571428744,-1514.6428571428573,-6.220545572952167,-19.766391217542278,-3.929625485657848,-1.8544745731300534,2.257425580705915
Split,Nelson-Winnipeg,2023-12-01,-0.871461538461574,-1107.7777777777778,-5.625128656834864,-14.09236366291427,-0.595368944804822,-13.043955106426168,8.935575132016783
Split,Nelson-Winnipeg,2024-01-01,-0.7894444444444559,,-4.551419966446701,-12.809699860684173,-0.06427419524308275,-20.21652739495039,4.372832706996373
Split,Nelson-Winnipeg,2024-02-01,-0.7898076923077042,,-3.4378950757465123,-4.222541507000901,-0.41768295445113557,-31.5228383988142,2.9999912806919653
Split,Nelson-Winnipeg,2024-03-01,-0.8364230769230687,,-2.9536912968199296,5.022386883086124,-0.2666917202337311,-20.607357778187307,-1.3200738089425226
Split,Nelson-Winnipeg,2024-04-01,-1.0423846153846057,,-2.7365292355950395,8.116608389952617,1.0411505250626103,-12.846786894702483,3.2573580060686385
Split,Nelson-Winnipeg,2024-05-01,-1.1621153846153902,,-0.45039658704938823,34.84059006690846,-2.4331949555614436,-2.3548555244425575,1.263604300362723
Split,Nelson-Winnipeg,2024-06-01,-0.7721111111111156,,0.5315067080248674,7.305294108976213,3.2835188280192327,0.16101312940008938,-0.6596189226422986
Split,Nelson-Winnipeg,2024-07-01,-0.5921923076923008,,-0.26351785969122155,-17.632932847066385,7.312141882721335,-0.015498858244557434,1.6435906546456458
Split,Nelson-Winnipeg,2024-08-01,-0.5763461538461456,,-0.4615997916386867,-1.419789673361393,9.495467421532211,0.00814057836708204,2.684825352260045
Split,Nelson-Winnipeg,2024-09-01,-0.497307692307686,,-1.5097871749146314,-7.630737028583617,1.746263005770743,-0.1219906386852796,5.47793470110212
Split,Nelson-Winnipeg,2024-10-01,-0.4036071428571404,,-3.0291466537164524,-28.819592484589002,12.00811788190289,-2.0892632435009415,1.5361437116350447
Split,Nelson-Winnipeg,2024-11-01,-0.5293928571428808,,-3.0108880569709324,20.49493164772035,5.47008345685234,-3.1222011062449635,6.190408979143415
Split,Nelson-Winnipeg,2024-12-01,-0.6674615384615663,,-2.8228094942514197,9.784851792371935,1.1334790782442457,13.650940593194079,3.7535682960792833
