lake,system,hydrolakes_id,station,month,water_level_m
Kalamalka,Okanagan,7878,08NM143,1994-01-01,5.301
Kalamalka,Okanagan,7878,08NM143,1994-02-01,5.277
Kalamalka,Okanagan,7878,08NM143,1994-03-01,5.332
Kalamalka,Okanagan,7878,08NM143,1994-04-01,5.468
Kalamalka,Okanagan,7878,08NM143,1994-05-01,5.65
Kalamalka,Okanagan,7878,08NM143,1994-06-01,5.595
Kalamalka,Okanagan,7878,08NM143,1994-07-01,5.552
Kalamalka,Okanagan,7878,08NM143,1994-08-01,5.45
Kalamalka,Okanagan,7878,08NM143,1994-09-01,5.349
Kalamalka,Okanagan,7878,08NM143,1994-10-01,5.22
Kalamalka,Okanagan,7878,08NM143,1994-11-01,5.2
Kalamalka,Okanagan,7878,08NM143,1994-12-01,5.2
Kalamalka,Okanagan,7878,08NM143,1995-01-01,5.23
Kalamalka,Okanagan,7878,08NM143,1995-02-01,5.283
Kalamalka,Okanagan,7878,08NM143,1995-03-01,5.306
Kalamalka,Okanagan,7878,08NM143,1995-04-01,5.309
Kalamalka,Okanagan,7878,08NM143,1995-05-01,5.439
Kalamalka,Okanagan,7878,08NM143,1995-06-01,5.483
Kalamalka,Okanagan,7878,08NM143,1995-07-01,5.478
Kalamalka,Okanagan,7878,08NM143,1995-08-01,5.429
Kalamalka,Okanagan,7878,08NM143,1995-09-01,5.342
Kalamalka,Okanagan,7878,08NM143,1995-10-01,5.24
Kalamalka,Okanagan,7878,08NM143,1995-11-01,5.252
Kalamalka,Okanagan,7878,08NM143,1995-12-01,5.34
Kalamalka,Okanagan,7878,08NM143,1996-01-01,5.338
Kalamalka,Okanagan,7878,08NM143,1996-02-01,5.268
Kalamalka,Okanagan,7878,08NM143,1996-03-01,5.258
Kalamalka,Okanagan,7878,08NM143,1996-04-01,5.41
Kalamalka,Okanagan,7878,08NM143,1996-05-01,5.758
Kalamalka,Okanagan,7878,08NM143,1996-06-01,6.075
Kalamalka,Okanagan,7878,08NM143,1996-07-01,5.788
Kalamalka,Okanagan,7878,08NM143,1996-08-01,5.47
Kalamalka,Okanagan,7878,08NM143,1996-09-01,5.353
Kalamalka,Okanagan,7878,08NM143,1996-10-01,5.341
Kalamalka,Okanagan,7878,08NM143,1996-11-01,5.354
Kalamalka,Okanagan,7878,08NM143,1996-12-01,5.38
Kalamalka,Okanagan,7878,08NM143,1997-01-01,5.337
Kalamalka,Okanagan,7878,08NM143,1997-02-01,5.283
Kalamalka,Okanagan,7878,08NM143,1997-03-01,5.274
Kalamalka,Okanagan,7878,08NM143,1997-04-01,5.378
Kalamalka,Okanagan,7878,08NM143,1997-05-01,5.853
Kalamalka,Okanagan,7878,08NM143,1997-06-01,5.978
Kalamalka,Okanagan,7878,08NM143,1997-07-01,5.872
Kalamalka,Okanagan,7878,08NM143,1997-08-01,5.738
Kalamalka,Okanagan,7878,08NM143,1997-09-01,5.531
Kalamalka,Okanagan,7878,08NM143,1997-10-01,5.386
Kalamalka,Okanagan,7878,08NM143,1997-11-01,5.284
Kalamalka,Okanagan,7878,08NM143,1997-12-01,5.207
Kalamalka,Okanagan,7878,08NM143,1998-01-01,5.18
Kalamalka,Okanagan,7878,08NM143,1998-02-01,5.171
Kalamalka,Okanagan,7878,08NM143,1998-03-01,5.187
Kalamalka,Okanagan,7878,08NM143,1998-04-01,5.299
Kalamalka,Okanagan,7878,08NM143,1998-05-01,5.54
Kalamalka,Okanagan,7878,08NM143,1998-06-01,5.55
Kalamalka,Okanagan,7878,08NM143,1998-07-01,5.51
Kalamalka,Okanagan,7878,08NM143,1998-08-01,5.362
Kalamalka,Okanagan,7878,08NM143,1998-09-01,5.233
Kalamalka,Okanagan,7878,08NM143,1998-10-01,5.195
Kalamalka,Okanagan,7878,08NM143,1998-11-01,5.2
Kalamalka,Okanagan,7878,08NM143,1998-12-01,5.223
Kalamalka,Okanagan,7878,08NM143,1999-01-01,5.223
Kalamalka,Okanagan,7878,08NM143,1999-02-01,5.156
Kalamalka,Okanagan,7878,08NM143,1999-03-01,5.146
Kalamalka,Okanagan,7878,08NM143,1999-04-01,5.176
Kalamalka,Okanagan,7878,08NM143,1999-05-01,5.463
Kalamalka,Okanagan,7878,08NM143,1999-06-01,5.552
Kalamalka,Okanagan,7878,08NM143,1999-07-01,5.516
Kalamalka,Okanagan,7878,08NM143,1999-08-01,5.402
Kalamalka,Okanagan,7878,08NM143,1999-09-01,5.33
Kalamalka,Okanagan,7878,08NM143,1999-10-01,5.249
Kalamalka,Okanagan,7878,08NM143,1999-11-01,5.176
Kalamalka,Okanagan,7878,08NM143,1999-12-01,5.146
Kalamalka,Okanagan,7878,08NM143,2000-01-01,5.107
Kalamalka,Okanagan,7878,08NM143,2000-02-01,5.075
Kalamalka,Okanagan,7878,08NM143,2000-03-01,5.082
Kalamalka,Okanagan,7878,08NM143,2000-04-01,5.178
Kalamalka,Okanagan,7878,08NM143,2000-05-01,5.516
Kalamalka,Okanagan,7878,08NM143,2000-06-01,5.521
Kalamalka,Okanagan,7878,08NM143,2000-07-01,5.527
Kalamalka,Okanagan,7878,08NM143,2000-08-01,5.463
Kalamalka,Okanagan,7878,08NM143,2000-09-01,5.42
Kalamalka,Okanagan,7878,08NM143,2000-10-01,5.33
Kalamalka,Okanagan,7878,08NM143,2000-11-01,5.192
Kalamalka,Okanagan,7878,08NM143,2000-12-01,5.114
Kalamalka,Okanagan,7878,08NM143,2001-01-01,5.117
Kalamalka,Okanagan,7878,08NM143,2001-02-01,5.116
Kalamalka,Okanagan,7878,08NM143,2001-03-01,5.134
Kalamalka,Okanagan,7878,08NM143,2001-04-01,5.189
Kalamalka,Okanagan,7878,08NM143,2001-05-01,5.346
Kalamalka,Okanagan,7878,08NM143,2001-06-01,5.496
Kalamalka,Okanagan,7878,08NM143,2001-07-01,5.536
Kalamalka,Okanagan,7878,08NM143,2001-08-01,5.478
Kalamalka,Okanagan,7878,08NM143,2001-09-01,5.382
Kalamalka,Okanagan,7878,08NM143,2001-10-01,5.328
Kalamalka,Okanagan,7878,08NM143,2001-11-01,5.32
Kalamalka,Okanagan,7878,08NM143,2001-12-01,5.301
Kalamalka,Okanagan,7878,08NM143,2002-01-01,5.276
Kalamalka,Okanagan,7878,08NM143,2002-02-01,5.246
Kalamalka,Okanagan,7878,08NM143,2002-03-01,5.21
Kalamalka,Okanagan,7878,08NM143,2002-04-01,5.234
Kalamalka,Okanagan,7878,08NM143,2002-05-01,5.435
Kalamalka,Okanagan,7878,08NM143,2002-06-01,5.624
Kalamalka,Okanagan,7878,08NM143,2002-07-01,5.498
Kalamalka,Okanagan,7878,08NM143,2002-08-01,5.385
Kalamalka,Okanagan,7878,08NM143,2002-09-01,5.292
Kalamalka,Okanagan,7878,08NM143,2002-10-01,5.223
Kalamalka,Okanagan,7878,08NM143,2002-11-01,5.184
Kalamalka,Okanagan,7878,08NM143,2002-12-01,5.19
Kalamalka,Okanagan,7878,08NM143,2003-01-01,5.215
Kalamalka,Okanagan,7878,08NM143,2003-02-01,5.236
Kalamalka,Okanagan,7878,08NM143,2003-03-01,5.248
Kalamalka,Okanagan,7878,08NM143,2003-04-01,5.291
Kalamalka,Okanagan,7878,08NM143,2003-05-01,5.381
Kalamalka,Okanagan,7878,08NM143,2003-06-01,5.387
Kalamalka,Okanagan,7878,08NM143,2003-07-01,5.295
Kalamalka,Okanagan,7878,08NM143,2003-08-01,5.13
Kalamalka,Okanagan,7878,08NM143,2003-09-01,5.001
Kalamalka,Okanagan,7878,08NM143,2003-10-01,4.948
Kalamalka,Okanagan,7878,08NM143,2003-11-01,4.914
Kalamalka,Okanagan,7878,08NM143,2003-12-01,4.907
Kalamalka,Okanagan,7878,08NM143,2004-01-01,4.906
Kalamalka,Okanagan,7878,08NM143,2004-02-01,4.951
Kalamalka,Okanagan,7878,08NM143,2004-03-01,4.979
Kalamalka,Okanagan,7878,08NM143,2004-04-01,5.054
Kalamalka,Okanagan,7878,08NM143,2004-05-01,5.163
Kalamalka,Okanagan,7878,08NM143,2004-06-01,5.23
Kalamalka,Okanagan,7878,08NM143,2004-07-01,5.166
Kalamalka,Okanagan,7878,08NM143,2004-08-01,5.063
Kalamalka,Okanagan,7878,08NM143,2004-09-01,5.014
Kalamalka,Okanagan,7878,08NM143,2004-10-01,4.983
Kalamalka,Okanagan,7878,08NM143,2004-11-01,4.994
Kalamalka,Okanagan,7878,08NM143,2004-12-01,5.029
Kalamalka,Okanagan,7878,08NM143,2005-01-01,5.055
Kalamalka,Okanagan,7878,08NM143,2005-02-01,5.111
Kalamalka,Okanagan,7878,08NM143,2005-03-01,5.189
Kalamalka,Okanagan,7878,08NM143,2005-04-01,5.3
Kalamalka,Okanagan,7878,08NM143,2005-05-01,5.381
Kalamalka,Okanagan,7878,08NM143,2005-06-01,5.474
Kalamalka,Okanagan,7878,08NM143,2005-07-01,5.512
Kalamalka,Okanagan,7878,08NM143,2005-08-01,5.407
Kalamalka,Okanagan,7878,08NM143,2005-09-01,5.314
Kalamalka,Okanagan,7878,08NM143,2005-10-01,5.291
Kalamalka,Okanagan,7878,08NM143,2005-11-01,5.289
Kalamalka,Okanagan,7878,08NM143,2005-12-01,5.276
Kalamalka,Okanagan,7878,08NM143,2006-01-01,5.342
Kalamalka,Okanagan,7878,08NM143,2006-02-01,5.333
Kalamalka,Okanagan,7878,08NM143,2006-03-01,5.242
Kalamalka,Okanagan,7878,08NM143,2006-04-01,5.241
Kalamalka,Okanagan,7878,08NM143,2006-05-01,5.401
Kalamalka,Okanagan,7878,08NM143,2006-06-01,5.58
Kalamalka,Okanagan,7878,08NM143,2006-07-01,5.565
Kalamalka,Okanagan,7878,08NM143,2006-08-01,5.429
Kalamalka,Okanagan,7878,08NM143,2006-09-01,5.326
Kalamalka,Okanagan,7878,08NM143,2006-10-01,5.266
Kalamalka,Okanagan,7878,08NM143,2006-11-01,5.254
Kalamalka,Okanagan,7878,08NM143,2006-12-01,5.263
Kalamalka,Okanagan,7878,08NM143,2007-01-01,5.278
Kalamalka,Okanagan,7878,08NM143,2007-02-01,5.304
Kalamalka,Okanagan,7878,08NM143,2007-03-01,5.324
Kalamalka,Okanagan,7878,08NM143,2007-04-01,5.308
Kalamalka,Okanagan,7878,08NM143,2007-05-01,5.366
Kalamalka,Okanagan,7878,08NM143,2007-06-01,5.386
Kalamalka,Okanagan,7878,08NM143,2007-07-01,5.412
Kalamalka,Okanagan,7878,08NM143,2007-08-01,5.303
Kalamalka,Okanagan,7878,08NM143,2007-09-01,5.189
Kalamalka,Okanagan,7878,08NM143,2007-10-01,5.159
Kalamalka,Okanagan,7878,08NM143,2007-11-01,5.145
Kalamalka,Okanagan,7878,08NM143,2007-12-01,5.153
Kalamalka,Okanagan,7878,08NM143,2008-01-01,5.173
Kalamalka,Okanagan,7878,08NM143,2008-02-01,5.194
Kalamalka,Okanagan,7878,08NM143,2008-03-01,5.225
Kalamalka,Okanagan,7878,08NM143,2008-04-01,5.239
Kalamalka,Okanagan,7878,08NM143,2008-05-01,5.414
Kalamalka,Okanagan,7878,08NM143,2008-06-01,5.613
Kalamalka,Okanagan,7878,08NM143,2008-07-01,5.55
Kalamalka,Okanagan,7878,08NM143,2008-08-01,5.449
Kalamalka,Okanagan,7878,08NM143,2008-09-01,5.366
Kalamalka,Okanagan,7878,08NM143,2008-10-01,5.309
Kalamalka,Okanagan,7878,08NM143,2008-11-01,5.292
Kalamalka,Okanagan,7878,08NM143,2008-12-01,5.283
Kalamalka,Okanagan,7878,08NM143,2009-01-01,5.304
Kalamalka,Okanagan,7878,08NM143,2009-02-01,5.309
Kalamalka,Okanagan,7878,08NM143,2009-03-01,5.328
Kalamalka,Okanagan,7878,08NM143,2009-04-01,5.34
Kalamalka,Okanagan,7878,08NM143,2009-05-01,5.451
Kalamalka,Okanagan,7878,08NM143,2009-06-01,5.502
Kalamalka,Okanagan,7878,08NM143,2009-07-01,5.418
Kalamalka,Okanagan,7878,08NM143,2009-08-01,5.33
Kalamalka,Okanagan,7878,08NM143,2009-09-01,5.251
Kalamalka,Okanagan,7878,08NM143,2009-10-01,5.18
Kalamalka,Okanagan,7878,08NM143,2009-11-01,5.177
Kalamalka,Okanagan,7878,08NM143,2009-12-01,5.15
Kalamalka,Okanagan,7878,08NM143,2010-01-01,5.174
Kalamalka,Okanagan,7878,08NM143,2010-02-01,5.2
Kalamalka,Okanagan,7878,08NM143,2010-03-01,5.223
Kalamalka,Okanagan,7878,08NM143,2010-04-01,5.248
Kalamalka,Okanagan,7878,08NM143,2010-05-01,5.326
Kalamalka,Okanagan,7878,08NM143,2010-06-01,5.441
Kalamalka,Okanagan,7878,08NM143,2010-07-01,5.444
Kalamalka,Okanagan,7878,08NM143,2010-08-01,5.345
Kalamalka,Okanagan,7878,08NM143,2010-09-01,5.254
Kalamalka,Okanagan,7878,08NM143,2010-10-01,5.2
Kalamalka,Okanagan,7878,08NM143,2010-11-01,5.154
Kalamalka,Okanagan,7878,08NM143,2010-12-01,5.146
Kalamalka,Okanagan,7878,08NM143,2011-01-01,5.173
Kalamalka,Okanagan,7878,08NM143,2011-02-01,5.187
Kalamalka,Okanagan,7878,08NM143,2011-03-01,5.202
Kalamalka,Okanagan,7878,08NM143,2011-04-01,5.244
Kalamalka,Okanagan,7878,08NM143,2011-05-01,5.396
Kalamalka,Okanagan,7878,08NM143,2011-06-01,5.598
Kalamalka,Okanagan,7878,08NM143,2011-07-01,5.54
Kalamalka,Okanagan,7878,08NM143,2011-08-01,5.464
Kalamalka,Okanagan,7878,08NM143,2011-09-01,5.358
Kalamalka,Okanagan,7878,08NM143,2011-10-01,5.315
Kalamalka,Okanagan,7878,08NM143,2011-11-01,5.268
Kalamalka,Okanagan,7878,08NM143,2011-12-01,5.246
Kalamalka,Okanagan,7878,08NM143,2012-01-01,5.249
Kalamalka,Okanagan,7878,08NM143,2012-02-01,5.266
Kalamalka,Okanagan,7878,08NM143,2012-03-01,5.272
Kalamalka,Okanagan,7878,08NM143,2012-04-01,5.261
Kalamalka,Okanagan,7878,08NM143,2012-05-01,5.471
Kalamalka,Okanagan,7878,08NM143,2012-06-01,5.714
Kalamalka,Okanagan,7878,08NM143,2012-07-01,5.775
Kalamalka,Okanagan,7878,08NM143,2012-08-01,5.496
Kalamalka,Okanagan,7878,08NM143,2012-09-01,5.34
Kalamalka,Okanagan,7878,08NM143,2012-10-01,5.261
Kalamalka,Okanagan,7878,08NM143,2012-11-01,5.257
Kalamalka,Okanagan,7878,08NM143,2012-12-01,5.204
Kalamalka,Okanagan,7878,08NM143,2013-01-01,5.153
Kalamalka,Okanagan,7878,08NM143,2013-02-01,
Kalamalka,Okanagan,7878,08NM143,2013-03-01,5.119
Kalamalka,Okanagan,7878,08NM143,2013-04-01,5.221
Kalamalka,Okanagan,7878,08NM143,2013-05-01,5.463
Kalamalka,Okanagan,7878,08NM143,2013-06-01,5.655
Kalamalka,Okanagan,7878,08NM143,2013-07-01,5.614
Kalamalka,Okanagan,7878,08NM143,2013-08-01,5.456
Kalamalka,Okanagan,7878,08NM143,2013-09-01,5.389
Kalamalka,Okanagan,7878,08NM143,2013-10-01,5.288
Kalamalka,Okanagan,7878,08NM143,2013-11-01,5.27
Kalamalka,Okanagan,7878,08NM143,2013-12-01,5.228
Kalamalka,Okanagan,7878,08NM143,2014-01-01,5.208
Kalamalka,Okanagan,7878,08NM143,2014-02-01,5.172
Kalamalka,Okanagan,7878,08NM143,2014-03-01,5.167
Kalamalka,Okanagan,7878,08NM143,2014-04-01,5.221
Kalamalka,Okanagan,7878,08NM143,2014-05-01,5.561
Kalamalka,Okanagan,7878,08NM143,2014-06-01,5.648
Kalamalka,Okanagan,7878,08NM143,2014-07-01,5.528
Kalamalka,Okanagan,7878,08NM143,2014-08-01,5.454
Kalamalka,Okanagan,7878,08NM143,2014-09-01,5.353
Kalamalka,Okanagan,7878,08NM143,2014-10-01,5.3
Kalamalka,Okanagan,7878,08NM143,2014-11-01,5.259
Kalamalka,Okanagan,7878,08NM143,2014-12-01,5.269
Kalamalka,Okanagan,7878,08NM143,2015-01-01,5.331
Kalamalka,Okanagan,7878,08NM143,2015-02-01,5.366
Kalamalka,Okanagan,7878,08NM143,2015-03-01,5.4
Kalamalka,Okanagan,7878,08NM143,2015-04-01,5.569
Kalamalka,Okanagan,7878,08NM143,2015-05-01,5.591
Kalamalka,Okanagan,7878,08NM143,2015-06-01,5.522
Kalamalka,Okanagan,7878,08NM143,2015-07-01,5.382
Kalamalka,Okanagan,7878,08NM143,2015-08-01,5.244
Kalamalka,Okanagan,7878,08NM143,2015-09-01,5.136
Kalamalka,Okanagan,7878,08NM143,2015-10-01,5.088
Kalamalka,Okanagan,7878,08NM143,2015-11-01,5.099
Kalamalka,Okanagan,7878,08NM143,2015-12-01,5.116
Kalamalka,Okanagan,7878,08NM143,2016-01-01,5.167
Kalamalka,Okanagan,7878,08NM143,2016-02-01,5.23
Kalamalka,Okanagan,7878,08NM143,2016-03-01,5.302
Kalamalka,Okanagan,7878,08NM143,2016-04-01,5.47
Kalamalka,Okanagan,7878,08NM143,2016-05-01,5.61
Kalamalka,Okanagan,7878,08NM143,2016-06-01,5.537
Kalamalka,Okanagan,7878,08NM143,2016-07-01,5.531
Kalamalka,Okanagan,7878,08NM143,2016-08-01,
Kalamalka,Okanagan,7878,08NM143,2016-09-01,
Kalamalka,Okanagan,7878,08NM143,2016-10-01,5.218
Kalamalka,Okanagan,7878,08NM143,2016-11-01,5.194
Kalamalka,Okanagan,7878,08NM143,2016-12-01,5.209
Kalamalka,Okanagan,7878,08NM143,2017-01-01,5.164
Kalamalka,Okanagan,7878,08NM143,2017-02-01,5.152
Kalamalka,Okanagan,7878,08NM143,2017-03-01,5.207
Kalamalka,Okanagan,7878,08NM143,2017-04-01,5.406
Kalamalka,Okanagan,7878,08NM143,2017-05-01,6.038
Kalamalka,Okanagan,7878,08NM143,2017-06-01,6.239
Kalamalka,Okanagan,7878,08NM143,2017-07-01,5.879
Kalamalka,Okanagan,7878,08NM143,2017-08-01,5.492
Kalamalka,Okanagan,7878,08NM143,2017-09-01,5.278
Kalamalka,Okanagan,7878,08NM143,2017-10-01,5.177
Kalamalka,Okanagan,7878,08NM143,2017-11-01,5.175
Kalamalka,Okanagan,7878,08NM143,2017-12-01,5.153
Kalamalka,Okanagan,7878,08NM143,2018-01-01,5.12
Kalamalka,Okanagan,7878,08NM143,2018-02-01,5.129
Kalamalka,Okanagan,7878,08NM143,2018-03-01,5.123
Kalamalka,Okanagan,7878,08NM143,2018-04-01,5.221
Kalamalka,Okanagan,7878,08NM143,2018-05-01,5.643
Kalamalka,Okanagan,7878,08NM143,2018-06-01,5.682
Kalamalka,Okanagan,7878,08NM143,2018-07-01,5.482
Kalamalka,Okanagan,7878,08NM143,2018-08-01,5.35
Kalamalka,Okanagan,7878,08NM143,2018-09-01,5.269
Kalamalka,Okanagan,7878,08NM143,2018-10-01,5.223
Kalamalka,Okanagan,7878,08NM143,2018-11-01,5.209
Kalamalka,Okanagan,7878,08NM143,2018-12-01,5.167
Kalamalka,Okanagan,7878,08NM143,2019-01-01,5.17
Kalamalka,Okanagan,7878,08NM143,2019-02-01,5.138
Kalamalka,Okanagan,7878,08NM143,2019-03-01,5.129
Kalamalka,Okanagan,7878,08NM143,2019-04-01,5.219
Kalamalka,Okanagan,7878,08NM143,2019-05-01,5.341
Kalamalka,Okanagan,7878,08NM143,2019-06-01,5.368
Kalamalka,Okanagan,7878,08NM143,2019-07-01,5.364
Kalamalka,Okanagan,7878,08NM143,2019-08-01,5.29
Kalamalka,Okanagan,7878,08NM143,2019-09-01,5.243
Kalamalka,Okanagan,7878,08NM143,2019-10-01,5.214
Kalamalka,Okanagan,7878,08NM143,2019-11-01,5.214
Kalamalka,Okanagan,7878,08NM143,2019-12-01,5.241
Kalamalka,Okanagan,7878,08NM143,2020-01-01,5.294
Kalamalka,Okanagan,7878,08NM143,2020-02-01,5.268
Kalamalka,Okanagan,7878,08NM143,2020-03-01,5.254
Kalamalka,Okanagan,7878,08NM143,2020-04-01,5.306
Kalamalka,Okanagan,7878,08NM143,2020-05-01,5.724
Kalamalka,Okanagan,7878,08NM143,2020-06-01,5.999
Kalamalka,Okanagan,7878,08NM143,2020-07-01,5.864
Kalamalka,Okanagan,7878,08NM143,2020-08-01,5.546
Kalamalka,Okanagan,7878,08NM143,2020-09-01,5.319
Kalamalka,Okanagan,7878,08NM143,2020-10-01,5.219
Kalamalka,Okanagan,7878,08NM143,2020-11-01,5.182
Kalamalka,Okanagan,7878,08NM143,2020-12-01,5.151
Kalamalka,Okanagan,7878,08NM143,2021-01-01,5.161
Kalamalka,Okanagan,7878,08NM143,2021-02-01,5.149
Kalamalka,Okanagan,7878,08NM143,2021-03-01,5.142
Kalamalka,Okanagan,7878,08NM143,2021-04-01,5.168
Kalamalka,Okanagan,7878,08NM143,2021-05-01,5.271
Kalamalka,Okanagan,7878,08NM143,2021-06-01,5.302
Kalamalka,Okanagan,7878,08NM143,2021-07-01,5.201
Kalamalka,Okanagan,7878,08NM143,2021-08-01,5.068
Kalamalka,Okanagan,7878,08NM143,2021-09-01,4.985
Kalamalka,Okanagan,7878,08NM143,2021-10-01,4.941
Kalamalka,Okanagan,7878,08NM143,2021-11-01,4.972
Kalamalka,Okanagan,7878,08NM143,2021-12-01,5.0
Kalamalka,Okanagan,7878,08NM143,2022-01-01,5.017
Kalamalka,Okanagan,7878,08NM143,2022-02-01,5.041
Kalamalka,Okanagan,7878,08NM143,2022-03-01,5.089
Kalamalka,Okanagan,7878,08NM143,2022-04-01,5.185
Kalamalka,Okanagan,7878,08NM143,2022-05-01,5.384
Kalamalka,Okanagan,7878,08NM143,2022-06-01,5.623
Kalamalka,Okanagan,7878,08NM143,2022-07-01,5.648
Kalamalka,Okanagan,7878,08NM143,2022-08-01,5.387
Kalamalka,Okanagan,7878,08NM143,2022-09-01,5.233
Kalamalka,Okanagan,7878,08NM143,2022-10-01,5.175
Kalamalka,Okanagan,7878,08NM143,2022-11-01,5.145
Kalamalka,Okanagan,7878,08NM143,2022-12-01,5.129
Kalamalka,Okanagan,7878,08NM143,2023-01-01,5.18
Kalamalka,Okanagan,7878,08NM143,2023-02-01,5.211
Kalamalka,Okanagan,7878,08NM143,2023-03-01,5.205
Kalamalka,Okanagan,7878,08NM143,2023-04-01,5.205
Kalamalka,Okanagan,7878,08NM143,2023-05-01,5.373
Kalamalka,Okanagan,7878,08NM143,2023-06-01,5.376
Kalamalka,Okanagan,7878,08NM143,2023-07-01,5.283
Kalamalka,Okanagan,7878,08NM143,2023-08-01,5.139
Kalamalka,Okanagan,7878,08NM143,2023-09-01,5.035
Kalamalka,Okanagan,7878,08NM143,2023-10-01,4.984
Kalamalka,Okanagan,7878,08NM143,2023-11-01,4.955
Kalamalka,Okanagan,7878,08NM143,2023-12-01,4.957
Kalamalka,Okanagan,7878,08NM143,2024-01-01,4.989
Kalamalka,Okanagan,7878,08NM143,2024-02-01,5.048
Kalamalka,Okanagan,7878,08NM143,2024-03-01,5.07
Kalamalka,Okanagan,7878,08NM143,2024-04-01,5.104
Kalamalka,Okanagan,7878,08NM143,2024-05-01,5.177
Kalamalka,Okanagan,7878,08NM143,2024-06-01,5.213
Kalamalka,Okanagan,7878,08NM143,2024-07-01,5.171
Kalamalka,Okanagan,7878,08NM143,2024-08-01,5.038
Kalamalka,Okanagan,7878,08NM143,2024-09-01,4.955
Kalamalka,Okanagan,7878,08NM143,2024-10-01,4.901
Kalamalka,Okanagan,7878,08NM143,2024-11-01,4.901
Kalamalka,Okanagan,7878,08NM143,2024-12-01,4.9
Okanagan,Okanagan,695,08NM083,1994-01-01,1.604
Okanagan,Okanagan,695,08NM083,1994-02-01,1.52
Okanagan,Okanagan,695,08NM083,1994-03-01,1.472
Okanagan,Okanagan,695,08NM083,1994-04-01,1.517
Okanagan,Okanagan,695,08NM083,1994-05-01,1.962
Okanagan,Okanagan,695,08NM083,1994-06-01,2.16
Okanagan,Okanagan,695,08NM083,1994-07-01,2.086
Okanagan,Okanagan,695,08NM083,1994-08-01,1.9
Okanagan,Okanagan,695,08NM083,1994-09-01,1.722
Okanagan,Okanagan,695,08NM083,1994-10-01,1.562
Okanagan,Okanagan,695,08NM083,1994-11-01,1.492
Okanagan,Okanagan,695,08NM083,1994-12-01,1.459
Okanagan,Okanagan,695,08NM083,1995-01-01,1.461
Okanagan,Okanagan,695,08NM083,1995-02-01,1.448
Okanagan,Okanagan,695,08NM083,1995-03-01,1.33
Okanagan,Okanagan,695,08NM083,1995-04-01,1.313
Okanagan,Okanagan,695,08NM083,1995-05-01,1.603
Okanagan,Okanagan,695,08NM083,1995-06-01,2.006
Okanagan,Okanagan,695,08NM083,1995-07-01,2.066
Okanagan,Okanagan,695,08NM083,1995-08-01,1.908
Okanagan,Okanagan,695,08NM083,1995-09-01,1.728
Okanagan,Okanagan,695,08NM083,1995-10-01,1.614
Okanagan,Okanagan,695,08NM083,1995-11-01,1.6
Okanagan,Okanagan,695,08NM083,1995-12-01,1.666
Okanagan,Okanagan,695,08NM083,1996-01-01,1.633
Okanagan,Okanagan,695,08NM083,1996-02-01,1.527
Okanagan,Okanagan,695,08NM083,1996-03-01,1.414
Okanagan,Okanagan,695,08NM083,1996-04-01,1.381
Okanagan,Okanagan,695,08NM083,1996-05-01,1.751
Okanagan,Okanagan,695,08NM083,1996-06-01,2.329
Okanagan,Okanagan,695,08NM083,1996-07-01,2.218
Okanagan,Okanagan,695,08NM083,1996-08-01,1.955
Okanagan,Okanagan,695,08NM083,1996-09-01,1.749
Okanagan,Okanagan,695,08NM083,1996-10-01,1.717
Okanagan,Okanagan,695,08NM083,1996-11-01,1.727
Okanagan,Okanagan,695,08NM083,1996-12-01,1.742
Okanagan,Okanagan,695,08NM083,1997-01-01,1.68
Okanagan,Okanagan,695,08NM083,1997-02-01,1.562
Okanagan,Okanagan,695,08NM083,1997-03-01,1.387
Okanagan,Okanagan,695,08NM083,1997-04-01,1.255
Okanagan,Okanagan,695,08NM083,1997-05-01,1.773
Okanagan,Okanagan,695,08NM083,1997-06-01,2.518
Okanagan,Okanagan,695,08NM083,1997-07-01,2.559
Okanagan,Okanagan,695,08NM083,1997-08-01,2.22
Okanagan,Okanagan,695,08NM083,1997-09-01,1.797
Okanagan,Okanagan,695,08NM083,1997-10-01,1.687
Okanagan,Okanagan,695,08NM083,1997-11-01,1.644
Okanagan,Okanagan,695,08NM083,1997-12-01,1.566
Okanagan,Okanagan,695,08NM083,1998-01-01,1.544
Okanagan,Okanagan,695,08NM083,1998-02-01,1.48
Okanagan,Okanagan,695,08NM083,1998-03-01,1.419
Okanagan,Okanagan,695,08NM083,1998-04-01,1.443
Okanagan,Okanagan,695,08NM083,1998-05-01,1.992
Okanagan,Okanagan,695,08NM083,1998-06-01,2.189
Okanagan,Okanagan,695,08NM083,1998-07-01,2.075
Okanagan,Okanagan,695,08NM083,1998-08-01,1.876
Okanagan,Okanagan,695,08NM083,1998-09-01,1.659
Okanagan,Okanagan,695,08NM083,1998-10-01,1.536
Okanagan,Okanagan,695,08NM083,1998-11-01,1.503
Okanagan,Okanagan,695,08NM083,1998-12-01,1.486
Okanagan,Okanagan,695,08NM083,1999-01-01,1.47
Okanagan,Okanagan,695,08NM083,1999-02-01,1.36
Okanagan,Okanagan,695,08NM083,1999-03-01,1.256
Okanagan,Okanagan,695,08NM083,1999-04-01,1.144
Okanagan,Okanagan,695,08NM083,1999-05-01,1.35
Okanagan,Okanagan,695,08NM083,1999-06-01,1.931
Okanagan,Okanagan,695,08NM083,1999-07-01,2.122
Okanagan,Okanagan,695,08NM083,1999-08-01,1.835
Okanagan,Okanagan,695,08NM083,1999-09-01,1.643
Okanagan,Okanagan,695,08NM083,1999-10-01,1.529
Okanagan,Okanagan,695,08NM083,1999-11-01,1.527
Okanagan,Okanagan,695,08NM083,1999-12-01,1.547
Okanagan,Okanagan,695,08NM083,2000-01-01,1.466
Okanagan,Okanagan,695,08NM083,2000-02-01,1.42
Okanagan,Okanagan,695,08NM083,2000-03-01,1.402
Okanagan,Okanagan,695,08NM083,2000-04-01,1.482
Okanagan,Okanagan,695,08NM083,2000-05-01,1.833
Okanagan,Okanagan,695,08NM083,2000-06-01,2.119
Okanagan,Okanagan,695,08NM083,2000-07-01,2.054
Okanagan,Okanagan,695,08NM083,2000-08-01,1.875
Okanagan,Okanagan,695,08NM083,2000-09-01,1.711
Okanagan,Okanagan,695,08NM083,2000-10-01,1.553
Okanagan,Okanagan,695,08NM083,2000-11-01,1.498
Okanagan,Okanagan,695,08NM083,2000-12-01,1.444
Okanagan,Okanagan,695,08NM083,2001-01-01,1.43
Okanagan,Okanagan,695,08NM083,2001-02-01,1.414
Okanagan,Okanagan,695,08NM083,2001-03-01,1.406
Okanagan,Okanagan,695,08NM083,2001-04-01,1.416
Okanagan,Okanagan,695,08NM083,2001-05-01,1.599
Okanagan,Okanagan,695,08NM083,2001-06-01,1.9
Okanagan,Okanagan,695,08NM083,2001-07-01,1.92
Okanagan,Okanagan,695,08NM083,2001-08-01,1.815
Okanagan,Okanagan,695,08NM083,2001-09-01,1.642
Okanagan,Okanagan,695,08NM083,2001-10-01,1.509
Okanagan,Okanagan,695,08NM083,2001-11-01,1.469
Okanagan,Okanagan,695,08NM083,2001-12-01,1.467
Okanagan,Okanagan,695,08NM083,2002-01-01,1.457
Okanagan,Okanagan,695,08NM083,2002-02-01,1.431
Okanagan,Okanagan,695,08NM083,2002-03-01,1.372
Okanagan,Okanagan,695,08NM083,2002-04-01,1.354
Okanagan,Okanagan,695,08NM083,2002-05-01,1.62
Okanagan,Okanagan,695,08NM083,2002-06-01,2.155
Okanagan,Okanagan,695,08NM083,2002-07-01,2.115
Okanagan,Okanagan,695,08NM083,2002-08-01,1.906
Okanagan,Okanagan,695,08NM083,2002-09-01,1.671
Okanagan,Okanagan,695,08NM083,2002-10-01,1.503
Okanagan,Okanagan,695,08NM083,2002-11-01,1.396
Okanagan,Okanagan,695,08NM083,2002-12-01,1.37
Okanagan,Okanagan,695,08NM083,2003-01-01,1.367
Okanagan,Okanagan,695,08NM083,2003-02-01,1.361
Okanagan,Okanagan,695,08NM083,2003-03-01,1.339
Okanagan,Okanagan,695,08NM083,2003-04-01,1.368
Okanagan,Okanagan,695,08NM083,2003-05-01,1.559
Okanagan,Okanagan,695,08NM083,2003-06-01,1.789
Okanagan,Okanagan,695,08NM083,2003-07-01,1.713
Okanagan,Okanagan,695,08NM083,2003-08-01,1.496
Okanagan,Okanagan,695,08NM083,2003-09-01,1.298
Okanagan,Okanagan,695,08NM083,2003-10-01,1.178
Okanagan,Okanagan,695,08NM083,2003-11-01,1.121
Okanagan,Okanagan,695,08NM083,2003-12-01,1.084
Okanagan,Okanagan,695,08NM083,2004-01-01,1.046
Okanagan,Okanagan,695,08NM083,2004-02-01,1.05
Okanagan,Okanagan,695,08NM083,2004-03-01,1.052
Okanagan,Okanagan,695,08NM083,2004-04-01,1.166
Okanagan,Okanagan,695,08NM083,2004-05-01,1.547
Okanagan,Okanagan,695,08NM083,2004-06-01,1.93
Okanagan,Okanagan,695,08NM083,2004-07-01,1.937
Okanagan,Okanagan,695,08NM083,2004-08-01,1.798
Okanagan,Okanagan,695,08NM083,2004-09-01,1.691
Okanagan,Okanagan,695,08NM083,2004-10-01,1.593
Okanagan,Okanagan,695,08NM083,2004-11-01,1.58
Okanagan,Okanagan,695,08NM083,2004-12-01,1.58
Okanagan,Okanagan,695,08NM083,2005-01-01,1.492
Okanagan,Okanagan,695,08NM083,2005-02-01,1.438
Okanagan,Okanagan,695,08NM083,2005-03-01,1.391
Okanagan,Okanagan,695,08NM083,2005-04-01,1.471
Okanagan,Okanagan,695,08NM083,2005-05-01,1.882
Okanagan,Okanagan,695,08NM083,2005-06-01,2.175
Okanagan,Okanagan,695,08NM083,2005-07-01,2.129
Okanagan,Okanagan,695,08NM083,2005-08-01,1.835
Okanagan,Okanagan,695,08NM083,2005-09-01,1.652
Okanagan,Okanagan,695,08NM083,2005-10-01,1.545
Okanagan,Okanagan,695,08NM083,2005-11-01,1.505
Okanagan,Okanagan,695,08NM083,2005-12-01,1.459
Okanagan,Okanagan,695,08NM083,2006-01-01,1.503
Okanagan,Okanagan,695,08NM083,2006-02-01,1.465
Okanagan,Okanagan,695,08NM083,2006-03-01,1.357
Okanagan,Okanagan,695,08NM083,2006-04-01,1.383
Okanagan,Okanagan,695,08NM083,2006-05-01,1.811
Okanagan,Okanagan,695,08NM083,2006-06-01,2.211
Okanagan,Okanagan,695,08NM083,2006-07-01,2.065
Okanagan,Okanagan,695,08NM083,2006-08-01,1.842
Okanagan,Okanagan,695,08NM083,2006-09-01,1.652
Okanagan,Okanagan,695,08NM083,2006-10-01,1.502
Okanagan,Okanagan,695,08NM083,2006-11-01,1.451
Okanagan,Okanagan,695,08NM083,2006-12-01,1.432
Okanagan,Okanagan,695,08NM083,2007-01-01,1.401
Okanagan,Okanagan,695,08NM083,2007-02-01,1.387
Okanagan,Okanagan,695,08NM083,2007-03-01,1.364
Okanagan,Okanagan,695,08NM083,2007-04-01,1.402
Okanagan,Okanagan,695,08NM083,2007-05-01,1.65
Okanagan,Okanagan,695,08NM083,2007-06-01,1.901
Okanagan,Okanagan,695,08NM083,2007-07-01,1.972
Okanagan,Okanagan,695,08NM083,2007-08-01,1.831
Okanagan,Okanagan,695,08NM083,2007-09-01,1.641
Okanagan,Okanagan,695,08NM083,2007-10-01,1.527
Okanagan,Okanagan,695,08NM083,2007-11-01,1.485
Okanagan,Okanagan,695,08NM083,2007-12-01,1.461
Okanagan,Okanagan,695,08NM083,2008-01-01,1.452
Okanagan,Okanagan,695,08NM083,2008-02-01,1.433
Okanagan,Okanagan,695,08NM083,2008-03-01,1.427
Okanagan,Okanagan,695,08NM083,2008-04-01,1.386
Okanagan,Okanagan,695,08NM083,2008-05-01,1.61
Okanagan,Okanagan,695,08NM083,2008-06-01,2.165
Okanagan,Okanagan,695,08NM083,2008-07-01,2.121
Okanagan,Okanagan,695,08NM083,2008-08-01,1.969
Okanagan,Okanagan,695,08NM083,2008-09-01,1.737
Okanagan,Okanagan,695,08NM083,2008-10-01,1.559
Okanagan,Okanagan,695,08NM083,2008-11-01,1.489
Okanagan,Okanagan,695,08NM083,2008-12-01,1.455
Okanagan,Okanagan,695,08NM083,2009-01-01,1.422
Okanagan,Okanagan,695,08NM083,2009-02-01,1.383
Okanagan,Okanagan,695,08NM083,2009-03-01,1.362
Okanagan,Okanagan,695,08NM083,2009-04-01,1.374
Okanagan,Okanagan,695,08NM083,2009-05-01,1.524
Okanagan,Okanagan,695,08NM083,2009-06-01,1.772
Okanagan,Okanagan,695,08NM083,2009-07-01,1.737
Okanagan,Okanagan,695,08NM083,2009-08-01,1.62
Okanagan,Okanagan,695,08NM083,2009-09-01,1.498
Okanagan,Okanagan,695,08NM083,2009-10-01,1.348
Okanagan,Okanagan,695,08NM083,2009-11-01,1.295
Okanagan,Okanagan,695,08NM083,2009-12-01,1.231
Okanagan,Okanagan,695,08NM083,2010-01-01,1.226
Okanagan,Okanagan,695,08NM083,2010-02-01,1.24
Okanagan,Okanagan,695,08NM083,2010-03-01,1.253
Okanagan,Okanagan,695,08NM083,2010-04-01,1.285
Okanagan,Okanagan,695,08NM083,2010-05-01,1.589
Okanagan,Okanagan,695,08NM083,2010-06-01,2.116
Okanagan,Okanagan,695,08NM083,2010-07-01,2.132
Okanagan,Okanagan,695,08NM083,2010-08-01,1.931
Okanagan,Okanagan,695,08NM083,2010-09-01,1.744
Okanagan,Okanagan,695,08NM083,2010-10-01,1.644
Okanagan,Okanagan,695,08NM083,2010-11-01,1.574
Okanagan,Okanagan,695,08NM083,2010-12-01,1.526
Okanagan,Okanagan,695,08NM083,2011-01-01,1.5
Okanagan,Okanagan,695,08NM083,2011-02-01,1.485
Okanagan,Okanagan,695,08NM083,2011-03-01,1.462
Okanagan,Okanagan,695,08NM083,2011-04-01,1.466
Okanagan,Okanagan,695,08NM083,2011-05-01,1.613
Okanagan,Okanagan,695,08NM083,2011-06-01,2.246
Okanagan,Okanagan,695,08NM083,2011-07-01,2.164
Okanagan,Okanagan,695,08NM083,2011-08-01,1.847
Okanagan,Okanagan,695,08NM083,2011-09-01,1.668
Okanagan,Okanagan,695,08NM083,2011-10-01,1.571
Okanagan,Okanagan,695,08NM083,2011-11-01,1.478
Okanagan,Okanagan,695,08NM083,2011-12-01,1.419
Okanagan,Okanagan,695,08NM083,2012-01-01,1.371
Okanagan,Okanagan,695,08NM083,2012-02-01,1.35
Okanagan,Okanagan,695,08NM083,2012-03-01,1.371
Okanagan,Okanagan,695,08NM083,2012-04-01,1.434
Okanagan,Okanagan,695,08NM083,2012-05-01,1.819
Okanagan,Okanagan,695,08NM083,2012-06-01,2.218
Okanagan,Okanagan,695,08NM083,2012-07-01,2.281
Okanagan,Okanagan,695,08NM083,2012-08-01,1.938
Okanagan,Okanagan,695,08NM083,2012-09-01,1.696
Okanagan,Okanagan,695,08NM083,2012-10-01,1.559
Okanagan,Okanagan,695,08NM083,2012-11-01,1.564
Okanagan,Okanagan,695,08NM083,2012-12-01,1.579
Okanagan,Okanagan,695,08NM083,2013-01-01,1.551
Okanagan,Okanagan,695,08NM083,2013-02-01,1.439
Okanagan,Okanagan,695,08NM083,2013-03-01,1.343
Okanagan,Okanagan,695,08NM083,2013-04-01,1.443
Okanagan,Okanagan,695,08NM083,2013-05-01,1.936
Okanagan,Okanagan,695,08NM083,2013-06-01,2.24
Okanagan,Okanagan,695,08NM083,2013-07-01,2.154
Okanagan,Okanagan,695,08NM083,2013-08-01,1.856
Okanagan,Okanagan,695,08NM083,2013-09-01,1.738
Okanagan,Okanagan,695,08NM083,2013-10-01,1.614
Okanagan,Okanagan,695,08NM083,2013-11-01,1.596
Okanagan,Okanagan,695,08NM083,2013-12-01,1.557
Okanagan,Okanagan,695,08NM083,2014-01-01,1.547
Okanagan,Okanagan,695,08NM083,2014-02-01,1.51
Okanagan,Okanagan,695,08NM083,2014-03-01,1.404
Okanagan,Okanagan,695,08NM083,2014-04-01,1.372
Okanagan,Okanagan,695,08NM083,2014-05-01,1.696
Okanagan,Okanagan,695,08NM083,2014-06-01,2.029
Okanagan,Okanagan,695,08NM083,2014-07-01,2.085
Okanagan,Okanagan,695,08NM083,2014-08-01,1.919
Okanagan,Okanagan,695,08NM083,2014-09-01,1.757
Okanagan,Okanagan,695,08NM083,2014-10-01,1.662
Okanagan,Okanagan,695,08NM083,2014-11-01,1.587
Okanagan,Okanagan,695,08NM083,2014-12-01,1.582
Okanagan,Okanagan,695,08NM083,2015-01-01,1.615
Okanagan,Okanagan,695,08NM083,2015-02-01,1.646
Okanagan,Okanagan,695,08NM083,2015-03-01,1.678
Okanagan,Okanagan,695,08NM083,2015-04-01,1.896
Okanagan,Okanagan,695,08NM083,2015-05-01,2.062
Okanagan,Okanagan,695,08NM083,2015-06-01,2.083
Okanagan,Okanagan,695,08NM083,2015-07-01,1.906
Okanagan,Okanagan,695,08NM083,2015-08-01,1.731
Okanagan,Okanagan,695,08NM083,2015-09-01,1.571
Okanagan,Okanagan,695,08NM083,2015-10-01,1.47
Okanagan,Okanagan,695,08NM083,2015-11-01,1.437
Okanagan,Okanagan,695,08NM083,2015-12-01,1.416
Okanagan,Okanagan,695,08NM083,2016-01-01,1.424
Okanagan,Okanagan,695,08NM083,2016-02-01,1.469
Okanagan,Okanagan,695,08NM083,2016-03-01,1.487
Okanagan,Okanagan,695,08NM083,2016-04-01,1.726
Okanagan,Okanagan,695,08NM083,2016-05-01,2.154
Okanagan,Okanagan,695,08NM083,2016-06-01,2.233
Okanagan,Okanagan,695,08NM083,2016-07-01,2.164
Okanagan,Okanagan,695,08NM083,2016-08-01,1.94
Okanagan,Okanagan,695,08NM083,2016-09-01,1.752
Okanagan,Okanagan,695,08NM083,2016-10-01,1.672
Okanagan,Okanagan,695,08NM083,2016-11-01,1.705
Okanagan,Okanagan,695,08NM083,2016-12-01,1.636
Okanagan,Okanagan,695,08NM083,2017-01-01,1.549
Okanagan,Okanagan,695,08NM083,2017-02-01,1.52
Okanagan,Okanagan,695,08NM083,2017-03-01,1.53
Okanagan,Okanagan,695,08NM083,2017-04-01,1.711
Okanagan,Okanagan,695,08NM083,2017-05-01,2.431
Okanagan,Okanagan,695,08NM083,2017-06-01,2.941
Okanagan,Okanagan,695,08NM083,2017-07-01,2.495
Okanagan,Okanagan,695,08NM083,2017-08-01,1.959
Okanagan,Okanagan,695,08NM083,2017-09-01,1.657
Okanagan,Okanagan,695,08NM083,2017-10-01,1.513
Okanagan,Okanagan,695,08NM083,2017-11-01,1.465
Okanagan,Okanagan,695,08NM083,2017-12-01,1.45
Okanagan,Okanagan,695,08NM083,2018-01-01,1.449
Okanagan,Okanagan,695,08NM083,2018-02-01,1.414
Okanagan,Okanagan,695,08NM083,2018-03-01,1.34
Okanagan,Okanagan,695,08NM083,2018-04-01,1.227
Okanagan,Okanagan,695,08NM083,2018-05-01,2.015
Okanagan,Okanagan,695,08NM083,2018-06-01,2.354
Okanagan,Okanagan,695,08NM083,2018-07-01,2.048
Okanagan,Okanagan,695,08NM083,2018-08-01,1.794
Okanagan,Okanagan,695,08NM083,2018-09-01,1.685
Okanagan,Okanagan,695,08NM083,2018-10-01,1.611
Okanagan,Okanagan,695,08NM083,2018-11-01,1.616
Okanagan,Okanagan,695,08NM083,2018-12-01,1.604
Okanagan,Okanagan,695,08NM083,2019-01-01,1.596
Okanagan,Okanagan,695,08NM083,2019-02-01,1.52
Okanagan,Okanagan,695,08NM083,2019-03-01,1.449
Okanagan,Okanagan,695,08NM083,2019-04-01,1.518
Okanagan,Okanagan,695,08NM083,2019-05-01,1.775
Okanagan,Okanagan,695,08NM083,2019-06-01,1.922
Okanagan,Okanagan,695,08NM083,2019-07-01,1.909
Okanagan,Okanagan,695,08NM083,2019-08-01,1.792
Okanagan,Okanagan,695,08NM083,2019-09-01,1.701
Okanagan,Okanagan,695,08NM083,2019-10-01,1.619
Okanagan,Okanagan,695,08NM083,2019-11-01,1.573
Okanagan,Okanagan,695,08NM083,2019-12-01,1.55
Okanagan,Okanagan,695,08NM083,2020-01-01,1.551
Okanagan,Okanagan,695,08NM083,2020-02-01,1.48
Okanagan,Okanagan,695,08NM083,2020-03-01,1.323
Okanagan,Okanagan,695,08NM083,2020-04-01,1.216
Okanagan,Okanagan,695,08NM083,2020-05-01,1.825
Okanagan,Okanagan,695,08NM083,2020-06-01,2.443
Okanagan,Okanagan,695,08NM083,2020-07-01,2.364
Okanagan,Okanagan,695,08NM083,2020-08-01,1.964
Okanagan,Okanagan,695,08NM083,2020-09-01,1.7
Okanagan,Okanagan,695,08NM083,2020-10-01,1.603
Okanagan,Okanagan,695,08NM083,2020-11-01,1.542
Okanagan,Okanagan,695,08NM083,2020-12-01,1.495
Okanagan,Okanagan,695,08NM083,2021-01-01,1.484
Okanagan,Okanagan,695,08NM083,2021-02-01,1.439
Okanagan,Okanagan,695,08NM083,2021-03-01,1.349
Okanagan,Okanagan,695,08NM083,2021-04-01,1.323
Okanagan,Okanagan,695,08NM083,2021-05-01,1.641
Okanagan,Okanagan,695,08NM083,2021-06-01,1.813
Okanagan,Okanagan,695,08NM083,2021-07-01,1.698
Okanagan,Okanagan,695,08NM083,2021-08-01,1.51
Okanagan,Okanagan,695,08NM083,2021-09-01,1.367
Okanagan,Okanagan,695,08NM083,2021-10-01,1.264
Okanagan,Okanagan,695,08NM083,2021-11-01,1.262
Okanagan,Okanagan,695,08NM083,2021-12-01,1.286
Okanagan,Okanagan,695,08NM083,2022-01-01,1.271
Okanagan,Okanagan,695,08NM083,2022-02-01,1.265
Okanagan,Okanagan,695,08NM083,2022-03-01,1.287
Okanagan,Okanagan,695,08NM083,2022-04-01,1.384
Okanagan,Okanagan,695,08NM083,2022-05-01,1.691
Okanagan,Okanagan,695,08NM083,2022-06-01,2.235
Okanagan,Okanagan,695,08NM083,2022-07-01,2.267
Okanagan,Okanagan,695,08NM083,2022-08-01,1.891
Okanagan,Okanagan,695,08NM083,2022-09-01,1.671
Okanagan,Okanagan,695,08NM083,2022-10-01,1.533
Okanagan,Okanagan,695,08NM083,2022-11-01,1.45
Okanagan,Okanagan,695,08NM083,2022-12-01,1.374
Okanagan,Okanagan,695,08NM083,2023-01-01,1.379
Okanagan,Okanagan,695,08NM083,2023-02-01,1.356
Okanagan,Okanagan,695,08NM083,2023-03-01,1.231
Okanagan,Okanagan,695,08NM083,2023-04-01,1.194
Okanagan,Okanagan,695,08NM083,2023-05-01,1.799
Okanagan,Okanagan,695,08NM083,2023-06-01,2.032
Okanagan,Okanagan,695,08NM083,2023-07-01,1.925
Okanagan,Okanagan,695,08NM083,2023-08-01,1.75
Okanagan,Okanagan,695,08NM083,2023-09-01,1.598
Okanagan,Okanagan,695,08NM083,2023-10-01,1.484
Okanagan,Okanagan,695,08NM083,2023-11-01,1.399
Okanagan,Okanagan,695,08NM083,2023-12-01,1.367
Okanagan,Okanagan,695,08NM083,2024-01-01,1.352
Okanagan,Okanagan,695,08NM083,2024-02-01,1.378
Okanagan,Okanagan,695,08NM083,2024-03-01,1.386
Okanagan,Okanagan,695,08NM083,2024-04-01,1.47
Okanagan,Okanagan,695,08NM083,2024-05-01,1.703
Okanagan,Okanagan,695,08NM083,2024-06-01,1.978
Okanagan,Okanagan,695,08NM083,2024-07-01,1.994
Okanagan,Okanagan,695,08NM083,2024-08-01,1.818
Okanagan,Okanagan,695,08NM083,2024-09-01,1.644
Okanagan,Okanagan,695,08NM083,2024-10-01,1.527
Okanagan,Okanagan,695,08NM083,2024-11-01,1.489
Okanagan,Okanagan,695,08NM083,2024-12-01,1.441
Skaha,Okanagan,8117,08NM084,1994-01-01,2.373
Skaha,Okanagan,8117,08NM084,1994-02-01,2.372
Skaha,Okanagan,8117,08NM084,1994-03-01,2.332
Skaha,Okanagan,8117,08NM084,1994-04-01,2.412
Skaha,Okanagan,8117,08NM084,1994-05-01,2.413
Skaha,Okanagan,8117,08NM084,1994-06-01,2.45
Skaha,Okanagan,8117,08NM084,1994-07-01,2.431
Skaha,Okanagan,8117,08NM084,1994-08-01,2.506
Skaha,Okanagan,8117,08NM084,1994-09-01,2.472
Skaha,Okanagan,8117,08NM084,1994-10-01,2.412
Skaha,Okanagan,8117,08NM084,1994-11-01,2.446
Skaha,Okanagan,8117,08NM084,1994-12-01,2.442
Skaha,Okanagan,8117,08NM084,1995-01-01,2.406
Skaha,Okanagan,8117,08NM084,1995-02-01,2.383
Skaha,Okanagan,8117,08NM084,1995-03-01,2.388
Skaha,Okanagan,8117,08NM084,1995-04-01,2.394
Skaha,Okanagan,8117,08NM084,1995-05-01,2.471
Skaha,Okanagan,8117,08NM084,1995-06-01,2.516
Skaha,Okanagan,8117,08NM084,1995-07-01,2.455
Skaha,Okanagan,8117,08NM084,1995-08-01,2.495
Skaha,Okanagan,8117,08NM084,1995-09-01,2.388
Skaha,Okanagan,8117,08NM084,1995-10-01,2.351
Skaha,Okanagan,8117,08NM084,1995-11-01,2.387
Skaha,Okanagan,8117,08NM084,1995-12-01,2.44
Skaha,Okanagan,8117,08NM084,1996-01-01,
Skaha,Okanagan,8117,08NM084,1996-02-01,2.397
Skaha,Okanagan,8117,08NM084,1996-03-01,2.372
Skaha,Okanagan,8117,08NM084,1996-04-01,2.416
Skaha,Okanagan,8117,08NM084,1996-05-01,2.474
Skaha,Okanagan,8117,08NM084,1996-06-01,2.549
Skaha,Okanagan,8117,08NM084,1996-07-01,2.506
Skaha,Okanagan,8117,08NM084,1996-08-01,2.5
Skaha,Okanagan,8117,08NM084,1996-09-01,2.452
Skaha,Okanagan,8117,08NM084,1996-10-01,2.433
Skaha,Okanagan,8117,08NM084,1996-11-01,2.423
Skaha,Okanagan,8117,08NM084,1996-12-01,
Skaha,Okanagan,8117,08NM084,1997-01-01,
Skaha,Okanagan,8117,08NM084,1997-02-01,2.439
Skaha,Okanagan,8117,08NM084,1997-03-01,2.445
Skaha,Okanagan,8117,08NM084,1997-04-01,2.482
Skaha,Okanagan,8117,08NM084,1997-05-01,2.582
Skaha,Okanagan,8117,08NM084,1997-06-01,2.586
Skaha,Okanagan,8117,08NM084,1997-07-01,2.566
Skaha,Okanagan,8117,08NM084,1997-08-01,2.571
Skaha,Okanagan,8117,08NM084,1997-09-01,2.489
Skaha,Okanagan,8117,08NM084,1997-10-01,2.49
Skaha,Okanagan,8117,08NM084,1997-11-01,2.457
Skaha,Okanagan,8117,08NM084,1997-12-01,2.425
Skaha,Okanagan,8117,08NM084,1998-01-01,2.432
Skaha,Okanagan,8117,08NM084,1998-02-01,2.404
Skaha,Okanagan,8117,08NM084,1998-03-01,
Skaha,Okanagan,8117,08NM084,1998-04-01,
Skaha,Okanagan,8117,08NM084,1998-05-01,
Skaha,Okanagan,8117,08NM084,1998-06-01,2.5
Skaha,Okanagan,8117,08NM084,1998-07-01,2.502
Skaha,Okanagan,8117,08NM084,1998-08-01,2.46
Skaha,Okanagan,8117,08NM084,1998-09-01,2.484
Skaha,Okanagan,8117,08NM084,1998-10-01,2.469
Skaha,Okanagan,8117,08NM084,1998-11-01,2.41
Skaha,Okanagan,8117,08NM084,1998-12-01,2.413
Skaha,Okanagan,8117,08NM084,1999-01-01,2.436
Skaha,Okanagan,8117,08NM084,1999-02-01,2.422
Skaha,Okanagan,8117,08NM084,1999-03-01,2.429
Skaha,Okanagan,8117,08NM084,1999-04-01,2.445
Skaha,Okanagan,8117,08NM084,1999-05-01,2.525
Skaha,Okanagan,8117,08NM084,1999-06-01,2.527
Skaha,Okanagan,8117,08NM084,1999-07-01,2.477
Skaha,Okanagan,8117,08NM084,1999-08-01,2.47
Skaha,Okanagan,8117,08NM084,1999-09-01,2.442
Skaha,Okanagan,8117,08NM084,1999-10-01,2.414
Skaha,Okanagan,8117,08NM084,1999-11-01,2.424
Skaha,Okanagan,8117,08NM084,1999-12-01,2.392
Skaha,Okanagan,8117,08NM084,2000-01-01,2.404
Skaha,Okanagan,8117,08NM084,2000-02-01,2.408
Skaha,Okanagan,8117,08NM084,2000-03-01,2.462
Skaha,Okanagan,8117,08NM084,2000-04-01,2.454
Skaha,Okanagan,8117,08NM084,2000-05-01,2.518
Skaha,Okanagan,8117,08NM084,2000-06-01,2.481
Skaha,Okanagan,8117,08NM084,2000-07-01,2.51
Skaha,Okanagan,8117,08NM084,2000-08-01,2.516
Skaha,Okanagan,8117,08NM084,2000-09-01,2.523
Skaha,Okanagan,8117,08NM084,2000-10-01,2.414
Skaha,Okanagan,8117,08NM084,2000-11-01,2.387
Skaha,Okanagan,8117,08NM084,2000-12-01,2.44
Skaha,Okanagan,8117,08NM084,2001-01-01,2.444
Skaha,Okanagan,8117,08NM084,2001-02-01,2.406
Skaha,Okanagan,8117,08NM084,2001-03-01,2.423
Skaha,Okanagan,8117,08NM084,2001-04-01,2.478
Skaha,Okanagan,8117,08NM084,2001-05-01,2.521
Skaha,Okanagan,8117,08NM084,2001-06-01,2.463
Skaha,Okanagan,8117,08NM084,2001-07-01,2.479
Skaha,Okanagan,8117,08NM084,2001-08-01,2.524
Skaha,Okanagan,8117,08NM084,2001-09-01,2.524
Skaha,Okanagan,8117,08NM084,2001-10-01,2.521
Skaha,Okanagan,8117,08NM084,2001-11-01,2.509
Skaha,Okanagan,8117,08NM084,2001-12-01,2.511
Skaha,Okanagan,8117,08NM084,2002-01-01,2.529
Skaha,Okanagan,8117,08NM084,2002-02-01,2.544
Skaha,Okanagan,8117,08NM084,2002-03-01,2.516
Skaha,Okanagan,8117,08NM084,2002-04-01,2.519
Skaha,Okanagan,8117,08NM084,2002-05-01,2.505
Skaha,Okanagan,8117,08NM084,2002-06-01,2.512
Skaha,Okanagan,8117,08NM084,2002-07-01,2.481
Skaha,Okanagan,8117,08NM084,2002-08-01,2.487
Skaha,Okanagan,8117,08NM084,2002-09-01,2.485
Skaha,Okanagan,8117,08NM084,2002-10-01,2.523
Skaha,Okanagan,8117,08NM084,2002-11-01,2.51
Skaha,Okanagan,8117,08NM084,2002-12-01,2.52
Skaha,Okanagan,8117,08NM084,2003-01-01,2.53
Skaha,Okanagan,8117,08NM084,2003-02-01,2.498
Skaha,Okanagan,8117,08NM084,2003-03-01,2.507
Skaha,Okanagan,8117,08NM084,2003-04-01,2.533
Skaha,Okanagan,8117,08NM084,2003-05-01,2.547
Skaha,Okanagan,8117,08NM084,2003-06-01,2.489
Skaha,Okanagan,8117,08NM084,2003-07-01,2.507
Skaha,Okanagan,8117,08NM084,2003-08-01,2.479
Skaha,Okanagan,8117,08NM084,2003-09-01,2.441
Skaha,Okanagan,8117,08NM084,2003-10-01,2.416
Skaha,Okanagan,8117,08NM084,2003-11-01,2.412
Skaha,Okanagan,8117,08NM084,2003-12-01,2.415
Skaha,Okanagan,8117,08NM084,2004-01-01,2.412
Skaha,Okanagan,8117,08NM084,2004-02-01,2.458
Skaha,Okanagan,8117,08NM084,2004-03-01,2.492
Skaha,Okanagan,8117,08NM084,2004-04-01,2.552
Skaha,Okanagan,8117,08NM084,2004-05-01,2.597
Skaha,Okanagan,8117,08NM084,2004-06-01,2.586
Skaha,Okanagan,8117,08NM084,2004-07-01,2.509
Skaha,Okanagan,8117,08NM084,2004-08-01,2.519
Skaha,Okanagan,8117,08NM084,2004-09-01,2.489
Skaha,Okanagan,8117,08NM084,2004-10-01,2.563
Skaha,Okanagan,8117,08NM084,2004-11-01,2.53
Skaha,Okanagan,8117,08NM084,2004-12-01,2.454
Skaha,Okanagan,8117,08NM084,2005-01-01,2.452
Skaha,Okanagan,8117,08NM084,2005-02-01,2.432
Skaha,Okanagan,8117,08NM084,2005-03-01,2.422
Skaha,Okanagan,8117,08NM084,2005-04-01,2.486
Skaha,Okanagan,8117,08NM084,2005-05-01,2.475
Skaha,Okanagan,8117,08NM084,2005-06-01,2.538
Skaha,Okanagan,8117,08NM084,2005-07-01,2.517
Skaha,Okanagan,8117,08NM084,2005-08-01,2.487
Skaha,Okanagan,8117,08NM084,2005-09-01,2.448
Skaha,Okanagan,8117,08NM084,2005-10-01,2.413
Skaha,Okanagan,8117,08NM084,2005-11-01,2.414
Skaha,Okanagan,8117,08NM084,2005-12-01,2.424
Skaha,Okanagan,8117,08NM084,2006-01-01,2.459
Skaha,Okanagan,8117,08NM084,2006-02-01,2.471
Skaha,Okanagan,8117,08NM084,2006-03-01,2.508
Skaha,Okanagan,8117,08NM084,2006-04-01,2.463
Skaha,Okanagan,8117,08NM084,2006-05-01,2.482
Skaha,Okanagan,8117,08NM084,2006-06-01,2.554
Skaha,Okanagan,8117,08NM084,2006-07-01,2.495
Skaha,Okanagan,8117,08NM084,2006-08-01,2.52
Skaha,Okanagan,8117,08NM084,2006-09-01,2.55
Skaha,Okanagan,8117,08NM084,2006-10-01,2.503
Skaha,Okanagan,8117,08NM084,2006-11-01,2.399
Skaha,Okanagan,8117,08NM084,2006-12-01,2.465
Skaha,Okanagan,8117,08NM084,2007-01-01,2.472
Skaha,Okanagan,8117,08NM084,2007-02-01,2.448
Skaha,Okanagan,8117,08NM084,2007-03-01,2.435
Skaha,Okanagan,8117,08NM084,2007-04-01,2.427
Skaha,Okanagan,8117,08NM084,2007-05-01,2.447
Skaha,Okanagan,8117,08NM084,2007-06-01,2.482
Skaha,Okanagan,8117,08NM084,2007-07-01,2.464
Skaha,Okanagan,8117,08NM084,2007-08-01,2.446
Skaha,Okanagan,8117,08NM084,2007-09-01,2.444
Skaha,Okanagan,8117,08NM084,2007-10-01,2.496
Skaha,Okanagan,8117,08NM084,2007-11-01,2.514
Skaha,Okanagan,8117,08NM084,2007-12-01,2.498
Skaha,Okanagan,8117,08NM084,2008-01-01,2.449
Skaha,Okanagan,8117,08NM084,2008-02-01,2.344
Skaha,Okanagan,8117,08NM084,2008-03-01,2.355
Skaha,Okanagan,8117,08NM084,2008-04-01,2.469
Skaha,Okanagan,8117,08NM084,2008-05-01,2.482
Skaha,Okanagan,8117,08NM084,2008-06-01,2.503
Skaha,Okanagan,8117,08NM084,2008-07-01,2.521
Skaha,Okanagan,8117,08NM084,2008-08-01,2.506
Skaha,Okanagan,8117,08NM084,2008-09-01,2.436
Skaha,Okanagan,8117,08NM084,2008-10-01,2.551
Skaha,Okanagan,8117,08NM084,2008-11-01,2.541
Skaha,Okanagan,8117,08NM084,2008-12-01,
Skaha,Okanagan,8117,08NM084,2009-01-01,2.368
Skaha,Okanagan,8117,08NM084,2009-02-01,2.364
Skaha,Okanagan,8117,08NM084,2009-03-01,2.361
Skaha,Okanagan,8117,08NM084,2009-04-01,2.385
Skaha,Okanagan,8117,08NM084,2009-05-01,2.413
Skaha,Okanagan,8117,08NM084,2009-06-01,2.45
Skaha,Okanagan,8117,08NM084,2009-07-01,2.464
Skaha,Okanagan,8117,08NM084,2009-08-01,2.467
Skaha,Okanagan,8117,08NM084,2009-09-01,2.383
Skaha,Okanagan,8117,08NM084,2009-10-01,2.337
Skaha,Okanagan,8117,08NM084,2009-11-01,2.377
Skaha,Okanagan,8117,08NM084,2009-12-01,2.388
Skaha,Okanagan,8117,08NM084,2010-01-01,2.445
Skaha,Okanagan,8117,08NM084,2010-02-01,2.429
Skaha,Okanagan,8117,08NM084,2010-03-01,2.413
Skaha,Okanagan,8117,08NM084,2010-04-01,2.463
Skaha,Okanagan,8117,08NM084,2010-05-01,2.505
Skaha,Okanagan,8117,08NM084,2010-06-01,2.524
Skaha,Okanagan,8117,08NM084,2010-07-01,2.52
Skaha,Okanagan,8117,08NM084,2010-08-01,2.487
Skaha,Okanagan,8117,08NM084,2010-09-01,2.482
Skaha,Okanagan,8117,08NM084,2010-10-01,2.498
Skaha,Okanagan,8117,08NM084,2010-11-01,2.43
Skaha,Okanagan,8117,08NM084,2010-12-01,2.429
Skaha,Okanagan,8117,08NM084,2011-01-01,2.425
Skaha,Okanagan,8117,08NM084,2011-02-01,2.425
Skaha,Okanagan,8117,08NM084,2011-03-01,2.43
Skaha,Okanagan,8117,08NM084,2011-04-01,2.423
Skaha,Okanagan,8117,08NM084,2011-05-01,2.523
Skaha,Okanagan,8117,08NM084,2011-06-01,2.559
Skaha,Okanagan,8117,08NM084,2011-07-01,2.516
Skaha,Okanagan,8117,08NM084,2011-08-01,2.458
Skaha,Okanagan,8117,08NM084,2011-09-01,2.458
Skaha,Okanagan,8117,08NM084,2011-10-01,2.45
Skaha,Okanagan,8117,08NM084,2011-11-01,2.393
Skaha,Okanagan,8117,08NM084,2011-12-01,2.411
Skaha,Okanagan,8117,08NM084,2012-01-01,2.426
Skaha,Okanagan,8117,08NM084,2012-02-01,2.442
Skaha,Okanagan,8117,08NM084,2012-03-01,2.434
Skaha,Okanagan,8117,08NM084,2012-04-01,2.434
Skaha,Okanagan,8117,08NM084,2012-05-01,2.462
Skaha,Okanagan,8117,08NM084,2012-06-01,2.528
Skaha,Okanagan,8117,08NM084,2012-07-01,2.532
Skaha,Okanagan,8117,08NM084,2012-08-01,2.474
Skaha,Okanagan,8117,08NM084,2012-09-01,2.497
Skaha,Okanagan,8117,08NM084,2012-10-01,2.455
Skaha,Okanagan,8117,08NM084,2012-11-01,2.446
Skaha,Okanagan,8117,08NM084,2012-12-01,2.416
Skaha,Okanagan,8117,08NM084,2013-01-01,2.409
Skaha,Okanagan,8117,08NM084,2013-02-01,2.4
Skaha,Okanagan,8117,08NM084,2013-03-01,2.385
Skaha,Okanagan,8117,08NM084,2013-04-01,2.467
Skaha,Okanagan,8117,08NM084,2013-05-01,2.548
Skaha,Okanagan,8117,08NM084,2013-06-01,2.572
Skaha,Okanagan,8117,08NM084,2013-07-01,2.472
Skaha,Okanagan,8117,08NM084,2013-08-01,2.491
Skaha,Okanagan,8117,08NM084,2013-09-01,2.509
Skaha,Okanagan,8117,08NM084,2013-10-01,2.48
Skaha,Okanagan,8117,08NM084,2013-11-01,2.476
Skaha,Okanagan,8117,08NM084,2013-12-01,2.418
Skaha,Okanagan,8117,08NM084,2014-01-01,2.446
Skaha,Okanagan,8117,08NM084,2014-02-01,2.478
Skaha,Okanagan,8117,08NM084,2014-03-01,2.495
Skaha,Okanagan,8117,08NM084,2014-04-01,2.501
Skaha,Okanagan,8117,08NM084,2014-05-01,2.528
Skaha,Okanagan,8117,08NM084,2014-06-01,2.51
Skaha,Okanagan,8117,08NM084,2014-07-01,2.548
Skaha,Okanagan,8117,08NM084,2014-08-01,2.491
Skaha,Okanagan,8117,08NM084,2014-09-01,2.464
Skaha,Okanagan,8117,08NM084,2014-10-01,2.49
Skaha,Okanagan,8117,08NM084,2014-11-01,2.455
Skaha,Okanagan,8117,08NM084,2014-12-01,2.5
Skaha,Okanagan,8117,08NM084,2015-01-01,2.492
Skaha,Okanagan,8117,08NM084,2015-02-01,2.411
Skaha,Okanagan,8117,08NM084,2015-03-01,2.418
Skaha,Okanagan,8117,08NM084,2015-04-01,2.501
Skaha,Okanagan,8117,08NM084,2015-05-01,2.483
Skaha,Okanagan,8117,08NM084,2015-06-01,2.444
Skaha,Okanagan,8117,08NM084,2015-07-01,2.475
Skaha,Okanagan,8117,08NM084,2015-08-01,2.447
Skaha,Okanagan,8117,08NM084,2015-09-01,2.422
Skaha,Okanagan,8117,08NM084,2015-10-01,2.461
Skaha,Okanagan,8117,08NM084,2015-11-01,2.423
Skaha,Okanagan,8117,08NM084,2015-12-01,2.382
Skaha,Okanagan,8117,08NM084,2016-01-01,2.437
Skaha,Okanagan,8117,08NM084,2016-02-01,2.466
Skaha,Okanagan,8117,08NM084,2016-03-01,2.415
Skaha,Okanagan,8117,08NM084,2016-04-01,2.524
Skaha,Okanagan,8117,08NM084,2016-05-01,2.503
Skaha,Okanagan,8117,08NM084,2016-06-01,2.497
Skaha,Okanagan,8117,08NM084,2016-07-01,2.468
Skaha,Okanagan,8117,08NM084,2016-08-01,2.504
Skaha,Okanagan,8117,08NM084,2016-09-01,2.478
Skaha,Okanagan,8117,08NM084,2016-10-01,2.507
Skaha,Okanagan,8117,08NM084,2016-11-01,2.556
Skaha,Okanagan,8117,08NM084,2016-12-01,2.444
Skaha,Okanagan,8117,08NM084,2017-01-01,2.435
Skaha,Okanagan,8117,08NM084,2017-02-01,2.395
Skaha,Okanagan,8117,08NM084,2017-03-01,2.429
Skaha,Okanagan,8117,08NM084,2017-04-01,2.486
Skaha,Okanagan,8117,08NM084,2017-05-01,2.602
Skaha,Okanagan,8117,08NM084,2017-06-01,2.616
Skaha,Okanagan,8117,08NM084,2017-07-01,2.493
Skaha,Okanagan,8117,08NM084,2017-08-01,2.451
Skaha,Okanagan,8117,08NM084,2017-09-01,2.431
Skaha,Okanagan,8117,08NM084,2017-10-01,2.412
Skaha,Okanagan,8117,08NM084,2017-11-01,2.435
Skaha,Okanagan,8117,08NM084,2017-12-01,2.397
Skaha,Okanagan,8117,08NM084,2018-01-01,2.477
Skaha,Okanagan,8117,08NM084,2018-02-01,2.415
Skaha,Okanagan,8117,08NM084,2018-03-01,2.435
Skaha,Okanagan,8117,08NM084,2018-04-01,2.383
Skaha,Okanagan,8117,08NM084,2018-05-01,2.613
Skaha,Okanagan,8117,08NM084,2018-06-01,2.444
Skaha,Okanagan,8117,08NM084,2018-07-01,2.478
Skaha,Okanagan,8117,08NM084,2018-08-01,2.587
Skaha,Okanagan,8117,08NM084,2018-09-01,2.447
Skaha,Okanagan,8117,08NM084,2018-10-01,2.487
Skaha,Okanagan,8117,08NM084,2018-11-01,2.474
Skaha,Okanagan,8117,08NM084,2018-12-01,2.405
Skaha,Okanagan,8117,08NM084,2019-01-01,2.406
Skaha,Okanagan,8117,08NM084,2019-02-01,2.476
Skaha,Okanagan,8117,08NM084,2019-03-01,2.399
Skaha,Okanagan,8117,08NM084,2019-04-01,2.411
Skaha,Okanagan,8117,08NM084,2019-05-01,2.44
Skaha,Okanagan,8117,08NM084,2019-06-01,2.387
Skaha,Okanagan,8117,08NM084,2019-07-01,2.475
Skaha,Okanagan,8117,08NM084,2019-08-01,2.469
Skaha,Okanagan,8117,08NM084,2019-09-01,2.497
Skaha,Okanagan,8117,08NM084,2019-10-01,2.471
Skaha,Okanagan,8117,08NM084,2019-11-01,2.406
Skaha,Okanagan,8117,08NM084,2019-12-01,2.389
Skaha,Okanagan,8117,08NM084,2020-01-01,2.428
Skaha,Okanagan,8117,08NM084,2020-02-01,2.416
Skaha,Okanagan,8117,08NM084,2020-03-01,2.348
Skaha,Okanagan,8117,08NM084,2020-04-01,2.338
Skaha,Okanagan,8117,08NM084,2020-05-01,2.58
Skaha,Okanagan,8117,08NM084,2020-06-01,2.612
Skaha,Okanagan,8117,08NM084,2020-07-01,2.467
Skaha,Okanagan,8117,08NM084,2020-08-01,2.439
Skaha,Okanagan,8117,08NM084,2020-09-01,2.461
Skaha,Okanagan,8117,08NM084,2020-10-01,2.392
Skaha,Okanagan,8117,08NM084,2020-11-01,2.384
Skaha,Okanagan,8117,08NM084,2020-12-01,2.394
Skaha,Okanagan,8117,08NM084,2021-01-01,2.5
Skaha,Okanagan,8117,08NM084,2021-02-01,2.466
Skaha,Okanagan,8117,08NM084,2021-03-01,2.37
Skaha,Okanagan,8117,08NM084,2021-04-01,2.371
Skaha,Okanagan,8117,08NM084,2021-05-01,2.508
Skaha,Okanagan,8117,08NM084,2021-06-01,2.412
Skaha,Okanagan,8117,08NM084,2021-07-01,2.324
Skaha,Okanagan,8117,08NM084,2021-08-01,2.331
Skaha,Okanagan,8117,08NM084,2021-09-01,2.327
Skaha,Okanagan,8117,08NM084,2021-10-01,2.332
Skaha,Okanagan,8117,08NM084,2021-11-01,2.359
Skaha,Okanagan,8117,08NM084,2021-12-01,2.385
Skaha,Okanagan,8117,08NM084,2022-01-01,2.449
Skaha,Okanagan,8117,08NM084,2022-02-01,2.461
Skaha,Okanagan,8117,08NM084,2022-03-01,2.493
Skaha,Okanagan,8117,08NM084,2022-04-01,2.516
Skaha,Okanagan,8117,08NM084,2022-05-01,2.516
Skaha,Okanagan,8117,08NM084,2022-06-01,2.599
Skaha,Okanagan,8117,08NM084,2022-07-01,2.46
Skaha,Okanagan,8117,08NM084,2022-08-01,2.454
Skaha,Okanagan,8117,08NM084,2022-09-01,2.506
Skaha,Okanagan,8117,08NM084,2022-10-01,2.486
Skaha,Okanagan,8117,08NM084,2022-11-01,2.445
Skaha,Okanagan,8117,08NM084,2022-12-01,2.371
Skaha,Okanagan,8117,08NM084,2023-01-01,2.386
Skaha,Okanagan,8117,08NM084,2023-02-01,2.387
Skaha,Okanagan,8117,08NM084,2023-03-01,2.343
Skaha,Okanagan,8117,08NM084,2023-04-01,2.398
Skaha,Okanagan,8117,08NM084,2023-05-01,2.495
Skaha,Okanagan,8117,08NM084,2023-06-01,2.431
Skaha,Okanagan,8117,08NM084,2023-07-01,2.419
Skaha,Okanagan,8117,08NM084,2023-08-01,2.329
Skaha,Okanagan,8117,08NM084,2023-09-01,2.348
Skaha,Okanagan,8117,08NM084,2023-10-01,2.379
Skaha,Okanagan,8117,08NM084,2023-11-01,2.383
Skaha,Okanagan,8117,08NM084,2023-12-01,2.36
Skaha,Okanagan,8117,08NM084,2024-01-01,2.373
Skaha,Okanagan,8117,08NM084,2024-02-01,2.431
Skaha,Okanagan,8117,08NM084,2024-03-01,2.364
Skaha,Okanagan,8117,08NM084,2024-04-01,2.387
Skaha,Okanagan,8117,08NM084,2024-05-01,2.515
Skaha,Okanagan,8117,08NM084,2024-06-01,2.439
Skaha,Okanagan,8117,08NM084,2024-07-01,2.391
Skaha,Okanagan,8117,08NM084,2024-08-01,2.411
Skaha,Okanagan,8117,08NM084,2024-09-01,2.448
Skaha,Okanagan,8117,08NM084,2024-10-01,2.449
Skaha,Okanagan,8117,08NM084,2024-11-01,2.392
Skaha,Okanagan,8117,08NM084,2024-12-01,2.395
Vaseux,Okanagan,101700,08NM243,1994-01-01,7.882
Vaseux,Okanagan,101700,08NM243,1994-02-01,7.869
Vaseux,Okanagan,101700,08NM243,1994-03-01,7.995
Vaseux,Okanagan,101700,08NM243,1994-04-01,7.973
Vaseux,Okanagan,101700,08NM243,1994-05-01,7.828
Vaseux,Okanagan,101700,08NM243,1994-06-01,7.962
Vaseux,Okanagan,101700,08NM243,1994-07-01,8.033
Vaseux,Okanagan,101700,08NM243,1994-08-01,8.024
Vaseux,Okanagan,101700,08NM243,1994-09-01,7.911
Vaseux,Okanagan,101700,08NM243,1994-10-01,7.836
Vaseux,Okanagan,101700,08NM243,1994-11-01,7.844
Vaseux,Okanagan,101700,08NM243,1994-12-01,7.843
Vaseux,Okanagan,101700,08NM243,1995-01-01,7.818
Vaseux,Okanagan,101700,08NM243,1995-02-01,7.898
Vaseux,Okanagan,101700,08NM243,1995-03-01,7.882
Vaseux,Okanagan,101700,08NM243,1995-04-01,7.845
Vaseux,Okanagan,101700,08NM243,1995-05-01,8.06
Vaseux,Okanagan,101700,08NM243,1995-06-01,7.989
Vaseux,Okanagan,101700,08NM243,1995-07-01,8.015
Vaseux,Okanagan,101700,08NM243,1995-08-01,8.027
Vaseux,Okanagan,101700,08NM243,1995-09-01,7.987
Vaseux,Okanagan,101700,08NM243,1995-10-01,7.866
Vaseux,Okanagan,101700,08NM243,1995-11-01,7.895
Vaseux,Okanagan,101700,08NM243,1995-12-01,7.948
Vaseux,Okanagan,101700,08NM243,1996-01-01,8.013
Vaseux,Okanagan,101700,08NM243,1996-02-01,8.018
Vaseux,Okanagan,101700,08NM243,1996-03-01,8.017
Vaseux,Okanagan,101700,08NM243,1996-04-01,8.091
Vaseux,Okanagan,101700,08NM243,1996-05-01,8.058
Vaseux,Okanagan,101700,08NM243,1996-06-01,8.351
Vaseux,Okanagan,101700,08NM243,1996-07-01,8.087
Vaseux,Okanagan,101700,08NM243,1996-08-01,8.005
Vaseux,Okanagan,101700,08NM243,1996-09-01,7.91
Vaseux,Okanagan,101700,08NM243,1996-10-01,7.879
Vaseux,Okanagan,101700,08NM243,1996-11-01,7.843
Vaseux,Okanagan,101700,08NM243,1996-12-01,7.862
Vaseux,Okanagan,101700,08NM243,1997-01-01,7.892
Vaseux,Okanagan,101700,08NM243,1997-02-01,7.934
Vaseux,Okanagan,101700,08NM243,1997-03-01,8.054
Vaseux,Okanagan,101700,08NM243,1997-04-01,8.051
Vaseux,Okanagan,101700,08NM243,1997-05-01,8.198
Vaseux,Okanagan,101700,08NM243,1997-06-01,8.321
Vaseux,Okanagan,101700,08NM243,1997-07-01,8.326
Vaseux,Okanagan,101700,08NM243,1997-08-01,8.318
Vaseux,Okanagan,101700,08NM243,1997-09-01,8.132
Vaseux,Okanagan,101700,08NM243,1997-10-01,8.02
Vaseux,Okanagan,101700,08NM243,1997-11-01,7.824
Vaseux,Okanagan,101700,08NM243,1997-12-01,7.967
Vaseux,Okanagan,101700,08NM243,1998-01-01,7.886
Vaseux,Okanagan,101700,08NM243,1998-02-01,7.893
Vaseux,Okanagan,101700,08NM243,1998-03-01,7.923
Vaseux,Okanagan,101700,08NM243,1998-04-01,7.927
Vaseux,Okanagan,101700,08NM243,1998-05-01,7.914
Vaseux,Okanagan,101700,08NM243,1998-06-01,8.053
Vaseux,Okanagan,101700,08NM243,1998-07-01,8.01
Vaseux,Okanagan,101700,08NM243,1998-08-01,7.943
Vaseux,Okanagan,101700,08NM243,1998-09-01,8.003
Vaseux,Okanagan,101700,08NM243,1998-10-01,7.915
Vaseux,Okanagan,101700,08NM243,1998-11-01,7.885
Vaseux,Okanagan,101700,08NM243,1998-12-01,7.805
Vaseux,Okanagan,101700,08NM243,1999-01-01,7.852
Vaseux,Okanagan,101700,08NM243,1999-02-01,7.891
Vaseux,Okanagan,101700,08NM243,1999-03-01,7.955
Vaseux,Okanagan,101700,08NM243,1999-04-01,7.98
Vaseux,Okanagan,101700,08NM243,1999-05-01,8.03
Vaseux,Okanagan,101700,08NM243,1999-06-01,7.875
Vaseux,Okanagan,101700,08NM243,1999-07-01,8.07
Vaseux,Okanagan,101700,08NM243,1999-08-01,7.989
Vaseux,Okanagan,101700,08NM243,1999-09-01,7.802
Vaseux,Okanagan,101700,08NM243,1999-10-01,7.83
Vaseux,Okanagan,101700,08NM243,1999-11-01,7.862
Vaseux,Okanagan,101700,08NM243,1999-12-01,7.877
Vaseux,Okanagan,101700,08NM243,2000-01-01,7.814
Vaseux,Okanagan,101700,08NM243,2000-02-01,7.854
Vaseux,Okanagan,101700,08NM243,2000-03-01,7.81
Vaseux,Okanagan,101700,08NM243,2000-04-01,7.946
Vaseux,Okanagan,101700,08NM243,2000-05-01,8.021
Vaseux,Okanagan,101700,08NM243,2000-06-01,8.02
Vaseux,Okanagan,101700,08NM243,2000-07-01,8.012
Vaseux,Okanagan,101700,08NM243,2000-08-01,8.041
Vaseux,Okanagan,101700,08NM243,2000-09-01,7.94
Vaseux,Okanagan,101700,08NM243,2000-10-01,7.847
Vaseux,Okanagan,101700,08NM243,2000-11-01,7.845
Vaseux,Okanagan,101700,08NM243,2000-12-01,7.867
Vaseux,Okanagan,101700,08NM243,2001-01-01,7.85
Vaseux,Okanagan,101700,08NM243,2001-02-01,7.853
Vaseux,Okanagan,101700,08NM243,2001-03-01,7.887
Vaseux,Okanagan,101700,08NM243,2001-04-01,7.873
Vaseux,Okanagan,101700,08NM243,2001-05-01,7.976
Vaseux,Okanagan,101700,08NM243,2001-06-01,7.968
Vaseux,Okanagan,101700,08NM243,2001-07-01,7.978
Vaseux,Okanagan,101700,08NM243,2001-08-01,7.94
Vaseux,Okanagan,101700,08NM243,2001-09-01,7.973
Vaseux,Okanagan,101700,08NM243,2001-10-01,7.949
Vaseux,Okanagan,101700,08NM243,2001-11-01,7.912
Vaseux,Okanagan,101700,08NM243,2001-12-01,7.927
Vaseux,Okanagan,101700,08NM243,2002-01-01,7.919
Vaseux,Okanagan,101700,08NM243,2002-02-01,7.923
Vaseux,Okanagan,101700,08NM243,2002-03-01,7.976
Vaseux,Okanagan,101700,08NM243,2002-04-01,7.97
Vaseux,Okanagan,101700,08NM243,2002-05-01,8.01
Vaseux,Okanagan,101700,08NM243,2002-06-01,8.047
Vaseux,Okanagan,101700,08NM243,2002-07-01,8.007
Vaseux,Okanagan,101700,08NM243,2002-08-01,8.03
Vaseux,Okanagan,101700,08NM243,2002-09-01,7.988
Vaseux,Okanagan,101700,08NM243,2002-10-01,7.991
Vaseux,Okanagan,101700,08NM243,2002-11-01,7.962
Vaseux,Okanagan,101700,08NM243,2002-12-01,7.94
Vaseux,Okanagan,101700,08NM243,2003-01-01,7.96
Vaseux,Okanagan,101700,08NM243,2003-02-01,7.944
Vaseux,Okanagan,101700,08NM243,2003-03-01,7.992
Vaseux,Okanagan,101700,08NM243,2003-04-01,7.918
Vaseux,Okanagan,101700,08NM243,2003-05-01,7.893
Vaseux,Okanagan,101700,08NM243,2003-06-01,8.001
Vaseux,Okanagan,101700,08NM243,2003-07-01,7.951
Vaseux,Okanagan,101700,08NM243,2003-08-01,7.919
Vaseux,Okanagan,101700,08NM243,2003-09-01,7.963
Vaseux,Okanagan,101700,08NM243,2003-10-01,7.846
Vaseux,Okanagan,101700,08NM243,2003-11-01,7.805
Vaseux,Okanagan,101700,08NM243,2003-12-01,7.882
Vaseux,Okanagan,101700,08NM243,2004-01-01,7.869
Vaseux,Okanagan,101700,08NM243,2004-02-01,7.83
Vaseux,Okanagan,101700,08NM243,2004-03-01,7.868
Vaseux,Okanagan,101700,08NM243,2004-04-01,7.926
Vaseux,Okanagan,101700,08NM243,2004-05-01,7.972
Vaseux,Okanagan,101700,08NM243,2004-06-01,7.984
Vaseux,Okanagan,101700,08NM243,2004-07-01,8.011
Vaseux,Okanagan,101700,08NM243,2004-08-01,8.047
Vaseux,Okanagan,101700,08NM243,2004-09-01,8.031
Vaseux,Okanagan,101700,08NM243,2004-10-01,7.924
Vaseux,Okanagan,101700,08NM243,2004-11-01,7.856
Vaseux,Okanagan,101700,08NM243,2004-12-01,7.839
Vaseux,Okanagan,101700,08NM243,2005-01-01,7.834
Vaseux,Okanagan,101700,08NM243,2005-02-01,7.823
Vaseux,Okanagan,101700,08NM243,2005-03-01,7.825
Vaseux,Okanagan,101700,08NM243,2005-04-01,7.911
Vaseux,Okanagan,101700,08NM243,2005-05-01,7.937
Vaseux,Okanagan,101700,08NM243,2005-06-01,7.974
Vaseux,Okanagan,101700,08NM243,2005-07-01,7.995
Vaseux,Okanagan,101700,08NM243,2005-08-01,8.003
Vaseux,Okanagan,101700,08NM243,2005-09-01,7.87
Vaseux,Okanagan,101700,08NM243,2005-10-01,7.838
Vaseux,Okanagan,101700,08NM243,2005-11-01,7.848
Vaseux,Okanagan,101700,08NM243,2005-12-01,7.847
Vaseux,Okanagan,101700,08NM243,2006-01-01,7.86
Vaseux,Okanagan,101700,08NM243,2006-02-01,7.865
Vaseux,Okanagan,101700,08NM243,2006-03-01,7.86
Vaseux,Okanagan,101700,08NM243,2006-04-01,7.84
Vaseux,Okanagan,101700,08NM243,2006-05-01,7.958
Vaseux,Okanagan,101700,08NM243,2006-06-01,8.158
Vaseux,Okanagan,101700,08NM243,2006-07-01,7.941
Vaseux,Okanagan,101700,08NM243,2006-08-01,7.99
Vaseux,Okanagan,101700,08NM243,2006-09-01,8.067
Vaseux,Okanagan,101700,08NM243,2006-10-01,8.004
Vaseux,Okanagan,101700,08NM243,2006-11-01,7.884
Vaseux,Okanagan,101700,08NM243,2006-12-01,7.884
Vaseux,Okanagan,101700,08NM243,2007-01-01,7.888
Vaseux,Okanagan,101700,08NM243,2007-02-01,7.876
Vaseux,Okanagan,101700,08NM243,2007-03-01,7.912
Vaseux,Okanagan,101700,08NM243,2007-04-01,7.869
Vaseux,Okanagan,101700,08NM243,2007-05-01,7.903
Vaseux,Okanagan,101700,08NM243,2007-06-01,7.935
Vaseux,Okanagan,101700,08NM243,2007-07-01,7.974
Vaseux,Okanagan,101700,08NM243,2007-08-01,7.978
Vaseux,Okanagan,101700,08NM243,2007-09-01,7.984
Vaseux,Okanagan,101700,08NM243,2007-10-01,7.914
Vaseux,Okanagan,101700,08NM243,2007-11-01,7.936
Vaseux,Okanagan,101700,08NM243,2007-12-01,8.048
Vaseux,Okanagan,101700,08NM243,2008-01-01,7.982
Vaseux,Okanagan,101700,08NM243,2008-02-01,7.855
Vaseux,Okanagan,101700,08NM243,2008-03-01,7.989
Vaseux,Okanagan,101700,08NM243,2008-04-01,7.887
Vaseux,Okanagan,101700,08NM243,2008-05-01,7.93
Vaseux,Okanagan,101700,08NM243,2008-06-01,8.008
Vaseux,Okanagan,101700,08NM243,2008-07-01,8.047
Vaseux,Okanagan,101700,08NM243,2008-08-01,8.095
Vaseux,Okanagan,101700,08NM243,2008-09-01,7.963
Vaseux,Okanagan,101700,08NM243,2008-10-01,7.946
Vaseux,Okanagan,101700,08NM243,2008-11-01,8.02
Vaseux,Okanagan,101700,08NM243,2008-12-01,7.908
Vaseux,Okanagan,101700,08NM243,2009-01-01,7.906
Vaseux,Okanagan,101700,08NM243,2009-02-01,7.958
Vaseux,Okanagan,101700,08NM243,2009-03-01,7.981
Vaseux,Okanagan,101700,08NM243,2009-04-01,7.854
Vaseux,Okanagan,101700,08NM243,2009-05-01,7.798
Vaseux,Okanagan,101700,08NM243,2009-06-01,7.831
Vaseux,Okanagan,101700,08NM243,2009-07-01,7.922
Vaseux,Okanagan,101700,08NM243,2009-08-01,7.893
Vaseux,Okanagan,101700,08NM243,2009-09-01,7.899
Vaseux,Okanagan,101700,08NM243,2009-10-01,7.885
Vaseux,Okanagan,101700,08NM243,2009-11-01,7.845
Vaseux,Okanagan,101700,08NM243,2009-12-01,7.871
Vaseux,Okanagan,101700,08NM243,2010-01-01,7.888
Vaseux,Okanagan,101700,08NM243,2010-02-01,7.864
Vaseux,Okanagan,101700,08NM243,2010-03-01,7.856
Vaseux,Okanagan,101700,08NM243,2010-04-01,7.819
Vaseux,Okanagan,101700,08NM243,2010-05-01,7.863
Vaseux,Okanagan,101700,08NM243,2010-06-01,8.013
Vaseux,Okanagan,101700,08NM243,2010-07-01,8.037
Vaseux,Okanagan,101700,08NM243,2010-08-01,8.043
Vaseux,Okanagan,101700,08NM243,2010-09-01,8.018
Vaseux,Okanagan,101700,08NM243,2010-10-01,7.985
Vaseux,Okanagan,101700,08NM243,2010-11-01,7.883
Vaseux,Okanagan,101700,08NM243,2010-12-01,7.873
Vaseux,Okanagan,101700,08NM243,2011-01-01,7.848
Vaseux,Okanagan,101700,08NM243,2011-02-01,7.847
Vaseux,Okanagan,101700,08NM243,2011-03-01,7.912
Vaseux,Okanagan,101700,08NM243,2011-04-01,7.963
Vaseux,Okanagan,101700,08NM243,2011-05-01,8.106
Vaseux,Okanagan,101700,08NM243,2011-06-01,8.202
Vaseux,Okanagan,101700,08NM243,2011-07-01,8.244
Vaseux,Okanagan,101700,08NM243,2011-08-01,8.018
Vaseux,Okanagan,101700,08NM243,2011-09-01,8.012
Vaseux,Okanagan,101700,08NM243,2011-10-01,7.944
Vaseux,Okanagan,101700,08NM243,2011-11-01,7.816
Vaseux,Okanagan,101700,08NM243,2011-12-01,7.818
Vaseux,Okanagan,101700,08NM243,2012-01-01,7.819
Vaseux,Okanagan,101700,08NM243,2012-02-01,7.82
Vaseux,Okanagan,101700,08NM243,2012-03-01,7.836
Vaseux,Okanagan,101700,08NM243,2012-04-01,7.879
Vaseux,Okanagan,101700,08NM243,2012-05-01,8.118
Vaseux,Okanagan,101700,08NM243,2012-06-01,8.182
Vaseux,Okanagan,101700,08NM243,2012-07-01,8.32
Vaseux,Okanagan,101700,08NM243,2012-08-01,7.952
Vaseux,Okanagan,101700,08NM243,2012-09-01,7.852
Vaseux,Okanagan,101700,08NM243,2012-10-01,7.676
Vaseux,Okanagan,101700,08NM243,2012-11-01,7.804
Vaseux,Okanagan,101700,08NM243,2012-12-01,7.833
Vaseux,Okanagan,101700,08NM243,2013-01-01,7.835
Vaseux,Okanagan,101700,08NM243,2013-02-01,7.82
Vaseux,Okanagan,101700,08NM243,2013-03-01,7.854
Vaseux,Okanagan,101700,08NM243,2013-04-01,7.897
Vaseux,Okanagan,101700,08NM243,2013-05-01,8.156
Vaseux,Okanagan,101700,08NM243,2013-06-01,8.247
Vaseux,Okanagan,101700,08NM243,2013-07-01,8.114
Vaseux,Okanagan,101700,08NM243,2013-08-01,7.954
Vaseux,Okanagan,101700,08NM243,2013-09-01,7.935
Vaseux,Okanagan,101700,08NM243,2013-10-01,7.878
Vaseux,Okanagan,101700,08NM243,2013-11-01,7.877
Vaseux,Okanagan,101700,08NM243,2013-12-01,7.826
Vaseux,Okanagan,101700,08NM243,2014-01-01,7.822
Vaseux,Okanagan,101700,08NM243,2014-02-01,7.838
Vaseux,Okanagan,101700,08NM243,2014-03-01,7.858
Vaseux,Okanagan,101700,08NM243,2014-04-01,7.817
Vaseux,Okanagan,101700,08NM243,2014-05-01,8.192
Vaseux,Okanagan,101700,08NM243,2014-06-01,7.859
Vaseux,Okanagan,101700,08NM243,2014-07-01,7.837
Vaseux,Okanagan,101700,08NM243,2014-08-01,7.827
Vaseux,Okanagan,101700,08NM243,2014-09-01,7.817
Vaseux,Okanagan,101700,08NM243,2014-10-01,7.677
Vaseux,Okanagan,101700,08NM243,2014-11-01,7.748
Vaseux,Okanagan,101700,08NM243,2014-12-01,7.76
Vaseux,Okanagan,101700,08NM243,2015-01-01,7.783
Vaseux,Okanagan,101700,08NM243,2015-02-01,7.805
Vaseux,Okanagan,101700,08NM243,2015-03-01,7.779
Vaseux,Okanagan,101700,08NM243,2015-04-01,7.795
Vaseux,Okanagan,101700,08NM243,2015-05-01,7.935
Vaseux,Okanagan,101700,08NM243,2015-06-01,7.908
Vaseux,Okanagan,101700,08NM243,2015-07-01,7.817
Vaseux,Okanagan,101700,08NM243,2015-08-01,7.767
Vaseux,Okanagan,101700,08NM243,2015-09-01,7.737
Vaseux,Okanagan,101700,08NM243,2015-10-01,7.735
Vaseux,Okanagan,101700,08NM243,2015-11-01,7.798
Vaseux,Okanagan,101700,08NM243,2015-12-01,7.801
Vaseux,Okanagan,101700,08NM243,2016-01-01,7.805
Vaseux,Okanagan,101700,08NM243,2016-02-01,7.822
Vaseux,Okanagan,101700,08NM243,2016-03-01,7.823
Vaseux,Okanagan,101700,08NM243,2016-04-01,8.026
Vaseux,Okanagan,101700,08NM243,2016-05-01,8.166
Vaseux,Okanagan,101700,08NM243,2016-06-01,7.914
Vaseux,Okanagan,101700,08NM243,2016-07-01,7.95
Vaseux,Okanagan,101700,08NM243,2016-08-01,7.874
Vaseux,Okanagan,101700,08NM243,2016-09-01,7.798
Vaseux,Okanagan,101700,08NM243,2016-10-01,7.755
Vaseux,Okanagan,101700,08NM243,2016-11-01,7.86
Vaseux,Okanagan,101700,08NM243,2016-12-01,7.814
Vaseux,Okanagan,101700,08NM243,2017-01-01,7.764
Vaseux,Okanagan,101700,08NM243,2017-02-01,7.842
Vaseux,Okanagan,101700,08NM243,2017-03-01,7.856
Vaseux,Okanagan,101700,08NM243,2017-04-01,7.887
Vaseux,Okanagan,101700,08NM243,2017-05-01,8.343
Vaseux,Okanagan,101700,08NM243,2017-06-01,8.403
Vaseux,Okanagan,101700,08NM243,2017-07-01,8.322
Vaseux,Okanagan,101700,08NM243,2017-08-01,8.09
Vaseux,Okanagan,101700,08NM243,2017-09-01,7.908
Vaseux,Okanagan,101700,08NM243,2017-10-01,7.801
Vaseux,Okanagan,101700,08NM243,2017-11-01,7.846
Vaseux,Okanagan,101700,08NM243,2017-12-01,7.852
Vaseux,Okanagan,101700,08NM243,2018-01-01,7.855
Vaseux,Okanagan,101700,08NM243,2018-02-01,7.915
Vaseux,Okanagan,101700,08NM243,2018-03-01,7.968
Vaseux,Okanagan,101700,08NM243,2018-04-01,8.179
Vaseux,Okanagan,101700,08NM243,2018-05-01,8.269
Vaseux,Okanagan,101700,08NM243,2018-06-01,8.253
Vaseux,Okanagan,101700,08NM243,2018-07-01,8.091
Vaseux,Okanagan,101700,08NM243,2018-08-01,7.876
Vaseux,Okanagan,101700,08NM243,2018-09-01,7.816
Vaseux,Okanagan,101700,08NM243,2018-10-01,7.807
Vaseux,Okanagan,101700,08NM243,2018-11-01,7.737
Vaseux,Okanagan,101700,08NM243,2018-12-01,7.783
Vaseux,Okanagan,101700,08NM243,2019-01-01,7.818
Vaseux,Okanagan,101700,08NM243,2019-02-01,7.861
Vaseux,Okanagan,101700,08NM243,2019-03-01,7.885
Vaseux,Okanagan,101700,08NM243,2019-04-01,7.887
Vaseux,Okanagan,101700,08NM243,2019-05-01,7.889
Vaseux,Okanagan,101700,08NM243,2019-06-01,7.891
Vaseux,Okanagan,101700,08NM243,2019-07-01,7.963
Vaseux,Okanagan,101700,08NM243,2019-08-01,7.961
Vaseux,Okanagan,101700,08NM243,2019-09-01,7.986
Vaseux,Okanagan,101700,08NM243,2019-10-01,7.9
Vaseux,Okanagan,101700,08NM243,2019-11-01,7.888
Vaseux,Okanagan,101700,08NM243,2019-12-01,7.873
Vaseux,Okanagan,101700,08NM243,2020-01-01,7.891
Vaseux,Okanagan,101700,08NM243,2020-02-01,7.933
Vaseux,Okanagan,101700,08NM243,2020-03-01,7.923
Vaseux,Okanagan,101700,08NM243,2020-04-01,7.907
Vaseux,Okanagan,101700,08NM243,2020-05-01,8.098
Vaseux,Okanagan,101700,08NM243,2020-06-01,8.33
Vaseux,Okanagan,101700,08NM243,2020-07-01,8.243
Vaseux,Okanagan,101700,08NM243,2020-08-01,8.003
Vaseux,Okanagan,101700,08NM243,2020-09-01,7.824
Vaseux,Okanagan,101700,08NM243,2020-10-01,7.775
Vaseux,Okanagan,101700,08NM243,2020-11-01,7.819
Vaseux,Okanagan,101700,08NM243,2020-12-01,7.809
Vaseux,Okanagan,101700,08NM243,2021-01-01,7.824
Vaseux,Okanagan,101700,08NM243,2021-02-01,7.831
Vaseux,Okanagan,101700,08NM243,2021-03-01,7.814
Vaseux,Okanagan,101700,08NM243,2021-04-01,7.863
Vaseux,Okanagan,101700,08NM243,2021-05-01,7.974
Vaseux,Okanagan,101700,08NM243,2021-06-01,7.831
Vaseux,Okanagan,101700,08NM243,2021-07-01,7.743
Vaseux,Okanagan,101700,08NM243,2021-08-01,7.726
Vaseux,Okanagan,101700,08NM243,2021-09-01,7.719
Vaseux,Okanagan,101700,08NM243,2021-10-01,7.741
Vaseux,Okanagan,101700,08NM243,2021-11-01,7.794
Vaseux,Okanagan,101700,08NM243,2021-12-01,7.787
Vaseux,Okanagan,101700,08NM243,2022-01-01,7.803
Vaseux,Okanagan,101700,08NM243,2022-02-01,7.818
Vaseux,Okanagan,101700,08NM243,2022-03-01,7.82
Vaseux,Okanagan,101700,08NM243,2022-04-01,7.844
Vaseux,Okanagan,101700,08NM243,2022-05-01,7.866
Vaseux,Okanagan,101700,08NM243,2022-06-01,8.209
Vaseux,Okanagan,101700,08NM243,2022-07-01,8.318
Vaseux,Okanagan,101700,08NM243,2022-08-01,8.004
Vaseux,Okanagan,101700,08NM243,2022-09-01,7.827
Vaseux,Okanagan,101700,08NM243,2022-10-01,7.855
Vaseux,Okanagan,101700,08NM243,2022-11-01,7.847
Vaseux,Okanagan,101700,08NM243,2022-12-01,7.808
Vaseux,Okanagan,101700,08NM243,2023-01-01,7.808
Vaseux,Okanagan,101700,08NM243,2023-02-01,7.836
Vaseux,Okanagan,101700,08NM243,2023-03-01,7.868
Vaseux,Okanagan,101700,08NM243,2023-04-01,7.839
Vaseux,Okanagan,101700,08NM243,2023-05-01,8.006
Vaseux,Okanagan,101700,08NM243,2023-06-01,7.829
Vaseux,Okanagan,101700,08NM243,2023-07-01,7.751
Vaseux,Okanagan,101700,08NM243,2023-08-01,7.778
Vaseux,Okanagan,101700,08NM243,2023-09-01,7.789
Vaseux,Okanagan,101700,08NM243,2023-10-01,7.772
Vaseux,Okanagan,101700,08NM243,2023-11-01,7.929
Vaseux,Okanagan,101700,08NM243,2023-12-01,7.931
Vaseux,Okanagan,101700,08NM243,2024-01-01,7.928
Vaseux,Okanagan,101700,08NM243,2024-02-01,7.929
Vaseux,Okanagan,101700,08NM243,2024-03-01,7.864
Vaseux,Okanagan,101700,08NM243,2024-04-01,7.858
Vaseux,Okanagan,101700,08NM243,2024-05-01,7.902
Vaseux,Okanagan,101700,08NM243,2024-06-01,7.861
Vaseux,Okanagan,101700,08NM243,2024-07-01,7.856
Vaseux,Okanagan,101700,08NM243,2024-08-01,7.905
Vaseux,Okanagan,101700,08NM243,2024-09-01,7.924
Vaseux,Okanagan,101700,08NM243,2024-10-01,7.867
Vaseux,Okanagan,101700,08NM243,2024-11-01,7.871
Vaseux,Okanagan,101700,08NM243,2024-12-01,7.828
Rainy,Nelson-Winnipeg,710,05PB024,1994-01-01,336.948
Rainy,Nelson-Winnipeg,710,05PB024,1994-02-01,336.736
Rainy,Nelson-Winnipeg,710,05PB024,1994-03-01,336.536
Rainy,Nelson-Winnipeg,710,05PB024,1994-04-01,336.5
Rainy,Nelson-Winnipeg,710,05PB024,1994-05-01,336.972
Rainy,Nelson-Winnipeg,710,05PB024,1994-06-01,337.399
Rainy,Nelson-Winnipeg,710,05PB024,1994-07-01,337.47
Rainy,Nelson-Winnipeg,710,05PB024,1994-08-01,337.361
Rainy,Nelson-Winnipeg,710,05PB024,1994-09-01,337.313
Rainy,Nelson-Winnipeg,710,05PB024,1994-10-01,337.307
Rainy,Nelson-Winnipeg,710,05PB024,1994-11-01,337.247
Rainy,Nelson-Winnipeg,710,05PB024,1994-12-01,337.195
Rainy,Nelson-Winnipeg,710,05PB024,1995-01-01,336.96
Rainy,Nelson-Winnipeg,710,05PB024,1995-02-01,336.743
Rainy,Nelson-Winnipeg,710,05PB024,1995-03-01,336.597
Rainy,Nelson-Winnipeg,710,05PB024,1995-04-01,336.653
Rainy,Nelson-Winnipeg,710,05PB024,1995-05-01,336.975
Rainy,Nelson-Winnipeg,710,05PB024,1995-06-01,337.258
Rainy,Nelson-Winnipeg,710,05PB024,1995-07-01,337.379
Rainy,Nelson-Winnipeg,710,05PB024,1995-08-01,337.304
Rainy,Nelson-Winnipeg,710,05PB024,1995-09-01,337.28
Rainy,Nelson-Winnipeg,710,05PB024,1995-10-01,337.439
Rainy,Nelson-Winnipeg,710,05PB024,1995-11-01,337.378
Rainy,Nelson-Winnipeg,710,05PB024,1995-12-01,337.265
Rainy,Nelson-Winnipeg,710,05PB024,1996-01-01,337.073
Rainy,Nelson-Winnipeg,710,05PB024,1996-02-01,336.949
Rainy,Nelson-Winnipeg,710,05PB024,1996-03-01,336.715
Rainy,Nelson-Winnipeg,710,05PB024,1996-04-01,336.749
Rainy,Nelson-Winnipeg,710,05PB024,1996-05-01,337.372
Rainy,Nelson-Winnipeg,710,05PB024,1996-06-01,337.741
Rainy,Nelson-Winnipeg,710,05PB024,1996-07-01,337.471
Rainy,Nelson-Winnipeg,710,05PB024,1996-08-01,337.449
Rainy,Nelson-Winnipeg,710,05PB024,1996-09-01,337.359
Rainy,Nelson-Winnipeg,710,05PB024,1996-10-01,337.293
Rainy,Nelson-Winnipeg,710,05PB024,1996-11-01,337.372
Rainy,Nelson-Winnipeg,710,05PB024,1996-12-01,337.228
Rainy,Nelson-Winnipeg,710,05PB024,1997-01-01,337.054
Rainy,Nelson-Winnipeg,710,05PB024,1997-02-01,336.794
Rainy,Nelson-Winnipeg,710,05PB024,1997-03-01,336.652
Rainy,Nelson-Winnipeg,710,05PB024,1997-04-01,336.894
Rainy,Nelson-Winnipeg,710,05PB024,1997-05-01,337.118
Rainy,Nelson-Winnipeg,710,05PB024,1997-06-01,337.322
Rainy,Nelson-Winnipeg,710,05PB024,1997-07-01,337.341
Rainy,Nelson-Winnipeg,710,05PB024,1997-08-01,337.289
Rainy,Nelson-Winnipeg,710,05PB024,1997-09-01,337.181
Rainy,Nelson-Winnipeg,710,05PB024,1997-10-01,337.142
Rainy,Nelson-Winnipeg,710,05PB024,1997-11-01,337.102
Rainy,Nelson-Winnipeg,710,05PB024,1997-12-01,337.058
Rainy,Nelson-Winnipeg,710,05PB024,1998-01-01,336.919
Rainy,Nelson-Winnipeg,710,05PB024,1998-02-01,336.786
Rainy,Nelson-Winnipeg,710,05PB024,1998-03-01,336.648
Rainy,Nelson-Winnipeg,710,05PB024,1998-04-01,336.715
Rainy,Nelson-Winnipeg,710,05PB024,1998-05-01,336.814
Rainy,Nelson-Winnipeg,710,05PB024,1998-06-01,336.835
Rainy,Nelson-Winnipeg,710,05PB024,1998-07-01,336.8
Rainy,Nelson-Winnipeg,710,05PB024,1998-08-01,336.583
Rainy,Nelson-Winnipeg,710,05PB024,1998-09-01,336.394
Rainy,Nelson-Winnipeg,710,05PB024,1998-10-01,336.251
Rainy,Nelson-Winnipeg,710,05PB024,1998-11-01,336.31
Rainy,Nelson-Winnipeg,710,05PB024,1998-12-01,336.615
Rainy,Nelson-Winnipeg,710,05PB024,1999-01-01,336.892
Rainy,Nelson-Winnipeg,710,05PB024,1999-02-01,336.76
Rainy,Nelson-Winnipeg,710,05PB024,1999-03-01,336.718
Rainy,Nelson-Winnipeg,710,05PB024,1999-04-01,336.897
Rainy,Nelson-Winnipeg,710,05PB024,1999-05-01,337.228
Rainy,Nelson-Winnipeg,710,05PB024,1999-06-01,337.359
Rainy,Nelson-Winnipeg,710,05PB024,1999-07-01,337.419
Rainy,Nelson-Winnipeg,710,05PB024,1999-08-01,337.368
Rainy,Nelson-Winnipeg,710,05PB024,1999-09-01,337.419
Rainy,Nelson-Winnipeg,710,05PB024,1999-10-01,337.398
Rainy,Nelson-Winnipeg,710,05PB024,1999-11-01,337.294
Rainy,Nelson-Winnipeg,710,05PB024,1999-12-01,337.078
Rainy,Nelson-Winnipeg,710,05PB024,2000-01-01,336.998
Rainy,Nelson-Winnipeg,710,05PB024,2000-02-01,336.855
Rainy,Nelson-Winnipeg,710,05PB024,2000-03-01,336.769
Rainy,Nelson-Winnipeg,710,05PB024,2000-04-01,336.858
Rainy,Nelson-Winnipeg,710,05PB024,2000-05-01,337.126
Rainy,Nelson-Winnipeg,710,05PB024,2000-06-01,337.362
Rainy,Nelson-Winnipeg,710,05PB024,2000-07-01,337.408
Rainy,Nelson-Winnipeg,710,05PB024,2000-08-01,337.393
Rainy,Nelson-Winnipeg,710,05PB024,2000-09-01,337.326
Rainy,Nelson-Winnipeg,710,05PB024,2000-10-01,337.268
Rainy,Nelson-Winnipeg,710,05PB024,2000-11-01,337.288
Rainy,Nelson-Winnipeg,710,05PB024,2000-12-01,337.189
Rainy,Nelson-Winnipeg,710,05PB024,2001-01-01,337.018
Rainy,Nelson-Winnipeg,710,05PB024,2001-02-01,336.842
Rainy,Nelson-Winnipeg,710,05PB024,2001-03-01,336.695
Rainy,Nelson-Winnipeg,710,05PB024,2001-04-01,336.906
Rainy,Nelson-Winnipeg,710,05PB024,2001-05-01,337.503
Rainy,Nelson-Winnipeg,710,05PB024,2001-06-01,337.901
Rainy,Nelson-Winnipeg,710,05PB024,2001-07-01,337.423
Rainy,Nelson-Winnipeg,710,05PB024,2001-08-01,337.559
Rainy,Nelson-Winnipeg,710,05PB024,2001-09-01,337.342
Rainy,Nelson-Winnipeg,710,05PB024,2001-10-01,337.279
Rainy,Nelson-Winnipeg,710,05PB024,2001-11-01,337.243
Rainy,Nelson-Winnipeg,710,05PB024,2001-12-01,337.218
Rainy,Nelson-Winnipeg,710,05PB024,2002-01-01,337.032
Rainy,Nelson-Winnipeg,710,05PB024,2002-02-01,336.856
Rainy,Nelson-Winnipeg,710,05PB024,2002-03-01,336.688
Rainy,Nelson-Winnipeg,710,05PB024,2002-04-01,336.676
Rainy,Nelson-Winnipeg,710,05PB024,2002-05-01,336.989
Rainy,Nelson-Winnipeg,710,05PB024,2002-06-01,337.814
Rainy,Nelson-Winnipeg,710,05PB024,2002-07-01,337.887
Rainy,Nelson-Winnipeg,710,05PB024,2002-08-01,337.347
Rainy,Nelson-Winnipeg,710,05PB024,2002-09-01,337.276
Rainy,Nelson-Winnipeg,710,05PB024,2002-10-01,337.16
Rainy,Nelson-Winnipeg,710,05PB024,2002-11-01,337.122
Rainy,Nelson-Winnipeg,710,05PB024,2002-12-01,337.104
Rainy,Nelson-Winnipeg,710,05PB024,2003-01-01,337.011
Rainy,Nelson-Winnipeg,710,05PB024,2003-02-01,336.848
Rainy,Nelson-Winnipeg,710,05PB024,2003-03-01,336.699
Rainy,Nelson-Winnipeg,710,05PB024,2003-04-01,336.581
Rainy,Nelson-Winnipeg,710,05PB024,2003-05-01,336.48
Rainy,Nelson-Winnipeg,710,05PB024,2003-06-01,336.384
Rainy,Nelson-Winnipeg,710,05PB024,2003-07-01,336.425
Rainy,Nelson-Winnipeg,710,05PB024,2003-08-01,336.583
Rainy,Nelson-Winnipeg,710,05PB024,2003-09-01,336.638
Rainy,Nelson-Winnipeg,710,05PB024,2003-10-01,336.912
Rainy,Nelson-Winnipeg,710,05PB024,2003-11-01,337.119
Rainy,Nelson-Winnipeg,710,05PB024,2003-12-01,337.11
Rainy,Nelson-Winnipeg,710,05PB024,2004-01-01,336.989
Rainy,Nelson-Winnipeg,710,05PB024,2004-02-01,336.787
Rainy,Nelson-Winnipeg,710,05PB024,2004-03-01,336.675
Rainy,Nelson-Winnipeg,710,05PB024,2004-04-01,336.801
Rainy,Nelson-Winnipeg,710,05PB024,2004-05-01,337.132
Rainy,Nelson-Winnipeg,710,05PB024,2004-06-01,337.33
Rainy,Nelson-Winnipeg,710,05PB024,2004-07-01,337.364
Rainy,Nelson-Winnipeg,710,05PB024,2004-08-01,337.347
Rainy,Nelson-Winnipeg,710,05PB024,2004-09-01,337.351
Rainy,Nelson-Winnipeg,710,05PB024,2004-10-01,337.256
Rainy,Nelson-Winnipeg,710,05PB024,2004-11-01,337.338
Rainy,Nelson-Winnipeg,710,05PB024,2004-12-01,337.195
Rainy,Nelson-Winnipeg,710,05PB024,2005-01-01,337.063
Rainy,Nelson-Winnipeg,710,05PB024,2005-02-01,336.874
Rainy,Nelson-Winnipeg,710,05PB024,2005-03-01,336.676
Rainy,Nelson-Winnipeg,710,05PB024,2005-04-01,336.877
Rainy,Nelson-Winnipeg,710,05PB024,2005-05-01,337.244
Rainy,Nelson-Winnipeg,710,05PB024,2005-06-01,337.631
Rainy,Nelson-Winnipeg,710,05PB024,2005-07-01,337.43
Rainy,Nelson-Winnipeg,710,05PB024,2005-08-01,337.339
Rainy,Nelson-Winnipeg,710,05PB024,2005-09-01,337.275
Rainy,Nelson-Winnipeg,710,05PB024,2005-10-01,337.206
Rainy,Nelson-Winnipeg,710,05PB024,2005-11-01,337.244
Rainy,Nelson-Winnipeg,710,05PB024,2005-12-01,337.199
Rainy,Nelson-Winnipeg,710,05PB024,2006-01-01,337.01
Rainy,Nelson-Winnipeg,710,05PB024,2006-02-01,336.83
Rainy,Nelson-Winnipeg,710,05PB024,2006-03-01,336.669
Rainy,Nelson-Winnipeg,710,05PB024,2006-04-01,336.895
Rainy,Nelson-Winnipeg,710,05PB024,2006-05-01,337.151
Rainy,Nelson-Winnipeg,710,05PB024,2006-06-01,337.308
Rainy,Nelson-Winnipeg,710,05PB024,2006-07-01,337.328
Rainy,Nelson-Winnipeg,710,05PB024,2006-08-01,337.261
Rainy,Nelson-Winnipeg,710,05PB024,2006-09-01,337.081
Rainy,Nelson-Winnipeg,710,05PB024,2006-10-01,336.873
Rainy,Nelson-Winnipeg,710,05PB024,2006-11-01,336.68
Rainy,Nelson-Winnipeg,710,05PB024,2006-12-01,336.556
Rainy,Nelson-Winnipeg,710,05PB024,2007-01-01,336.546
Rainy,Nelson-Winnipeg,710,05PB024,2007-02-01,336.511
Rainy,Nelson-Winnipeg,710,05PB024,2007-03-01,336.54
Rainy,Nelson-Winnipeg,710,05PB024,2007-04-01,336.648
Rainy,Nelson-Winnipeg,710,05PB024,2007-05-01,336.766
Rainy,Nelson-Winnipeg,710,05PB024,2007-06-01,337.19
Rainy,Nelson-Winnipeg,710,05PB024,2007-07-01,337.369
Rainy,Nelson-Winnipeg,710,05PB024,2007-08-01,337.31
Rainy,Nelson-Winnipeg,710,05PB024,2007-09-01,337.221
Rainy,Nelson-Winnipeg,710,05PB024,2007-10-01,337.346
Rainy,Nelson-Winnipeg,710,05PB024,2007-11-01,337.278
Rainy,Nelson-Winnipeg,710,05PB024,2007-12-01,337.199
Rainy,Nelson-Winnipeg,710,05PB024,2008-01-01,336.999
Rainy,Nelson-Winnipeg,710,05PB024,2008-02-01,336.837
Rainy,Nelson-Winnipeg,710,05PB024,2008-03-01,336.667
Rainy,Nelson-Winnipeg,710,05PB024,2008-04-01,336.663
Rainy,Nelson-Winnipeg,710,05PB024,2008-05-01,337.273
Rainy,Nelson-Winnipeg,710,05PB024,2008-06-01,337.744
Rainy,Nelson-Winnipeg,710,05PB024,2008-07-01,337.632
Rainy,Nelson-Winnipeg,710,05PB024,2008-08-01,337.313
Rainy,Nelson-Winnipeg,710,05PB024,2008-09-01,337.319
Rainy,Nelson-Winnipeg,710,05PB024,2008-10-01,337.295
Rainy,Nelson-Winnipeg,710,05PB024,2008-11-01,337.251
Rainy,Nelson-Winnipeg,710,05PB024,2008-12-01,337.178
Rainy,Nelson-Winnipeg,710,05PB024,2009-01-01,337.291
Rainy,Nelson-Winnipeg,710,05PB024,2009-02-01,337.112
Rainy,Nelson-Winnipeg,710,05PB024,2009-03-01,336.951
Rainy,Nelson-Winnipeg,710,05PB024,2009-04-01,337.117
Rainy,Nelson-Winnipeg,710,05PB024,2009-05-01,337.626
Rainy,Nelson-Winnipeg,710,05PB024,2009-06-01,337.779
Rainy,Nelson-Winnipeg,710,05PB024,2009-07-01,337.617
Rainy,Nelson-Winnipeg,710,05PB024,2009-08-01,337.691
Rainy,Nelson-Winnipeg,710,05PB024,2009-09-01,337.534
Rainy,Nelson-Winnipeg,710,05PB024,2009-10-01,337.488
Rainy,Nelson-Winnipeg,710,05PB024,2009-11-01,337.507
Rainy,Nelson-Winnipeg,710,05PB024,2009-12-01,337.403
Rainy,Nelson-Winnipeg,710,05PB024,2010-01-01,337.226
Rainy,Nelson-Winnipeg,710,05PB024,2010-02-01,337.08
Rainy,Nelson-Winnipeg,710,05PB024,2010-03-01,336.955
Rainy,Nelson-Winnipeg,710,05PB024,2010-04-01,336.902
Rainy,Nelson-Winnipeg,710,05PB024,2010-05-01,336.964
Rainy,Nelson-Winnipeg,710,05PB024,2010-06-01,337.199
Rainy,Nelson-Winnipeg,710,05PB024,2010-07-01,337.602
Rainy,Nelson-Winnipeg,710,05PB024,2010-08-01,337.597
Rainy,Nelson-Winnipeg,710,05PB024,2010-09-01,337.583
Rainy,Nelson-Winnipeg,710,05PB024,2010-10-01,337.516
Rainy,Nelson-Winnipeg,710,05PB024,2010-11-01,337.483
Rainy,Nelson-Winnipeg,710,05PB024,2010-12-01,337.396
Rainy,Nelson-Winnipeg,710,05PB024,2011-01-01,337.201
Rainy,Nelson-Winnipeg,710,05PB024,2011-02-01,337.084
Rainy,Nelson-Winnipeg,710,05PB024,2011-03-01,336.908
Rainy,Nelson-Winnipeg,710,05PB024,2011-04-01,337.112
Rainy,Nelson-Winnipeg,710,05PB024,2011-05-01,337.427
Rainy,Nelson-Winnipeg,710,05PB024,2011-06-01,337.532
Rainy,Nelson-Winnipeg,710,05PB024,2011-07-01,337.622
Rainy,Nelson-Winnipeg,710,05PB024,2011-08-01,337.609
Rainy,Nelson-Winnipeg,710,05PB024,2011-09-01,337.471
Rainy,Nelson-Winnipeg,710,05PB024,2011-10-01,337.281
Rainy,Nelson-Winnipeg,710,05PB024,2011-11-01,337.13
Rainy,Nelson-Winnipeg,710,05PB024,2011-12-01,337.045
Rainy,Nelson-Winnipeg,710,05PB024,2012-01-01,336.975
Rainy,Nelson-Winnipeg,710,05PB024,2012-02-01,336.918
Rainy,Nelson-Winnipeg,710,05PB024,2012-03-01,336.919
Rainy,Nelson-Winnipeg,710,05PB024,2012-04-01,337.134
Rainy,Nelson-Winnipeg,710,05PB024,2012-05-01,337.352
Rainy,Nelson-Winnipeg,710,05PB024,2012-06-01,337.606
Rainy,Nelson-Winnipeg,710,05PB024,2012-07-01,337.668
Rainy,Nelson-Winnipeg,710,05PB024,2012-08-01,337.634
Rainy,Nelson-Winnipeg,710,05PB024,2012-09-01,337.531
Rainy,Nelson-Winnipeg,710,05PB024,2012-10-01,337.387
Rainy,Nelson-Winnipeg,710,05PB024,2012-11-01,337.354
Rainy,Nelson-Winnipeg,710,05PB024,2012-12-01,337.351
Rainy,Nelson-Winnipeg,710,05PB024,2013-01-01,337.245
Rainy,Nelson-Winnipeg,710,05PB024,2013-02-01,337.123
Rainy,Nelson-Winnipeg,710,05PB024,2013-03-01,336.893
Rainy,Nelson-Winnipeg,710,05PB024,2013-04-01,336.79
Rainy,Nelson-Winnipeg,710,05PB024,2013-05-01,337.374
Rainy,Nelson-Winnipeg,710,05PB024,2013-06-01,337.886
Rainy,Nelson-Winnipeg,710,05PB024,2013-07-01,337.647
Rainy,Nelson-Winnipeg,710,05PB024,2013-08-01,337.657
Rainy,Nelson-Winnipeg,710,05PB024,2013-09-01,337.621
Rainy,Nelson-Winnipeg,710,05PB024,2013-10-01,337.518
Rainy,Nelson-Winnipeg,710,05PB024,2013-11-01,337.485
Rainy,Nelson-Winnipeg,710,05PB024,2013-12-01,337.407
Rainy,Nelson-Winnipeg,710,05PB024,2014-01-01,337.276
Rainy,Nelson-Winnipeg,710,05PB024,2014-02-01,337.084
Rainy,Nelson-Winnipeg,710,05PB024,2014-03-01,336.889
Rainy,Nelson-Winnipeg,710,05PB024,2014-04-01,336.862
Rainy,Nelson-Winnipeg,710,05PB024,2014-05-01,337.361
Rainy,Nelson-Winnipeg,710,05PB024,2014-06-01,338.294
Rainy,Nelson-Winnipeg,710,05PB024,2014-07-01,338.539
Rainy,Nelson-Winnipeg,710,05PB024,2014-08-01,337.762
Rainy,Nelson-Winnipeg,710,05PB024,2014-09-01,337.579
Rainy,Nelson-Winnipeg,710,05PB024,2014-10-01,337.555
Rainy,Nelson-Winnipeg,710,05PB024,2014-11-01,337.503
Rainy,Nelson-Winnipeg,710,05PB024,2014-12-01,337.393
Rainy,Nelson-Winnipeg,710,05PB024,2015-01-01,337.254
Rainy,Nelson-Winnipeg,710,05PB024,2015-02-01,337.06
Rainy,Nelson-Winnipeg,710,05PB024,2015-03-01,336.918
Rainy,Nelson-Winnipeg,710,05PB024,2015-04-01,336.883
Rainy,Nelson-Winnipeg,710,05PB024,2015-05-01,337.126
Rainy,Nelson-Winnipeg,710,05PB024,2015-06-01,337.536
Rainy,Nelson-Winnipeg,710,05PB024,2015-07-01,337.521
Rainy,Nelson-Winnipeg,710,05PB024,2015-08-01,337.549
Rainy,Nelson-Winnipeg,710,05PB024,2015-09-01,337.549
Rainy,Nelson-Winnipeg,710,05PB024,2015-10-01,337.516
Rainy,Nelson-Winnipeg,710,05PB024,2015-11-01,337.532
Rainy,Nelson-Winnipeg,710,05PB024,2015-12-01,337.45
Rainy,Nelson-Winnipeg,710,05PB024,2016-01-01,337.268
Rainy,Nelson-Winnipeg,710,05PB024,2016-02-01,337.116
Rainy,Nelson-Winnipeg,710,05PB024,2016-03-01,336.994
Rainy,Nelson-Winnipeg,710,05PB024,2016-04-01,337.182
Rainy,Nelson-Winnipeg,710,05PB024,2016-05-01,337.296
Rainy,Nelson-Winnipeg,710,05PB024,2016-06-01,337.569
Rainy,Nelson-Winnipeg,710,05PB024,2016-07-01,337.565
Rainy,Nelson-Winnipeg,710,05PB024,2016-08-01,337.609
Rainy,Nelson-Winnipeg,710,05PB024,2016-09-01,337.545
Rainy,Nelson-Winnipeg,710,05PB024,2016-10-01,337.508
Rainy,Nelson-Winnipeg,710,05PB024,2016-11-01,337.402
Rainy,Nelson-Winnipeg,710,05PB024,2016-12-01,337.447
Rainy,Nelson-Winnipeg,710,05PB024,2017-01-01,337.334
Rainy,Nelson-Winnipeg,710,05PB024,2017-02-01,337.112
Rainy,Nelson-Winnipeg,710,05PB024,2017-03-01,336.944
Rainy,Nelson-Winnipeg,710,05PB024,2017-04-01,337.035
Rainy,Nelson-Winnipeg,710,05PB024,2017-05-01,337.386
Rainy,Nelson-Winnipeg,710,05PB024,2017-06-01,337.593
Rainy,Nelson-Winnipeg,710,05PB024,2017-07-01,337.662
Rainy,Nelson-Winnipeg,710,05PB024,2017-08-01,337.631
Rainy,Nelson-Winnipeg,710,05PB024,2017-09-01,337.583
Rainy,Nelson-Winnipeg,710,05PB024,2017-10-01,337.569
Rainy,Nelson-Winnipeg,710,05PB024,2017-11-01,337.51
Rainy,Nelson-Winnipeg,710,05PB024,2017-12-01,337.428
Rainy,Nelson-Winnipeg,710,05PB024,2018-01-01,337.278
Rainy,Nelson-Winnipeg,710,05PB024,2018-02-01,337.111
Rainy,Nelson-Winnipeg,710,05PB024,2018-03-01,336.891
Rainy,Nelson-Winnipeg,710,05PB024,2018-04-01,336.801
Rainy,Nelson-Winnipeg,710,05PB024,2018-05-01,337.207
Rainy,Nelson-Winnipeg,710,05PB024,2018-06-01,337.562
Rainy,Nelson-Winnipeg,710,05PB024,2018-07-01,337.635
Rainy,Nelson-Winnipeg,710,05PB024,2018-08-01,337.523
Rainy,Nelson-Winnipeg,710,05PB024,2018-09-01,337.5
Rainy,Nelson-Winnipeg,710,05PB024,2018-10-01,337.439
Rainy,Nelson-Winnipeg,710,05PB024,2018-11-01,337.26
Rainy,Nelson-Winnipeg,710,05PB024,2018-12-01,337.161
Rainy,Nelson-Winnipeg,710,05PB024,2019-01-01,337.111
Rainy,Nelson-Winnipeg,710,05PB024,2019-02-01,337.091
Rainy,Nelson-Winnipeg,710,05PB024,2019-03-01,336.934
Rainy,Nelson-Winnipeg,710,05PB024,2019-04-01,336.91
Rainy,Nelson-Winnipeg,710,05PB024,2019-05-01,337.247
Rainy,Nelson-Winnipeg,710,05PB024,2019-06-01,337.5
Rainy,Nelson-Winnipeg,710,05PB024,2019-07-01,337.605
Rainy,Nelson-Winnipeg,710,05PB024,2019-08-01,337.563
Rainy,Nelson-Winnipeg,710,05PB024,2019-09-01,337.558
Rainy,Nelson-Winnipeg,710,05PB024,2019-10-01,337.531
Rainy,Nelson-Winnipeg,710,05PB024,2019-11-01,337.329
Rainy,Nelson-Winnipeg,710,05PB024,2019-12-01,337.212
Rainy,Nelson-Winnipeg,710,05PB024,2020-01-01,337.164
Rainy,Nelson-Winnipeg,710,05PB024,2020-02-01,337.072
Rainy,Nelson-Winnipeg,710,05PB024,2020-03-01,336.909
Rainy,Nelson-Winnipeg,710,05PB024,2020-04-01,336.921
Rainy,Nelson-Winnipeg,710,05PB024,2020-05-01,337.186
Rainy,Nelson-Winnipeg,710,05PB024,2020-06-01,337.504
Rainy,Nelson-Winnipeg,710,05PB024,2020-07-01,337.584
Rainy,Nelson-Winnipeg,710,05PB024,2020-08-01,337.494
Rainy,Nelson-Winnipeg,710,05PB024,2020-09-01,337.399
Rainy,Nelson-Winnipeg,710,05PB024,2020-10-01,337.325
Rainy,Nelson-Winnipeg,710,05PB024,2020-11-01,337.235
Rainy,Nelson-Winnipeg,710,05PB024,2020-12-01,337.187
Rainy,Nelson-Winnipeg,710,05PB024,2021-01-01,337.148
Rainy,Nelson-Winnipeg,710,05PB024,2021-02-01,337.051
Rainy,Nelson-Winnipeg,710,05PB024,2021-03-01,336.954
Rainy,Nelson-Winnipeg,710,05PB024,2021-04-01,337.059
Rainy,Nelson-Winnipeg,710,05PB024,2021-05-01,337.295
Rainy,Nelson-Winnipeg,710,05PB024,2021-06-01,337.408
Rainy,Nelson-Winnipeg,710,05PB024,2021-07-01,337.445
Rainy,Nelson-Winnipeg,710,05PB024,2021-08-01,337.292
Rainy,Nelson-Winnipeg,710,05PB024,2021-09-01,337.158
Rainy,Nelson-Winnipeg,710,05PB024,2021-10-01,337.203
Rainy,Nelson-Winnipeg,710,05PB024,2021-11-01,337.233
Rainy,Nelson-Winnipeg,710,05PB024,2021-12-01,337.209
Rainy,Nelson-Winnipeg,710,05PB024,2022-01-01,337.147
Rainy,Nelson-Winnipeg,710,05PB024,2022-02-01,337.092
Rainy,Nelson-Winnipeg,710,05PB024,2022-03-01,337.035
Rainy,Nelson-Winnipeg,710,05PB024,2022-04-01,337.096
Rainy,Nelson-Winnipeg,710,05PB024,2022-05-01,338.37
Rainy,Nelson-Winnipeg,710,05PB024,2022-06-01,339.212
Rainy,Nelson-Winnipeg,710,05PB024,2022-07-01,338.288
Rainy,Nelson-Winnipeg,710,05PB024,2022-08-01,337.64
Rainy,Nelson-Winnipeg,710,05PB024,2022-09-01,337.478
Rainy,Nelson-Winnipeg,710,05PB024,2022-10-01,337.361
Rainy,Nelson-Winnipeg,710,05PB024,2022-11-01,337.208
Rainy,Nelson-Winnipeg,710,05PB024,2022-12-01,337.209
Rainy,Nelson-Winnipeg,710,05PB024,2023-01-01,337.111
Rainy,Nelson-Winnipeg,710,05PB024,2023-02-01,337.084
Rainy,Nelson-Winnipeg,710,05PB024,2023-03-01,336.937
Rainy,Nelson-Winnipeg,710,05PB024,2023-04-01,336.909
Rainy,Nelson-Winnipeg,710,05PB024,2023-05-01,337.465
Rainy,Nelson-Winnipeg,710,05PB024,2023-06-01,337.571
Rainy,Nelson-Winnipeg,710,05PB024,2023-07-01,337.59
Rainy,Nelson-Winnipeg,710,05PB024,2023-08-01,337.554
Rainy,Nelson-Winnipeg,710,05PB024,2023-09-01,337.463
Rainy,Nelson-Winnipeg,710,05PB024,2023-10-01,337.355
Rainy,Nelson-Winnipeg,710,05PB024,2023-11-01,337.23
Rainy,Nelson-Winnipeg,710,05PB024,2023-12-01,337.115
Rainy,Nelson-Winnipeg,710,05PB024,2024-01-01,337.165
Rainy,Nelson-Winnipeg,710,05PB024,2024-02-01,337.121
Rainy,Nelson-Winnipeg,710,05PB024,2024-03-01,337.066
Rainy,Nelson-Winnipeg,710,05PB024,2024-04-01,337.136
Rainy,Nelson-Winnipeg,710,05PB024,2024-05-01,337.508
Rainy,Nelson-Winnipeg,710,05PB024,2024-06-01,337.665
Rainy,Nelson-Winnipeg,710,05PB024,2024-07-01,337.76
Rainy,Nelson-Winnipeg,710,05PB024,2024-08-01,337.585
Rainy,Nelson-Winnipeg,710,05PB024,2024-09-01,337.511
Rainy,Nelson-Winnipeg,710,05PB024,2024-10-01,337.341
Rainy,Nelson-Winnipeg,710,05PB024,2024-11-01,337.244
Rainy,Nelson-Winnipeg,710,05PB024,2024-12-01,337.188
Rainy,Nelson-Winnipeg,710,05PB007,1994-01-01,337.2
Rainy,Nelson-Winnipeg,710,05PB007,1994-02-01,336.988
Rainy,Nelson-Winnipeg,710,05PB007,1994-03-01,336.795
Rainy,Nelson-Winnipeg,710,05PB007,1994-04-01,336.755
Rainy,Nelson-Winnipeg,710,05PB007,1994-05-01,337.216
Rainy,Nelson-Winnipeg,710,05PB007,1994-06-01,337.64
Rainy,Nelson-Winnipeg,710,05PB007,1994-07-01,337.714
Rainy,Nelson-Winnipeg,710,05PB007,1994-08-01,337.614
Rainy,Nelson-Winnipeg,710,05PB007,1994-09-01,337.571
Rainy,Nelson-Winnipeg,710,05PB007,1994-10-01,337.559
Rainy,Nelson-Winnipeg,710,05PB007,1994-11-01,337.499
Rainy,Nelson-Winnipeg,710,05PB007,1994-12-01,337.456
Rainy,Nelson-Winnipeg,710,05PB007,1995-01-01,337.228
Rainy,Nelson-Winnipeg,710,05PB007,1995-02-01,337.004
Rainy,Nelson-Winnipeg,710,05PB007,1995-03-01,336.849
Rainy,Nelson-Winnipeg,710,05PB007,1995-04-01,336.9
Rainy,Nelson-Winnipeg,710,05PB007,1995-05-01,337.214
Rainy,Nelson-Winnipeg,710,05PB007,1995-06-01,337.49
Rainy,Nelson-Winnipeg,710,05PB007,1995-07-01,337.625
Rainy,Nelson-Winnipeg,710,05PB007,1995-08-01,337.552
Rainy,Nelson-Winnipeg,710,05PB007,1995-09-01,337.536
Rainy,Nelson-Winnipeg,710,05PB007,1995-10-01,337.682
Rainy,Nelson-Winnipeg,710,05PB007,1995-11-01,337.62
Rainy,Nelson-Winnipeg,710,05PB007,1995-12-01,337.507
Rainy,Nelson-Winnipeg,710,05PB007,1996-01-01,337.324
Rainy,Nelson-Winnipeg,710,05PB007,1996-02-01,337.206
Rainy,Nelson-Winnipeg,710,05PB007,1996-03-01,336.969
Rainy,Nelson-Winnipeg,710,05PB007,1996-04-01,336.999
Rainy,Nelson-Winnipeg,710,05PB007,1996-05-01,337.614
Rainy,Nelson-Winnipeg,710,05PB007,1996-06-01,337.986
Rainy,Nelson-Winnipeg,710,05PB007,1996-07-01,337.722
Rainy,Nelson-Winnipeg,710,05PB007,1996-08-01,337.697
Rainy,Nelson-Winnipeg,710,05PB007,1996-09-01,337.619
Rainy,Nelson-Winnipeg,710,05PB007,1996-10-01,337.55
Rainy,Nelson-Winnipeg,710,05PB007,1996-11-01,337.618
Rainy,Nelson-Winnipeg,710,05PB007,1996-12-01,337.476
Rainy,Nelson-Winnipeg,710,05PB007,1997-01-01,337.303
Rainy,Nelson-Winnipeg,710,05PB007,1997-02-01,337.047
Rainy,Nelson-Winnipeg,710,05PB007,1997-03-01,336.907
Rainy,Nelson-Winnipeg,710,05PB007,1997-04-01,337.148
Rainy,Nelson-Winnipeg,710,05PB007,1997-05-01,337.375
Rainy,Nelson-Winnipeg,710,05PB007,1997-06-01,337.569
Rainy,Nelson-Winnipeg,710,05PB007,1997-07-01,337.589
Rainy,Nelson-Winnipeg,710,05PB007,1997-08-01,337.534
Rainy,Nelson-Winnipeg,710,05PB007,1997-09-01,337.422
Rainy,Nelson-Winnipeg,710,05PB007,1997-10-01,337.386
Rainy,Nelson-Winnipeg,710,05PB007,1997-11-01,337.349
Rainy,Nelson-Winnipeg,710,05PB007,1997-12-01,337.301
Rainy,Nelson-Winnipeg,710,05PB007,1998-01-01,337.175
Rainy,Nelson-Winnipeg,710,05PB007,1998-02-01,337.039
Rainy,Nelson-Winnipeg,710,05PB007,1998-03-01,336.898
Rainy,Nelson-Winnipeg,710,05PB007,1998-04-01,336.965
Rainy,Nelson-Winnipeg,710,05PB007,1998-05-01,337.057
Rainy,Nelson-Winnipeg,710,05PB007,1998-06-01,337.09
Rainy,Nelson-Winnipeg,710,05PB007,1998-07-01,337.053
Rainy,Nelson-Winnipeg,710,05PB007,1998-08-01,336.839
Rainy,Nelson-Winnipeg,710,05PB007,1998-09-01,336.647
Rainy,Nelson-Winnipeg,710,05PB007,1998-10-01,336.511
Rainy,Nelson-Winnipeg,710,05PB007,1998-11-01,336.561
Rainy,Nelson-Winnipeg,710,05PB007,1998-12-01,336.861
Rainy,Nelson-Winnipeg,710,05PB007,1999-01-01,337.142
Rainy,Nelson-Winnipeg,710,05PB007,1999-02-01,337.012
Rainy,Nelson-Winnipeg,710,05PB007,1999-03-01,336.97
Rainy,Nelson-Winnipeg,710,05PB007,1999-04-01,337.144
Rainy,Nelson-Winnipeg,710,05PB007,1999-05-01,337.477
Rainy,Nelson-Winnipeg,710,05PB007,1999-06-01,337.607
Rainy,Nelson-Winnipeg,710,05PB007,1999-07-01,337.663
Rainy,Nelson-Winnipeg,710,05PB007,1999-08-01,337.618
Rainy,Nelson-Winnipeg,710,05PB007,1999-09-01,337.665
Rainy,Nelson-Winnipeg,710,05PB007,1999-10-01,337.647
Rainy,Nelson-Winnipeg,710,05PB007,1999-11-01,337.543
Rainy,Nelson-Winnipeg,710,05PB007,1999-12-01,337.327
Rainy,Nelson-Winnipeg,710,05PB007,2000-01-01,337.244
Rainy,Nelson-Winnipeg,710,05PB007,2000-02-01,337.105
Rainy,Nelson-Winnipeg,710,05PB007,2000-03-01,337.021
Rainy,Nelson-Winnipeg,710,05PB007,2000-04-01,337.111
Rainy,Nelson-Winnipeg,710,05PB007,2000-05-01,337.373
Rainy,Nelson-Winnipeg,710,05PB007,2000-06-01,337.596
Rainy,Nelson-Winnipeg,710,05PB007,2000-07-01,337.657
Rainy,Nelson-Winnipeg,710,05PB007,2000-08-01,337.648
Rainy,Nelson-Winnipeg,710,05PB007,2000-09-01,337.576
Rainy,Nelson-Winnipeg,710,05PB007,2000-10-01,337.517
Rainy,Nelson-Winnipeg,710,05PB007,2000-11-01,337.539
Rainy,Nelson-Winnipeg,710,05PB007,2000-12-01,337.441
Rainy,Nelson-Winnipeg,710,05PB007,2001-01-01,337.273
Rainy,Nelson-Winnipeg,710,05PB007,2001-02-01,337.099
Rainy,Nelson-Winnipeg,710,05PB007,2001-03-01,336.953
Rainy,Nelson-Winnipeg,710,05PB007,2001-04-01,337.156
Rainy,Nelson-Winnipeg,710,05PB007,2001-05-01,337.755
Rainy,Nelson-Winnipeg,710,05PB007,2001-06-01,338.161
Rainy,Nelson-Winnipeg,710,05PB007,2001-07-01,337.679
Rainy,Nelson-Winnipeg,710,05PB007,2001-08-01,337.812
Rainy,Nelson-Winnipeg,710,05PB007,2001-09-01,337.595
Rainy,Nelson-Winnipeg,710,05PB007,2001-10-01,337.526
Rainy,Nelson-Winnipeg,710,05PB007,2001-11-01,337.495
Rainy,Nelson-Winnipeg,710,05PB007,2001-12-01,337.473
Rainy,Nelson-Winnipeg,710,05PB007,2002-01-01,337.288
Rainy,Nelson-Winnipeg,710,05PB007,2002-02-01,337.103
Rainy,Nelson-Winnipeg,710,05PB007,2002-03-01,336.931
Rainy,Nelson-Winnipeg,710,05PB007,2002-04-01,336.922
Rainy,Nelson-Winnipeg,710,05PB007,2002-05-01,337.24
Rainy,Nelson-Winnipeg,710,05PB007,2002-06-01,338.076
Rainy,Nelson-Winnipeg,710,05PB007,2002-07-01,338.159
Rainy,Nelson-Winnipeg,710,05PB007,2002-08-01,337.583
Rainy,Nelson-Winnipeg,710,05PB007,2002-09-01,337.515
Rainy,Nelson-Winnipeg,710,05PB007,2002-10-01,337.398
Rainy,Nelson-Winnipeg,710,05PB007,2002-11-01,337.36
Rainy,Nelson-Winnipeg,710,05PB007,2002-12-01,339.0
Rainy,Nelson-Winnipeg,710,05PB007,2003-01-01,337.247
Rainy,Nelson-Winnipeg,710,05PB007,2003-02-01,337.093
Rainy,Nelson-Winnipeg,710,05PB007,2003-03-01,336.948
Rainy,Nelson-Winnipeg,710,05PB007,2003-04-01,336.839
Rainy,Nelson-Winnipeg,710,05PB007,2003-05-01,336.746
Rainy,Nelson-Winnipeg,710,05PB007,2003-06-01,336.64
Rainy,Nelson-Winnipeg,710,05PB007,2003-07-01,336.677
Rainy,Nelson-Winnipeg,710,05PB007,2003-08-01,336.841
Rainy,Nelson-Winnipeg,710,05PB007,2003-09-01,336.886
Rainy,Nelson-Winnipeg,710,05PB007,2003-10-01,337.162
Rainy,Nelson-Winnipeg,710,05PB007,2003-11-01,337.365
Rainy,Nelson-Winnipeg,710,05PB007,2003-12-01,337.362
Rainy,Nelson-Winnipeg,710,05PB007,2004-01-01,337.245
Rainy,Nelson-Winnipeg,710,05PB007,2004-02-01,337.047
Rainy,Nelson-Winnipeg,710,05PB007,2004-03-01,336.937
Rainy,Nelson-Winnipeg,710,05PB007,2004-04-01,337.062
Rainy,Nelson-Winnipeg,710,05PB007,2004-05-01,337.397
Rainy,Nelson-Winnipeg,710,05PB007,2004-06-01,337.581
Rainy,Nelson-Winnipeg,710,05PB007,2004-07-01,337.61
Rainy,Nelson-Winnipeg,710,05PB007,2004-08-01,337.59
Rainy,Nelson-Winnipeg,710,05PB007,2004-09-01,337.611
Rainy,Nelson-Winnipeg,710,05PB007,2004-10-01,337.515
Rainy,Nelson-Winnipeg,710,05PB007,2004-11-01,337.59
Rainy,Nelson-Winnipeg,710,05PB007,2004-12-01,337.461
Rainy,Nelson-Winnipeg,710,05PB007,2005-01-01,337.322
Rainy,Nelson-Winnipeg,710,05PB007,2005-02-01,337.128
Rainy,Nelson-Winnipeg,710,05PB007,2005-03-01,336.929
Rainy,Nelson-Winnipeg,710,05PB007,2005-04-01,337.128
Rainy,Nelson-Winnipeg,710,05PB007,2005-05-01,337.495
Rainy,Nelson-Winnipeg,710,05PB007,2005-06-01,337.902
Rainy,Nelson-Winnipeg,710,05PB007,2005-07-01,337.699
Rainy,Nelson-Winnipeg,710,05PB007,2005-08-01,337.603
Rainy,Nelson-Winnipeg,710,05PB007,2005-09-01,337.537
Rainy,Nelson-Winnipeg,710,05PB007,2005-10-01,337.468
Rainy,Nelson-Winnipeg,710,05PB007,2005-11-01,337.496
Rainy,Nelson-Winnipeg,710,05PB007,2005-12-01,337.446
Rainy,Nelson-Winnipeg,710,05PB007,2006-01-01,337.254
Rainy,Nelson-Winnipeg,710,05PB007,2006-02-01,337.081
Rainy,Nelson-Winnipeg,710,05PB007,2006-03-01,336.922
Rainy,Nelson-Winnipeg,710,05PB007,2006-04-01,337.148
Rainy,Nelson-Winnipeg,710,05PB007,2006-05-01,337.404
Rainy,Nelson-Winnipeg,710,05PB007,2006-06-01,337.562
Rainy,Nelson-Winnipeg,710,05PB007,2006-07-01,337.584
Rainy,Nelson-Winnipeg,710,05PB007,2006-08-01,337.521
Rainy,Nelson-Winnipeg,710,05PB007,2006-09-01,337.335
Rainy,Nelson-Winnipeg,710,05PB007,2006-10-01,337.111
Rainy,Nelson-Winnipeg,710,05PB007,2006-11-01,336.924
Rainy,Nelson-Winnipeg,710,05PB007,2006-12-01,336.806
Rainy,Nelson-Winnipeg,710,05PB007,2007-01-01,336.808
Rainy,Nelson-Winnipeg,710,05PB007,2007-02-01,336.779
Rainy,Nelson-Winnipeg,710,05PB007,2007-03-01,336.792
Rainy,Nelson-Winnipeg,710,05PB007,2007-04-01,336.902
Rainy,Nelson-Winnipeg,710,05PB007,2007-05-01,337.023
Rainy,Nelson-Winnipeg,710,05PB007,2007-06-01,337.44
Rainy,Nelson-Winnipeg,710,05PB007,2007-07-01,337.616
Rainy,Nelson-Winnipeg,710,05PB007,2007-08-01,337.552
Rainy,Nelson-Winnipeg,710,05PB007,2007-09-01,337.461
Rainy,Nelson-Winnipeg,710,05PB007,2007-10-01,337.593
Rainy,Nelson-Winnipeg,710,05PB007,2007-11-01,337.516
Rainy,Nelson-Winnipeg,710,05PB007,2007-12-01,337.45
Rainy,Nelson-Winnipeg,710,05PB007,2008-01-01,337.254
Rainy,Nelson-Winnipeg,710,05PB007,2008-02-01,337.091
Rainy,Nelson-Winnipeg,710,05PB007,2008-03-01,336.927
Rainy,Nelson-Winnipeg,710,05PB007,2008-04-01,336.916
Rainy,Nelson-Winnipeg,710,05PB007,2008-05-01,337.526
Rainy,Nelson-Winnipeg,710,05PB007,2008-06-01,337.998
Rainy,Nelson-Winnipeg,710,05PB007,2008-07-01,337.892
Rainy,Nelson-Winnipeg,710,05PB007,2008-08-01,337.576
Rainy,Nelson-Winnipeg,710,05PB007,2008-09-01,337.576
Rainy,Nelson-Winnipeg,710,05PB007,2008-10-01,337.547
Rainy,Nelson-Winnipeg,710,05PB007,2008-11-01,337.511
Rainy,Nelson-Winnipeg,710,05PB007,2008-12-01,337.435
Rainy,Nelson-Winnipeg,710,05PB007,2009-01-01,
Rainy,Nelson-Winnipeg,710,05PB007,2009-02-01,
Rainy,Nelson-Winnipeg,710,05PB007,2009-03-01,
Rainy,Nelson-Winnipeg,710,05PB007,2009-04-01,337.115
Rainy,Nelson-Winnipeg,710,05PB007,2009-05-01,337.627
Rainy,Nelson-Winnipeg,710,05PB007,2009-06-01,337.776
Rainy,Nelson-Winnipeg,710,05PB007,2009-07-01,337.61
Rainy,Nelson-Winnipeg,710,05PB007,2009-08-01,337.696
Rainy,Nelson-Winnipeg,710,05PB007,2009-09-01,337.547
Rainy,Nelson-Winnipeg,710,05PB007,2009-10-01,337.497
Rainy,Nelson-Winnipeg,710,05PB007,2009-11-01,337.51
Rainy,Nelson-Winnipeg,710,05PB007,2009-12-01,337.411
Rainy,Nelson-Winnipeg,710,05PB007,2010-01-01,337.229
Rainy,Nelson-Winnipeg,710,05PB007,2010-02-01,337.072
Rainy,Nelson-Winnipeg,710,05PB007,2010-03-01,336.948
Rainy,Nelson-Winnipeg,710,05PB007,2010-04-01,336.92
Rainy,Nelson-Winnipeg,710,05PB007,2010-05-01,336.971
Rainy,Nelson-Winnipeg,710,05PB007,2010-06-01,337.208
Rainy,Nelson-Winnipeg,710,05PB007,2010-07-01,337.606
Rainy,Nelson-Winnipeg,710,05PB007,2010-08-01,337.603
Rainy,Nelson-Winnipeg,710,05PB007,2010-09-01,337.594
Rainy,Nelson-Winnipeg,710,05PB007,2010-10-01,337.532
Rainy,Nelson-Winnipeg,710,05PB007,2010-11-01,337.49
Rainy,Nelson-Winnipeg,710,05PB007,2010-12-01,337.414
Rainy,Nelson-Winnipeg,710,05PB007,2011-01-01,337.216
Rainy,Nelson-Winnipeg,710,05PB007,2011-02-01,337.096
Rainy,Nelson-Winnipeg,710,05PB007,2011-03-01,336.921
Rainy,Nelson-Winnipeg,710,05PB007,2011-04-01,337.123
Rainy,Nelson-Winnipeg,710,05PB007,2011-05-01,337.443
Rainy,Nelson-Winnipeg,710,05PB007,2011-06-01,337.548
Rainy,Nelson-Winnipeg,710,05PB007,2011-07-01,337.623
Rainy,Nelson-Winnipeg,710,05PB007,2011-08-01,337.605
Rainy,Nelson-Winnipeg,710,05PB007,2011-09-01,337.474
Rainy,Nelson-Winnipeg,710,05PB007,2011-10-01,337.283
Rainy,Nelson-Winnipeg,710,05PB007,2011-11-01,337.134
Rainy,Nelson-Winnipeg,710,05PB007,2011-12-01,337.043
Rainy,Nelson-Winnipeg,710,05PB007,2012-01-01,336.974
Rainy,Nelson-Winnipeg,710,05PB007,2012-02-01,336.921
Rainy,Nelson-Winnipeg,710,05PB007,2012-03-01,336.928
Rainy,Nelson-Winnipeg,710,05PB007,2012-04-01,337.141
Rainy,Nelson-Winnipeg,710,05PB007,2012-05-01,337.353
Rainy,Nelson-Winnipeg,710,05PB007,2012-06-01,337.603
Rainy,Nelson-Winnipeg,710,05PB007,2012-07-01,337.674
Rainy,Nelson-Winnipeg,710,05PB007,2012-08-01,337.633
Rainy,Nelson-Winnipeg,710,05PB007,2012-09-01,337.53
Rainy,Nelson-Winnipeg,710,05PB007,2012-10-01,337.387
Rainy,Nelson-Winnipeg,710,05PB007,2012-11-01,337.352
Rainy,Nelson-Winnipeg,710,05PB007,2012-12-01,337.35
Rainy,Nelson-Winnipeg,710,05PB007,2013-01-01,
Rainy,Nelson-Winnipeg,710,05PB007,2013-02-01,
Rainy,Nelson-Winnipeg,710,05PB007,2013-03-01,336.905
Rainy,Nelson-Winnipeg,710,05PB007,2013-04-01,336.796
Rainy,Nelson-Winnipeg,710,05PB007,2013-05-01,337.375
Rainy,Nelson-Winnipeg,710,05PB007,2013-06-01,337.891
Rainy,Nelson-Winnipeg,710,05PB007,2013-07-01,337.652
Rainy,Nelson-Winnipeg,710,05PB007,2013-08-01,337.655
Rainy,Nelson-Winnipeg,710,05PB007,2013-09-01,337.623
Rainy,Nelson-Winnipeg,710,05PB007,2013-10-01,337.515
Rainy,Nelson-Winnipeg,710,05PB007,2013-11-01,337.473
Rainy,Nelson-Winnipeg,710,05PB007,2013-12-01,337.393
Rainy,Nelson-Winnipeg,710,05PB007,2014-01-01,337.265
Rainy,Nelson-Winnipeg,710,05PB007,2014-02-01,337.078
Rainy,Nelson-Winnipeg,710,05PB007,2014-03-01,336.888
Rainy,Nelson-Winnipeg,710,05PB007,2014-04-01,336.863
Rainy,Nelson-Winnipeg,710,05PB007,2014-05-01,337.356
Rainy,Nelson-Winnipeg,710,05PB007,2014-06-01,338.298
Rainy,Nelson-Winnipeg,710,05PB007,2014-07-01,338.556
Rainy,Nelson-Winnipeg,710,05PB007,2014-08-01,337.786
Rainy,Nelson-Winnipeg,710,05PB007,2014-09-01,337.596
Rainy,Nelson-Winnipeg,710,05PB007,2014-10-01,337.557
Rainy,Nelson-Winnipeg,710,05PB007,2014-11-01,
Rainy,Nelson-Winnipeg,710,05PB007,2014-12-01,
Rainy,Nelson-Winnipeg,710,05PB007,2015-01-01,
Rainy,Nelson-Winnipeg,710,05PB007,2015-02-01,337.075
Rainy,Nelson-Winnipeg,710,05PB007,2015-03-01,336.93
Rainy,Nelson-Winnipeg,710,05PB007,2015-04-01,
Rainy,Nelson-Winnipeg,710,05PB007,2015-05-01,337.136
Rainy,Nelson-Winnipeg,710,05PB007,2015-06-01,337.548
Rainy,Nelson-Winnipeg,710,05PB007,2015-07-01,337.529
Rainy,Nelson-Winnipeg,710,05PB007,2015-08-01,337.558
Rainy,Nelson-Winnipeg,710,05PB007,2015-09-01,337.561
Rainy,Nelson-Winnipeg,710,05PB007,2015-10-01,337.525
Rainy,Nelson-Winnipeg,710,05PB007,2015-11-01,337.536
Rainy,Nelson-Winnipeg,710,05PB007,2015-12-01,337.455
Rainy,Nelson-Winnipeg,710,05PB007,2016-01-01,337.268
Rainy,Nelson-Winnipeg,710,05PB007,2016-02-01,337.118
Rainy,Nelson-Winnipeg,710,05PB007,2016-03-01,337.005
Rainy,Nelson-Winnipeg,710,05PB007,2016-04-01,337.194
Rainy,Nelson-Winnipeg,710,05PB007,2016-05-01,337.311
Rainy,Nelson-Winnipeg,710,05PB007,2016-06-01,337.58
Rainy,Nelson-Winnipeg,710,05PB007,2016-07-01,337.568
Rainy,Nelson-Winnipeg,710,05PB007,2016-08-01,337.611
Rainy,Nelson-Winnipeg,710,05PB007,2016-09-01,337.548
Rainy,Nelson-Winnipeg,710,05PB007,2016-10-01,337.514
Rainy,Nelson-Winnipeg,710,05PB007,2016-11-01,337.419
Rainy,Nelson-Winnipeg,710,05PB007,2016-12-01,337.464
Rainy,Nelson-Winnipeg,710,05PB007,2017-01-01,337.356
Rainy,Nelson-Winnipeg,710,05PB007,2017-02-01,337.129
Rainy,Nelson-Winnipeg,710,05PB007,2017-03-01,336.958
Rainy,Nelson-Winnipeg,710,05PB007,2017-04-01,337.041
Rainy,Nelson-Winnipeg,710,05PB007,2017-05-01,337.383
Rainy,Nelson-Winnipeg,710,05PB007,2017-06-01,337.583
Rainy,Nelson-Winnipeg,710,05PB007,2017-07-01,337.651
Rainy,Nelson-Winnipeg,710,05PB007,2017-08-01,337.629
Rainy,Nelson-Winnipeg,710,05PB007,2017-09-01,337.589
Rainy,Nelson-Winnipeg,710,05PB007,2017-10-01,337.573
Rainy,Nelson-Winnipeg,710,05PB007,2017-11-01,337.512
Rainy,Nelson-Winnipeg,710,05PB007,2017-12-01,337.443
Rainy,Nelson-Winnipeg,710,05PB007,2018-01-01,337.286
Rainy,Nelson-Winnipeg,710,05PB007,2018-02-01,337.12
Rainy,Nelson-Winnipeg,710,05PB007,2018-03-01,336.902
Rainy,Nelson-Winnipeg,710,05PB007,2018-04-01,336.808
Rainy,Nelson-Winnipeg,710,05PB007,2018-05-01,337.207
Rainy,Nelson-Winnipeg,710,05PB007,2018-06-01,337.568
Rainy,Nelson-Winnipeg,710,05PB007,2018-07-01,337.634
Rainy,Nelson-Winnipeg,710,05PB007,2018-08-01,
Rainy,Nelson-Winnipeg,710,05PB007,2018-09-01,
Rainy,Nelson-Winnipeg,710,05PB007,2018-10-01,337.441
Rainy,Nelson-Winnipeg,710,05PB007,2018-11-01,337.266
Rainy,Nelson-Winnipeg,710,05PB007,2018-12-01,337.169
Rainy,Nelson-Winnipeg,710,05PB007,2019-01-01,337.115
Rainy,Nelson-Winnipeg,710,05PB007,2019-02-01,337.093
Rainy,Nelson-Winnipeg,710,05PB007,2019-03-01,336.937
Rainy,Nelson-Winnipeg,710,05PB007,2019-04-01,336.916
Rainy,Nelson-Winnipeg,710,05PB007,2019-05-01,337.255
Rainy,Nelson-Winnipeg,710,05PB007,2019-06-01,337.495
Rainy,Nelson-Winnipeg,710,05PB007,2019-07-01,337.6
Rainy,Nelson-Winnipeg,710,05PB007,2019-08-01,337.567
Rainy,Nelson-Winnipeg,710,05PB007,2019-09-01,337.566
Rainy,Nelson-Winnipeg,710,05PB007,2019-10-01,337.531
Rainy,Nelson-Winnipeg,710,05PB007,2019-11-01,337.336
Rainy,Nelson-Winnipeg,710,05PB007,2019-12-01,337.222
Rainy,Nelson-Winnipeg,710,05PB007,2020-01-01,337.179
Rainy,Nelson-Winnipeg,710,05PB007,2020-02-01,337.091
Rainy,Nelson-Winnipeg,710,05PB007,2020-03-01,336.929
Rainy,Nelson-Winnipeg,710,05PB007,2020-04-01,336.939
Rainy,Nelson-Winnipeg,710,05PB007,2020-05-01,337.2
Rainy,Nelson-Winnipeg,710,05PB007,2020-06-01,337.507
Rainy,Nelson-Winnipeg,710,05PB007,2020-07-01,337.58
Rainy,Nelson-Winnipeg,710,05PB007,2020-08-01,337.499
Rainy,Nelson-Winnipeg,710,05PB007,2020-09-01,337.397
Rainy,Nelson-Winnipeg,710,05PB007,2020-10-01,337.326
Rainy,Nelson-Winnipeg,710,05PB007,2020-11-01,337.246
Rainy,Nelson-Winnipeg,710,05PB007,2020-12-01,337.202
Rainy,Nelson-Winnipeg,710,05PB007,2021-01-01,337.165
Rainy,Nelson-Winnipeg,710,05PB007,2021-02-01,337.073
Rainy,Nelson-Winnipeg,710,05PB007,2021-03-01,336.978
Rainy,Nelson-Winnipeg,710,05PB007,2021-04-01,337.078
Rainy,Nelson-Winnipeg,710,05PB007,2021-05-01,337.311
Rainy,Nelson-Winnipeg,710,05PB007,2021-06-01,337.409
Rainy,Nelson-Winnipeg,710,05PB007,2021-07-01,337.452
Rainy,Nelson-Winnipeg,710,05PB007,2021-08-01,337.298
Rainy,Nelson-Winnipeg,710,05PB007,2021-09-01,337.158
Rainy,Nelson-Winnipeg,710,05PB007,2021-10-01,337.206
Rainy,Nelson-Winnipeg,710,05PB007,2021-11-01,337.241
Rainy,Nelson-Winnipeg,710,05PB007,2021-12-01,337.224
Rainy,Nelson-Winnipeg,710,05PB007,2022-01-01,337.168
Rainy,Nelson-Winnipeg,710,05PB007,2022-02-01,337.117
Rainy,Nelson-Winnipeg,710,05PB007,2022-03-01,337.057
Rainy,Nelson-Winnipeg,710,05PB007,2022-04-01,337.113
Rainy,Nelson-Winnipeg,710,05PB007,2022-05-01,338.385
Rainy,Nelson-Winnipeg,710,05PB007,2022-06-01,339.223
Rainy,Nelson-Winnipeg,710,05PB007,2022-07-01,338.31
Rainy,Nelson-Winnipeg,710,05PB007,2022-08-01,337.646
Rainy,Nelson-Winnipeg,710,05PB007,2022-09-01,337.48
Rainy,Nelson-Winnipeg,710,05PB007,2022-10-01,337.365
Rainy,Nelson-Winnipeg,710,05PB007,2022-11-01,337.212
Rainy,Nelson-Winnipeg,710,05PB007,2022-12-01,337.213
Rainy,Nelson-Winnipeg,710,05PB007,2023-01-01,337.123
Rainy,Nelson-Winnipeg,710,05PB007,2023-02-01,337.097
Rainy,Nelson-Winnipeg,710,05PB007,2023-03-01,336.949
Rainy,Nelson-Winnipeg,710,05PB007,2023-04-01,336.918
Rainy,Nelson-Winnipeg,710,05PB007,2023-05-01,337.476
Rainy,Nelson-Winnipeg,710,05PB007,2023-06-01,337.593
Rainy,Nelson-Winnipeg,710,05PB007,2023-07-01,337.602
Rainy,Nelson-Winnipeg,710,05PB007,2023-08-01,337.582
Rainy,Nelson-Winnipeg,710,05PB007,2023-09-01,337.493
Rainy,Nelson-Winnipeg,710,05PB007,2023-10-01,337.378
Rainy,Nelson-Winnipeg,710,05PB007,2023-11-01,337.248
Rainy,Nelson-Winnipeg,710,05PB007,2023-12-01,337.134
Rainy,Nelson-Winnipeg,710,05PB007,2024-01-01,337.18
Rainy,Nelson-Winnipeg,710,05PB007,2024-02-01,337.136
Rainy,Nelson-Winnipeg,710,05PB007,2024-03-01,337.081
Rainy,Nelson-Winnipeg,710,05PB007,2024-04-01,337.151
Rainy,Nelson-Winnipeg,710,05PB007,2024-05-01,337.516
Rainy,Nelson-Winnipeg,710,05PB007,2024-06-01,337.668
Rainy,Nelson-Winnipeg,710,05PB007,2024-07-01,337.776
Rainy,Nelson-Winnipeg,710,05PB007,2024-08-01,337.605
Rainy,Nelson-Winnipeg,710,05PB007,2024-09-01,337.533
Rainy,Nelson-Winnipeg,710,05PB007,2024-10-01,337.356
Rainy,Nelson-Winnipeg,710,05PB007,2024-11-01,337.252
Rainy,Nelson-Winnipeg,710,05PB007,2024-12-01,337.193
Lake of the Woods,Nelson-Winnipeg,57,05PD029,1994-01-01,322.816
Lake of the Woods,Nelson-Winnipeg,57,05PD029,1994-02-01,322.721
Lake of the Woods,Nelson-Winnipeg,57,05PD029,1994-03-01,322.582
Lake of the Woods,Nelson-Winnipeg,57,05PD029,1994-04-01,322.486
Lake of the Woods,Nelson-Winnipeg,57,05PD029,1994-05-01,322.562
Lake of the Woods,Nelson-Winnipeg,57,05PD029,1994-06-01,322.705
Lake of the Woods,Nelson-Winnipeg,57,05PD029,1994-07-01,323.031
Lake of the Woods,Nelson-Winnipeg,57,05PD029,1994-08-01,323.155
Lake of the Woods,Nelson-Winnipeg,57,05PD029,1994-09-01,323.122
Lake of the Woods,Nelson-Winnipeg,57,05PD029,1994-10-01,323.063
Lake of the Woods,Nelson-Winnipeg,57,05PD029,1994-11-01,323.063
Lake of the Woods,Nelson-Winnipeg,57,05PD029,1994-12-01,323.059
Lake of the Woods,Nelson-Winnipeg,57,05PD029,1995-01-01,322.953
Lake of the Woods,Nelson-Winnipeg,57,05PD029,1995-02-01,322.796
Lake of the Woods,Nelson-Winnipeg,57,05PD029,1995-03-01,322.679
Lake of the Woods,Nelson-Winnipeg,57,05PD029,1995-04-01,322.705
Lake of the Woods,Nelson-Winnipeg,57,05PD029,1995-05-01,322.715
Lake of the Woods,Nelson-Winnipeg,57,05PD029,1995-06-01,322.705
Lake of the Woods,Nelson-Winnipeg,57,05PD029,1995-07-01,322.771
Lake of the Woods,Nelson-Winnipeg,57,05PD029,1995-08-01,322.801
Lake of the Woods,Nelson-Winnipeg,57,05PD029,1995-09-01,322.758
Lake of the Woods,Nelson-Winnipeg,57,05PD029,1995-10-01,322.815
Lake of the Woods,Nelson-Winnipeg,57,05PD029,1995-11-01,322.959
Lake of the Woods,Nelson-Winnipeg,57,05PD029,1995-12-01,322.942
Lake of the Woods,Nelson-Winnipeg,57,05PD029,1996-01-01,322.845
Lake of the Woods,Nelson-Winnipeg,57,05PD029,1996-02-01,322.71
Lake of the Woods,Nelson-Winnipeg,57,05PD029,1996-03-01,322.569
Lake of the Woods,Nelson-Winnipeg,57,05PD029,1996-04-01,322.472
Lake of the Woods,Nelson-Winnipeg,57,05PD029,1996-05-01,323.099
Lake of the Woods,Nelson-Winnipeg,57,05PD029,1996-06-01,323.393
Lake of the Woods,Nelson-Winnipeg,57,05PD029,1996-07-01,323.287
Lake of the Woods,Nelson-Winnipeg,57,05PD029,1996-08-01,323.195
Lake of the Woods,Nelson-Winnipeg,57,05PD029,1996-09-01,323.152
Lake of the Woods,Nelson-Winnipeg,57,05PD029,1996-10-01,323.062
Lake of the Woods,Nelson-Winnipeg,57,05PD029,1996-11-01,323.129
Lake of the Woods,Nelson-Winnipeg,57,05PD029,1996-12-01,323.176
Lake of the Woods,Nelson-Winnipeg,57,05PD029,1997-01-01,323.008
Lake of the Woods,Nelson-Winnipeg,57,05PD029,1997-02-01,322.819
Lake of the Woods,Nelson-Winnipeg,57,05PD029,1997-03-01,322.561
Lake of the Woods,Nelson-Winnipeg,57,05PD029,1997-04-01,322.639
Lake of the Woods,Nelson-Winnipeg,57,05PD029,1997-05-01,322.931
Lake of the Woods,Nelson-Winnipeg,57,05PD029,1997-06-01,322.935
Lake of the Woods,Nelson-Winnipeg,57,05PD029,1997-07-01,323.034
Lake of the Woods,Nelson-Winnipeg,57,05PD029,1997-08-01,322.941
Lake of the Woods,Nelson-Winnipeg,57,05PD029,1997-09-01,322.794
Lake of the Woods,Nelson-Winnipeg,57,05PD029,1997-10-01,322.761
Lake of the Woods,Nelson-Winnipeg,57,05PD029,1997-11-01,322.727
Lake of the Woods,Nelson-Winnipeg,57,05PD029,1997-12-01,322.65
Lake of the Woods,Nelson-Winnipeg,57,05PD029,1998-01-01,322.566
Lake of the Woods,Nelson-Winnipeg,57,05PD029,1998-02-01,322.487
Lake of the Woods,Nelson-Winnipeg,57,05PD029,1998-03-01,322.512
Lake of the Woods,Nelson-Winnipeg,57,05PD029,1998-04-01,322.53
Lake of the Woods,Nelson-Winnipeg,57,05PD029,1998-05-01,322.682
Lake of the Woods,Nelson-Winnipeg,57,05PD029,1998-06-01,322.869
Lake of the Woods,Nelson-Winnipeg,57,05PD029,1998-07-01,322.919
Lake of the Woods,Nelson-Winnipeg,57,05PD029,1998-08-01,322.829
Lake of the Woods,Nelson-Winnipeg,57,05PD029,1998-09-01,322.726
Lake of the Woods,Nelson-Winnipeg,57,05PD029,1998-10-01,322.679
Lake of the Woods,Nelson-Winnipeg,57,05PD029,1998-11-01,322.687
Lake of the Woods,Nelson-Winnipeg,57,05PD029,1998-12-01,322.638
Lake of the Woods,Nelson-Winnipeg,57,05PD029,1999-01-01,322.534
Lake of the Woods,Nelson-Winnipeg,57,05PD029,1999-02-01,322.475
Lake of the Woods,Nelson-Winnipeg,57,05PD029,1999-03-01,322.367
Lake of the Woods,Nelson-Winnipeg,57,05PD029,1999-04-01,322.693
Lake of the Woods,Nelson-Winnipeg,57,05PD029,1999-05-01,323.13
Lake of the Woods,Nelson-Winnipeg,57,05PD029,1999-06-01,323.289
Lake of the Woods,Nelson-Winnipeg,57,05PD029,1999-07-01,323.243
Lake of the Woods,Nelson-Winnipeg,57,05PD029,1999-08-01,323.17
Lake of the Woods,Nelson-Winnipeg,57,05PD029,1999-09-01,323.189
Lake of the Woods,Nelson-Winnipeg,57,05PD029,1999-10-01,323.142
Lake of the Woods,Nelson-Winnipeg,57,05PD029,1999-11-01,323.011
Lake of the Woods,Nelson-Winnipeg,57,05PD029,1999-12-01,322.893
Lake of the Woods,Nelson-Winnipeg,57,05PD029,2000-01-01,322.789
Lake of the Woods,Nelson-Winnipeg,57,05PD029,2000-02-01,322.685
Lake of the Woods,Nelson-Winnipeg,57,05PD029,2000-03-01,322.609
Lake of the Woods,Nelson-Winnipeg,57,05PD029,2000-04-01,322.596
Lake of the Woods,Nelson-Winnipeg,57,05PD029,2000-05-01,322.674
Lake of the Woods,Nelson-Winnipeg,57,05PD029,2000-06-01,322.914
Lake of the Woods,Nelson-Winnipeg,57,05PD029,2000-07-01,323.237
Lake of the Woods,Nelson-Winnipeg,57,05PD029,2000-08-01,323.187
Lake of the Woods,Nelson-Winnipeg,57,05PD029,2000-09-01,323.118
Lake of the Woods,Nelson-Winnipeg,57,05PD029,2000-10-01,322.974
Lake of the Woods,Nelson-Winnipeg,57,05PD029,2000-11-01,323.148
Lake of the Woods,Nelson-Winnipeg,57,05PD029,2000-12-01,323.059
Lake of the Woods,Nelson-Winnipeg,57,05PD029,2001-01-01,322.925
Lake of the Woods,Nelson-Winnipeg,57,05PD029,2001-02-01,322.782
Lake of the Woods,Nelson-Winnipeg,57,05PD029,2001-03-01,322.645
Lake of the Woods,Nelson-Winnipeg,57,05PD029,2001-04-01,322.825
Lake of the Woods,Nelson-Winnipeg,57,05PD029,2001-05-01,323.251
Lake of the Woods,Nelson-Winnipeg,57,05PD029,2001-06-01,323.611
Lake of the Woods,Nelson-Winnipeg,57,05PD029,2001-07-01,323.459
Lake of the Woods,Nelson-Winnipeg,57,05PD029,2001-08-01,323.396
Lake of the Woods,Nelson-Winnipeg,57,05PD029,2001-09-01,323.145
Lake of the Woods,Nelson-Winnipeg,57,05PD029,2001-10-01,322.902
Lake of the Woods,Nelson-Winnipeg,57,05PD029,2001-11-01,322.894
Lake of the Woods,Nelson-Winnipeg,57,05PD029,2001-12-01,322.868
Lake of the Woods,Nelson-Winnipeg,57,05PD029,2002-01-01,322.818
Lake of the Woods,Nelson-Winnipeg,57,05PD029,2002-02-01,322.684
Lake of the Woods,Nelson-Winnipeg,57,05PD029,2002-03-01,322.543
Lake of the Woods,Nelson-Winnipeg,57,05PD029,2002-04-01,322.462
Lake of the Woods,Nelson-Winnipeg,57,05PD029,2002-05-01,322.535
Lake of the Woods,Nelson-Winnipeg,57,05PD029,2002-06-01,323.11
Lake of the Woods,Nelson-Winnipeg,57,05PD029,2002-07-01,323.639
Lake of the Woods,Nelson-Winnipeg,57,05PD029,2002-08-01,323.212
Lake of the Woods,Nelson-Winnipeg,57,05PD029,2002-09-01,322.895
Lake of the Woods,Nelson-Winnipeg,57,05PD029,2002-10-01,322.669
Lake of the Woods,Nelson-Winnipeg,57,05PD029,2002-11-01,322.583
Lake of the Woods,Nelson-Winnipeg,57,05PD029,2002-12-01,323.0
Lake of the Woods,Nelson-Winnipeg,57,05PD029,2003-01-01,322.483
Lake of the Woods,Nelson-Winnipeg,57,05PD029,2003-02-01,322.42
Lake of the Woods,Nelson-Winnipeg,57,05PD029,2003-03-01,322.356
Lake of the Woods,Nelson-Winnipeg,57,05PD029,2003-04-01,322.36
Lake of the Woods,Nelson-Winnipeg,57,05PD029,2003-05-01,322.391
Lake of the Woods,Nelson-Winnipeg,57,05PD029,2003-06-01,322.446
Lake of the Woods,Nelson-Winnipeg,57,05PD029,2003-07-01,322.48
Lake of the Woods,Nelson-Winnipeg,57,05PD029,2003-08-01,322.426
Lake of the Woods,Nelson-Winnipeg,57,05PD029,2003-09-01,322.404
Lake of the Woods,Nelson-Winnipeg,57,05PD029,2003-10-01,322.419
Lake of the Woods,Nelson-Winnipeg,57,05PD029,2003-11-01,322.409
Lake of the Woods,Nelson-Winnipeg,57,05PD029,2003-12-01,322.436
Lake of the Woods,Nelson-Winnipeg,57,05PD029,2004-01-01,322.457
Lake of the Woods,Nelson-Winnipeg,57,05PD029,2004-02-01,322.439
Lake of the Woods,Nelson-Winnipeg,57,05PD029,2004-03-01,322.399
Lake of the Woods,Nelson-Winnipeg,57,05PD029,2004-04-01,322.584
Lake of the Woods,Nelson-Winnipeg,57,05PD029,2004-05-01,322.984
Lake of the Woods,Nelson-Winnipeg,57,05PD029,2004-06-01,323.297
Lake of the Woods,Nelson-Winnipeg,57,05PD029,2004-07-01,323.156
Lake of the Woods,Nelson-Winnipeg,57,05PD029,2004-08-01,322.966
Lake of the Woods,Nelson-Winnipeg,57,05PD029,2004-09-01,323.008
Lake of the Woods,Nelson-Winnipeg,57,05PD029,2004-10-01,322.961
Lake of the Woods,Nelson-Winnipeg,57,05PD029,2004-11-01,323.073
Lake of the Woods,Nelson-Winnipeg,57,05PD029,2004-12-01,322.988
Lake of the Woods,Nelson-Winnipeg,57,05PD029,2005-01-01,322.932
Lake of the Woods,Nelson-Winnipeg,57,05PD029,2005-02-01,322.813
Lake of the Woods,Nelson-Winnipeg,57,05PD029,2005-03-01,322.628
Lake of the Woods,Nelson-Winnipeg,57,05PD029,2005-04-01,322.692
Lake of the Woods,Nelson-Winnipeg,57,05PD029,2005-05-01,322.936
Lake of the Woods,Nelson-Winnipeg,57,05PD029,2005-06-01,323.339
Lake of the Woods,Nelson-Winnipeg,57,05PD029,2005-07-01,323.39
Lake of the Woods,Nelson-Winnipeg,57,05PD029,2005-08-01,323.077
Lake of the Woods,Nelson-Winnipeg,57,05PD029,2005-09-01,322.932
Lake of the Woods,Nelson-Winnipeg,57,05PD029,2005-10-01,322.84
Lake of the Woods,Nelson-Winnipeg,57,05PD029,2005-11-01,322.877
Lake of the Woods,Nelson-Winnipeg,57,05PD029,2005-12-01,322.895
Lake of the Woods,Nelson-Winnipeg,57,05PD029,2006-01-01,322.785
Lake of the Woods,Nelson-Winnipeg,57,05PD029,2006-02-01,322.601
Lake of the Woods,Nelson-Winnipeg,57,05PD029,2006-03-01,322.417
Lake of the Woods,Nelson-Winnipeg,57,05PD029,2006-04-01,322.633
Lake of the Woods,Nelson-Winnipeg,57,05PD029,2006-05-01,322.798
Lake of the Woods,Nelson-Winnipeg,57,05PD029,2006-06-01,322.724
Lake of the Woods,Nelson-Winnipeg,57,05PD029,2006-07-01,322.646
Lake of the Woods,Nelson-Winnipeg,57,05PD029,2006-08-01,322.606
Lake of the Woods,Nelson-Winnipeg,57,05PD029,2006-09-01,322.526
Lake of the Woods,Nelson-Winnipeg,57,05PD029,2006-10-01,322.467
Lake of the Woods,Nelson-Winnipeg,57,05PD029,2006-11-01,322.466
Lake of the Woods,Nelson-Winnipeg,57,05PD029,2006-12-01,322.47
Lake of the Woods,Nelson-Winnipeg,57,05PD029,2007-01-01,322.412
Lake of the Woods,Nelson-Winnipeg,57,05PD029,2007-02-01,322.338
Lake of the Woods,Nelson-Winnipeg,57,05PD029,2007-03-01,322.297
Lake of the Woods,Nelson-Winnipeg,57,05PD029,2007-04-01,322.368
Lake of the Woods,Nelson-Winnipeg,57,05PD029,2007-05-01,322.426
Lake of the Woods,Nelson-Winnipeg,57,05PD029,2007-06-01,322.701
Lake of the Woods,Nelson-Winnipeg,57,05PD029,2007-07-01,323.035
Lake of the Woods,Nelson-Winnipeg,57,05PD029,2007-08-01,322.959
Lake of the Woods,Nelson-Winnipeg,57,05PD029,2007-09-01,322.832
Lake of the Woods,Nelson-Winnipeg,57,05PD029,2007-10-01,322.94
Lake of the Woods,Nelson-Winnipeg,57,05PD029,2007-11-01,323.062
Lake of the Woods,Nelson-Winnipeg,57,05PD029,2007-12-01,322.942
Lake of the Woods,Nelson-Winnipeg,57,05PD029,2008-01-01,322.832
Lake of the Woods,Nelson-Winnipeg,57,05PD029,2008-02-01,322.657
Lake of the Woods,Nelson-Winnipeg,57,05PD029,2008-03-01,322.5
Lake of the Woods,Nelson-Winnipeg,57,05PD029,2008-04-01,322.418
Lake of the Woods,Nelson-Winnipeg,57,05PD029,2008-05-01,322.812
Lake of the Woods,Nelson-Winnipeg,57,05PD029,2008-06-01,323.161
Lake of the Woods,Nelson-Winnipeg,57,05PD029,2008-07-01,323.316
Lake of the Woods,Nelson-Winnipeg,57,05PD029,2008-08-01,323.104
Lake of the Woods,Nelson-Winnipeg,57,05PD029,2008-09-01,322.871
Lake of the Woods,Nelson-Winnipeg,57,05PD029,2008-10-01,322.866
Lake of the Woods,Nelson-Winnipeg,57,05PD029,2008-11-01,322.972
Lake of the Woods,Nelson-Winnipeg,57,05PD029,2008-12-01,322.913
Lake of the Woods,Nelson-Winnipeg,57,05PD029,2009-01-01,322.811
Lake of the Woods,Nelson-Winnipeg,57,05PD029,2009-02-01,322.665
Lake of the Woods,Nelson-Winnipeg,57,05PD029,2009-03-01,322.513
Lake of the Woods,Nelson-Winnipeg,57,05PD029,2009-04-01,322.742
Lake of the Woods,Nelson-Winnipeg,57,05PD029,2009-05-01,323.145
Lake of the Woods,Nelson-Winnipeg,57,05PD029,2009-06-01,323.266
Lake of the Woods,Nelson-Winnipeg,57,05PD029,2009-07-01,323.021
Lake of the Woods,Nelson-Winnipeg,57,05PD029,2009-08-01,322.979
Lake of the Woods,Nelson-Winnipeg,57,05PD029,2009-09-01,323.076
Lake of the Woods,Nelson-Winnipeg,57,05PD029,2009-10-01,322.878
Lake of the Woods,Nelson-Winnipeg,57,05PD029,2009-11-01,322.808
Lake of the Woods,Nelson-Winnipeg,57,05PD029,2009-12-01,322.775
Lake of the Woods,Nelson-Winnipeg,57,05PD029,2010-01-01,322.701
Lake of the Woods,Nelson-Winnipeg,57,05PD029,2010-02-01,322.597
Lake of the Woods,Nelson-Winnipeg,57,05PD029,2010-03-01,322.478
Lake of the Woods,Nelson-Winnipeg,57,05PD029,2010-04-01,322.45
Lake of the Woods,Nelson-Winnipeg,57,05PD029,2010-05-01,322.56
Lake of the Woods,Nelson-Winnipeg,57,05PD029,2010-06-01,322.843
Lake of the Woods,Nelson-Winnipeg,57,05PD029,2010-07-01,323.099
Lake of the Woods,Nelson-Winnipeg,57,05PD029,2010-08-01,323.088
Lake of the Woods,Nelson-Winnipeg,57,05PD029,2010-09-01,322.936
Lake of the Woods,Nelson-Winnipeg,57,05PD029,2010-10-01,323.012
Lake of the Woods,Nelson-Winnipeg,57,05PD029,2010-11-01,322.92
Lake of the Woods,Nelson-Winnipeg,57,05PD029,2010-12-01,322.825
Lake of the Woods,Nelson-Winnipeg,57,05PD029,2011-01-01,322.747
Lake of the Woods,Nelson-Winnipeg,57,05PD029,2011-02-01,322.614
Lake of the Woods,Nelson-Winnipeg,57,05PD029,2011-03-01,322.462
Lake of the Woods,Nelson-Winnipeg,57,05PD029,2011-04-01,322.643
Lake of the Woods,Nelson-Winnipeg,57,05PD029,2011-05-01,323.034
Lake of the Woods,Nelson-Winnipeg,57,05PD029,2011-06-01,322.923
Lake of the Woods,Nelson-Winnipeg,57,05PD029,2011-07-01,322.914
Lake of the Woods,Nelson-Winnipeg,57,05PD029,2011-08-01,322.809
Lake of the Woods,Nelson-Winnipeg,57,05PD029,2011-09-01,322.709
Lake of the Woods,Nelson-Winnipeg,57,05PD029,2011-10-01,322.647
Lake of the Woods,Nelson-Winnipeg,57,05PD029,2011-11-01,322.595
Lake of the Woods,Nelson-Winnipeg,57,05PD029,2011-12-01,322.514
Lake of the Woods,Nelson-Winnipeg,57,05PD029,2012-01-01,322.445
Lake of the Woods,Nelson-Winnipeg,57,05PD029,2012-02-01,322.36
Lake of the Woods,Nelson-Winnipeg,57,05PD029,2012-03-01,322.349
Lake of the Woods,Nelson-Winnipeg,57,05PD029,2012-04-01,322.533
Lake of the Woods,Nelson-Winnipeg,57,05PD029,2012-05-01,322.705
Lake of the Woods,Nelson-Winnipeg,57,05PD029,2012-06-01,322.894
Lake of the Woods,Nelson-Winnipeg,57,05PD029,2012-07-01,322.978
Lake of the Woods,Nelson-Winnipeg,57,05PD029,2012-08-01,322.914
Lake of the Woods,Nelson-Winnipeg,57,05PD029,2012-09-01,322.748
Lake of the Woods,Nelson-Winnipeg,57,05PD029,2012-10-01,322.695
Lake of the Woods,Nelson-Winnipeg,57,05PD029,2012-11-01,322.677
Lake of the Woods,Nelson-Winnipeg,57,05PD029,2012-12-01,322.624
Lake of the Woods,Nelson-Winnipeg,57,05PD029,2013-01-01,322.592
Lake of the Woods,Nelson-Winnipeg,57,05PD029,2013-02-01,322.511
Lake of the Woods,Nelson-Winnipeg,57,05PD029,2013-03-01,322.41
Lake of the Woods,Nelson-Winnipeg,57,05PD029,2013-04-01,322.299
Lake of the Woods,Nelson-Winnipeg,57,05PD029,2013-05-01,322.705
Lake of the Woods,Nelson-Winnipeg,57,05PD029,2013-06-01,323.185
Lake of the Woods,Nelson-Winnipeg,57,05PD029,2013-07-01,323.079
Lake of the Woods,Nelson-Winnipeg,57,05PD029,2013-08-01,322.971
Lake of the Woods,Nelson-Winnipeg,57,05PD029,2013-09-01,322.911
Lake of the Woods,Nelson-Winnipeg,57,05PD029,2013-10-01,322.781
Lake of the Woods,Nelson-Winnipeg,57,05PD029,2013-11-01,322.67
Lake of the Woods,Nelson-Winnipeg,57,05PD029,2013-12-01,322.651
Lake of the Woods,Nelson-Winnipeg,57,05PD029,2014-01-01,322.601
Lake of the Woods,Nelson-Winnipeg,57,05PD029,2014-02-01,322.512
Lake of the Woods,Nelson-Winnipeg,57,05PD029,2014-03-01,322.385
Lake of the Woods,Nelson-Winnipeg,57,05PD029,2014-04-01,322.39
Lake of the Woods,Nelson-Winnipeg,57,05PD029,2014-05-01,322.897
Lake of the Woods,Nelson-Winnipeg,57,05PD029,2014-06-01,323.453
Lake of the Woods,Nelson-Winnipeg,57,05PD029,2014-07-01,323.775
Lake of the Woods,Nelson-Winnipeg,57,05PD029,2014-08-01,323.565
Lake of the Woods,Nelson-Winnipeg,57,05PD029,2014-09-01,323.037
Lake of the Woods,Nelson-Winnipeg,57,05PD029,2014-10-01,322.833
Lake of the Woods,Nelson-Winnipeg,57,05PD029,2014-11-01,322.747
Lake of the Woods,Nelson-Winnipeg,57,05PD029,2014-12-01,322.704
Lake of the Woods,Nelson-Winnipeg,57,05PD029,2015-01-01,322.643
Lake of the Woods,Nelson-Winnipeg,57,05PD029,2015-02-01,322.542
Lake of the Woods,Nelson-Winnipeg,57,05PD029,2015-03-01,322.41
Lake of the Woods,Nelson-Winnipeg,57,05PD029,2015-04-01,322.389
Lake of the Woods,Nelson-Winnipeg,57,05PD029,2015-05-01,322.506
Lake of the Woods,Nelson-Winnipeg,57,05PD029,2015-06-01,322.83
Lake of the Woods,Nelson-Winnipeg,57,05PD029,2015-07-01,322.964
Lake of the Woods,Nelson-Winnipeg,57,05PD029,2015-08-01,322.899
Lake of the Woods,Nelson-Winnipeg,57,05PD029,2015-09-01,322.92
Lake of the Woods,Nelson-Winnipeg,57,05PD029,2015-10-01,322.817
Lake of the Woods,Nelson-Winnipeg,57,05PD029,2015-11-01,322.859
Lake of the Woods,Nelson-Winnipeg,57,05PD029,2015-12-01,322.905
Lake of the Woods,Nelson-Winnipeg,57,05PD029,2016-01-01,322.748
Lake of the Woods,Nelson-Winnipeg,57,05PD029,2016-02-01,322.552
Lake of the Woods,Nelson-Winnipeg,57,05PD029,2016-03-01,322.507
Lake of the Woods,Nelson-Winnipeg,57,05PD029,2016-04-01,322.674
Lake of the Woods,Nelson-Winnipeg,57,05PD029,2016-05-01,322.79
Lake of the Woods,Nelson-Winnipeg,57,05PD029,2016-06-01,322.825
Lake of the Woods,Nelson-Winnipeg,57,05PD029,2016-07-01,323.058
Lake of the Woods,Nelson-Winnipeg,57,05PD029,2016-08-01,322.942
Lake of the Woods,Nelson-Winnipeg,57,05PD029,2016-09-01,322.928
Lake of the Woods,Nelson-Winnipeg,57,05PD029,2016-10-01,322.86
Lake of the Woods,Nelson-Winnipeg,57,05PD029,2016-11-01,322.761
Lake of the Woods,Nelson-Winnipeg,57,05PD029,2016-12-01,322.724
Lake of the Woods,Nelson-Winnipeg,57,05PD029,2017-01-01,322.694
Lake of the Woods,Nelson-Winnipeg,57,05PD029,2017-02-01,322.612
Lake of the Woods,Nelson-Winnipeg,57,05PD029,2017-03-01,322.57
Lake of the Woods,Nelson-Winnipeg,57,05PD029,2017-04-01,322.657
Lake of the Woods,Nelson-Winnipeg,57,05PD029,2017-05-01,322.731
Lake of the Woods,Nelson-Winnipeg,57,05PD029,2017-06-01,322.774
Lake of the Woods,Nelson-Winnipeg,57,05PD029,2017-07-01,322.943
Lake of the Woods,Nelson-Winnipeg,57,05PD029,2017-08-01,322.97
Lake of the Woods,Nelson-Winnipeg,57,05PD029,2017-09-01,322.924
Lake of the Woods,Nelson-Winnipeg,57,05PD029,2017-10-01,322.956
Lake of the Woods,Nelson-Winnipeg,57,05PD029,2017-11-01,322.844
Lake of the Woods,Nelson-Winnipeg,57,05PD029,2017-12-01,322.733
Lake of the Woods,Nelson-Winnipeg,57,05PD029,2018-01-01,322.642
Lake of the Woods,Nelson-Winnipeg,57,05PD029,2018-02-01,322.546
Lake of the Woods,Nelson-Winnipeg,57,05PD029,2018-03-01,322.424
Lake of the Woods,Nelson-Winnipeg,57,05PD029,2018-04-01,322.324
Lake of the Woods,Nelson-Winnipeg,57,05PD029,2018-05-01,322.515
Lake of the Woods,Nelson-Winnipeg,57,05PD029,2018-06-01,322.728
Lake of the Woods,Nelson-Winnipeg,57,05PD029,2018-07-01,322.88
Lake of the Woods,Nelson-Winnipeg,57,05PD029,2018-08-01,322.855
Lake of the Woods,Nelson-Winnipeg,57,05PD029,2018-09-01,322.757
Lake of the Woods,Nelson-Winnipeg,57,05PD029,2018-10-01,322.872
Lake of the Woods,Nelson-Winnipeg,57,05PD029,2018-11-01,322.942
Lake of the Woods,Nelson-Winnipeg,57,05PD029,2018-12-01,322.794
Lake of the Woods,Nelson-Winnipeg,57,05PD029,2019-01-01,322.66
Lake of the Woods,Nelson-Winnipeg,57,05PD029,2019-02-01,322.556
Lake of the Woods,Nelson-Winnipeg,57,05PD029,2019-03-01,322.507
Lake of the Woods,Nelson-Winnipeg,57,05PD029,2019-04-01,322.559
Lake of the Woods,Nelson-Winnipeg,57,05PD029,2019-05-01,322.797
Lake of the Woods,Nelson-Winnipeg,57,05PD029,2019-06-01,322.903
Lake of the Woods,Nelson-Winnipeg,57,05PD029,2019-07-01,322.94
Lake of the Woods,Nelson-Winnipeg,57,05PD029,2019-08-01,322.913
Lake of the Woods,Nelson-Winnipeg,57,05PD029,2019-09-01,322.973
Lake of the Woods,Nelson-Winnipeg,57,05PD029,2019-10-01,323.313
Lake of the Woods,Nelson-Winnipeg,57,05PD029,2019-11-01,323.284
Lake of the Woods,Nelson-Winnipeg,57,05PD029,2019-12-01,323.045
Lake of the Woods,Nelson-Winnipeg,57,05PD029,2020-01-01,322.818
Lake of the Woods,Nelson-Winnipeg,57,05PD029,2020-02-01,322.62
Lake of the Woods,Nelson-Winnipeg,57,05PD029,2020-03-01,322.433
Lake of the Woods,Nelson-Winnipeg,57,05PD029,2020-04-01,322.522
Lake of the Woods,Nelson-Winnipeg,57,05PD029,2020-05-01,322.627
Lake of the Woods,Nelson-Winnipeg,57,05PD029,2020-06-01,322.74
Lake of the Woods,Nelson-Winnipeg,57,05PD029,2020-07-01,322.765
Lake of the Woods,Nelson-Winnipeg,57,05PD029,2020-08-01,322.671
Lake of the Woods,Nelson-Winnipeg,57,05PD029,2020-09-01,322.587
Lake of the Woods,Nelson-Winnipeg,57,05PD029,2020-10-01,322.519
Lake of the Woods,Nelson-Winnipeg,57,05PD029,2020-11-01,322.523
Lake of the Woods,Nelson-Winnipeg,57,05PD029,2020-12-01,322.499
Lake of the Woods,Nelson-Winnipeg,57,05PD029,2021-01-01,322.472
Lake of the Woods,Nelson-Winnipeg,57,05PD029,2021-02-01,322.454
Lake of the Woods,Nelson-Winnipeg,57,05PD029,2021-03-01,322.424
Lake of the Woods,Nelson-Winnipeg,57,05PD029,2021-04-01,322.539
Lake of the Woods,Nelson-Winnipeg,57,05PD029,2021-05-01,322.728
Lake of the Woods,Nelson-Winnipeg,57,05PD029,2021-06-01,322.737
Lake of the Woods,Nelson-Winnipeg,57,05PD029,2021-07-01,322.641
Lake of the Woods,Nelson-Winnipeg,57,05PD029,2021-08-01,322.551
Lake of the Woods,Nelson-Winnipeg,57,05PD029,2021-09-01,322.507
Lake of the Woods,Nelson-Winnipeg,57,05PD029,2021-10-01,322.51
Lake of the Woods,Nelson-Winnipeg,57,05PD029,2021-11-01,322.554
Lake of the Woods,Nelson-Winnipeg,57,05PD029,2021-12-01,322.568
Lake of the Woods,Nelson-Winnipeg,57,05PD029,2022-01-01,322.59
Lake of the Woods,Nelson-Winnipeg,57,05PD029,2022-02-01,322.58
Lake of the Woods,Nelson-Winnipeg,57,05PD029,2022-03-01,322.48
Lake of the Woods,Nelson-Winnipeg,57,05PD029,2022-04-01,322.576
Lake of the Woods,Nelson-Winnipeg,57,05PD029,2022-05-01,323.543
Lake of the Woods,Nelson-Winnipeg,57,05PD029,2022-06-01,324.051
Lake of the Woods,Nelson-Winnipeg,57,05PD029,2022-07-01,324.082
Lake of the Woods,Nelson-Winnipeg,57,05PD029,2022-08-01,323.757
Lake of the Woods,Nelson-Winnipeg,57,05PD029,2022-09-01,323.211
Lake of the Woods,Nelson-Winnipeg,57,05PD029,2022-10-01,322.83
Lake of the Woods,Nelson-Winnipeg,57,05PD029,2022-11-01,322.733
Lake of the Woods,Nelson-Winnipeg,57,05PD029,2022-12-01,322.67
Lake of the Woods,Nelson-Winnipeg,57,05PD029,2023-01-01,322.598
Lake of the Woods,Nelson-Winnipeg,57,05PD029,2023-02-01,322.464
Lake of the Woods,Nelson-Winnipeg,57,05PD029,2023-03-01,322.421
Lake of the Woods,Nelson-Winnipeg,57,05PD029,2023-04-01,322.527
Lake of the Woods,Nelson-Winnipeg,57,05PD029,2023-05-01,322.913
Lake of the Woods,Nelson-Winnipeg,57,05PD029,2023-06-01,323.016
Lake of the Woods,Nelson-Winnipeg,57,05PD029,2023-07-01,322.846
Lake of the Woods,Nelson-Winnipeg,57,05PD029,2023-08-01,322.753
Lake of the Woods,Nelson-Winnipeg,57,05PD029,2023-09-01,322.672
Lake of the Woods,Nelson-Winnipeg,57,05PD029,2023-10-01,322.664
Lake of the Woods,Nelson-Winnipeg,57,05PD029,2023-11-01,322.682
Lake of the Woods,Nelson-Winnipeg,57,05PD029,2023-12-01,322.631
Lake of the Woods,Nelson-Winnipeg,57,05PD029,2024-01-01,322.588
Lake of the Woods,Nelson-Winnipeg,57,05PD029,2024-02-01,322.527
Lake of the Woods,Nelson-Winnipeg,57,05PD029,2024-03-01,322.454
Lake of the Woods,Nelson-Winnipeg,57,05PD029,2024-04-01,322.447
Lake of the Woods,Nelson-Winnipeg,57,05PD029,2024-05-01,322.706
Lake of the Woods,Nelson-Winnipeg,57,05PD029,2024-06-01,323.146
Lake of the Woods,Nelson-Winnipeg,57,05PD029,2024-07-01,323.326
Lake of the Woods,Nelson-Winnipeg,57,05PD029,2024-08-01,323.069
Lake of the Woods,Nelson-Winnipeg,57,05PD029,2024-09-01,322.817
Lake of the Woods,Nelson-Winnipeg,57,05PD029,2024-10-01,322.683
Lake of the Woods,Nelson-Winnipeg,57,05PD029,2024-11-01,322.657
Lake of the Woods,Nelson-Winnipeg,57,05PD029,2024-12-01,322.623
Lake of the Woods,Nelson-Winnipeg,57,05PD008,1994-01-01,322.822
Lake of the Woods,Nelson-Winnipeg,57,05PD008,1994-02-01,322.722
Lake of the Woods,Nelson-Winnipeg,57,05PD008,1994-03-01,322.593
Lake of the Woods,Nelson-Winnipeg,57,05PD008,1994-04-01,322.5
Lake of the Woods,Nelson-Winnipeg,57,05PD008,1994-05-01,322.574
Lake of the Woods,Nelson-Winnipeg,57,05PD008,1994-06-01,322.707
Lake of the Woods,Nelson-Winnipeg,57,05PD008,1994-07-01,323.044
Lake of the Woods,Nelson-Winnipeg,57,05PD008,1994-08-01,323.162
Lake of the Woods,Nelson-Winnipeg,57,05PD008,1994-09-01,323.12
Lake of the Woods,Nelson-Winnipeg,57,05PD008,1994-10-01,323.071
Lake of the Woods,Nelson-Winnipeg,57,05PD008,1994-11-01,323.059
Lake of the Woods,Nelson-Winnipeg,57,05PD008,1994-12-01,323.041
Lake of the Woods,Nelson-Winnipeg,57,05PD008,1995-01-01,322.943
Lake of the Woods,Nelson-Winnipeg,57,05PD008,1995-02-01,322.794
Lake of the Woods,Nelson-Winnipeg,57,05PD008,1995-03-01,322.683
Lake of the Woods,Nelson-Winnipeg,57,05PD008,1995-04-01,322.716
Lake of the Woods,Nelson-Winnipeg,57,05PD008,1995-05-01,322.726
Lake of the Woods,Nelson-Winnipeg,57,05PD008,1995-06-01,322.715
Lake of the Woods,Nelson-Winnipeg,57,05PD008,1995-07-01,322.781
Lake of the Woods,Nelson-Winnipeg,57,05PD008,1995-08-01,322.789
Lake of the Woods,Nelson-Winnipeg,57,05PD008,1995-09-01,322.756
Lake of the Woods,Nelson-Winnipeg,57,05PD008,1995-10-01,322.824
Lake of the Woods,Nelson-Winnipeg,57,05PD008,1995-11-01,322.967
Lake of the Woods,Nelson-Winnipeg,57,05PD008,1995-12-01,322.943
Lake of the Woods,Nelson-Winnipeg,57,05PD008,1996-01-01,322.855
Lake of the Woods,Nelson-Winnipeg,57,05PD008,1996-02-01,322.715
Lake of the Woods,Nelson-Winnipeg,57,05PD008,1996-03-01,322.581
Lake of the Woods,Nelson-Winnipeg,57,05PD008,1996-04-01,322.473
Lake of the Woods,Nelson-Winnipeg,57,05PD008,1996-05-01,323.1
Lake of the Woods,Nelson-Winnipeg,57,05PD008,1996-06-01,323.392
Lake of the Woods,Nelson-Winnipeg,57,05PD008,1996-07-01,323.278
Lake of the Woods,Nelson-Winnipeg,57,05PD008,1996-08-01,323.187
Lake of the Woods,Nelson-Winnipeg,57,05PD008,1996-09-01,323.143
Lake of the Woods,Nelson-Winnipeg,57,05PD008,1996-10-01,323.076
Lake of the Woods,Nelson-Winnipeg,57,05PD008,1996-11-01,323.131
Lake of the Woods,Nelson-Winnipeg,57,05PD008,1996-12-01,323.168
Lake of the Woods,Nelson-Winnipeg,57,05PD008,1997-01-01,323.013
Lake of the Woods,Nelson-Winnipeg,57,05PD008,1997-02-01,322.821
Lake of the Woods,Nelson-Winnipeg,57,05PD008,1997-03-01,322.572
Lake of the Woods,Nelson-Winnipeg,57,05PD008,1997-04-01,322.649
Lake of the Woods,Nelson-Winnipeg,57,05PD008,1997-05-01,322.938
Lake of the Woods,Nelson-Winnipeg,57,05PD008,1997-06-01,322.934
Lake of the Woods,Nelson-Winnipeg,57,05PD008,1997-07-01,323.031
Lake of the Woods,Nelson-Winnipeg,57,05PD008,1997-08-01,322.939
Lake of the Woods,Nelson-Winnipeg,57,05PD008,1997-09-01,322.803
Lake of the Woods,Nelson-Winnipeg,57,05PD008,1997-10-01,322.762
Lake of the Woods,Nelson-Winnipeg,57,05PD008,1997-11-01,322.727
Lake of the Woods,Nelson-Winnipeg,57,05PD008,1997-12-01,322.641
Lake of the Woods,Nelson-Winnipeg,57,05PD008,1998-01-01,322.561
Lake of the Woods,Nelson-Winnipeg,57,05PD008,1998-02-01,322.492
Lake of the Woods,Nelson-Winnipeg,57,05PD008,1998-03-01,322.512
Lake of the Woods,Nelson-Winnipeg,57,05PD008,1998-04-01,322.531
Lake of the Woods,Nelson-Winnipeg,57,05PD008,1998-05-01,322.696
Lake of the Woods,Nelson-Winnipeg,57,05PD008,1998-06-01,322.873
Lake of the Woods,Nelson-Winnipeg,57,05PD008,1998-07-01,322.937
Lake of the Woods,Nelson-Winnipeg,57,05PD008,1998-08-01,322.847
Lake of the Woods,Nelson-Winnipeg,57,05PD008,1998-09-01,322.753
Lake of the Woods,Nelson-Winnipeg,57,05PD008,1998-10-01,322.664
Lake of the Woods,Nelson-Winnipeg,57,05PD008,1998-11-01,322.693
Lake of the Woods,Nelson-Winnipeg,57,05PD008,1998-12-01,322.635
Lake of the Woods,Nelson-Winnipeg,57,05PD008,1999-01-01,322.528
Lake of the Woods,Nelson-Winnipeg,57,05PD008,1999-02-01,322.471
Lake of the Woods,Nelson-Winnipeg,57,05PD008,1999-03-01,322.373
Lake of the Woods,Nelson-Winnipeg,57,05PD008,1999-04-01,322.701
Lake of the Woods,Nelson-Winnipeg,57,05PD008,1999-05-01,323.128
Lake of the Woods,Nelson-Winnipeg,57,05PD008,1999-06-01,323.293
Lake of the Woods,Nelson-Winnipeg,57,05PD008,1999-07-01,323.254
Lake of the Woods,Nelson-Winnipeg,57,05PD008,1999-08-01,323.177
Lake of the Woods,Nelson-Winnipeg,57,05PD008,1999-09-01,323.221
Lake of the Woods,Nelson-Winnipeg,57,05PD008,1999-10-01,323.164
Lake of the Woods,Nelson-Winnipeg,57,05PD008,1999-11-01,323.026
Lake of the Woods,Nelson-Winnipeg,57,05PD008,1999-12-01,322.891
Lake of the Woods,Nelson-Winnipeg,57,05PD008,2000-01-01,322.786
Lake of the Woods,Nelson-Winnipeg,57,05PD008,2000-02-01,322.689
Lake of the Woods,Nelson-Winnipeg,57,05PD008,2000-03-01,322.621
Lake of the Woods,Nelson-Winnipeg,57,05PD008,2000-04-01,322.618
Lake of the Woods,Nelson-Winnipeg,57,05PD008,2000-05-01,322.687
Lake of the Woods,Nelson-Winnipeg,57,05PD008,2000-06-01,322.912
Lake of the Woods,Nelson-Winnipeg,57,05PD008,2000-07-01,323.236
Lake of the Woods,Nelson-Winnipeg,57,05PD008,2000-08-01,323.196
Lake of the Woods,Nelson-Winnipeg,57,05PD008,2000-09-01,323.134
Lake of the Woods,Nelson-Winnipeg,57,05PD008,2000-10-01,322.974
Lake of the Woods,Nelson-Winnipeg,57,05PD008,2000-11-01,323.153
Lake of the Woods,Nelson-Winnipeg,57,05PD008,2000-12-01,323.06
Lake of the Woods,Nelson-Winnipeg,57,05PD008,2001-01-01,322.933
Lake of the Woods,Nelson-Winnipeg,57,05PD008,2001-02-01,322.793
Lake of the Woods,Nelson-Winnipeg,57,05PD008,2001-03-01,322.656
Lake of the Woods,Nelson-Winnipeg,57,05PD008,2001-04-01,322.837
Lake of the Woods,Nelson-Winnipeg,57,05PD008,2001-05-01,323.266
Lake of the Woods,Nelson-Winnipeg,57,05PD008,2001-06-01,323.625
Lake of the Woods,Nelson-Winnipeg,57,05PD008,2001-07-01,323.46
Lake of the Woods,Nelson-Winnipeg,57,05PD008,2001-08-01,323.408
Lake of the Woods,Nelson-Winnipeg,57,05PD008,2001-09-01,323.143
Lake of the Woods,Nelson-Winnipeg,57,05PD008,2001-10-01,322.915
Lake of the Woods,Nelson-Winnipeg,57,05PD008,2001-11-01,322.89
Lake of the Woods,Nelson-Winnipeg,57,05PD008,2001-12-01,322.865
Lake of the Woods,Nelson-Winnipeg,57,05PD008,2002-01-01,322.813
Lake of the Woods,Nelson-Winnipeg,57,05PD008,2002-02-01,322.68
Lake of the Woods,Nelson-Winnipeg,57,05PD008,2002-03-01,322.541
Lake of the Woods,Nelson-Winnipeg,57,05PD008,2002-04-01,322.461
Lake of the Woods,Nelson-Winnipeg,57,05PD008,2002-05-01,322.544
Lake of the Woods,Nelson-Winnipeg,57,05PD008,2002-06-01,323.107
Lake of the Woods,Nelson-Winnipeg,57,05PD008,2002-07-01,323.641
Lake of the Woods,Nelson-Winnipeg,57,05PD008,2002-08-01,323.223
Lake of the Woods,Nelson-Winnipeg,57,05PD008,2002-09-01,322.911
Lake of the Woods,Nelson-Winnipeg,57,05PD008,2002-10-01,322.693
Lake of the Woods,Nelson-Winnipeg,57,05PD008,2002-11-01,322.594
Lake of the Woods,Nelson-Winnipeg,57,05PD008,2002-12-01,323.0
Lake of the Woods,Nelson-Winnipeg,57,05PD008,2003-01-01,322.48
Lake of the Woods,Nelson-Winnipeg,57,05PD008,2003-02-01,322.416
Lake of the Woods,Nelson-Winnipeg,57,05PD008,2003-03-01,322.357
Lake of the Woods,Nelson-Winnipeg,57,05PD008,2003-04-01,322.369
Lake of the Woods,Nelson-Winnipeg,57,05PD008,2003-05-01,322.4
Lake of the Woods,Nelson-Winnipeg,57,05PD008,2003-06-01,322.455
Lake of the Woods,Nelson-Winnipeg,57,05PD008,2003-07-01,322.498
Lake of the Woods,Nelson-Winnipeg,57,05PD008,2003-08-01,322.43
Lake of the Woods,Nelson-Winnipeg,57,05PD008,2003-09-01,322.426
Lake of the Woods,Nelson-Winnipeg,57,05PD008,2003-10-01,322.425
Lake of the Woods,Nelson-Winnipeg,57,05PD008,2003-11-01,322.427
Lake of the Woods,Nelson-Winnipeg,57,05PD008,2003-12-01,322.434
Lake of the Woods,Nelson-Winnipeg,57,05PD008,2004-01-01,322.452
Lake of the Woods,Nelson-Winnipeg,57,05PD008,2004-02-01,322.432
Lake of the Woods,Nelson-Winnipeg,57,05PD008,2004-03-01,322.396
Lake of the Woods,Nelson-Winnipeg,57,05PD008,2004-04-01,322.584
Lake of the Woods,Nelson-Winnipeg,57,05PD008,2004-05-01,322.966
Lake of the Woods,Nelson-Winnipeg,57,05PD008,2004-06-01,323.302
Lake of the Woods,Nelson-Winnipeg,57,05PD008,2004-07-01,323.155
Lake of the Woods,Nelson-Winnipeg,57,05PD008,2004-08-01,322.963
Lake of the Woods,Nelson-Winnipeg,57,05PD008,2004-09-01,323.008
Lake of the Woods,Nelson-Winnipeg,57,05PD008,2004-10-01,322.98
Lake of the Woods,Nelson-Winnipeg,57,05PD008,2004-11-01,323.091
Lake of the Woods,Nelson-Winnipeg,57,05PD008,2004-12-01,322.995
Lake of the Woods,Nelson-Winnipeg,57,05PD008,2005-01-01,322.929
Lake of the Woods,Nelson-Winnipeg,57,05PD008,2005-02-01,322.819
Lake of the Woods,Nelson-Winnipeg,57,05PD008,2005-03-01,322.633
Lake of the Woods,Nelson-Winnipeg,57,05PD008,2005-04-01,322.705
Lake of the Woods,Nelson-Winnipeg,57,05PD008,2005-05-01,322.938
Lake of the Woods,Nelson-Winnipeg,57,05PD008,2005-06-01,323.339
Lake of the Woods,Nelson-Winnipeg,57,05PD008,2005-07-01,323.394
Lake of the Woods,Nelson-Winnipeg,57,05PD008,2005-08-01,323.083
Lake of the Woods,Nelson-Winnipeg,57,05PD008,2005-09-01,322.948
Lake of the Woods,Nelson-Winnipeg,57,05PD008,2005-10-01,322.829
Lake of the Woods,Nelson-Winnipeg,57,05PD008,2005-11-01,322.891
Lake of the Woods,Nelson-Winnipeg,57,05PD008,2005-12-01,322.889
Lake of the Woods,Nelson-Winnipeg,57,05PD008,2006-01-01,322.777
Lake of the Woods,Nelson-Winnipeg,57,05PD008,2006-02-01,322.606
Lake of the Woods,Nelson-Winnipeg,57,05PD008,2006-03-01,322.421
Lake of the Woods,Nelson-Winnipeg,57,05PD008,2006-04-01,322.636
Lake of the Woods,Nelson-Winnipeg,57,05PD008,2006-05-01,322.81
Lake of the Woods,Nelson-Winnipeg,57,05PD008,2006-06-01,322.726
Lake of the Woods,Nelson-Winnipeg,57,05PD008,2006-07-01,322.647
Lake of the Woods,Nelson-Winnipeg,57,05PD008,2006-08-01,322.59
Lake of the Woods,Nelson-Winnipeg,57,05PD008,2006-09-01,322.511
Lake of the Woods,Nelson-Winnipeg,57,05PD008,2006-10-01,322.484
Lake of the Woods,Nelson-Winnipeg,57,05PD008,2006-11-01,322.46
Lake of the Woods,Nelson-Winnipeg,57,05PD008,2006-12-01,322.465
Lake of the Woods,Nelson-Winnipeg,57,05PD008,2007-01-01,322.415
Lake of the Woods,Nelson-Winnipeg,57,05PD008,2007-02-01,322.343
Lake of the Woods,Nelson-Winnipeg,57,05PD008,2007-03-01,322.301
Lake of the Woods,Nelson-Winnipeg,57,05PD008,2007-04-01,322.373
Lake of the Woods,Nelson-Winnipeg,57,05PD008,2007-05-01,322.423
Lake of the Woods,Nelson-Winnipeg,57,05PD008,2007-06-01,322.715
Lake of the Woods,Nelson-Winnipeg,57,05PD008,2007-07-01,323.047
Lake of the Woods,Nelson-Winnipeg,57,05PD008,2007-08-01,322.967
Lake of the Woods,Nelson-Winnipeg,57,05PD008,2007-09-01,322.837
Lake of the Woods,Nelson-Winnipeg,57,05PD008,2007-10-01,322.95
Lake of the Woods,Nelson-Winnipeg,57,05PD008,2007-11-01,323.075
Lake of the Woods,Nelson-Winnipeg,57,05PD008,2007-12-01,322.95
Lake of the Woods,Nelson-Winnipeg,57,05PD008,2008-01-01,322.847
Lake of the Woods,Nelson-Winnipeg,57,05PD008,2008-02-01,322.676
Lake of the Woods,Nelson-Winnipeg,57,05PD008,2008-03-01,322.513
Lake of the Woods,Nelson-Winnipeg,57,05PD008,2008-04-01,322.428
Lake of the Woods,Nelson-Winnipeg,57,05PD008,2008-05-01,322.822
Lake of the Woods,Nelson-Winnipeg,57,05PD008,2008-06-01,323.164
Lake of the Woods,Nelson-Winnipeg,57,05PD008,2008-07-01,323.334
Lake of the Woods,Nelson-Winnipeg,57,05PD008,2008-08-01,323.105
Lake of the Woods,Nelson-Winnipeg,57,05PD008,2008-09-01,322.882
Lake of the Woods,Nelson-Winnipeg,57,05PD008,2008-10-01,322.88
Lake of the Woods,Nelson-Winnipeg,57,05PD008,2008-11-01,322.979
Lake of the Woods,Nelson-Winnipeg,57,05PD008,2008-12-01,322.908
Lake of the Woods,Nelson-Winnipeg,57,05PD008,2009-01-01,322.798
Lake of the Woods,Nelson-Winnipeg,57,05PD008,2009-02-01,322.655
Lake of the Woods,Nelson-Winnipeg,57,05PD008,2009-03-01,322.51
Lake of the Woods,Nelson-Winnipeg,57,05PD008,2009-04-01,322.75
Lake of the Woods,Nelson-Winnipeg,57,05PD008,2009-05-01,323.16
Lake of the Woods,Nelson-Winnipeg,57,05PD008,2009-06-01,323.284
Lake of the Woods,Nelson-Winnipeg,57,05PD008,2009-07-01,323.031
Lake of the Woods,Nelson-Winnipeg,57,05PD008,2009-08-01,322.987
Lake of the Woods,Nelson-Winnipeg,57,05PD008,2009-09-01,323.086
Lake of the Woods,Nelson-Winnipeg,57,05PD008,2009-10-01,322.904
Lake of the Woods,Nelson-Winnipeg,57,05PD008,2009-11-01,322.83
Lake of the Woods,Nelson-Winnipeg,57,05PD008,2009-12-01,322.795
Lake of the Woods,Nelson-Winnipeg,57,05PD008,2010-01-01,322.702
Lake of the Woods,Nelson-Winnipeg,57,05PD008,2010-02-01,322.565
Lake of the Woods,Nelson-Winnipeg,57,05PD008,2010-03-01,322.45
Lake of the Woods,Nelson-Winnipeg,57,05PD008,2010-04-01,322.423
Lake of the Woods,Nelson-Winnipeg,57,05PD008,2010-05-01,322.545
Lake of the Woods,Nelson-Winnipeg,57,05PD008,2010-06-01,322.845
Lake of the Woods,Nelson-Winnipeg,57,05PD008,2010-07-01,323.113
Lake of the Woods,Nelson-Winnipeg,57,05PD008,2010-08-01,323.115
Lake of the Woods,Nelson-Winnipeg,57,05PD008,2010-09-01,322.96
Lake of the Woods,Nelson-Winnipeg,57,05PD008,2010-10-01,323.052
Lake of the Woods,Nelson-Winnipeg,57,05PD008,2010-11-01,322.948
Lake of the Woods,Nelson-Winnipeg,57,05PD008,2010-12-01,322.842
Lake of the Woods,Nelson-Winnipeg,57,05PD008,2011-01-01,322.76
Lake of the Woods,Nelson-Winnipeg,57,05PD008,2011-02-01,322.629
Lake of the Woods,Nelson-Winnipeg,57,05PD008,2011-03-01,322.478
Lake of the Woods,Nelson-Winnipeg,57,05PD008,2011-04-01,322.657
Lake of the Woods,Nelson-Winnipeg,57,05PD008,2011-05-01,323.047
Lake of the Woods,Nelson-Winnipeg,57,05PD008,2011-06-01,322.929
Lake of the Woods,Nelson-Winnipeg,57,05PD008,2011-07-01,322.93
Lake of the Woods,Nelson-Winnipeg,57,05PD008,2011-08-01,322.826
Lake of the Woods,Nelson-Winnipeg,57,05PD008,2011-09-01,322.724
Lake of the Woods,Nelson-Winnipeg,57,05PD008,2011-10-01,322.685
Lake of the Woods,Nelson-Winnipeg,57,05PD008,2011-11-01,322.622
Lake of the Woods,Nelson-Winnipeg,57,05PD008,2011-12-01,322.529
Lake of the Woods,Nelson-Winnipeg,57,05PD008,2012-01-01,322.459
Lake of the Woods,Nelson-Winnipeg,57,05PD008,2012-02-01,322.374
Lake of the Woods,Nelson-Winnipeg,57,05PD008,2012-03-01,322.357
Lake of the Woods,Nelson-Winnipeg,57,05PD008,2012-04-01,322.537
Lake of the Woods,Nelson-Winnipeg,57,05PD008,2012-05-01,322.709
Lake of the Woods,Nelson-Winnipeg,57,05PD008,2012-06-01,322.905
Lake of the Woods,Nelson-Winnipeg,57,05PD008,2012-07-01,322.998
Lake of the Woods,Nelson-Winnipeg,57,05PD008,2012-08-01,322.938
Lake of the Woods,Nelson-Winnipeg,57,05PD008,2012-09-01,322.8
Lake of the Woods,Nelson-Winnipeg,57,05PD008,2012-10-01,322.755
Lake of the Woods,Nelson-Winnipeg,57,05PD008,2012-11-01,322.728
Lake of the Woods,Nelson-Winnipeg,57,05PD008,2012-12-01,322.677
Lake of the Woods,Nelson-Winnipeg,57,05PD008,2013-01-01,322.653
Lake of the Woods,Nelson-Winnipeg,57,05PD008,2013-02-01,322.567
Lake of the Woods,Nelson-Winnipeg,57,05PD008,2013-03-01,322.459
Lake of the Woods,Nelson-Winnipeg,57,05PD008,2013-04-01,322.339
Lake of the Woods,Nelson-Winnipeg,57,05PD008,2013-05-01,322.727
Lake of the Woods,Nelson-Winnipeg,57,05PD008,2013-06-01,323.202
Lake of the Woods,Nelson-Winnipeg,57,05PD008,2013-07-01,323.102
Lake of the Woods,Nelson-Winnipeg,57,05PD008,2013-08-01,322.994
Lake of the Woods,Nelson-Winnipeg,57,05PD008,2013-09-01,322.92
Lake of the Woods,Nelson-Winnipeg,57,05PD008,2013-10-01,322.816
Lake of the Woods,Nelson-Winnipeg,57,05PD008,2013-11-01,322.703
Lake of the Woods,Nelson-Winnipeg,57,05PD008,2013-12-01,322.672
Lake of the Woods,Nelson-Winnipeg,57,05PD008,2014-01-01,322.621
Lake of the Woods,Nelson-Winnipeg,57,05PD008,2014-02-01,322.533
Lake of the Woods,Nelson-Winnipeg,57,05PD008,2014-03-01,322.405
Lake of the Woods,Nelson-Winnipeg,57,05PD008,2014-04-01,322.409
Lake of the Woods,Nelson-Winnipeg,57,05PD008,2014-05-01,322.915
Lake of the Woods,Nelson-Winnipeg,57,05PD008,2014-06-01,323.46
Lake of the Woods,Nelson-Winnipeg,57,05PD008,2014-07-01,323.808
Lake of the Woods,Nelson-Winnipeg,57,05PD008,2014-08-01,323.568
Lake of the Woods,Nelson-Winnipeg,57,05PD008,2014-09-01,323.045
Lake of the Woods,Nelson-Winnipeg,57,05PD008,2014-10-01,322.856
Lake of the Woods,Nelson-Winnipeg,57,05PD008,2014-11-01,322.767
Lake of the Woods,Nelson-Winnipeg,57,05PD008,2014-12-01,322.707
Lake of the Woods,Nelson-Winnipeg,57,05PD008,2015-01-01,322.646
Lake of the Woods,Nelson-Winnipeg,57,05PD008,2015-02-01,322.549
Lake of the Woods,Nelson-Winnipeg,57,05PD008,2015-03-01,322.417
Lake of the Woods,Nelson-Winnipeg,57,05PD008,2015-04-01,322.398
Lake of the Woods,Nelson-Winnipeg,57,05PD008,2015-05-01,322.528
Lake of the Woods,Nelson-Winnipeg,57,05PD008,2015-06-01,322.859
Lake of the Woods,Nelson-Winnipeg,57,05PD008,2015-07-01,322.996
Lake of the Woods,Nelson-Winnipeg,57,05PD008,2015-08-01,322.927
Lake of the Woods,Nelson-Winnipeg,57,05PD008,2015-09-01,322.928
Lake of the Woods,Nelson-Winnipeg,57,05PD008,2015-10-01,322.822
Lake of the Woods,Nelson-Winnipeg,57,05PD008,2015-11-01,322.88
Lake of the Woods,Nelson-Winnipeg,57,05PD008,2015-12-01,322.906
Lake of the Woods,Nelson-Winnipeg,57,05PD008,2016-01-01,322.748
Lake of the Woods,Nelson-Winnipeg,57,05PD008,2016-02-01,322.552
Lake of the Woods,Nelson-Winnipeg,57,05PD008,2016-03-01,322.508
Lake of the Woods,Nelson-Winnipeg,57,05PD008,2016-04-01,322.675
Lake of the Woods,Nelson-Winnipeg,57,05PD008,2016-05-01,322.791
Lake of the Woods,Nelson-Winnipeg,57,05PD008,2016-06-01,322.827
Lake of the Woods,Nelson-Winnipeg,57,05PD008,2016-07-01,323.056
Lake of the Woods,Nelson-Winnipeg,57,05PD008,2016-08-01,322.941
Lake of the Woods,Nelson-Winnipeg,57,05PD008,2016-09-01,322.934
Lake of the Woods,Nelson-Winnipeg,57,05PD008,2016-10-01,322.865
Lake of the Woods,Nelson-Winnipeg,57,05PD008,2016-11-01,322.761
Lake of the Woods,Nelson-Winnipeg,57,05PD008,2016-12-01,322.731
Lake of the Woods,Nelson-Winnipeg,57,05PD008,2017-01-01,322.697
Lake of the Woods,Nelson-Winnipeg,57,05PD008,2017-02-01,322.614
Lake of the Woods,Nelson-Winnipeg,57,05PD008,2017-03-01,322.571
Lake of the Woods,Nelson-Winnipeg,57,05PD008,2017-04-01,322.66
Lake of the Woods,Nelson-Winnipeg,57,05PD008,2017-05-01,322.737
Lake of the Woods,Nelson-Winnipeg,57,05PD008,2017-06-01,322.786
Lake of the Woods,Nelson-Winnipeg,57,05PD008,2017-07-01,322.942
Lake of the Woods,Nelson-Winnipeg,57,05PD008,2017-08-01,322.973
Lake of the Woods,Nelson-Winnipeg,57,05PD008,2017-09-01,322.924
Lake of the Woods,Nelson-Winnipeg,57,05PD008,2017-10-01,322.978
Lake of the Woods,Nelson-Winnipeg,57,05PD008,2017-11-01,322.856
Lake of the Woods,Nelson-Winnipeg,57,05PD008,2017-12-01,322.742
Lake of the Woods,Nelson-Winnipeg,57,05PD008,2018-01-01,322.652
Lake of the Woods,Nelson-Winnipeg,57,05PD008,2018-02-01,322.558
Lake of the Woods,Nelson-Winnipeg,57,05PD008,2018-03-01,322.438
Lake of the Woods,Nelson-Winnipeg,57,05PD008,2018-04-01,322.336
Lake of the Woods,Nelson-Winnipeg,57,05PD008,2018-05-01,322.521
Lake of the Woods,Nelson-Winnipeg,57,05PD008,2018-06-01,322.719
Lake of the Woods,Nelson-Winnipeg,57,05PD008,2018-07-01,322.903
Lake of the Woods,Nelson-Winnipeg,57,05PD008,2018-08-01,322.857
Lake of the Woods,Nelson-Winnipeg,57,05PD008,2018-09-01,322.767
Lake of the Woods,Nelson-Winnipeg,57,05PD008,2018-10-01,322.896
Lake of the Woods,Nelson-Winnipeg,57,05PD008,2018-11-01,322.947
Lake of the Woods,Nelson-Winnipeg,57,05PD008,2018-12-01,322.794
Lake of the Woods,Nelson-Winnipeg,57,05PD008,2019-01-01,322.665
Lake of the Woods,Nelson-Winnipeg,57,05PD008,2019-02-01,322.568
Lake of the Woods,Nelson-Winnipeg,57,05PD008,2019-03-01,322.52
Lake of the Woods,Nelson-Winnipeg,57,05PD008,2019-04-01,322.57
Lake of the Woods,Nelson-Winnipeg,57,05PD008,2019-05-01,322.804
Lake of the Woods,Nelson-Winnipeg,57,05PD008,2019-06-01,322.911
Lake of the Woods,Nelson-Winnipeg,57,05PD008,2019-07-01,322.958
Lake of the Woods,Nelson-Winnipeg,57,05PD008,2019-08-01,322.936
Lake of the Woods,Nelson-Winnipeg,57,05PD008,2019-09-01,322.974
Lake of the Woods,Nelson-Winnipeg,57,05PD008,2019-10-01,323.337
Lake of the Woods,Nelson-Winnipeg,57,05PD008,2019-11-01,323.302
Lake of the Woods,Nelson-Winnipeg,57,05PD008,2019-12-01,323.056
Lake of the Woods,Nelson-Winnipeg,57,05PD008,2020-01-01,322.83
Lake of the Woods,Nelson-Winnipeg,57,05PD008,2020-02-01,322.63
Lake of the Woods,Nelson-Winnipeg,57,05PD008,2020-03-01,322.445
Lake of the Woods,Nelson-Winnipeg,57,05PD008,2020-04-01,322.537
Lake of the Woods,Nelson-Winnipeg,57,05PD008,2020-05-01,322.651
Lake of the Woods,Nelson-Winnipeg,57,05PD008,2020-06-01,322.746
Lake of the Woods,Nelson-Winnipeg,57,05PD008,2020-07-01,322.782
Lake of the Woods,Nelson-Winnipeg,57,05PD008,2020-08-01,322.679
Lake of the Woods,Nelson-Winnipeg,57,05PD008,2020-09-01,322.61
Lake of the Woods,Nelson-Winnipeg,57,05PD008,2020-10-01,322.542
Lake of the Woods,Nelson-Winnipeg,57,05PD008,2020-11-01,322.541
Lake of the Woods,Nelson-Winnipeg,57,05PD008,2020-12-01,322.508
Lake of the Woods,Nelson-Winnipeg,57,05PD008,2021-01-01,322.482
Lake of the Woods,Nelson-Winnipeg,57,05PD008,2021-02-01,322.468
Lake of the Woods,Nelson-Winnipeg,57,05PD008,2021-03-01,322.437
Lake of the Woods,Nelson-Winnipeg,57,05PD008,2021-04-01,322.555
Lake of the Woods,Nelson-Winnipeg,57,05PD008,2021-05-01,322.738
Lake of the Woods,Nelson-Winnipeg,57,05PD008,2021-06-01,
Lake of the Woods,Nelson-Winnipeg,57,05PD008,2021-07-01,322.654
Lake of the Woods,Nelson-Winnipeg,57,05PD008,2021-08-01,322.556
Lake of the Woods,Nelson-Winnipeg,57,05PD008,2021-09-01,322.518
Lake of the Woods,Nelson-Winnipeg,57,05PD008,2021-10-01,322.504
Lake of the Woods,Nelson-Winnipeg,57,05PD008,2021-11-01,322.572
Lake of the Woods,Nelson-Winnipeg,57,05PD008,2021-12-01,322.583
Lake of the Woods,Nelson-Winnipeg,57,05PD008,2022-01-01,322.613
Lake of the Woods,Nelson-Winnipeg,57,05PD008,2022-02-01,322.61
Lake of the Woods,Nelson-Winnipeg,57,05PD008,2022-03-01,322.506
Lake of the Woods,Nelson-Winnipeg,57,05PD008,2022-04-01,322.598
Lake of the Woods,Nelson-Winnipeg,57,05PD008,2022-05-01,323.562
Lake of the Woods,Nelson-Winnipeg,57,05PD008,2022-06-01,324.078
Lake of the Woods,Nelson-Winnipeg,57,05PD008,2022-07-01,324.11
Lake of the Woods,Nelson-Winnipeg,57,05PD008,2022-08-01,323.778
Lake of the Woods,Nelson-Winnipeg,57,05PD008,2022-09-01,323.226
Lake of the Woods,Nelson-Winnipeg,57,05PD008,2022-10-01,322.86
Lake of the Woods,Nelson-Winnipeg,57,05PD008,2022-11-01,322.747
Lake of the Woods,Nelson-Winnipeg,57,05PD008,2022-12-01,322.682
Lake of the Woods,Nelson-Winnipeg,57,05PD008,2023-01-01,322.606
Lake of the Woods,Nelson-Winnipeg,57,05PD008,2023-02-01,322.476
Lake of the Woods,Nelson-Winnipeg,57,05PD008,2023-03-01,322.433
Lake of the Woods,Nelson-Winnipeg,57,05PD008,2023-04-01,322.544
Lake of the Woods,Nelson-Winnipeg,57,05PD008,2023-05-01,322.923
Lake of the Woods,Nelson-Winnipeg,57,05PD008,2023-06-01,323.041
Lake of the Woods,Nelson-Winnipeg,57,05PD008,2023-07-01,322.892
Lake of the Woods,Nelson-Winnipeg,57,05PD008,2023-08-01,322.776
Lake of the Woods,Nelson-Winnipeg,57,05PD008,2023-09-01,322.675
Lake of the Woods,Nelson-Winnipeg,57,05PD008,2023-10-01,322.695
Lake of the Woods,Nelson-Winnipeg,57,05PD008,2023-11-01,322.718
Lake of the Woods,Nelson-Winnipeg,57,05PD008,2023-12-01,322.651
Lake of the Woods,Nelson-Winnipeg,57,05PD008,2024-01-01,322.605
Lake of the Woods,Nelson-Winnipeg,57,05PD008,2024-02-01,322.541
Lake of the Woods,Nelson-Winnipeg,57,05PD008,2024-03-01,322.471
Lake of the Woods,Nelson-Winnipeg,57,05PD008,2024-04-01,322.464
Lake of the Woods,Nelson-Winnipeg,57,05PD008,2024-05-01,322.726
Lake of the Woods,Nelson-Winnipeg,57,05PD008,2024-06-01,323.178
Lake of the Woods,Nelson-Winnipeg,57,05PD008,2024-07-01,323.349
Lake of the Woods,Nelson-Winnipeg,57,05PD008,2024-08-01,323.095
Lake of the Woods,Nelson-Winnipeg,57,05PD008,2024-09-01,322.829
Lake of the Woods,Nelson-Winnipeg,57,05PD008,2024-10-01,322.716
Lake of the Woods,Nelson-Winnipeg,57,05PD008,2024-11-01,322.684
Lake of the Woods,Nelson-Winnipeg,57,05PD008,2024-12-01,322.64
Lake of the Woods,Nelson-Winnipeg,57,05PE014,1994-01-01,322.739
Lake of the Woods,Nelson-Winnipeg,57,05PE014,1994-02-01,322.641
Lake of the Woods,Nelson-Winnipeg,57,05PE014,1994-03-01,322.495
Lake of the Woods,Nelson-Winnipeg,57,05PE014,1994-04-01,322.404
Lake of the Woods,Nelson-Winnipeg,57,05PE014,1994-05-01,322.494
Lake of the Woods,Nelson-Winnipeg,57,05PE014,1994-06-01,322.638
Lake of the Woods,Nelson-Winnipeg,57,05PE014,1994-07-01,322.937
Lake of the Woods,Nelson-Winnipeg,57,05PE014,1994-08-01,323.047
Lake of the Woods,Nelson-Winnipeg,57,05PE014,1994-09-01,323.035
Lake of the Woods,Nelson-Winnipeg,57,05PE014,1994-10-01,322.971
Lake of the Woods,Nelson-Winnipeg,57,05PE014,1994-11-01,322.984
Lake of the Woods,Nelson-Winnipeg,57,05PE014,1994-12-01,322.952
Lake of the Woods,Nelson-Winnipeg,57,05PE014,1995-01-01,322.853
Lake of the Woods,Nelson-Winnipeg,57,05PE014,1995-02-01,322.704
Lake of the Woods,Nelson-Winnipeg,57,05PE014,1995-03-01,322.589
Lake of the Woods,Nelson-Winnipeg,57,05PE014,1995-04-01,322.614
Lake of the Woods,Nelson-Winnipeg,57,05PE014,1995-05-01,322.643
Lake of the Woods,Nelson-Winnipeg,57,05PE014,1995-06-01,322.641
Lake of the Woods,Nelson-Winnipeg,57,05PE014,1995-07-01,322.702
Lake of the Woods,Nelson-Winnipeg,57,05PE014,1995-08-01,322.749
Lake of the Woods,Nelson-Winnipeg,57,05PE014,1995-09-01,322.683
Lake of the Woods,Nelson-Winnipeg,57,05PE014,1995-10-01,322.726
Lake of the Woods,Nelson-Winnipeg,57,05PE014,1995-11-01,322.864
Lake of the Woods,Nelson-Winnipeg,57,05PE014,1995-12-01,322.843
Lake of the Woods,Nelson-Winnipeg,57,05PE014,1996-01-01,322.745
Lake of the Woods,Nelson-Winnipeg,57,05PE014,1996-02-01,322.611
Lake of the Woods,Nelson-Winnipeg,57,05PE014,1996-03-01,322.453
Lake of the Woods,Nelson-Winnipeg,57,05PE014,1996-04-01,322.345
Lake of the Woods,Nelson-Winnipeg,57,05PE014,1996-05-01,322.94
Lake of the Woods,Nelson-Winnipeg,57,05PE014,1996-06-01,323.191
Lake of the Woods,Nelson-Winnipeg,57,05PE014,1996-07-01,323.116
Lake of the Woods,Nelson-Winnipeg,57,05PE014,1996-08-01,323.116
Lake of the Woods,Nelson-Winnipeg,57,05PE014,1996-09-01,323.077
Lake of the Woods,Nelson-Winnipeg,57,05PE014,1996-10-01,322.986
Lake of the Woods,Nelson-Winnipeg,57,05PE014,1996-11-01,323.009
Lake of the Woods,Nelson-Winnipeg,57,05PE014,1996-12-01,323.041
Lake of the Woods,Nelson-Winnipeg,57,05PE014,1997-01-01,322.88
Lake of the Woods,Nelson-Winnipeg,57,05PE014,1997-02-01,322.677
Lake of the Woods,Nelson-Winnipeg,57,05PE014,1997-03-01,322.399
Lake of the Woods,Nelson-Winnipeg,57,05PE014,1997-04-01,322.452
Lake of the Woods,Nelson-Winnipeg,57,05PE014,1997-05-01,322.754
Lake of the Woods,Nelson-Winnipeg,57,05PE014,1997-06-01,322.842
Lake of the Woods,Nelson-Winnipeg,57,05PE014,1997-07-01,322.951
Lake of the Woods,Nelson-Winnipeg,57,05PE014,1997-08-01,322.872
Lake of the Woods,Nelson-Winnipeg,57,05PE014,1997-09-01,322.729
Lake of the Woods,Nelson-Winnipeg,57,05PE014,1997-10-01,322.701
Lake of the Woods,Nelson-Winnipeg,57,05PE014,1997-11-01,322.649
Lake of the Woods,Nelson-Winnipeg,57,05PE014,1997-12-01,322.573
Lake of the Woods,Nelson-Winnipeg,57,05PE014,1998-01-01,322.484
Lake of the Woods,Nelson-Winnipeg,57,05PE014,1998-02-01,322.413
Lake of the Woods,Nelson-Winnipeg,57,05PE014,1998-03-01,322.437
Lake of the Woods,Nelson-Winnipeg,57,05PE014,1998-04-01,322.462
Lake of the Woods,Nelson-Winnipeg,57,05PE014,1998-05-01,322.607
Lake of the Woods,Nelson-Winnipeg,57,05PE014,1998-06-01,322.803
Lake of the Woods,Nelson-Winnipeg,57,05PE014,1998-07-01,322.859
Lake of the Woods,Nelson-Winnipeg,57,05PE014,1998-08-01,322.769
Lake of the Woods,Nelson-Winnipeg,57,05PE014,1998-09-01,322.664
Lake of the Woods,Nelson-Winnipeg,57,05PE014,1998-10-01,322.611
Lake of the Woods,Nelson-Winnipeg,57,05PE014,1998-11-01,322.613
Lake of the Woods,Nelson-Winnipeg,57,05PE014,1998-12-01,322.564
Lake of the Woods,Nelson-Winnipeg,57,05PE014,1999-01-01,322.452
Lake of the Woods,Nelson-Winnipeg,57,05PE014,1999-02-01,322.39
Lake of the Woods,Nelson-Winnipeg,57,05PE014,1999-03-01,322.288
Lake of the Woods,Nelson-Winnipeg,57,05PE014,1999-04-01,322.619
Lake of the Woods,Nelson-Winnipeg,57,05PE014,1999-05-01,323.006
Lake of the Woods,Nelson-Winnipeg,57,05PE014,1999-06-01,323.128
Lake of the Woods,Nelson-Winnipeg,57,05PE014,1999-07-01,323.137
Lake of the Woods,Nelson-Winnipeg,57,05PE014,1999-08-01,323.093
Lake of the Woods,Nelson-Winnipeg,57,05PE014,1999-09-01,323.115
Lake of the Woods,Nelson-Winnipeg,57,05PE014,1999-10-01,323.042
Lake of the Woods,Nelson-Winnipeg,57,05PE014,1999-11-01,322.918
Lake of the Woods,Nelson-Winnipeg,57,05PE014,1999-12-01,322.809
Lake of the Woods,Nelson-Winnipeg,57,05PE014,2000-01-01,322.708
Lake of the Woods,Nelson-Winnipeg,57,05PE014,2000-02-01,322.601
Lake of the Woods,Nelson-Winnipeg,57,05PE014,2000-03-01,322.53
Lake of the Woods,Nelson-Winnipeg,57,05PE014,2000-04-01,322.525
Lake of the Woods,Nelson-Winnipeg,57,05PE014,2000-05-01,322.608
Lake of the Woods,Nelson-Winnipeg,57,05PE014,2000-06-01,322.839
Lake of the Woods,Nelson-Winnipeg,57,05PE014,2000-07-01,323.131
Lake of the Woods,Nelson-Winnipeg,57,05PE014,2000-08-01,323.102
Lake of the Woods,Nelson-Winnipeg,57,05PE014,2000-09-01,323.032
Lake of the Woods,Nelson-Winnipeg,57,05PE014,2000-10-01,322.891
Lake of the Woods,Nelson-Winnipeg,57,05PE014,2000-11-01,323.031
Lake of the Woods,Nelson-Winnipeg,57,05PE014,2000-12-01,322.954
Lake of the Woods,Nelson-Winnipeg,57,05PE014,2001-01-01,322.834
Lake of the Woods,Nelson-Winnipeg,57,05PE014,2001-02-01,322.696
Lake of the Woods,Nelson-Winnipeg,57,05PE014,2001-03-01,322.562
Lake of the Woods,Nelson-Winnipeg,57,05PE014,2001-04-01,322.72
Lake of the Woods,Nelson-Winnipeg,57,05PE014,2001-05-01,323.06
Lake of the Woods,Nelson-Winnipeg,57,05PE014,2001-06-01,323.418
Lake of the Woods,Nelson-Winnipeg,57,05PE014,2001-07-01,323.27
Lake of the Woods,Nelson-Winnipeg,57,05PE014,2001-08-01,323.226
Lake of the Woods,Nelson-Winnipeg,57,05PE014,2001-09-01,322.996
Lake of the Woods,Nelson-Winnipeg,57,05PE014,2001-10-01,322.815
Lake of the Woods,Nelson-Winnipeg,57,05PE014,2001-11-01,322.786
Lake of the Woods,Nelson-Winnipeg,57,05PE014,2001-12-01,322.774
Lake of the Woods,Nelson-Winnipeg,57,05PE014,2002-01-01,322.719
Lake of the Woods,Nelson-Winnipeg,57,05PE014,2002-02-01,322.581
Lake of the Woods,Nelson-Winnipeg,57,05PE014,2002-03-01,322.45
Lake of the Woods,Nelson-Winnipeg,57,05PE014,2002-04-01,322.372
Lake of the Woods,Nelson-Winnipeg,57,05PE014,2002-05-01,322.455
Lake of the Woods,Nelson-Winnipeg,57,05PE014,2002-06-01,322.959
Lake of the Woods,Nelson-Winnipeg,57,05PE014,2002-07-01,323.447
Lake of the Woods,Nelson-Winnipeg,57,05PE014,2002-08-01,323.071
Lake of the Woods,Nelson-Winnipeg,57,05PE014,2002-09-01,322.825
Lake of the Woods,Nelson-Winnipeg,57,05PE014,2002-10-01,322.609
Lake of the Woods,Nelson-Winnipeg,57,05PE014,2002-11-01,322.522
Lake of the Woods,Nelson-Winnipeg,57,05PE014,2002-12-01,323.0
Lake of the Woods,Nelson-Winnipeg,57,05PE014,2003-01-01,322.421
Lake of the Woods,Nelson-Winnipeg,57,05PE014,2003-02-01,322.348
Lake of the Woods,Nelson-Winnipeg,57,05PE014,2003-03-01,322.285
Lake of the Woods,Nelson-Winnipeg,57,05PE014,2003-04-01,322.291
Lake of the Woods,Nelson-Winnipeg,57,05PE014,2003-05-01,322.326
Lake of the Woods,Nelson-Winnipeg,57,05PE014,2003-06-01,322.384
Lake of the Woods,Nelson-Winnipeg,57,05PE014,2003-07-01,322.414
Lake of the Woods,Nelson-Winnipeg,57,05PE014,2003-08-01,322.365
Lake of the Woods,Nelson-Winnipeg,57,05PE014,2003-09-01,322.34
Lake of the Woods,Nelson-Winnipeg,57,05PE014,2003-10-01,322.349
Lake of the Woods,Nelson-Winnipeg,57,05PE014,2003-11-01,322.347
Lake of the Woods,Nelson-Winnipeg,57,05PE014,2003-12-01,322.357
Lake of the Woods,Nelson-Winnipeg,57,05PE014,2004-01-01,322.375
Lake of the Woods,Nelson-Winnipeg,57,05PE014,2004-02-01,322.355
Lake of the Woods,Nelson-Winnipeg,57,05PE014,2004-03-01,322.317
Lake of the Woods,Nelson-Winnipeg,57,05PE014,2004-04-01,322.496
Lake of the Woods,Nelson-Winnipeg,57,05PE014,2004-05-01,322.869
Lake of the Woods,Nelson-Winnipeg,57,05PE014,2004-06-01,323.116
Lake of the Woods,Nelson-Winnipeg,57,05PE014,2004-07-01,323.035
Lake of the Woods,Nelson-Winnipeg,57,05PE014,2004-08-01,322.889
Lake of the Woods,Nelson-Winnipeg,57,05PE014,2004-09-01,322.924
Lake of the Woods,Nelson-Winnipeg,57,05PE014,2004-10-01,322.858
Lake of the Woods,Nelson-Winnipeg,57,05PE014,2004-11-01,322.973
Lake of the Woods,Nelson-Winnipeg,57,05PE014,2004-12-01,322.894
Lake of the Woods,Nelson-Winnipeg,57,05PE014,2005-01-01,322.839
Lake of the Woods,Nelson-Winnipeg,57,05PE014,2005-02-01,322.705
Lake of the Woods,Nelson-Winnipeg,57,05PE014,2005-03-01,322.503
Lake of the Woods,Nelson-Winnipeg,57,05PE014,2005-04-01,322.553
Lake of the Woods,Nelson-Winnipeg,57,05PE014,2005-05-01,322.811
Lake of the Woods,Nelson-Winnipeg,57,05PE014,2005-06-01,323.135
Lake of the Woods,Nelson-Winnipeg,57,05PE014,2005-07-01,323.205
Lake of the Woods,Nelson-Winnipeg,57,05PE014,2005-08-01,322.992
Lake of the Woods,Nelson-Winnipeg,57,05PE014,2005-09-01,322.863
Lake of the Woods,Nelson-Winnipeg,57,05PE014,2005-10-01,322.757
Lake of the Woods,Nelson-Winnipeg,57,05PE014,2005-11-01,322.779
Lake of the Woods,Nelson-Winnipeg,57,05PE014,2005-12-01,322.782
Lake of the Woods,Nelson-Winnipeg,57,05PE014,2006-01-01,322.649
Lake of the Woods,Nelson-Winnipeg,57,05PE014,2006-02-01,322.467
Lake of the Woods,Nelson-Winnipeg,57,05PE014,2006-03-01,322.28
Lake of the Woods,Nelson-Winnipeg,57,05PE014,2006-04-01,322.487
Lake of the Woods,Nelson-Winnipeg,57,05PE014,2006-05-01,322.659
Lake of the Woods,Nelson-Winnipeg,57,05PE014,2006-06-01,322.629
Lake of the Woods,Nelson-Winnipeg,57,05PE014,2006-07-01,322.572
Lake of the Woods,Nelson-Winnipeg,57,05PE014,2006-08-01,322.524
Lake of the Woods,Nelson-Winnipeg,57,05PE014,2006-09-01,322.438
Lake of the Woods,Nelson-Winnipeg,57,05PE014,2006-10-01,322.392
Lake of the Woods,Nelson-Winnipeg,57,05PE014,2006-11-01,322.397
Lake of the Woods,Nelson-Winnipeg,57,05PE014,2006-12-01,322.4
Lake of the Woods,Nelson-Winnipeg,57,05PE014,2007-01-01,322.347
Lake of the Woods,Nelson-Winnipeg,57,05PE014,2007-02-01,322.272
Lake of the Woods,Nelson-Winnipeg,57,05PE014,2007-03-01,322.231
Lake of the Woods,Nelson-Winnipeg,57,05PE014,2007-04-01,322.299
Lake of the Woods,Nelson-Winnipeg,57,05PE014,2007-05-01,322.357
Lake of the Woods,Nelson-Winnipeg,57,05PE014,2007-06-01,322.634
Lake of the Woods,Nelson-Winnipeg,57,05PE014,2007-07-01,322.964
Lake of the Woods,Nelson-Winnipeg,57,05PE014,2007-08-01,322.899
Lake of the Woods,Nelson-Winnipeg,57,05PE014,2007-09-01,322.772
Lake of the Woods,Nelson-Winnipeg,57,05PE014,2007-10-01,322.845
Lake of the Woods,Nelson-Winnipeg,57,05PE014,2007-11-01,322.926
Lake of the Woods,Nelson-Winnipeg,57,05PE014,2007-12-01,322.843
Lake of the Woods,Nelson-Winnipeg,57,05PE014,2008-01-01,322.743
Lake of the Woods,Nelson-Winnipeg,57,05PE014,2008-02-01,322.578
Lake of the Woods,Nelson-Winnipeg,57,05PE014,2008-03-01,322.434
Lake of the Woods,Nelson-Winnipeg,57,05PE014,2008-04-01,322.371
Lake of the Woods,Nelson-Winnipeg,57,05PE014,2008-05-01,322.738
Lake of the Woods,Nelson-Winnipeg,57,05PE014,2008-06-01,323.03
Lake of the Woods,Nelson-Winnipeg,57,05PE014,2008-07-01,323.168
Lake of the Woods,Nelson-Winnipeg,57,05PE014,2008-08-01,323.003
Lake of the Woods,Nelson-Winnipeg,57,05PE014,2008-09-01,322.811
Lake of the Woods,Nelson-Winnipeg,57,05PE014,2008-10-01,322.81
Lake of the Woods,Nelson-Winnipeg,57,05PE014,2008-11-01,322.861
Lake of the Woods,Nelson-Winnipeg,57,05PE014,2008-12-01,322.81
Lake of the Woods,Nelson-Winnipeg,57,05PE014,2009-01-01,322.711
Lake of the Woods,Nelson-Winnipeg,57,05PE014,2009-02-01,322.554
Lake of the Woods,Nelson-Winnipeg,57,05PE014,2009-03-01,322.393
Lake of the Woods,Nelson-Winnipeg,57,05PE014,2009-04-01,322.604
Lake of the Woods,Nelson-Winnipeg,57,05PE014,2009-05-01,322.954
Lake of the Woods,Nelson-Winnipeg,57,05PE014,2009-06-01,323.068
Lake of the Woods,Nelson-Winnipeg,57,05PE014,2009-07-01,322.899
Lake of the Woods,Nelson-Winnipeg,57,05PE014,2009-08-01,322.907
Lake of the Woods,Nelson-Winnipeg,57,05PE014,2009-09-01,323.012
Lake of the Woods,Nelson-Winnipeg,57,05PE014,2009-10-01,322.803
Lake of the Woods,Nelson-Winnipeg,57,05PE014,2009-11-01,322.738
Lake of the Woods,Nelson-Winnipeg,57,05PE014,2009-12-01,322.681
Lake of the Woods,Nelson-Winnipeg,57,05PE014,2010-01-01,322.605
Lake of the Woods,Nelson-Winnipeg,57,05PE014,2010-02-01,322.497
Lake of the Woods,Nelson-Winnipeg,57,05PE014,2010-03-01,322.371
Lake of the Woods,Nelson-Winnipeg,57,05PE014,2010-04-01,322.371
Lake of the Woods,Nelson-Winnipeg,57,05PE014,2010-05-01,322.496
Lake of the Woods,Nelson-Winnipeg,57,05PE014,2010-06-01,322.784
Lake of the Woods,Nelson-Winnipeg,57,05PE014,2010-07-01,323.021
Lake of the Woods,Nelson-Winnipeg,57,05PE014,2010-08-01,322.983
Lake of the Woods,Nelson-Winnipeg,57,05PE014,2010-09-01,322.848
Lake of the Woods,Nelson-Winnipeg,57,05PE014,2010-10-01,322.911
Lake of the Woods,Nelson-Winnipeg,57,05PE014,2010-11-01,322.827
Lake of the Woods,Nelson-Winnipeg,57,05PE014,2010-12-01,322.739
Lake of the Woods,Nelson-Winnipeg,57,05PE014,2011-01-01,322.651
Lake of the Woods,Nelson-Winnipeg,57,05PE014,2011-02-01,322.513
Lake of the Woods,Nelson-Winnipeg,57,05PE014,2011-03-01,322.353
Lake of the Woods,Nelson-Winnipeg,57,05PE014,2011-04-01,322.517
Lake of the Woods,Nelson-Winnipeg,57,05PE014,2011-05-01,322.881
Lake of the Woods,Nelson-Winnipeg,57,05PE014,2011-06-01,322.789
Lake of the Woods,Nelson-Winnipeg,57,05PE014,2011-07-01,322.829
Lake of the Woods,Nelson-Winnipeg,57,05PE014,2011-08-01,322.735
Lake of the Woods,Nelson-Winnipeg,57,05PE014,2011-09-01,322.632
Lake of the Woods,Nelson-Winnipeg,57,05PE014,2011-10-01,322.61
Lake of the Woods,Nelson-Winnipeg,57,05PE014,2011-11-01,322.554
Lake of the Woods,Nelson-Winnipeg,57,05PE014,2011-12-01,322.46
Lake of the Woods,Nelson-Winnipeg,57,05PE014,2012-01-01,322.382
Lake of the Woods,Nelson-Winnipeg,57,05PE014,2012-02-01,322.286
Lake of the Woods,Nelson-Winnipeg,57,05PE014,2012-03-01,322.275
Lake of the Woods,Nelson-Winnipeg,57,05PE014,2012-04-01,322.446
Lake of the Woods,Nelson-Winnipeg,57,05PE014,2012-05-01,322.619
Lake of the Woods,Nelson-Winnipeg,57,05PE014,2012-06-01,322.807
Lake of the Woods,Nelson-Winnipeg,57,05PE014,2012-07-01,322.889
Lake of the Woods,Nelson-Winnipeg,57,05PE014,2012-08-01,322.868
Lake of the Woods,Nelson-Winnipeg,57,05PE014,2012-09-01,322.71
Lake of the Woods,Nelson-Winnipeg,57,05PE014,2012-10-01,322.664
Lake of the Woods,Nelson-Winnipeg,57,05PE014,2012-11-01,322.654
Lake of the Woods,Nelson-Winnipeg,57,05PE014,2012-12-01,322.574
Lake of the Woods,Nelson-Winnipeg,57,05PE014,2013-01-01,322.524
Lake of the Woods,Nelson-Winnipeg,57,05PE014,2013-02-01,322.428
Lake of the Woods,Nelson-Winnipeg,57,05PE014,2013-03-01,322.32
Lake of the Woods,Nelson-Winnipeg,57,05PE014,2013-04-01,322.231
Lake of the Woods,Nelson-Winnipeg,57,05PE014,2013-05-01,322.61
Lake of the Woods,Nelson-Winnipeg,57,05PE014,2013-06-01,323.011
Lake of the Woods,Nelson-Winnipeg,57,05PE014,2013-07-01,322.933
Lake of the Woods,Nelson-Winnipeg,57,05PE014,2013-08-01,322.879
Lake of the Woods,Nelson-Winnipeg,57,05PE014,2013-09-01,322.83
Lake of the Woods,Nelson-Winnipeg,57,05PE014,2013-10-01,322.7
Lake of the Woods,Nelson-Winnipeg,57,05PE014,2013-11-01,322.597
Lake of the Woods,Nelson-Winnipeg,57,05PE014,2013-12-01,322.572
Lake of the Woods,Nelson-Winnipeg,57,05PE014,2014-01-01,322.517
Lake of the Woods,Nelson-Winnipeg,57,05PE014,2014-02-01,322.419
Lake of the Woods,Nelson-Winnipeg,57,05PE014,2014-03-01,322.279
Lake of the Woods,Nelson-Winnipeg,57,05PE014,2014-04-01,322.291
Lake of the Woods,Nelson-Winnipeg,57,05PE014,2014-05-01,322.743
Lake of the Woods,Nelson-Winnipeg,57,05PE014,2014-06-01,323.268
Lake of the Woods,Nelson-Winnipeg,57,05PE014,2014-07-01,323.596
Lake of the Woods,Nelson-Winnipeg,57,05PE014,2014-08-01,323.4
Lake of the Woods,Nelson-Winnipeg,57,05PE014,2014-09-01,322.912
Lake of the Woods,Nelson-Winnipeg,57,05PE014,2014-10-01,322.761
Lake of the Woods,Nelson-Winnipeg,57,05PE014,2014-11-01,322.674
Lake of the Woods,Nelson-Winnipeg,57,05PE014,2014-12-01,322.629
Lake of the Woods,Nelson-Winnipeg,57,05PE014,2015-01-01,322.559
Lake of the Woods,Nelson-Winnipeg,57,05PE014,2015-02-01,322.449
Lake of the Woods,Nelson-Winnipeg,57,05PE014,2015-03-01,322.307
Lake of the Woods,Nelson-Winnipeg,57,05PE014,2015-04-01,322.311
Lake of the Woods,Nelson-Winnipeg,57,05PE014,2015-05-01,322.433
Lake of the Woods,Nelson-Winnipeg,57,05PE014,2015-06-01,322.732
Lake of the Woods,Nelson-Winnipeg,57,05PE014,2015-07-01,322.854
Lake of the Woods,Nelson-Winnipeg,57,05PE014,2015-08-01,322.813
Lake of the Woods,Nelson-Winnipeg,57,05PE014,2015-09-01,322.847
Lake of the Woods,Nelson-Winnipeg,57,05PE014,2015-10-01,322.748
Lake of the Woods,Nelson-Winnipeg,57,05PE014,2015-11-01,322.759
Lake of the Woods,Nelson-Winnipeg,57,05PE014,2015-12-01,322.773
Lake of the Woods,Nelson-Winnipeg,57,05PE014,2016-01-01,322.614
Lake of the Woods,Nelson-Winnipeg,57,05PE014,2016-02-01,322.427
Lake of the Woods,Nelson-Winnipeg,57,05PE014,2016-03-01,322.394
Lake of the Woods,Nelson-Winnipeg,57,05PE014,2016-04-01,322.545
Lake of the Woods,Nelson-Winnipeg,57,05PE014,2016-05-01,322.649
Lake of the Woods,Nelson-Winnipeg,57,05PE014,2016-06-01,322.712
Lake of the Woods,Nelson-Winnipeg,57,05PE014,2016-07-01,322.908
Lake of the Woods,Nelson-Winnipeg,57,05PE014,2016-08-01,322.848
Lake of the Woods,Nelson-Winnipeg,57,05PE014,2016-09-01,322.843
Lake of the Woods,Nelson-Winnipeg,57,05PE014,2016-10-01,322.77
Lake of the Woods,Nelson-Winnipeg,57,05PE014,2016-11-01,322.661
Lake of the Woods,Nelson-Winnipeg,57,05PE014,2016-12-01,322.628
Lake of the Woods,Nelson-Winnipeg,57,05PE014,2017-01-01,322.583
Lake of the Woods,Nelson-Winnipeg,57,05PE014,2017-02-01,322.49
Lake of the Woods,Nelson-Winnipeg,57,05PE014,2017-03-01,322.431
Lake of the Woods,Nelson-Winnipeg,57,05PE014,2017-04-01,322.49
Lake of the Woods,Nelson-Winnipeg,57,05PE014,2017-05-01,322.6
Lake of the Woods,Nelson-Winnipeg,57,05PE014,2017-06-01,322.697
Lake of the Woods,Nelson-Winnipeg,57,05PE014,2017-07-01,322.85
Lake of the Woods,Nelson-Winnipeg,57,05PE014,2017-08-01,
Lake of the Woods,Nelson-Winnipeg,57,05PE014,2017-09-01,
Lake of the Woods,Nelson-Winnipeg,57,05PE014,2017-10-01,322.884
Lake of the Woods,Nelson-Winnipeg,57,05PE014,2017-11-01,322.766
Lake of the Woods,Nelson-Winnipeg,57,05PE014,2017-12-01,322.65
Lake of the Woods,Nelson-Winnipeg,57,05PE014,2018-01-01,322.557
Lake of the Woods,Nelson-Winnipeg,57,05PE014,2018-02-01,322.461
Lake of the Woods,Nelson-Winnipeg,57,05PE014,2018-03-01,322.327
Lake of the Woods,Nelson-Winnipeg,57,05PE014,2018-04-01,322.25
Lake of the Woods,Nelson-Winnipeg,57,05PE014,2018-05-01,322.441
Lake of the Woods,Nelson-Winnipeg,57,05PE014,2018-06-01,322.65
Lake of the Woods,Nelson-Winnipeg,57,05PE014,2018-07-01,322.805
Lake of the Woods,Nelson-Winnipeg,57,05PE014,2018-08-01,322.789
Lake of the Woods,Nelson-Winnipeg,57,05PE014,2018-09-01,322.683
Lake of the Woods,Nelson-Winnipeg,57,05PE014,2018-10-01,322.777
Lake of the Woods,Nelson-Winnipeg,57,05PE014,2018-11-01,322.803
Lake of the Woods,Nelson-Winnipeg,57,05PE014,2018-12-01,322.688
Lake of the Woods,Nelson-Winnipeg,57,05PE014,2019-01-01,322.56
Lake of the Woods,Nelson-Winnipeg,57,05PE014,2019-02-01,322.469
Lake of the Woods,Nelson-Winnipeg,57,05PE014,2019-03-01,322.412
Lake of the Woods,Nelson-Winnipeg,57,05PE014,2019-04-01,322.425
Lake of the Woods,Nelson-Winnipeg,57,05PE014,2019-05-01,322.651
Lake of the Woods,Nelson-Winnipeg,57,05PE014,2019-06-01,322.794
Lake of the Woods,Nelson-Winnipeg,57,05PE014,2019-07-01,322.854
Lake of the Woods,Nelson-Winnipeg,57,05PE014,2019-08-01,322.836
Lake of the Woods,Nelson-Winnipeg,57,05PE014,2019-09-01,322.856
Lake of the Woods,Nelson-Winnipeg,57,05PE014,2019-10-01,323.094
Lake of the Woods,Nelson-Winnipeg,57,05PE014,2019-11-01,323.09
Lake of the Woods,Nelson-Winnipeg,57,05PE014,2019-12-01,322.905
Lake of the Woods,Nelson-Winnipeg,57,05PE014,2020-01-01,322.69
Lake of the Woods,Nelson-Winnipeg,57,05PE014,2020-02-01,322.504
Lake of the Woods,Nelson-Winnipeg,57,05PE014,2020-03-01,322.335
Lake of the Woods,Nelson-Winnipeg,57,05PE014,2020-04-01,322.425
Lake of the Woods,Nelson-Winnipeg,57,05PE014,2020-05-01,322.558
Lake of the Woods,Nelson-Winnipeg,57,05PE014,2020-06-01,322.676
Lake of the Woods,Nelson-Winnipeg,57,05PE014,2020-07-01,322.693
Lake of the Woods,Nelson-Winnipeg,57,05PE014,2020-08-01,322.597
Lake of the Woods,Nelson-Winnipeg,57,05PE014,2020-09-01,322.518
Lake of the Woods,Nelson-Winnipeg,57,05PE014,2020-10-01,322.461
Lake of the Woods,Nelson-Winnipeg,57,05PE014,2020-11-01,322.457
Lake of the Woods,Nelson-Winnipeg,57,05PE014,2020-12-01,322.426
Lake of the Woods,Nelson-Winnipeg,57,05PE014,2021-01-01,322.395
Lake of the Woods,Nelson-Winnipeg,57,05PE014,2021-02-01,322.378
Lake of the Woods,Nelson-Winnipeg,57,05PE014,2021-03-01,322.348
Lake of the Woods,Nelson-Winnipeg,57,05PE014,2021-04-01,322.455
Lake of the Woods,Nelson-Winnipeg,57,05PE014,2021-05-01,322.642
Lake of the Woods,Nelson-Winnipeg,57,05PE014,2021-06-01,322.664
Lake of the Woods,Nelson-Winnipeg,57,05PE014,2021-07-01,322.569
Lake of the Woods,Nelson-Winnipeg,57,05PE014,2021-08-01,322.487
Lake of the Woods,Nelson-Winnipeg,57,05PE014,2021-09-01,322.44
Lake of the Woods,Nelson-Winnipeg,57,05PE014,2021-10-01,322.431
Lake of the Woods,Nelson-Winnipeg,57,05PE014,2021-11-01,322.482
Lake of the Woods,Nelson-Winnipeg,57,05PE014,2021-12-01,322.496
Lake of the Woods,Nelson-Winnipeg,57,05PE014,2022-01-01,322.525
Lake of the Woods,Nelson-Winnipeg,57,05PE014,2022-02-01,322.509
Lake of the Woods,Nelson-Winnipeg,57,05PE014,2022-03-01,322.391
Lake of the Woods,Nelson-Winnipeg,57,05PE014,2022-04-01,322.451
Lake of the Woods,Nelson-Winnipeg,57,05PE014,2022-05-01,323.341
Lake of the Woods,Nelson-Winnipeg,57,05PE014,2022-06-01,323.854
Lake of the Woods,Nelson-Winnipeg,57,05PE014,2022-07-01,323.888
Lake of the Woods,Nelson-Winnipeg,57,05PE014,2022-08-01,323.566
Lake of the Woods,Nelson-Winnipeg,57,05PE014,2022-09-01,323.024
Lake of the Woods,Nelson-Winnipeg,57,05PE014,2022-10-01,322.724
Lake of the Woods,Nelson-Winnipeg,57,05PE014,2022-11-01,322.639
Lake of the Woods,Nelson-Winnipeg,57,05PE014,2022-12-01,322.583
Lake of the Woods,Nelson-Winnipeg,57,05PE014,2023-01-01,322.504
Lake of the Woods,Nelson-Winnipeg,57,05PE014,2023-02-01,322.372
Lake of the Woods,Nelson-Winnipeg,57,05PE014,2023-03-01,322.324
Lake of the Woods,Nelson-Winnipeg,57,05PE014,2023-04-01,322.409
Lake of the Woods,Nelson-Winnipeg,57,05PE014,2023-05-01,322.774
Lake of the Woods,Nelson-Winnipeg,57,05PE014,2023-06-01,322.904
Lake of the Woods,Nelson-Winnipeg,57,05PE014,2023-07-01,322.776
Lake of the Woods,Nelson-Winnipeg,57,05PE014,2023-08-01,322.693
Lake of the Woods,Nelson-Winnipeg,57,05PE014,2023-09-01,322.608
Lake of the Woods,Nelson-Winnipeg,57,05PE014,2023-10-01,322.596
Lake of the Woods,Nelson-Winnipeg,57,05PE014,2023-11-01,322.616
Lake of the Woods,Nelson-Winnipeg,57,05PE014,2023-12-01,322.553
Lake of the Woods,Nelson-Winnipeg,57,05PE014,2024-01-01,322.505
Lake of the Woods,Nelson-Winnipeg,57,05PE014,2024-02-01,322.435
Lake of the Woods,Nelson-Winnipeg,57,05PE014,2024-03-01,322.369
Lake of the Woods,Nelson-Winnipeg,57,05PE014,2024-04-01,322.374
Lake of the Woods,Nelson-Winnipeg,57,05PE014,2024-05-01,322.626
Lake of the Woods,Nelson-Winnipeg,57,05PE014,2024-06-01,323.001
Lake of the Woods,Nelson-Winnipeg,57,05PE014,2024-07-01,323.12
Lake of the Woods,Nelson-Winnipeg,57,05PE014,2024-08-01,322.906
Lake of the Woods,Nelson-Winnipeg,57,05PE014,2024-09-01,322.749
Lake of the Woods,Nelson-Winnipeg,57,05PE014,2024-10-01,322.634
Lake of the Woods,Nelson-Winnipeg,57,05PE014,2024-11-01,322.6
Lake of the Woods,Nelson-Winnipeg,57,05PE014,2024-12-01,322.547
Lake of the Woods,Nelson-Winnipeg,57,05PD011,1994-01-01,322.807
Lake of the Woods,Nelson-Winnipeg,57,05PD011,1994-02-01,322.711
Lake of the Woods,Nelson-Winnipeg,57,05PD011,1994-03-01,322.57
Lake of the Woods,Nelson-Winnipeg,57,05PD011,1994-04-01,322.469
Lake of the Woods,Nelson-Winnipeg,57,05PD011,1994-05-01,322.546
Lake of the Woods,Nelson-Winnipeg,57,05PD011,1994-06-01,322.688
Lake of the Woods,Nelson-Winnipeg,57,05PD011,1994-07-01,323.007
Lake of the Woods,Nelson-Winnipeg,57,05PD011,1994-08-01,323.125
Lake of the Woods,Nelson-Winnipeg,57,05PD011,1994-09-01,323.099
Lake of the Woods,Nelson-Winnipeg,57,05PD011,1994-10-01,323.038
Lake of the Woods,Nelson-Winnipeg,57,05PD011,1994-11-01,323.04
Lake of the Woods,Nelson-Winnipeg,57,05PD011,1994-12-01,323.027
Lake of the Woods,Nelson-Winnipeg,57,05PD011,1995-01-01,322.93
Lake of the Woods,Nelson-Winnipeg,57,05PD011,1995-02-01,322.779
Lake of the Woods,Nelson-Winnipeg,57,05PD011,1995-03-01,322.661
Lake of the Woods,Nelson-Winnipeg,57,05PD011,1995-04-01,322.688
Lake of the Woods,Nelson-Winnipeg,57,05PD011,1995-05-01,322.692
Lake of the Woods,Nelson-Winnipeg,57,05PD011,1995-06-01,322.692
Lake of the Woods,Nelson-Winnipeg,57,05PD011,1995-07-01,322.747
Lake of the Woods,Nelson-Winnipeg,57,05PD011,1995-08-01,322.787
Lake of the Woods,Nelson-Winnipeg,57,05PD011,1995-09-01,322.738
Lake of the Woods,Nelson-Winnipeg,57,05PD011,1995-10-01,322.785
Lake of the Woods,Nelson-Winnipeg,57,05PD011,1995-11-01,322.936
Lake of the Woods,Nelson-Winnipeg,57,05PD011,1995-12-01,322.923
Lake of the Woods,Nelson-Winnipeg,57,05PD011,1996-01-01,322.834
Lake of the Woods,Nelson-Winnipeg,57,05PD011,1996-02-01,322.697
Lake of the Woods,Nelson-Winnipeg,57,05PD011,1996-03-01,322.554
Lake of the Woods,Nelson-Winnipeg,57,05PD011,1996-04-01,322.448
Lake of the Woods,Nelson-Winnipeg,57,05PD011,1996-05-01,323.064
Lake of the Woods,Nelson-Winnipeg,57,05PD011,1996-06-01,323.352
Lake of the Woods,Nelson-Winnipeg,57,05PD011,1996-07-01,323.256
Lake of the Woods,Nelson-Winnipeg,57,05PD011,1996-08-01,323.185
Lake of the Woods,Nelson-Winnipeg,57,05PD011,1996-09-01,323.136
Lake of the Woods,Nelson-Winnipeg,57,05PD011,1996-10-01,323.041
Lake of the Woods,Nelson-Winnipeg,57,05PD011,1996-11-01,323.096
Lake of the Woods,Nelson-Winnipeg,57,05PD011,1996-12-01,323.15
Lake of the Woods,Nelson-Winnipeg,57,05PD011,1997-01-01,322.984
Lake of the Woods,Nelson-Winnipeg,57,05PD011,1997-02-01,322.792
Lake of the Woods,Nelson-Winnipeg,57,05PD011,1997-03-01,322.533
Lake of the Woods,Nelson-Winnipeg,57,05PD011,1997-04-01,322.601
Lake of the Woods,Nelson-Winnipeg,57,05PD011,1997-05-01,322.89
Lake of the Woods,Nelson-Winnipeg,57,05PD011,1997-06-01,322.914
Lake of the Woods,Nelson-Winnipeg,57,05PD011,1997-07-01,323.018
Lake of the Woods,Nelson-Winnipeg,57,05PD011,1997-08-01,322.935
Lake of the Woods,Nelson-Winnipeg,57,05PD011,1997-09-01,322.779
Lake of the Woods,Nelson-Winnipeg,57,05PD011,1997-10-01,322.747
Lake of the Woods,Nelson-Winnipeg,57,05PD011,1997-11-01,322.706
Lake of the Woods,Nelson-Winnipeg,57,05PD011,1997-12-01,322.638
Lake of the Woods,Nelson-Winnipeg,57,05PD011,1998-01-01,322.555
Lake of the Woods,Nelson-Winnipeg,57,05PD011,1998-02-01,322.477
Lake of the Woods,Nelson-Winnipeg,57,05PD011,1998-03-01,322.502
Lake of the Woods,Nelson-Winnipeg,57,05PD011,1998-04-01,322.518
Lake of the Woods,Nelson-Winnipeg,57,05PD011,1998-05-01,322.662
Lake of the Woods,Nelson-Winnipeg,57,05PD011,1998-06-01,322.855
Lake of the Woods,Nelson-Winnipeg,57,05PD011,1998-07-01,322.907
Lake of the Woods,Nelson-Winnipeg,57,05PD011,1998-08-01,322.819
Lake of the Woods,Nelson-Winnipeg,57,05PD011,1998-09-01,322.712
Lake of the Woods,Nelson-Winnipeg,57,05PD011,1998-10-01,322.66
Lake of the Woods,Nelson-Winnipeg,57,05PD011,1998-11-01,322.662
Lake of the Woods,Nelson-Winnipeg,57,05PD011,1998-12-01,322.618
Lake of the Woods,Nelson-Winnipeg,57,05PD011,1999-01-01,322.514
Lake of the Woods,Nelson-Winnipeg,57,05PD011,1999-02-01,322.453
Lake of the Woods,Nelson-Winnipeg,57,05PD011,1999-03-01,322.352
Lake of the Woods,Nelson-Winnipeg,57,05PD011,1999-04-01,322.676
Lake of the Woods,Nelson-Winnipeg,57,05PD011,1999-05-01,323.095
Lake of the Woods,Nelson-Winnipeg,57,05PD011,1999-06-01,323.262
Lake of the Woods,Nelson-Winnipeg,57,05PD011,1999-07-01,323.227
Lake of the Woods,Nelson-Winnipeg,57,05PD011,1999-08-01,323.156
Lake of the Woods,Nelson-Winnipeg,57,05PD011,1999-09-01,323.174
Lake of the Woods,Nelson-Winnipeg,57,05PD011,1999-10-01,323.124
Lake of the Woods,Nelson-Winnipeg,57,05PD011,1999-11-01,322.997
Lake of the Woods,Nelson-Winnipeg,57,05PD011,1999-12-01,322.879
Lake of the Woods,Nelson-Winnipeg,57,05PD011,2000-01-01,322.773
Lake of the Woods,Nelson-Winnipeg,57,05PD011,2000-02-01,322.665
Lake of the Woods,Nelson-Winnipeg,57,05PD011,2000-03-01,322.597
Lake of the Woods,Nelson-Winnipeg,57,05PD011,2000-04-01,322.582
Lake of the Woods,Nelson-Winnipeg,57,05PD011,2000-05-01,322.655
Lake of the Woods,Nelson-Winnipeg,57,05PD011,2000-06-01,322.893
Lake of the Woods,Nelson-Winnipeg,57,05PD011,2000-07-01,323.215
Lake of the Woods,Nelson-Winnipeg,57,05PD011,2000-08-01,323.173
Lake of the Woods,Nelson-Winnipeg,57,05PD011,2000-09-01,323.104
Lake of the Woods,Nelson-Winnipeg,57,05PD011,2000-10-01,322.961
Lake of the Woods,Nelson-Winnipeg,57,05PD011,2000-11-01,323.12
Lake of the Woods,Nelson-Winnipeg,57,05PD011,2000-12-01,323.044
Lake of the Woods,Nelson-Winnipeg,57,05PD011,2001-01-01,322.906
Lake of the Woods,Nelson-Winnipeg,57,05PD011,2001-02-01,322.771
Lake of the Woods,Nelson-Winnipeg,57,05PD011,2001-03-01,322.625
Lake of the Woods,Nelson-Winnipeg,57,05PD011,2001-04-01,322.804
Lake of the Woods,Nelson-Winnipeg,57,05PD011,2001-05-01,323.216
Lake of the Woods,Nelson-Winnipeg,57,05PD011,2001-06-01,323.584
Lake of the Woods,Nelson-Winnipeg,57,05PD011,2001-07-01,323.434
Lake of the Woods,Nelson-Winnipeg,57,05PD011,2001-08-01,323.37
Lake of the Woods,Nelson-Winnipeg,57,05PD011,2001-09-01,323.116
Lake of the Woods,Nelson-Winnipeg,57,05PD011,2001-10-01,322.873
Lake of the Woods,Nelson-Winnipeg,57,05PD011,2001-11-01,322.857
Lake of the Woods,Nelson-Winnipeg,57,05PD011,2001-12-01,322.848
Lake of the Woods,Nelson-Winnipeg,57,05PD011,2002-01-01,322.798
Lake of the Woods,Nelson-Winnipeg,57,05PD011,2002-02-01,322.663
Lake of the Woods,Nelson-Winnipeg,57,05PD011,2002-03-01,322.525
Lake of the Woods,Nelson-Winnipeg,57,05PD011,2002-04-01,322.446
Lake of the Woods,Nelson-Winnipeg,57,05PD011,2002-05-01,322.519
Lake of the Woods,Nelson-Winnipeg,57,05PD011,2002-06-01,323.08
Lake of the Woods,Nelson-Winnipeg,57,05PD011,2002-07-01,323.614
Lake of the Woods,Nelson-Winnipeg,57,05PD011,2002-08-01,323.202
Lake of the Woods,Nelson-Winnipeg,57,05PD011,2002-09-01,322.886
Lake of the Woods,Nelson-Winnipeg,57,05PD011,2002-10-01,322.647
Lake of the Woods,Nelson-Winnipeg,57,05PD011,2002-11-01,322.558
Lake of the Woods,Nelson-Winnipeg,57,05PD011,2002-12-01,323.0
Lake of the Woods,Nelson-Winnipeg,57,05PD011,2003-01-01,322.471
Lake of the Woods,Nelson-Winnipeg,57,05PD011,2003-02-01,322.405
Lake of the Woods,Nelson-Winnipeg,57,05PD011,2003-03-01,322.339
Lake of the Woods,Nelson-Winnipeg,57,05PD011,2003-04-01,322.341
Lake of the Woods,Nelson-Winnipeg,57,05PD011,2003-05-01,322.379
Lake of the Woods,Nelson-Winnipeg,57,05PD011,2003-06-01,322.448
Lake of the Woods,Nelson-Winnipeg,57,05PD011,2003-07-01,322.454
Lake of the Woods,Nelson-Winnipeg,57,05PD011,2003-08-01,322.392
Lake of the Woods,Nelson-Winnipeg,57,05PD011,2003-09-01,322.388
Lake of the Woods,Nelson-Winnipeg,57,05PD011,2003-10-01,322.408
Lake of the Woods,Nelson-Winnipeg,57,05PD011,2003-11-01,322.406
Lake of the Woods,Nelson-Winnipeg,57,05PD011,2003-12-01,322.426
Lake of the Woods,Nelson-Winnipeg,57,05PD011,2004-01-01,322.438
Lake of the Woods,Nelson-Winnipeg,57,05PD011,2004-02-01,322.42
Lake of the Woods,Nelson-Winnipeg,57,05PD011,2004-03-01,322.379
Lake of the Woods,Nelson-Winnipeg,57,05PD011,2004-04-01,322.558
Lake of the Woods,Nelson-Winnipeg,57,05PD011,2004-05-01,322.944
Lake of the Woods,Nelson-Winnipeg,57,05PD011,2004-06-01,323.251
Lake of the Woods,Nelson-Winnipeg,57,05PD011,2004-07-01,323.118
Lake of the Woods,Nelson-Winnipeg,57,05PD011,2004-08-01,322.931
Lake of the Woods,Nelson-Winnipeg,57,05PD011,2004-09-01,322.974
Lake of the Woods,Nelson-Winnipeg,57,05PD011,2004-10-01,322.927
Lake of the Woods,Nelson-Winnipeg,57,05PD011,2004-11-01,323.059
Lake of the Woods,Nelson-Winnipeg,57,05PD011,2004-12-01,322.983
Lake of the Woods,Nelson-Winnipeg,57,05PD011,2005-01-01,322.879
Lake of the Woods,Nelson-Winnipeg,57,05PD011,2005-02-01,322.754
Lake of the Woods,Nelson-Winnipeg,57,05PD011,2005-03-01,322.565
Lake of the Woods,Nelson-Winnipeg,57,05PD011,2005-04-01,322.614
Lake of the Woods,Nelson-Winnipeg,57,05PD011,2005-05-01,322.849
Lake of the Woods,Nelson-Winnipeg,57,05PD011,2005-06-01,323.24
Lake of the Woods,Nelson-Winnipeg,57,05PD011,2005-07-01,323.296
Lake of the Woods,Nelson-Winnipeg,57,05PD011,2005-08-01,323.001
Lake of the Woods,Nelson-Winnipeg,57,05PD011,2005-09-01,322.86
Lake of the Woods,Nelson-Winnipeg,57,05PD011,2005-10-01,322.758
Lake of the Woods,Nelson-Winnipeg,57,05PD011,2005-11-01,322.785
Lake of the Woods,Nelson-Winnipeg,57,05PD011,2005-12-01,322.81
Lake of the Woods,Nelson-Winnipeg,57,05PD011,2006-01-01,322.697
Lake of the Woods,Nelson-Winnipeg,57,05PD011,2006-02-01,322.528
Lake of the Woods,Nelson-Winnipeg,57,05PD011,2006-03-01,322.344
Lake of the Woods,Nelson-Winnipeg,57,05PD011,2006-04-01,322.555
Lake of the Woods,Nelson-Winnipeg,57,05PD011,2006-05-01,322.711
Lake of the Woods,Nelson-Winnipeg,57,05PD011,2006-06-01,322.644
Lake of the Woods,Nelson-Winnipeg,57,05PD011,2006-07-01,322.549
Lake of the Woods,Nelson-Winnipeg,57,05PD011,2006-08-01,322.508
Lake of the Woods,Nelson-Winnipeg,57,05PD011,2006-09-01,322.426
Lake of the Woods,Nelson-Winnipeg,57,05PD011,2006-10-01,322.373
Lake of the Woods,Nelson-Winnipeg,57,05PD011,2006-11-01,322.386
Lake of the Woods,Nelson-Winnipeg,57,05PD011,2006-12-01,322.397
Lake of the Woods,Nelson-Winnipeg,57,05PD011,2007-01-01,322.346
Lake of the Woods,Nelson-Winnipeg,57,05PD011,2007-02-01,322.272
Lake of the Woods,Nelson-Winnipeg,57,05PD011,2007-03-01,322.232
Lake of the Woods,Nelson-Winnipeg,57,05PD011,2007-04-01,322.304
Lake of the Woods,Nelson-Winnipeg,57,05PD011,2007-05-01,322.362
Lake of the Woods,Nelson-Winnipeg,57,05PD011,2007-06-01,322.63
Lake of the Woods,Nelson-Winnipeg,57,05PD011,2007-07-01,322.948
Lake of the Woods,Nelson-Winnipeg,57,05PD011,2007-08-01,322.872
Lake of the Woods,Nelson-Winnipeg,57,05PD011,2007-09-01,322.751
Lake of the Woods,Nelson-Winnipeg,57,05PD011,2007-10-01,322.845
Lake of the Woods,Nelson-Winnipeg,57,05PD011,2007-11-01,322.976
Lake of the Woods,Nelson-Winnipeg,57,05PD011,2007-12-01,322.865
Lake of the Woods,Nelson-Winnipeg,57,05PD011,2008-01-01,322.764
Lake of the Woods,Nelson-Winnipeg,57,05PD011,2008-02-01,322.595
Lake of the Woods,Nelson-Winnipeg,57,05PD011,2008-03-01,322.44
Lake of the Woods,Nelson-Winnipeg,57,05PD011,2008-04-01,322.355
Lake of the Woods,Nelson-Winnipeg,57,05PD011,2008-05-01,322.729
Lake of the Woods,Nelson-Winnipeg,57,05PD011,2008-06-01,323.071
Lake of the Woods,Nelson-Winnipeg,57,05PD011,2008-07-01,323.228
Lake of the Woods,Nelson-Winnipeg,57,05PD011,2008-08-01,323.021
Lake of the Woods,Nelson-Winnipeg,57,05PD011,2008-09-01,322.793
Lake of the Woods,Nelson-Winnipeg,57,05PD011,2008-10-01,322.796
Lake of the Woods,Nelson-Winnipeg,57,05PD011,2008-11-01,322.879
Lake of the Woods,Nelson-Winnipeg,57,05PD011,2008-12-01,322.831
Lake of the Woods,Nelson-Winnipeg,57,05PD011,2009-01-01,322.733
Lake of the Woods,Nelson-Winnipeg,57,05PD011,2009-02-01,322.586
Lake of the Woods,Nelson-Winnipeg,57,05PD011,2009-03-01,322.432
Lake of the Woods,Nelson-Winnipeg,57,05PD011,2009-04-01,322.653
Lake of the Woods,Nelson-Winnipeg,57,05PD011,2009-05-01,323.047
Lake of the Woods,Nelson-Winnipeg,57,05PD011,2009-06-01,323.167
Lake of the Woods,Nelson-Winnipeg,57,05PD011,2009-07-01,322.934
Lake of the Woods,Nelson-Winnipeg,57,05PD011,2009-08-01,322.899
Lake of the Woods,Nelson-Winnipeg,57,05PD011,2009-09-01,323.003
Lake of the Woods,Nelson-Winnipeg,57,05PD011,2009-10-01,322.801
Lake of the Woods,Nelson-Winnipeg,57,05PD011,2009-11-01,322.74
Lake of the Woods,Nelson-Winnipeg,57,05PD011,2009-12-01,322.699
Lake of the Woods,Nelson-Winnipeg,57,05PD011,2010-01-01,322.631
Lake of the Woods,Nelson-Winnipeg,57,05PD011,2010-02-01,322.529
Lake of the Woods,Nelson-Winnipeg,57,05PD011,2010-03-01,322.414
Lake of the Woods,Nelson-Winnipeg,57,05PD011,2010-04-01,322.386
Lake of the Woods,Nelson-Winnipeg,57,05PD011,2010-05-01,322.494
Lake of the Woods,Nelson-Winnipeg,57,05PD011,2010-06-01,322.775
Lake of the Woods,Nelson-Winnipeg,57,05PD011,2010-07-01,323.026
Lake of the Woods,Nelson-Winnipeg,57,05PD011,2010-08-01,323.006
Lake of the Woods,Nelson-Winnipeg,57,05PD011,2010-09-01,322.86
Lake of the Woods,Nelson-Winnipeg,57,05PD011,2010-10-01,322.936
Lake of the Woods,Nelson-Winnipeg,57,05PD011,2010-11-01,322.85
Lake of the Woods,Nelson-Winnipeg,57,05PD011,2010-12-01,322.757
Lake of the Woods,Nelson-Winnipeg,57,05PD011,2011-01-01,322.677
Lake of the Woods,Nelson-Winnipeg,57,05PD011,2011-02-01,322.545
Lake of the Woods,Nelson-Winnipeg,57,05PD011,2011-03-01,322.39
Lake of the Woods,Nelson-Winnipeg,57,05PD011,2011-04-01,322.563
Lake of the Woods,Nelson-Winnipeg,57,05PD011,2011-05-01,322.944
Lake of the Woods,Nelson-Winnipeg,57,05PD011,2011-06-01,322.838
Lake of the Woods,Nelson-Winnipeg,57,05PD011,2011-07-01,322.833
Lake of the Woods,Nelson-Winnipeg,57,05PD011,2011-08-01,322.724
Lake of the Woods,Nelson-Winnipeg,57,05PD011,2011-09-01,322.623
Lake of the Woods,Nelson-Winnipeg,57,05PD011,2011-10-01,322.59
Lake of the Woods,Nelson-Winnipeg,57,05PD011,2011-11-01,322.538
Lake of the Woods,Nelson-Winnipeg,57,05PD011,2011-12-01,322.447
Lake of the Woods,Nelson-Winnipeg,57,05PD011,2012-01-01,322.373
Lake of the Woods,Nelson-Winnipeg,57,05PD011,2012-02-01,322.287
Lake of the Woods,Nelson-Winnipeg,57,05PD011,2012-03-01,322.273
Lake of the Woods,Nelson-Winnipeg,57,05PD011,2012-04-01,322.445
Lake of the Woods,Nelson-Winnipeg,57,05PD011,2012-05-01,322.617
Lake of the Woods,Nelson-Winnipeg,57,05PD011,2012-06-01,322.806
Lake of the Woods,Nelson-Winnipeg,57,05PD011,2012-07-01,322.884
Lake of the Woods,Nelson-Winnipeg,57,05PD011,2012-08-01,322.835
Lake of the Woods,Nelson-Winnipeg,57,05PD011,2012-09-01,322.675
Lake of the Woods,Nelson-Winnipeg,57,05PD011,2012-10-01,322.623
Lake of the Woods,Nelson-Winnipeg,57,05PD011,2012-11-01,322.606
Lake of the Woods,Nelson-Winnipeg,57,05PD011,2012-12-01,322.558
Lake of the Woods,Nelson-Winnipeg,57,05PD011,2013-01-01,322.528
Lake of the Woods,Nelson-Winnipeg,57,05PD011,2013-02-01,322.442
Lake of the Woods,Nelson-Winnipeg,57,05PD011,2013-03-01,322.337
Lake of the Woods,Nelson-Winnipeg,57,05PD011,2013-04-01,322.224
Lake of the Woods,Nelson-Winnipeg,57,05PD011,2013-05-01,322.61
Lake of the Woods,Nelson-Winnipeg,57,05PD011,2013-06-01,323.078
Lake of the Woods,Nelson-Winnipeg,57,05PD011,2013-07-01,322.978
Lake of the Woods,Nelson-Winnipeg,57,05PD011,2013-08-01,322.884
Lake of the Woods,Nelson-Winnipeg,57,05PD011,2013-09-01,322.83
Lake of the Woods,Nelson-Winnipeg,57,05PD011,2013-10-01,322.698
Lake of the Woods,Nelson-Winnipeg,57,05PD011,2013-11-01,322.594
Lake of the Woods,Nelson-Winnipeg,57,05PD011,2013-12-01,322.577
Lake of the Woods,Nelson-Winnipeg,57,05PD011,2014-01-01,322.529
Lake of the Woods,Nelson-Winnipeg,57,05PD011,2014-02-01,322.435
Lake of the Woods,Nelson-Winnipeg,57,05PD011,2014-03-01,322.3
Lake of the Woods,Nelson-Winnipeg,57,05PD011,2014-04-01,322.294
Lake of the Woods,Nelson-Winnipeg,57,05PD011,2014-05-01,322.786
Lake of the Woods,Nelson-Winnipeg,57,05PD011,2014-06-01,323.332
Lake of the Woods,Nelson-Winnipeg,57,05PD011,2014-07-01,323.657
Lake of the Woods,Nelson-Winnipeg,57,05PD011,2014-08-01,323.463
Lake of the Woods,Nelson-Winnipeg,57,05PD011,2014-09-01,322.95
Lake of the Woods,Nelson-Winnipeg,57,05PD011,2014-10-01,322.758
Lake of the Woods,Nelson-Winnipeg,57,05PD011,2014-11-01,322.682
Lake of the Woods,Nelson-Winnipeg,57,05PD011,2014-12-01,322.64
Lake of the Woods,Nelson-Winnipeg,57,05PD011,2015-01-01,322.578
Lake of the Woods,Nelson-Winnipeg,57,05PD011,2015-02-01,322.476
Lake of the Woods,Nelson-Winnipeg,57,05PD011,2015-03-01,322.345
Lake of the Woods,Nelson-Winnipeg,57,05PD011,2015-04-01,322.323
Lake of the Woods,Nelson-Winnipeg,57,05PD011,2015-05-01,322.437
Lake of the Woods,Nelson-Winnipeg,57,05PD011,2015-06-01,322.764
Lake of the Woods,Nelson-Winnipeg,57,05PD011,2015-07-01,322.893
Lake of the Woods,Nelson-Winnipeg,57,05PD011,2015-08-01,322.824
Lake of the Woods,Nelson-Winnipeg,57,05PD011,2015-09-01,322.854
Lake of the Woods,Nelson-Winnipeg,57,05PD011,2015-10-01,322.754
Lake of the Woods,Nelson-Winnipeg,57,05PD011,2015-11-01,322.786
Lake of the Woods,Nelson-Winnipeg,57,05PD011,2015-12-01,322.829
Lake of the Woods,Nelson-Winnipeg,57,05PD011,2016-01-01,322.674
Lake of the Woods,Nelson-Winnipeg,57,05PD011,2016-02-01,322.477
Lake of the Woods,Nelson-Winnipeg,57,05PD011,2016-03-01,322.43
Lake of the Woods,Nelson-Winnipeg,57,05PD011,2016-04-01,322.595
Lake of the Woods,Nelson-Winnipeg,57,05PD011,2016-05-01,322.711
Lake of the Woods,Nelson-Winnipeg,57,05PD011,2016-06-01,322.741
Lake of the Woods,Nelson-Winnipeg,57,05PD011,2016-07-01,322.976
Lake of the Woods,Nelson-Winnipeg,57,05PD011,2016-08-01,322.868
Lake of the Woods,Nelson-Winnipeg,57,05PD011,2016-09-01,322.855
Lake of the Woods,Nelson-Winnipeg,57,05PD011,2016-10-01,322.792
Lake of the Woods,Nelson-Winnipeg,57,05PD011,2016-11-01,322.684
Lake of the Woods,Nelson-Winnipeg,57,05PD011,2016-12-01,322.644
Lake of the Woods,Nelson-Winnipeg,57,05PD011,2017-01-01,322.613
Lake of the Woods,Nelson-Winnipeg,57,05PD011,2017-02-01,322.526
Lake of the Woods,Nelson-Winnipeg,57,05PD011,2017-03-01,322.485
Lake of the Woods,Nelson-Winnipeg,57,05PD011,2017-04-01,322.563
Lake of the Woods,Nelson-Winnipeg,57,05PD011,2017-05-01,322.643
Lake of the Woods,Nelson-Winnipeg,57,05PD011,2017-06-01,322.696
Lake of the Woods,Nelson-Winnipeg,57,05PD011,2017-07-01,322.865
Lake of the Woods,Nelson-Winnipeg,57,05PD011,2017-08-01,322.888
Lake of the Woods,Nelson-Winnipeg,57,05PD011,2017-09-01,322.847
Lake of the Woods,Nelson-Winnipeg,57,05PD011,2017-10-01,322.886
Lake of the Woods,Nelson-Winnipeg,57,05PD011,2017-11-01,322.777
Lake of the Woods,Nelson-Winnipeg,57,05PD011,2017-12-01,
Lake of the Woods,Nelson-Winnipeg,57,05PD011,2018-01-01,
Lake of the Woods,Nelson-Winnipeg,57,05PD011,2018-02-01,322.483
Lake of the Woods,Nelson-Winnipeg,57,05PD011,2018-03-01,322.361
Lake of the Woods,Nelson-Winnipeg,57,05PD011,2018-04-01,322.263
Lake of the Woods,Nelson-Winnipeg,57,05PD011,2018-05-01,322.445
Lake of the Woods,Nelson-Winnipeg,57,05PD011,2018-06-01,322.654
Lake of the Woods,Nelson-Winnipeg,57,05PD011,2018-07-01,322.8
Lake of the Woods,Nelson-Winnipeg,57,05PD011,2018-08-01,322.782
Lake of the Woods,Nelson-Winnipeg,57,05PD011,2018-09-01,322.682
Lake of the Woods,Nelson-Winnipeg,57,05PD011,2018-10-01,322.794
Lake of the Woods,Nelson-Winnipeg,57,05PD011,2018-11-01,322.862
Lake of the Woods,Nelson-Winnipeg,57,05PD011,2018-12-01,322.722
Lake of the Woods,Nelson-Winnipeg,57,05PD011,2019-01-01,322.59
Lake of the Woods,Nelson-Winnipeg,57,05PD011,2019-02-01,322.485
Lake of the Woods,Nelson-Winnipeg,57,05PD011,2019-03-01,322.437
Lake of the Woods,Nelson-Winnipeg,57,05PD011,2019-04-01,322.477
Lake of the Woods,Nelson-Winnipeg,57,05PD011,2019-05-01,322.704
Lake of the Woods,Nelson-Winnipeg,57,05PD011,2019-06-01,322.816
Lake of the Woods,Nelson-Winnipeg,57,05PD011,2019-07-01,322.854
Lake of the Woods,Nelson-Winnipeg,57,05PD011,2019-08-01,322.829
Lake of the Woods,Nelson-Winnipeg,57,05PD011,2019-09-01,322.88
Lake of the Woods,Nelson-Winnipeg,57,05PD011,2019-10-01,323.214
Lake of the Woods,Nelson-Winnipeg,57,05PD011,2019-11-01,323.194
Lake of the Woods,Nelson-Winnipeg,57,05PD011,2019-12-01,322.966
Lake of the Woods,Nelson-Winnipeg,57,05PD011,2020-01-01,322.743
Lake of the Woods,Nelson-Winnipeg,57,05PD011,2020-02-01,322.549
Lake of the Woods,Nelson-Winnipeg,57,05PD011,2020-03-01,322.363
Lake of the Woods,Nelson-Winnipeg,57,05PD011,2020-04-01,322.452
Lake of the Woods,Nelson-Winnipeg,57,05PD011,2020-05-01,322.557
Lake of the Woods,Nelson-Winnipeg,57,05PD011,2020-06-01,322.677
Lake of the Woods,Nelson-Winnipeg,57,05PD011,2020-07-01,322.699
Lake of the Woods,Nelson-Winnipeg,57,05PD011,2020-08-01,322.611
Lake of the Woods,Nelson-Winnipeg,57,05PD011,2020-09-01,322.558
Lake of the Woods,Nelson-Winnipeg,57,05PD011,2020-10-01,322.453
Lake of the Woods,Nelson-Winnipeg,57,05PD011,2020-11-01,322.45
Lake of the Woods,Nelson-Winnipeg,57,05PD011,2020-12-01,322.427
Lake of the Woods,Nelson-Winnipeg,57,05PD011,2021-01-01,322.401
Lake of the Woods,Nelson-Winnipeg,57,05PD011,2021-02-01,322.391
Lake of the Woods,Nelson-Winnipeg,57,05PD011,2021-03-01,322.358
Lake of the Woods,Nelson-Winnipeg,57,05PD011,2021-04-01,322.46
Lake of the Woods,Nelson-Winnipeg,57,05PD011,2021-05-01,322.652
Lake of the Woods,Nelson-Winnipeg,57,05PD011,2021-06-01,322.663
Lake of the Woods,Nelson-Winnipeg,57,05PD011,2021-07-01,
Lake of the Woods,Nelson-Winnipeg,57,05PD011,2021-08-01,
Lake of the Woods,Nelson-Winnipeg,57,05PD011,2021-09-01,322.434
Lake of the Woods,Nelson-Winnipeg,57,05PD011,2021-10-01,322.426
Lake of the Woods,Nelson-Winnipeg,57,05PD011,2021-11-01,322.476
Lake of the Woods,Nelson-Winnipeg,57,05PD011,2021-12-01,322.496
Lake of the Woods,Nelson-Winnipeg,57,05PD011,2022-01-01,322.526
Lake of the Woods,Nelson-Winnipeg,57,05PD011,2022-02-01,322.519
Lake of the Woods,Nelson-Winnipeg,57,05PD011,2022-03-01,322.413
Lake of the Woods,Nelson-Winnipeg,57,05PD011,2022-04-01,322.494
Lake of the Woods,Nelson-Winnipeg,57,05PD011,2022-05-01,323.448
Lake of the Woods,Nelson-Winnipeg,57,05PD011,2022-06-01,323.947
Lake of the Woods,Nelson-Winnipeg,57,05PD011,2022-07-01,323.983
Lake of the Woods,Nelson-Winnipeg,57,05PD011,2022-08-01,323.669
Lake of the Woods,Nelson-Winnipeg,57,05PD011,2022-09-01,323.126
Lake of the Woods,Nelson-Winnipeg,57,05PD011,2022-10-01,322.75
Lake of the Woods,Nelson-Winnipeg,57,05PD011,2022-11-01,322.652
Lake of the Woods,Nelson-Winnipeg,57,05PD011,2022-12-01,322.604
Lake of the Woods,Nelson-Winnipeg,57,05PD011,2023-01-01,322.534
Lake of the Woods,Nelson-Winnipeg,57,05PD011,2023-02-01,322.404
Lake of the Woods,Nelson-Winnipeg,57,05PD011,2023-03-01,322.356
Lake of the Woods,Nelson-Winnipeg,57,05PD011,2023-04-01,322.459
Lake of the Woods,Nelson-Winnipeg,57,05PD011,2023-05-01,322.837
Lake of the Woods,Nelson-Winnipeg,57,05PD011,2023-06-01,322.953
Lake of the Woods,Nelson-Winnipeg,57,05PD011,2023-07-01,322.786
Lake of the Woods,Nelson-Winnipeg,57,05PD011,2023-08-01,322.694
Lake of the Woods,Nelson-Winnipeg,57,05PD011,2023-09-01,322.61
Lake of the Woods,Nelson-Winnipeg,57,05PD011,2023-10-01,322.597
Lake of the Woods,Nelson-Winnipeg,57,05PD011,2023-11-01,322.621
Lake of the Woods,Nelson-Winnipeg,57,05PD011,2023-12-01,322.564
Lake of the Woods,Nelson-Winnipeg,57,05PD011,2024-01-01,322.519
Lake of the Woods,Nelson-Winnipeg,57,05PD011,2024-02-01,322.456
Lake of the Woods,Nelson-Winnipeg,57,05PD011,2024-03-01,322.386
Lake of the Woods,Nelson-Winnipeg,57,05PD011,2024-04-01,322.379
Lake of the Woods,Nelson-Winnipeg,57,05PD011,2024-05-01,322.631
Lake of the Woods,Nelson-Winnipeg,57,05PD011,2024-06-01,323.061
Lake of the Woods,Nelson-Winnipeg,57,05PD011,2024-07-01,323.24
Lake of the Woods,Nelson-Winnipeg,57,05PD011,2024-08-01,322.986
Lake of the Woods,Nelson-Winnipeg,57,05PD011,2024-09-01,322.756
Lake of the Woods,Nelson-Winnipeg,57,05PD011,2024-10-01,322.621
Lake of the Woods,Nelson-Winnipeg,57,05PD011,2024-11-01,322.596
Lake of the Woods,Nelson-Winnipeg,57,05PD011,2024-12-01,322.553
Playgreen,Nelson-Winnipeg,578,05UB005,1994-01-01,217.298
Playgreen,Nelson-Winnipeg,578,05UB005,1994-02-01,217.225
Playgreen,Nelson-Winnipeg,578,05UB005,1994-03-01,217.262
Playgreen,Nelson-Winnipeg,578,05UB005,1994-04-01,217.367
Playgreen,Nelson-Winnipeg,578,05UB005,1994-05-01,217.518
Playgreen,Nelson-Winnipeg,578,05UB005,1994-06-01,217.561
Playgreen,Nelson-Winnipeg,578,05UB005,1994-07-01,217.617
Playgreen,Nelson-Winnipeg,578,05UB005,1994-08-01,217.606
Playgreen,Nelson-Winnipeg,578,05UB005,1994-09-01,217.529
Playgreen,Nelson-Winnipeg,578,05UB005,1994-10-01,217.28
Playgreen,Nelson-Winnipeg,578,05UB005,1994-11-01,217.169
Playgreen,Nelson-Winnipeg,578,05UB005,1994-12-01,217.107
Playgreen,Nelson-Winnipeg,578,05UB005,1995-01-01,217.096
Playgreen,Nelson-Winnipeg,578,05UB005,1995-02-01,217.071
Playgreen,Nelson-Winnipeg,578,05UB005,1995-03-01,217.075
Playgreen,Nelson-Winnipeg,578,05UB005,1995-04-01,217.29
Playgreen,Nelson-Winnipeg,578,05UB005,1995-05-01,217.508
Playgreen,Nelson-Winnipeg,578,05UB005,1995-06-01,217.59
Playgreen,Nelson-Winnipeg,578,05UB005,1995-07-01,217.553
Playgreen,Nelson-Winnipeg,578,05UB005,1995-08-01,217.568
Playgreen,Nelson-Winnipeg,578,05UB005,1995-09-01,217.426
Playgreen,Nelson-Winnipeg,578,05UB005,1995-10-01,217.215
Playgreen,Nelson-Winnipeg,578,05UB005,1995-11-01,216.983
Playgreen,Nelson-Winnipeg,578,05UB005,1995-12-01,216.972
Playgreen,Nelson-Winnipeg,578,05UB005,1996-01-01,216.967
Playgreen,Nelson-Winnipeg,578,05UB005,1996-02-01,217.009
Playgreen,Nelson-Winnipeg,578,05UB005,1996-03-01,217.033
Playgreen,Nelson-Winnipeg,578,05UB005,1996-04-01,217.092
Playgreen,Nelson-Winnipeg,578,05UB005,1996-05-01,217.509
Playgreen,Nelson-Winnipeg,578,05UB005,1996-06-01,217.676
Playgreen,Nelson-Winnipeg,578,05UB005,1996-07-01,217.599
Playgreen,Nelson-Winnipeg,578,05UB005,1996-08-01,217.64
Playgreen,Nelson-Winnipeg,578,05UB005,1996-09-01,217.586
Playgreen,Nelson-Winnipeg,578,05UB005,1996-10-01,217.268
Playgreen,Nelson-Winnipeg,578,05UB005,1996-11-01,217.128
Playgreen,Nelson-Winnipeg,578,05UB005,1996-12-01,217.138
Playgreen,Nelson-Winnipeg,578,05UB005,1997-01-01,217.167
Playgreen,Nelson-Winnipeg,578,05UB005,1997-02-01,217.204
Playgreen,Nelson-Winnipeg,578,05UB005,1997-03-01,217.253
Playgreen,Nelson-Winnipeg,578,05UB005,1997-04-01,217.353
Playgreen,Nelson-Winnipeg,578,05UB005,1997-05-01,217.709
Playgreen,Nelson-Winnipeg,578,05UB005,1997-06-01,217.812
Playgreen,Nelson-Winnipeg,578,05UB005,1997-07-01,
Playgreen,Nelson-Winnipeg,578,05UB005,1997-08-01,
Playgreen,Nelson-Winnipeg,578,05UB005,1997-09-01,
Playgreen,Nelson-Winnipeg,578,05UB005,1997-10-01,
Playgreen,Nelson-Winnipeg,578,05UB005,1997-11-01,
Playgreen,Nelson-Winnipeg,578,05UB005,1997-12-01,
Playgreen,Nelson-Winnipeg,578,05UB005,1998-01-01,217.302
Playgreen,Nelson-Winnipeg,578,05UB005,1998-02-01,217.293
Playgreen,Nelson-Winnipeg,578,05UB005,1998-03-01,217.355
Playgreen,Nelson-Winnipeg,578,05UB005,1998-04-01,217.537
Playgreen,Nelson-Winnipeg,578,05UB005,1998-05-01,217.687
Playgreen,Nelson-Winnipeg,578,05UB005,1998-06-01,217.693
Playgreen,Nelson-Winnipeg,578,05UB005,1998-07-01,217.656
Playgreen,Nelson-Winnipeg,578,05UB005,1998-08-01,217.639
Playgreen,Nelson-Winnipeg,578,05UB005,1998-09-01,217.487
Playgreen,Nelson-Winnipeg,578,05UB005,1998-10-01,217.348
Playgreen,Nelson-Winnipeg,578,05UB005,1998-11-01,217.189
Playgreen,Nelson-Winnipeg,578,05UB005,1998-12-01,217.037
Playgreen,Nelson-Winnipeg,578,05UB005,1999-01-01,217.009
Playgreen,Nelson-Winnipeg,578,05UB005,1999-02-01,216.954
Playgreen,Nelson-Winnipeg,578,05UB005,1999-03-01,216.951
Playgreen,Nelson-Winnipeg,578,05UB005,1999-04-01,217.078
Playgreen,Nelson-Winnipeg,578,05UB005,1999-05-01,217.232
Playgreen,Nelson-Winnipeg,578,05UB005,1999-06-01,217.491
Playgreen,Nelson-Winnipeg,578,05UB005,1999-07-01,217.611
Playgreen,Nelson-Winnipeg,578,05UB005,1999-08-01,217.63
Playgreen,Nelson-Winnipeg,578,05UB005,1999-09-01,217.476
Playgreen,Nelson-Winnipeg,578,05UB005,1999-10-01,217.369
Playgreen,Nelson-Winnipeg,578,05UB005,1999-11-01,217.262
Playgreen,Nelson-Winnipeg,578,05UB005,1999-12-01,217.181
Playgreen,Nelson-Winnipeg,578,05UB005,2000-01-01,217.093
Playgreen,Nelson-Winnipeg,578,05UB005,2000-02-01,217.096
Playgreen,Nelson-Winnipeg,578,05UB005,2000-03-01,217.178
Playgreen,Nelson-Winnipeg,578,05UB005,2000-04-01,217.303
Playgreen,Nelson-Winnipeg,578,05UB005,2000-05-01,217.404
Playgreen,Nelson-Winnipeg,578,05UB005,2000-06-01,217.471
Playgreen,Nelson-Winnipeg,578,05UB005,2000-07-01,217.678
Playgreen,Nelson-Winnipeg,578,05UB005,2000-08-01,217.72
Playgreen,Nelson-Winnipeg,578,05UB005,2000-09-01,217.599
Playgreen,Nelson-Winnipeg,578,05UB005,2000-10-01,217.485
Playgreen,Nelson-Winnipeg,578,05UB005,2000-11-01,217.274
Playgreen,Nelson-Winnipeg,578,05UB005,2000-12-01,217.395
Playgreen,Nelson-Winnipeg,578,05UB005,2001-01-01,217.308
Playgreen,Nelson-Winnipeg,578,05UB005,2001-02-01,217.219
Playgreen,Nelson-Winnipeg,578,05UB005,2001-03-01,217.169
Playgreen,Nelson-Winnipeg,578,05UB005,2001-04-01,217.26
Playgreen,Nelson-Winnipeg,578,05UB005,2001-05-01,217.511
Playgreen,Nelson-Winnipeg,578,05UB005,2001-06-01,217.588
Playgreen,Nelson-Winnipeg,578,05UB005,2001-07-01,217.582
Playgreen,Nelson-Winnipeg,578,05UB005,2001-08-01,217.693
Playgreen,Nelson-Winnipeg,578,05UB005,2001-09-01,217.604
Playgreen,Nelson-Winnipeg,578,05UB005,2001-10-01,217.32
Playgreen,Nelson-Winnipeg,578,05UB005,2001-11-01,217.181
Playgreen,Nelson-Winnipeg,578,05UB005,2001-12-01,216.951
Playgreen,Nelson-Winnipeg,578,05UB005,2002-01-01,216.887
Playgreen,Nelson-Winnipeg,578,05UB005,2002-02-01,216.831
Playgreen,Nelson-Winnipeg,578,05UB005,2002-03-01,216.838
Playgreen,Nelson-Winnipeg,578,05UB005,2002-04-01,216.866
Playgreen,Nelson-Winnipeg,578,05UB005,2002-05-01,217.057
Playgreen,Nelson-Winnipeg,578,05UB005,2002-06-01,217.269
Playgreen,Nelson-Winnipeg,578,05UB005,2002-07-01,217.461
Playgreen,Nelson-Winnipeg,578,05UB005,2002-08-01,217.438
Playgreen,Nelson-Winnipeg,578,05UB005,2002-09-01,217.435
Playgreen,Nelson-Winnipeg,578,05UB005,2002-10-01,217.229
Playgreen,Nelson-Winnipeg,578,05UB005,2002-11-01,217.066
Playgreen,Nelson-Winnipeg,578,05UB005,2002-12-01,217.0
Playgreen,Nelson-Winnipeg,578,05UB005,2003-01-01,216.818
Playgreen,Nelson-Winnipeg,578,05UB005,2003-02-01,216.811
Playgreen,Nelson-Winnipeg,578,05UB005,2003-03-01,216.829
Playgreen,Nelson-Winnipeg,578,05UB005,2003-04-01,216.866
Playgreen,Nelson-Winnipeg,578,05UB005,2003-05-01,216.983
Playgreen,Nelson-Winnipeg,578,05UB005,2003-06-01,217.033
Playgreen,Nelson-Winnipeg,578,05UB005,2003-07-01,216.979
Playgreen,Nelson-Winnipeg,578,05UB005,2003-08-01,216.948
Playgreen,Nelson-Winnipeg,578,05UB005,2003-09-01,216.857
Playgreen,Nelson-Winnipeg,578,05UB005,2003-10-01,216.849
Playgreen,Nelson-Winnipeg,578,05UB005,2003-11-01,216.793
Playgreen,Nelson-Winnipeg,578,05UB005,2003-12-01,216.791
Playgreen,Nelson-Winnipeg,578,05UB005,2004-01-01,216.811
Playgreen,Nelson-Winnipeg,578,05UB005,2004-02-01,216.823
Playgreen,Nelson-Winnipeg,578,05UB005,2004-03-01,216.824
Playgreen,Nelson-Winnipeg,578,05UB005,2004-04-01,
Playgreen,Nelson-Winnipeg,578,05UB005,2004-05-01,
Playgreen,Nelson-Winnipeg,578,05UB005,2004-06-01,217.525
Playgreen,Nelson-Winnipeg,578,05UB005,2004-07-01,217.665
Playgreen,Nelson-Winnipeg,578,05UB005,2004-08-01,217.563
Playgreen,Nelson-Winnipeg,578,05UB005,2004-09-01,217.584
Playgreen,Nelson-Winnipeg,578,05UB005,2004-10-01,217.503
Playgreen,Nelson-Winnipeg,578,05UB005,2004-11-01,217.631
Playgreen,Nelson-Winnipeg,578,05UB005,2004-12-01,217.555
Playgreen,Nelson-Winnipeg,578,05UB005,2005-01-01,217.51
Playgreen,Nelson-Winnipeg,578,05UB005,2005-02-01,217.463
Playgreen,Nelson-Winnipeg,578,05UB005,2005-03-01,217.42
Playgreen,Nelson-Winnipeg,578,05UB005,2005-04-01,217.548
Playgreen,Nelson-Winnipeg,578,05UB005,2005-05-01,217.549
Playgreen,Nelson-Winnipeg,578,05UB005,2005-06-01,217.712
Playgreen,Nelson-Winnipeg,578,05UB005,2005-07-01,218.001
Playgreen,Nelson-Winnipeg,578,05UB005,2005-08-01,217.973
Playgreen,Nelson-Winnipeg,578,05UB005,2005-09-01,
Playgreen,Nelson-Winnipeg,578,05UB005,2005-10-01,217.657
Playgreen,Nelson-Winnipeg,578,05UB005,2005-11-01,217.576
Playgreen,Nelson-Winnipeg,578,05UB005,2005-12-01,217.44
Playgreen,Nelson-Winnipeg,578,05UB005,2006-01-01,217.398
Playgreen,Nelson-Winnipeg,578,05UB005,2006-02-01,217.378
Playgreen,Nelson-Winnipeg,578,05UB005,2006-03-01,217.36
Playgreen,Nelson-Winnipeg,578,05UB005,2006-04-01,217.429
Playgreen,Nelson-Winnipeg,578,05UB005,2006-05-01,217.479
Playgreen,Nelson-Winnipeg,578,05UB005,2006-06-01,217.562
Playgreen,Nelson-Winnipeg,578,05UB005,2006-07-01,217.549
Playgreen,Nelson-Winnipeg,578,05UB005,2006-08-01,217.396
Playgreen,Nelson-Winnipeg,578,05UB005,2006-09-01,217.231
Playgreen,Nelson-Winnipeg,578,05UB005,2006-10-01,217.086
Playgreen,Nelson-Winnipeg,578,05UB005,2006-11-01,217.042
Playgreen,Nelson-Winnipeg,578,05UB005,2006-12-01,216.866
Playgreen,Nelson-Winnipeg,578,05UB005,2007-01-01,216.819
Playgreen,Nelson-Winnipeg,578,05UB005,2007-02-01,216.863
Playgreen,Nelson-Winnipeg,578,05UB005,2007-03-01,216.926
Playgreen,Nelson-Winnipeg,578,05UB005,2007-04-01,217.072
Playgreen,Nelson-Winnipeg,578,05UB005,2007-05-01,217.325
Playgreen,Nelson-Winnipeg,578,05UB005,2007-06-01,217.486
Playgreen,Nelson-Winnipeg,578,05UB005,2007-07-01,217.672
Playgreen,Nelson-Winnipeg,578,05UB005,2007-08-01,217.578
Playgreen,Nelson-Winnipeg,578,05UB005,2007-09-01,217.496
Playgreen,Nelson-Winnipeg,578,05UB005,2007-10-01,217.37
Playgreen,Nelson-Winnipeg,578,05UB005,2007-11-01,217.237
Playgreen,Nelson-Winnipeg,578,05UB005,2007-12-01,
Playgreen,Nelson-Winnipeg,578,05UB005,2008-01-01,
Playgreen,Nelson-Winnipeg,578,05UB005,2008-02-01,217.282
Playgreen,Nelson-Winnipeg,578,05UB005,2008-03-01,217.309
Playgreen,Nelson-Winnipeg,578,05UB005,2008-04-01,217.367
Playgreen,Nelson-Winnipeg,578,05UB005,2008-05-01,217.527
Playgreen,Nelson-Winnipeg,578,05UB005,2008-06-01,217.598
Playgreen,Nelson-Winnipeg,578,05UB005,2008-07-01,217.578
Playgreen,Nelson-Winnipeg,578,05UB005,2008-08-01,217.658
Playgreen,Nelson-Winnipeg,578,05UB005,2008-09-01,217.687
Playgreen,Nelson-Winnipeg,578,05UB005,2008-10-01,217.571
Playgreen,Nelson-Winnipeg,578,05UB005,2008-11-01,217.338
Playgreen,Nelson-Winnipeg,578,05UB005,2008-12-01,217.163
Playgreen,Nelson-Winnipeg,578,05UB005,2009-01-01,217.178
Playgreen,Nelson-Winnipeg,578,05UB005,2009-02-01,217.198
Playgreen,Nelson-Winnipeg,578,05UB005,2009-03-01,217.211
Playgreen,Nelson-Winnipeg,578,05UB005,2009-04-01,217.367
Playgreen,Nelson-Winnipeg,578,05UB005,2009-05-01,217.587
Playgreen,Nelson-Winnipeg,578,05UB005,2009-06-01,217.712
Playgreen,Nelson-Winnipeg,578,05UB005,2009-07-01,217.701
Playgreen,Nelson-Winnipeg,578,05UB005,2009-08-01,217.655
Playgreen,Nelson-Winnipeg,578,05UB005,2009-09-01,217.714
Playgreen,Nelson-Winnipeg,578,05UB005,2009-10-01,217.545
Playgreen,Nelson-Winnipeg,578,05UB005,2009-11-01,217.518
Playgreen,Nelson-Winnipeg,578,05UB005,2009-12-01,217.285
Playgreen,Nelson-Winnipeg,578,05UB005,2010-01-01,217.18
Playgreen,Nelson-Winnipeg,578,05UB005,2010-02-01,217.187
Playgreen,Nelson-Winnipeg,578,05UB005,2010-03-01,217.217
Playgreen,Nelson-Winnipeg,578,05UB005,2010-04-01,217.401
Playgreen,Nelson-Winnipeg,578,05UB005,2010-05-01,217.578
Playgreen,Nelson-Winnipeg,578,05UB005,2010-06-01,217.694
Playgreen,Nelson-Winnipeg,578,05UB005,2010-07-01,217.694
Playgreen,Nelson-Winnipeg,578,05UB005,2010-08-01,217.698
Playgreen,Nelson-Winnipeg,578,05UB005,2010-09-01,217.75
Playgreen,Nelson-Winnipeg,578,05UB005,2010-10-01,217.615
Playgreen,Nelson-Winnipeg,578,05UB005,2010-11-01,217.64
Playgreen,Nelson-Winnipeg,578,05UB005,2010-12-01,217.611
Playgreen,Nelson-Winnipeg,578,05UB005,2011-01-01,217.515
Playgreen,Nelson-Winnipeg,578,05UB005,2011-02-01,217.463
Playgreen,Nelson-Winnipeg,578,05UB005,2011-03-01,217.421
Playgreen,Nelson-Winnipeg,578,05UB005,2011-04-01,217.537
Playgreen,Nelson-Winnipeg,578,05UB005,2011-05-01,217.809
Playgreen,Nelson-Winnipeg,578,05UB005,2011-06-01,218.112
Playgreen,Nelson-Winnipeg,578,05UB005,2011-07-01,218.186
Playgreen,Nelson-Winnipeg,578,05UB005,2011-08-01,218.09
Playgreen,Nelson-Winnipeg,578,05UB005,2011-09-01,217.858
Playgreen,Nelson-Winnipeg,578,05UB005,2011-10-01,217.546
Playgreen,Nelson-Winnipeg,578,05UB005,2011-11-01,217.416
Playgreen,Nelson-Winnipeg,578,05UB005,2011-12-01,217.161
Playgreen,Nelson-Winnipeg,578,05UB005,2012-01-01,217.059
Playgreen,Nelson-Winnipeg,578,05UB005,2012-02-01,217.048
Playgreen,Nelson-Winnipeg,578,05UB005,2012-03-01,217.161
Playgreen,Nelson-Winnipeg,578,05UB005,2012-04-01,217.377
Playgreen,Nelson-Winnipeg,578,05UB005,2012-05-01,217.466
Playgreen,Nelson-Winnipeg,578,05UB005,2012-06-01,
Playgreen,Nelson-Winnipeg,578,05UB005,2012-07-01,217.676
Playgreen,Nelson-Winnipeg,578,05UB005,2012-08-01,217.611
Playgreen,Nelson-Winnipeg,578,05UB005,2012-09-01,217.527
Playgreen,Nelson-Winnipeg,578,05UB005,2012-10-01,217.348
Playgreen,Nelson-Winnipeg,578,05UB005,2012-11-01,217.261
Playgreen,Nelson-Winnipeg,578,05UB005,2012-12-01,217.165
Playgreen,Nelson-Winnipeg,578,05UB005,2013-01-01,217.123
Playgreen,Nelson-Winnipeg,578,05UB005,2013-02-01,217.11
Playgreen,Nelson-Winnipeg,578,05UB005,2013-03-01,217.102
Playgreen,Nelson-Winnipeg,578,05UB005,2013-04-01,217.105
Playgreen,Nelson-Winnipeg,578,05UB005,2013-05-01,217.291
Playgreen,Nelson-Winnipeg,578,05UB005,2013-06-01,217.547
Playgreen,Nelson-Winnipeg,578,05UB005,2013-07-01,217.579
Playgreen,Nelson-Winnipeg,578,05UB005,2013-08-01,217.562
Playgreen,Nelson-Winnipeg,578,05UB005,2013-09-01,217.627
Playgreen,Nelson-Winnipeg,578,05UB005,2013-10-01,217.424
Playgreen,Nelson-Winnipeg,578,05UB005,2013-11-01,217.263
Playgreen,Nelson-Winnipeg,578,05UB005,2013-12-01,217.194
Playgreen,Nelson-Winnipeg,578,05UB005,2014-01-01,217.207
Playgreen,Nelson-Winnipeg,578,05UB005,2014-02-01,217.215
Playgreen,Nelson-Winnipeg,578,05UB005,2014-03-01,217.215
Playgreen,Nelson-Winnipeg,578,05UB005,2014-04-01,217.238
Playgreen,Nelson-Winnipeg,578,05UB005,2014-05-01,217.527
Playgreen,Nelson-Winnipeg,578,05UB005,2014-06-01,217.649
Playgreen,Nelson-Winnipeg,578,05UB005,2014-07-01,217.873
Playgreen,Nelson-Winnipeg,578,05UB005,2014-08-01,217.977
Playgreen,Nelson-Winnipeg,578,05UB005,2014-09-01,217.897
Playgreen,Nelson-Winnipeg,578,05UB005,2014-10-01,217.633
Playgreen,Nelson-Winnipeg,578,05UB005,2014-11-01,217.516
Playgreen,Nelson-Winnipeg,578,05UB005,2014-12-01,217.45
Playgreen,Nelson-Winnipeg,578,05UB005,2015-01-01,217.383
Playgreen,Nelson-Winnipeg,578,05UB005,2015-02-01,217.363
Playgreen,Nelson-Winnipeg,578,05UB005,2015-03-01,217.358
Playgreen,Nelson-Winnipeg,578,05UB005,2015-04-01,217.4
Playgreen,Nelson-Winnipeg,578,05UB005,2015-05-01,217.454
Playgreen,Nelson-Winnipeg,578,05UB005,2015-06-01,217.574
Playgreen,Nelson-Winnipeg,578,05UB005,2015-07-01,217.594
Playgreen,Nelson-Winnipeg,578,05UB005,2015-08-01,217.633
Playgreen,Nelson-Winnipeg,578,05UB005,2015-09-01,217.656
Playgreen,Nelson-Winnipeg,578,05UB005,2015-10-01,217.56
Playgreen,Nelson-Winnipeg,578,05UB005,2015-11-01,217.383
Playgreen,Nelson-Winnipeg,578,05UB005,2015-12-01,217.17
Playgreen,Nelson-Winnipeg,578,05UB005,2016-01-01,217.268
Playgreen,Nelson-Winnipeg,578,05UB005,2016-02-01,217.316
Playgreen,Nelson-Winnipeg,578,05UB005,2016-03-01,217.328
Playgreen,Nelson-Winnipeg,578,05UB005,2016-04-01,
Playgreen,Nelson-Winnipeg,578,05UB005,2016-05-01,
Playgreen,Nelson-Winnipeg,578,05UB005,2016-06-01,217.627
Playgreen,Nelson-Winnipeg,578,05UB005,2016-07-01,217.566
Playgreen,Nelson-Winnipeg,578,05UB005,2016-08-01,217.556
Playgreen,Nelson-Winnipeg,578,05UB005,2016-09-01,217.527
Playgreen,Nelson-Winnipeg,578,05UB005,2016-10-01,217.626
Playgreen,Nelson-Winnipeg,578,05UB005,2016-11-01,217.81
Playgreen,Nelson-Winnipeg,578,05UB005,2016-12-01,217.733
Playgreen,Nelson-Winnipeg,578,05UB005,2017-01-01,217.699
Playgreen,Nelson-Winnipeg,578,05UB005,2017-02-01,217.653
Playgreen,Nelson-Winnipeg,578,05UB005,2017-03-01,217.648
Playgreen,Nelson-Winnipeg,578,05UB005,2017-04-01,217.857
Playgreen,Nelson-Winnipeg,578,05UB005,2017-05-01,217.821
Playgreen,Nelson-Winnipeg,578,05UB005,2017-06-01,217.794
Playgreen,Nelson-Winnipeg,578,05UB005,2017-07-01,217.752
Playgreen,Nelson-Winnipeg,578,05UB005,2017-08-01,217.564
Playgreen,Nelson-Winnipeg,578,05UB005,2017-09-01,217.486
Playgreen,Nelson-Winnipeg,578,05UB005,2017-10-01,217.355
Playgreen,Nelson-Winnipeg,578,05UB005,2017-11-01,217.112
Playgreen,Nelson-Winnipeg,578,05UB005,2017-12-01,217.03
Playgreen,Nelson-Winnipeg,578,05UB005,2018-01-01,217.047
Playgreen,Nelson-Winnipeg,578,05UB005,2018-02-01,
Playgreen,Nelson-Winnipeg,578,05UB005,2018-03-01,
Playgreen,Nelson-Winnipeg,578,05UB005,2018-04-01,217.081
Playgreen,Nelson-Winnipeg,578,05UB005,2018-05-01,
Playgreen,Nelson-Winnipeg,578,05UB005,2018-06-01,
Playgreen,Nelson-Winnipeg,578,05UB005,2018-07-01,217.28
Playgreen,Nelson-Winnipeg,578,05UB005,2018-08-01,217.265
Playgreen,Nelson-Winnipeg,578,05UB005,2018-09-01,217.154
Playgreen,Nelson-Winnipeg,578,05UB005,2018-10-01,217.024
Playgreen,Nelson-Winnipeg,578,05UB005,2018-11-01,216.837
Playgreen,Nelson-Winnipeg,578,05UB005,2018-12-01,216.831
Playgreen,Nelson-Winnipeg,578,05UB005,2019-01-01,216.891
Playgreen,Nelson-Winnipeg,578,05UB005,2019-02-01,216.939
Playgreen,Nelson-Winnipeg,578,05UB005,2019-03-01,216.98
Playgreen,Nelson-Winnipeg,578,05UB005,2019-04-01,217.071
Playgreen,Nelson-Winnipeg,578,05UB005,2019-05-01,217.324
Playgreen,Nelson-Winnipeg,578,05UB005,2019-06-01,217.401
Playgreen,Nelson-Winnipeg,578,05UB005,2019-07-01,217.37
Playgreen,Nelson-Winnipeg,578,05UB005,2019-08-01,
Playgreen,Nelson-Winnipeg,578,05UB005,2019-09-01,
Playgreen,Nelson-Winnipeg,578,05UB005,2019-10-01,
Playgreen,Nelson-Winnipeg,578,05UB005,2019-11-01,217.506
Playgreen,Nelson-Winnipeg,578,05UB005,2019-12-01,
Playgreen,Nelson-Winnipeg,578,05UB005,2020-01-01,
Playgreen,Nelson-Winnipeg,578,05UB005,2020-02-01,217.479
Playgreen,Nelson-Winnipeg,578,05UB005,2020-03-01,217.455
Playgreen,Nelson-Winnipeg,578,05UB005,2020-04-01,217.549
Playgreen,Nelson-Winnipeg,578,05UB005,2020-05-01,217.707
Playgreen,Nelson-Winnipeg,578,05UB005,2020-06-01,217.714
Playgreen,Nelson-Winnipeg,578,05UB005,2020-07-01,217.745
Playgreen,Nelson-Winnipeg,578,05UB005,2020-08-01,217.594
Playgreen,Nelson-Winnipeg,578,05UB005,2020-09-01,217.552
Playgreen,Nelson-Winnipeg,578,05UB005,2020-10-01,217.476
Playgreen,Nelson-Winnipeg,578,05UB005,2020-11-01,
Playgreen,Nelson-Winnipeg,578,05UB005,2020-12-01,
Playgreen,Nelson-Winnipeg,578,05UB005,2021-01-01,
Playgreen,Nelson-Winnipeg,578,05UB005,2021-02-01,
Playgreen,Nelson-Winnipeg,578,05UB005,2021-03-01,
Playgreen,Nelson-Winnipeg,578,05UB005,2021-04-01,217.03
Playgreen,Nelson-Winnipeg,578,05UB005,2021-05-01,217.128
Playgreen,Nelson-Winnipeg,578,05UB005,2021-06-01,217.233
Playgreen,Nelson-Winnipeg,578,05UB005,2021-07-01,217.221
Playgreen,Nelson-Winnipeg,578,05UB005,2021-08-01,217.128
Playgreen,Nelson-Winnipeg,578,05UB005,2021-09-01,217.107
Playgreen,Nelson-Winnipeg,578,05UB005,2021-10-01,216.999
Playgreen,Nelson-Winnipeg,578,05UB005,2021-11-01,
Playgreen,Nelson-Winnipeg,578,05UB005,2021-12-01,
Playgreen,Nelson-Winnipeg,578,05UB005,2022-01-01,
Playgreen,Nelson-Winnipeg,578,05UB005,2022-02-01,216.935
Playgreen,Nelson-Winnipeg,578,05UB005,2022-03-01,216.943
Playgreen,Nelson-Winnipeg,578,05UB005,2022-04-01,217.022
Playgreen,Nelson-Winnipeg,578,05UB005,2022-05-01,217.522
Playgreen,Nelson-Winnipeg,578,05UB005,2022-06-01,218.063
Playgreen,Nelson-Winnipeg,578,05UB005,2022-07-01,218.282
Playgreen,Nelson-Winnipeg,578,05UB005,2022-08-01,218.212
Playgreen,Nelson-Winnipeg,578,05UB005,2022-09-01,217.961
Playgreen,Nelson-Winnipeg,578,05UB005,2022-10-01,217.58
Playgreen,Nelson-Winnipeg,578,05UB005,2022-11-01,
Playgreen,Nelson-Winnipeg,578,05UB005,2022-12-01,
Playgreen,Nelson-Winnipeg,578,05UB005,2023-01-01,
Playgreen,Nelson-Winnipeg,578,05UB005,2023-02-01,217.289
Playgreen,Nelson-Winnipeg,578,05UB005,2023-03-01,217.223
Playgreen,Nelson-Winnipeg,578,05UB005,2023-04-01,217.207
Playgreen,Nelson-Winnipeg,578,05UB005,2023-05-01,217.418
Playgreen,Nelson-Winnipeg,578,05UB005,2023-06-01,217.55
Playgreen,Nelson-Winnipeg,578,05UB005,2023-07-01,217.458
Playgreen,Nelson-Winnipeg,578,05UB005,2023-08-01,217.405
Playgreen,Nelson-Winnipeg,578,05UB005,2023-09-01,217.313
Playgreen,Nelson-Winnipeg,578,05UB005,2023-10-01,
Playgreen,Nelson-Winnipeg,578,05UB005,2023-11-01,
Playgreen,Nelson-Winnipeg,578,05UB005,2023-12-01,216.858
Playgreen,Nelson-Winnipeg,578,05UB005,2024-01-01,
Playgreen,Nelson-Winnipeg,578,05UB005,2024-02-01,
Playgreen,Nelson-Winnipeg,578,05UB005,2024-03-01,
Playgreen,Nelson-Winnipeg,578,05UB005,2024-04-01,
Playgreen,Nelson-Winnipeg,578,05UB005,2024-05-01,
Playgreen,Nelson-Winnipeg,578,05UB005,2024-06-01,
Playgreen,Nelson-Winnipeg,578,05UB005,2024-07-01,
Playgreen,Nelson-Winnipeg,578,05UB005,2024-08-01,
Playgreen,Nelson-Winnipeg,578,05UB005,2024-09-01,
Playgreen,Nelson-Winnipeg,578,05UB005,2024-10-01,
Playgreen,Nelson-Winnipeg,578,05UB005,2024-11-01,
Playgreen,Nelson-Winnipeg,578,05UB005,2024-12-01,
Kiskitto,Nelson-Winnipeg,564,05UB013,1994-01-01,212.914
Kiskitto,Nelson-Winnipeg,564,05UB013,1994-02-01,212.892
Kiskitto,Nelson-Winnipeg,564,05UB013,1994-03-01,212.865
Kiskitto,Nelson-Winnipeg,564,05UB013,1994-04-01,212.872
Kiskitto,Nelson-Winnipeg,564,05UB013,1994-05-01,212.942
Kiskitto,Nelson-Winnipeg,564,05UB013,1994-06-01,212.999
Kiskitto,Nelson-Winnipeg,564,05UB013,1994-07-01,213.045
Kiskitto,Nelson-Winnipeg,564,05UB013,1994-08-01,213.058
Kiskitto,Nelson-Winnipeg,564,05UB013,1994-09-01,212.985
Kiskitto,Nelson-Winnipeg,564,05UB013,1994-10-01,212.912
Kiskitto,Nelson-Winnipeg,564,05UB013,1994-11-01,212.939
Kiskitto,Nelson-Winnipeg,564,05UB013,1994-12-01,212.916
Kiskitto,Nelson-Winnipeg,564,05UB013,1995-01-01,212.877
Kiskitto,Nelson-Winnipeg,564,05UB013,1995-02-01,212.853
Kiskitto,Nelson-Winnipeg,564,05UB013,1995-03-01,212.841
Kiskitto,Nelson-Winnipeg,564,05UB013,1995-04-01,212.828
Kiskitto,Nelson-Winnipeg,564,05UB013,1995-05-01,212.857
Kiskitto,Nelson-Winnipeg,564,05UB013,1995-06-01,212.833
Kiskitto,Nelson-Winnipeg,564,05UB013,1995-07-01,212.77
Kiskitto,Nelson-Winnipeg,564,05UB013,1995-08-01,212.782
Kiskitto,Nelson-Winnipeg,564,05UB013,1995-09-01,212.902
Kiskitto,Nelson-Winnipeg,564,05UB013,1995-10-01,212.919
Kiskitto,Nelson-Winnipeg,564,05UB013,1995-11-01,212.927
Kiskitto,Nelson-Winnipeg,564,05UB013,1995-12-01,212.914
Kiskitto,Nelson-Winnipeg,564,05UB013,1996-01-01,212.904
Kiskitto,Nelson-Winnipeg,564,05UB013,1996-02-01,212.859
Kiskitto,Nelson-Winnipeg,564,05UB013,1996-03-01,212.851
Kiskitto,Nelson-Winnipeg,564,05UB013,1996-04-01,212.839
Kiskitto,Nelson-Winnipeg,564,05UB013,1996-05-01,212.978
Kiskitto,Nelson-Winnipeg,564,05UB013,1996-06-01,213.293
Kiskitto,Nelson-Winnipeg,564,05UB013,1996-07-01,213.284
Kiskitto,Nelson-Winnipeg,564,05UB013,1996-08-01,213.223
Kiskitto,Nelson-Winnipeg,564,05UB013,1996-09-01,213.104
Kiskitto,Nelson-Winnipeg,564,05UB013,1996-10-01,213.052
Kiskitto,Nelson-Winnipeg,564,05UB013,1996-11-01,213.047
Kiskitto,Nelson-Winnipeg,564,05UB013,1996-12-01,213.032
Kiskitto,Nelson-Winnipeg,564,05UB013,1997-01-01,213.01
Kiskitto,Nelson-Winnipeg,564,05UB013,1997-02-01,212.968
Kiskitto,Nelson-Winnipeg,564,05UB013,1997-03-01,212.93
Kiskitto,Nelson-Winnipeg,564,05UB013,1997-04-01,212.912
Kiskitto,Nelson-Winnipeg,564,05UB013,1997-05-01,213.034
Kiskitto,Nelson-Winnipeg,564,05UB013,1997-06-01,213.127
Kiskitto,Nelson-Winnipeg,564,05UB013,1997-07-01,
Kiskitto,Nelson-Winnipeg,564,05UB013,1997-08-01,
Kiskitto,Nelson-Winnipeg,564,05UB013,1997-09-01,
Kiskitto,Nelson-Winnipeg,564,05UB013,1997-10-01,
Kiskitto,Nelson-Winnipeg,564,05UB013,1997-11-01,
Kiskitto,Nelson-Winnipeg,564,05UB013,1997-12-01,
Kiskitto,Nelson-Winnipeg,564,05UB013,1998-01-01,
Kiskitto,Nelson-Winnipeg,564,05UB013,1998-02-01,
Kiskitto,Nelson-Winnipeg,564,05UB013,1998-03-01,
Kiskitto,Nelson-Winnipeg,564,05UB013,1998-04-01,
Kiskitto,Nelson-Winnipeg,564,05UB013,1998-05-01,
Kiskitto,Nelson-Winnipeg,564,05UB013,1998-06-01,
Kiskitto,Nelson-Winnipeg,564,05UB013,1998-07-01,
Kiskitto,Nelson-Winnipeg,564,05UB013,1998-08-01,213.203
Kiskitto,Nelson-Winnipeg,564,05UB013,1998-09-01,213.081
Kiskitto,Nelson-Winnipeg,564,05UB013,1998-10-01,213.033
Kiskitto,Nelson-Winnipeg,564,05UB013,1998-11-01,213.032
Kiskitto,Nelson-Winnipeg,564,05UB013,1998-12-01,213.029
Kiskitto,Nelson-Winnipeg,564,05UB013,1999-01-01,
Kiskitto,Nelson-Winnipeg,564,05UB013,1999-02-01,212.969
Kiskitto,Nelson-Winnipeg,564,05UB013,1999-03-01,212.931
Kiskitto,Nelson-Winnipeg,564,05UB013,1999-04-01,212.909
Kiskitto,Nelson-Winnipeg,564,05UB013,1999-05-01,212.929
Kiskitto,Nelson-Winnipeg,564,05UB013,1999-06-01,
Kiskitto,Nelson-Winnipeg,564,05UB013,1999-07-01,212.965
Kiskitto,Nelson-Winnipeg,564,05UB013,1999-08-01,212.935
Kiskitto,Nelson-Winnipeg,564,05UB013,1999-09-01,212.843
Kiskitto,Nelson-Winnipeg,564,05UB013,1999-10-01,212.851
Kiskitto,Nelson-Winnipeg,564,05UB013,1999-11-01,212.858
Kiskitto,Nelson-Winnipeg,564,05UB013,1999-12-01,212.853
Kiskitto,Nelson-Winnipeg,564,05UB013,2000-01-01,212.851
Kiskitto,Nelson-Winnipeg,564,05UB013,2000-02-01,212.826
Kiskitto,Nelson-Winnipeg,564,05UB013,2000-03-01,212.811
Kiskitto,Nelson-Winnipeg,564,05UB013,2000-04-01,212.819
Kiskitto,Nelson-Winnipeg,564,05UB013,2000-05-01,212.92
Kiskitto,Nelson-Winnipeg,564,05UB013,2000-06-01,213.037
Kiskitto,Nelson-Winnipeg,564,05UB013,2000-07-01,213.173
Kiskitto,Nelson-Winnipeg,564,05UB013,2000-08-01,213.097
Kiskitto,Nelson-Winnipeg,564,05UB013,2000-09-01,213.017
Kiskitto,Nelson-Winnipeg,564,05UB013,2000-10-01,213.002
Kiskitto,Nelson-Winnipeg,564,05UB013,2000-11-01,213.024
Kiskitto,Nelson-Winnipeg,564,05UB013,2000-12-01,213.019
Kiskitto,Nelson-Winnipeg,564,05UB013,2001-01-01,212.986
Kiskitto,Nelson-Winnipeg,564,05UB013,2001-02-01,212.954
Kiskitto,Nelson-Winnipeg,564,05UB013,2001-03-01,212.921
Kiskitto,Nelson-Winnipeg,564,05UB013,2001-04-01,212.895
Kiskitto,Nelson-Winnipeg,564,05UB013,2001-05-01,
Kiskitto,Nelson-Winnipeg,564,05UB013,2001-06-01,
Kiskitto,Nelson-Winnipeg,564,05UB013,2001-07-01,
Kiskitto,Nelson-Winnipeg,564,05UB013,2001-08-01,
Kiskitto,Nelson-Winnipeg,564,05UB013,2001-09-01,
Kiskitto,Nelson-Winnipeg,564,05UB013,2001-10-01,212.959
Kiskitto,Nelson-Winnipeg,564,05UB013,2001-11-01,212.93
Kiskitto,Nelson-Winnipeg,564,05UB013,2001-12-01,212.898
Kiskitto,Nelson-Winnipeg,564,05UB013,2002-01-01,
Kiskitto,Nelson-Winnipeg,564,05UB013,2002-02-01,
Kiskitto,Nelson-Winnipeg,564,05UB013,2002-03-01,212.784
Kiskitto,Nelson-Winnipeg,564,05UB013,2002-04-01,212.768
Kiskitto,Nelson-Winnipeg,564,05UB013,2002-05-01,
Kiskitto,Nelson-Winnipeg,564,05UB013,2002-06-01,212.772
Kiskitto,Nelson-Winnipeg,564,05UB013,2002-07-01,212.689
Kiskitto,Nelson-Winnipeg,564,05UB013,2002-08-01,212.6
Kiskitto,Nelson-Winnipeg,564,05UB013,2002-09-01,212.621
Kiskitto,Nelson-Winnipeg,564,05UB013,2002-10-01,212.61
Kiskitto,Nelson-Winnipeg,564,05UB013,2002-11-01,212.586
Kiskitto,Nelson-Winnipeg,564,05UB013,2002-12-01,213.0
Kiskitto,Nelson-Winnipeg,564,05UB013,2003-01-01,212.569
Kiskitto,Nelson-Winnipeg,564,05UB013,2003-02-01,212.551
Kiskitto,Nelson-Winnipeg,564,05UB013,2003-03-01,212.535
Kiskitto,Nelson-Winnipeg,564,05UB013,2003-04-01,212.535
Kiskitto,Nelson-Winnipeg,564,05UB013,2003-05-01,212.535
Kiskitto,Nelson-Winnipeg,564,05UB013,2003-06-01,212.453
Kiskitto,Nelson-Winnipeg,564,05UB013,2003-07-01,212.407
Kiskitto,Nelson-Winnipeg,564,05UB013,2003-08-01,212.328
Kiskitto,Nelson-Winnipeg,564,05UB013,2003-09-01,212.374
Kiskitto,Nelson-Winnipeg,564,05UB013,2003-10-01,212.591
Kiskitto,Nelson-Winnipeg,564,05UB013,2003-11-01,212.715
Kiskitto,Nelson-Winnipeg,564,05UB013,2003-12-01,212.716
Kiskitto,Nelson-Winnipeg,564,05UB013,2004-01-01,212.707
Kiskitto,Nelson-Winnipeg,564,05UB013,2004-02-01,212.704
Kiskitto,Nelson-Winnipeg,564,05UB013,2004-03-01,212.704
Kiskitto,Nelson-Winnipeg,564,05UB013,2004-04-01,212.695
Kiskitto,Nelson-Winnipeg,564,05UB013,2004-05-01,212.756
Kiskitto,Nelson-Winnipeg,564,05UB013,2004-06-01,212.886
Kiskitto,Nelson-Winnipeg,564,05UB013,2004-07-01,212.933
Kiskitto,Nelson-Winnipeg,564,05UB013,2004-08-01,212.935
Kiskitto,Nelson-Winnipeg,564,05UB013,2004-09-01,212.945
Kiskitto,Nelson-Winnipeg,564,05UB013,2004-10-01,
Kiskitto,Nelson-Winnipeg,564,05UB013,2004-11-01,213.013
Kiskitto,Nelson-Winnipeg,564,05UB013,2004-12-01,213.045
Kiskitto,Nelson-Winnipeg,564,05UB013,2005-01-01,213.049
Kiskitto,Nelson-Winnipeg,564,05UB013,2005-02-01,213.048
Kiskitto,Nelson-Winnipeg,564,05UB013,2005-03-01,213.033
Kiskitto,Nelson-Winnipeg,564,05UB013,2005-04-01,213.123
Kiskitto,Nelson-Winnipeg,564,05UB013,2005-05-01,213.297
Kiskitto,Nelson-Winnipeg,564,05UB013,2005-06-01,213.424
Kiskitto,Nelson-Winnipeg,564,05UB013,2005-07-01,213.451
Kiskitto,Nelson-Winnipeg,564,05UB013,2005-08-01,213.481
Kiskitto,Nelson-Winnipeg,564,05UB013,2005-09-01,213.713
Kiskitto,Nelson-Winnipeg,564,05UB013,2005-10-01,
Kiskitto,Nelson-Winnipeg,564,05UB013,2005-11-01,213.551
Kiskitto,Nelson-Winnipeg,564,05UB013,2005-12-01,213.378
Kiskitto,Nelson-Winnipeg,564,05UB013,2006-01-01,213.219
Kiskitto,Nelson-Winnipeg,564,05UB013,2006-02-01,213.101
Kiskitto,Nelson-Winnipeg,564,05UB013,2006-03-01,212.99
Kiskitto,Nelson-Winnipeg,564,05UB013,2006-04-01,212.931
Kiskitto,Nelson-Winnipeg,564,05UB013,2006-05-01,212.954
Kiskitto,Nelson-Winnipeg,564,05UB013,2006-06-01,212.908
Kiskitto,Nelson-Winnipeg,564,05UB013,2006-07-01,212.913
Kiskitto,Nelson-Winnipeg,564,05UB013,2006-08-01,212.908
Kiskitto,Nelson-Winnipeg,564,05UB013,2006-09-01,212.873
Kiskitto,Nelson-Winnipeg,564,05UB013,2006-10-01,212.937
Kiskitto,Nelson-Winnipeg,564,05UB013,2006-11-01,213.002
Kiskitto,Nelson-Winnipeg,564,05UB013,2006-12-01,213.067
Kiskitto,Nelson-Winnipeg,564,05UB013,2007-01-01,213.088
Kiskitto,Nelson-Winnipeg,564,05UB013,2007-02-01,213.085
Kiskitto,Nelson-Winnipeg,564,05UB013,2007-03-01,213.089
Kiskitto,Nelson-Winnipeg,564,05UB013,2007-04-01,213.116
Kiskitto,Nelson-Winnipeg,564,05UB013,2007-05-01,213.323
Kiskitto,Nelson-Winnipeg,564,05UB013,2007-06-01,213.367
Kiskitto,Nelson-Winnipeg,564,05UB013,2007-07-01,213.439
Kiskitto,Nelson-Winnipeg,564,05UB013,2007-08-01,213.212
Kiskitto,Nelson-Winnipeg,564,05UB013,2007-09-01,213.044
Kiskitto,Nelson-Winnipeg,564,05UB013,2007-10-01,212.974
Kiskitto,Nelson-Winnipeg,564,05UB013,2007-11-01,212.951
Kiskitto,Nelson-Winnipeg,564,05UB013,2007-12-01,212.918
Kiskitto,Nelson-Winnipeg,564,05UB013,2008-01-01,212.86
Kiskitto,Nelson-Winnipeg,564,05UB013,2008-02-01,212.821
Kiskitto,Nelson-Winnipeg,564,05UB013,2008-03-01,212.785
Kiskitto,Nelson-Winnipeg,564,05UB013,2008-04-01,212.755
Kiskitto,Nelson-Winnipeg,564,05UB013,2008-05-01,212.838
Kiskitto,Nelson-Winnipeg,564,05UB013,2008-06-01,212.866
Kiskitto,Nelson-Winnipeg,564,05UB013,2008-07-01,212.965
Kiskitto,Nelson-Winnipeg,564,05UB013,2008-08-01,213.061
Kiskitto,Nelson-Winnipeg,564,05UB013,2008-09-01,212.993
Kiskitto,Nelson-Winnipeg,564,05UB013,2008-10-01,212.949
Kiskitto,Nelson-Winnipeg,564,05UB013,2008-11-01,212.918
Kiskitto,Nelson-Winnipeg,564,05UB013,2008-12-01,212.918
Kiskitto,Nelson-Winnipeg,564,05UB013,2009-01-01,212.896
Kiskitto,Nelson-Winnipeg,564,05UB013,2009-02-01,212.887
Kiskitto,Nelson-Winnipeg,564,05UB013,2009-03-01,212.869
Kiskitto,Nelson-Winnipeg,564,05UB013,2009-04-01,212.903
Kiskitto,Nelson-Winnipeg,564,05UB013,2009-05-01,213.01
Kiskitto,Nelson-Winnipeg,564,05UB013,2009-06-01,213.043
Kiskitto,Nelson-Winnipeg,564,05UB013,2009-07-01,213.055
Kiskitto,Nelson-Winnipeg,564,05UB013,2009-08-01,213.123
Kiskitto,Nelson-Winnipeg,564,05UB013,2009-09-01,213.093
Kiskitto,Nelson-Winnipeg,564,05UB013,2009-10-01,213.014
Kiskitto,Nelson-Winnipeg,564,05UB013,2009-11-01,213.028
Kiskitto,Nelson-Winnipeg,564,05UB013,2009-12-01,213.013
Kiskitto,Nelson-Winnipeg,564,05UB013,2010-01-01,212.99
Kiskitto,Nelson-Winnipeg,564,05UB013,2010-02-01,212.988
Kiskitto,Nelson-Winnipeg,564,05UB013,2010-03-01,212.969
Kiskitto,Nelson-Winnipeg,564,05UB013,2010-04-01,212.944
Kiskitto,Nelson-Winnipeg,564,05UB013,2010-05-01,212.94
Kiskitto,Nelson-Winnipeg,564,05UB013,2010-06-01,212.963
Kiskitto,Nelson-Winnipeg,564,05UB013,2010-07-01,
Kiskitto,Nelson-Winnipeg,564,05UB013,2010-08-01,212.974
Kiskitto,Nelson-Winnipeg,564,05UB013,2010-09-01,213.211
Kiskitto,Nelson-Winnipeg,564,05UB013,2010-10-01,213.287
Kiskitto,Nelson-Winnipeg,564,05UB013,2010-11-01,213.302
Kiskitto,Nelson-Winnipeg,564,05UB013,2010-12-01,213.285
Kiskitto,Nelson-Winnipeg,564,05UB013,2011-01-01,213.233
Kiskitto,Nelson-Winnipeg,564,05UB013,2011-02-01,213.186
Kiskitto,Nelson-Winnipeg,564,05UB013,2011-03-01,213.133
Kiskitto,Nelson-Winnipeg,564,05UB013,2011-04-01,213.107
Kiskitto,Nelson-Winnipeg,564,05UB013,2011-05-01,110.025
Kiskitto,Nelson-Winnipeg,564,05UB013,2011-06-01,170.321
Kiskitto,Nelson-Winnipeg,564,05UB013,2011-07-01,192.284
Kiskitto,Nelson-Winnipeg,564,05UB013,2011-08-01,151.288
Kiskitto,Nelson-Winnipeg,564,05UB013,2011-09-01,213.32
Kiskitto,Nelson-Winnipeg,564,05UB013,2011-10-01,213.281
Kiskitto,Nelson-Winnipeg,564,05UB013,2011-11-01,213.269
Kiskitto,Nelson-Winnipeg,564,05UB013,2011-12-01,213.239
Kiskitto,Nelson-Winnipeg,564,05UB013,2012-01-01,213.164
Kiskitto,Nelson-Winnipeg,564,05UB013,2012-02-01,213.093
Kiskitto,Nelson-Winnipeg,564,05UB013,2012-03-01,213.016
Kiskitto,Nelson-Winnipeg,564,05UB013,2012-04-01,213.046
Kiskitto,Nelson-Winnipeg,564,05UB013,2012-05-01,213.084
Kiskitto,Nelson-Winnipeg,564,05UB013,2012-06-01,213.117
Kiskitto,Nelson-Winnipeg,564,05UB013,2012-07-01,213.133
Kiskitto,Nelson-Winnipeg,564,05UB013,2012-08-01,213.03
Kiskitto,Nelson-Winnipeg,564,05UB013,2012-09-01,212.893
Kiskitto,Nelson-Winnipeg,564,05UB013,2012-10-01,212.794
Kiskitto,Nelson-Winnipeg,564,05UB013,2012-11-01,212.87
Kiskitto,Nelson-Winnipeg,564,05UB013,2012-12-01,212.918
Kiskitto,Nelson-Winnipeg,564,05UB013,2013-01-01,212.906
Kiskitto,Nelson-Winnipeg,564,05UB013,2013-02-01,212.896
Kiskitto,Nelson-Winnipeg,564,05UB013,2013-03-01,212.871
Kiskitto,Nelson-Winnipeg,564,05UB013,2013-04-01,212.764
Kiskitto,Nelson-Winnipeg,564,05UB013,2013-05-01,212.902
Kiskitto,Nelson-Winnipeg,564,05UB013,2013-06-01,213.091
Kiskitto,Nelson-Winnipeg,564,05UB013,2013-07-01,213.019
Kiskitto,Nelson-Winnipeg,564,05UB013,2013-08-01,212.883
Kiskitto,Nelson-Winnipeg,564,05UB013,2013-09-01,212.809
Kiskitto,Nelson-Winnipeg,564,05UB013,2013-10-01,212.784
Kiskitto,Nelson-Winnipeg,564,05UB013,2013-11-01,212.794
Kiskitto,Nelson-Winnipeg,564,05UB013,2013-12-01,212.792
Kiskitto,Nelson-Winnipeg,564,05UB013,2014-01-01,212.774
Kiskitto,Nelson-Winnipeg,564,05UB013,2014-02-01,212.753
Kiskitto,Nelson-Winnipeg,564,05UB013,2014-03-01,212.727
Kiskitto,Nelson-Winnipeg,564,05UB013,2014-04-01,212.696
Kiskitto,Nelson-Winnipeg,564,05UB013,2014-05-01,212.822
Kiskitto,Nelson-Winnipeg,564,05UB013,2014-06-01,212.955
Kiskitto,Nelson-Winnipeg,564,05UB013,2014-07-01,213.001
Kiskitto,Nelson-Winnipeg,564,05UB013,2014-08-01,212.959
Kiskitto,Nelson-Winnipeg,564,05UB013,2014-09-01,212.917
Kiskitto,Nelson-Winnipeg,564,05UB013,2014-10-01,212.917
Kiskitto,Nelson-Winnipeg,564,05UB013,2014-11-01,212.929
Kiskitto,Nelson-Winnipeg,564,05UB013,2014-12-01,212.945
Kiskitto,Nelson-Winnipeg,564,05UB013,2015-01-01,212.944
Kiskitto,Nelson-Winnipeg,564,05UB013,2015-02-01,212.946
Kiskitto,Nelson-Winnipeg,564,05UB013,2015-03-01,212.946
Kiskitto,Nelson-Winnipeg,564,05UB013,2015-04-01,212.981
Kiskitto,Nelson-Winnipeg,564,05UB013,2015-05-01,213.074
Kiskitto,Nelson-Winnipeg,564,05UB013,2015-06-01,213.126
Kiskitto,Nelson-Winnipeg,564,05UB013,2015-07-01,213.161
Kiskitto,Nelson-Winnipeg,564,05UB013,2015-08-01,213.307
Kiskitto,Nelson-Winnipeg,564,05UB013,2015-09-01,213.403
Kiskitto,Nelson-Winnipeg,564,05UB013,2015-10-01,213.45
Kiskitto,Nelson-Winnipeg,564,05UB013,2015-11-01,213.47
Kiskitto,Nelson-Winnipeg,564,05UB013,2015-12-01,213.453
Kiskitto,Nelson-Winnipeg,564,05UB013,2016-01-01,213.411
Kiskitto,Nelson-Winnipeg,564,05UB013,2016-02-01,213.371
Kiskitto,Nelson-Winnipeg,564,05UB013,2016-03-01,213.329
Kiskitto,Nelson-Winnipeg,564,05UB013,2016-04-01,213.302
Kiskitto,Nelson-Winnipeg,564,05UB013,2016-05-01,213.298
Kiskitto,Nelson-Winnipeg,564,05UB013,2016-06-01,213.326
Kiskitto,Nelson-Winnipeg,564,05UB013,2016-07-01,213.353
Kiskitto,Nelson-Winnipeg,564,05UB013,2016-08-01,213.356
Kiskitto,Nelson-Winnipeg,564,05UB013,2016-09-01,213.299
Kiskitto,Nelson-Winnipeg,564,05UB013,2016-10-01,213.508
Kiskitto,Nelson-Winnipeg,564,05UB013,2016-11-01,213.73
Kiskitto,Nelson-Winnipeg,564,05UB013,2016-12-01,213.689
Kiskitto,Nelson-Winnipeg,564,05UB013,2017-01-01,213.573
Kiskitto,Nelson-Winnipeg,564,05UB013,2017-02-01,213.461
Kiskitto,Nelson-Winnipeg,564,05UB013,2017-03-01,213.366
Kiskitto,Nelson-Winnipeg,564,05UB013,2017-04-01,213.349
Kiskitto,Nelson-Winnipeg,564,05UB013,2017-05-01,213.386
Kiskitto,Nelson-Winnipeg,564,05UB013,2017-06-01,213.447
Kiskitto,Nelson-Winnipeg,564,05UB013,2017-07-01,213.44
Kiskitto,Nelson-Winnipeg,564,05UB013,2017-08-01,213.21
Kiskitto,Nelson-Winnipeg,564,05UB013,2017-09-01,213.05
Kiskitto,Nelson-Winnipeg,564,05UB013,2017-10-01,213.048
Kiskitto,Nelson-Winnipeg,564,05UB013,2017-11-01,213.051
Kiskitto,Nelson-Winnipeg,564,05UB013,2017-12-01,213.025
Kiskitto,Nelson-Winnipeg,564,05UB013,2018-01-01,212.984
Kiskitto,Nelson-Winnipeg,564,05UB013,2018-02-01,212.964
Kiskitto,Nelson-Winnipeg,564,05UB013,2018-03-01,212.922
Kiskitto,Nelson-Winnipeg,564,05UB013,2018-04-01,212.888
Kiskitto,Nelson-Winnipeg,564,05UB013,2018-05-01,212.944
Kiskitto,Nelson-Winnipeg,564,05UB013,2018-06-01,212.96
Kiskitto,Nelson-Winnipeg,564,05UB013,2018-07-01,213.134
Kiskitto,Nelson-Winnipeg,564,05UB013,2018-08-01,213.276
Kiskitto,Nelson-Winnipeg,564,05UB013,2018-09-01,213.209
Kiskitto,Nelson-Winnipeg,564,05UB013,2018-10-01,213.117
Kiskitto,Nelson-Winnipeg,564,05UB013,2018-11-01,213.08
Kiskitto,Nelson-Winnipeg,564,05UB013,2018-12-01,212.99
Kiskitto,Nelson-Winnipeg,564,05UB013,2019-01-01,212.914
Kiskitto,Nelson-Winnipeg,564,05UB013,2019-02-01,212.849
Kiskitto,Nelson-Winnipeg,564,05UB013,2019-03-01,212.787
Kiskitto,Nelson-Winnipeg,564,05UB013,2019-04-01,212.742
Kiskitto,Nelson-Winnipeg,564,05UB013,2019-05-01,212.805
Kiskitto,Nelson-Winnipeg,564,05UB013,2019-06-01,212.813
Kiskitto,Nelson-Winnipeg,564,05UB013,2019-07-01,212.777
Kiskitto,Nelson-Winnipeg,564,05UB013,2019-08-01,
Kiskitto,Nelson-Winnipeg,564,05UB013,2019-09-01,
Kiskitto,Nelson-Winnipeg,564,05UB013,2019-10-01,212.919
Kiskitto,Nelson-Winnipeg,564,05UB013,2019-11-01,213.078
Kiskitto,Nelson-Winnipeg,564,05UB013,2019-12-01,
Kiskitto,Nelson-Winnipeg,564,05UB013,2020-01-01,
Kiskitto,Nelson-Winnipeg,564,05UB013,2020-02-01,213.291
Kiskitto,Nelson-Winnipeg,564,05UB013,2020-03-01,
Kiskitto,Nelson-Winnipeg,564,05UB013,2020-04-01,213.387
Kiskitto,Nelson-Winnipeg,564,05UB013,2020-05-01,213.689
Kiskitto,Nelson-Winnipeg,564,05UB013,2020-06-01,
Kiskitto,Nelson-Winnipeg,564,05UB013,2020-07-01,
Kiskitto,Nelson-Winnipeg,564,05UB013,2020-08-01,213.504
Kiskitto,Nelson-Winnipeg,564,05UB013,2020-09-01,213.285
Kiskitto,Nelson-Winnipeg,564,05UB013,2020-10-01,213.113
Kiskitto,Nelson-Winnipeg,564,05UB013,2020-11-01,213.052
Kiskitto,Nelson-Winnipeg,564,05UB013,2020-12-01,213.021
Kiskitto,Nelson-Winnipeg,564,05UB013,2021-01-01,212.964
Kiskitto,Nelson-Winnipeg,564,05UB013,2021-02-01,212.895
Kiskitto,Nelson-Winnipeg,564,05UB013,2021-03-01,212.818
Kiskitto,Nelson-Winnipeg,564,05UB013,2021-04-01,212.814
Kiskitto,Nelson-Winnipeg,564,05UB013,2021-05-01,212.881
Kiskitto,Nelson-Winnipeg,564,05UB013,2021-06-01,212.939
Kiskitto,Nelson-Winnipeg,564,05UB013,2021-07-01,212.866
Kiskitto,Nelson-Winnipeg,564,05UB013,2021-08-01,212.766
Kiskitto,Nelson-Winnipeg,564,05UB013,2021-09-01,212.707
Kiskitto,Nelson-Winnipeg,564,05UB013,2021-10-01,212.641
Kiskitto,Nelson-Winnipeg,564,05UB013,2021-11-01,212.643
Kiskitto,Nelson-Winnipeg,564,05UB013,2021-12-01,212.662
Kiskitto,Nelson-Winnipeg,564,05UB013,2022-01-01,212.658
Kiskitto,Nelson-Winnipeg,564,05UB013,2022-02-01,212.654
Kiskitto,Nelson-Winnipeg,564,05UB013,2022-03-01,212.643
Kiskitto,Nelson-Winnipeg,564,05UB013,2022-04-01,212.659
Kiskitto,Nelson-Winnipeg,564,05UB013,2022-05-01,212.865
Kiskitto,Nelson-Winnipeg,564,05UB013,2022-06-01,213.17
Kiskitto,Nelson-Winnipeg,564,05UB013,2022-07-01,213.195
Kiskitto,Nelson-Winnipeg,564,05UB013,2022-08-01,213.07
Kiskitto,Nelson-Winnipeg,564,05UB013,2022-09-01,212.928
Kiskitto,Nelson-Winnipeg,564,05UB013,2022-10-01,212.805
Kiskitto,Nelson-Winnipeg,564,05UB013,2022-11-01,212.795
Kiskitto,Nelson-Winnipeg,564,05UB013,2022-12-01,212.817
Kiskitto,Nelson-Winnipeg,564,05UB013,2023-01-01,212.809
Kiskitto,Nelson-Winnipeg,564,05UB013,2023-02-01,212.795
Kiskitto,Nelson-Winnipeg,564,05UB013,2023-03-01,212.776
Kiskitto,Nelson-Winnipeg,564,05UB013,2023-04-01,212.754
Kiskitto,Nelson-Winnipeg,564,05UB013,2023-05-01,212.81
Kiskitto,Nelson-Winnipeg,564,05UB013,2023-06-01,212.802
Kiskitto,Nelson-Winnipeg,564,05UB013,2023-07-01,
Kiskitto,Nelson-Winnipeg,564,05UB013,2023-08-01,212.675
Kiskitto,Nelson-Winnipeg,564,05UB013,2023-09-01,212.649
Kiskitto,Nelson-Winnipeg,564,05UB013,2023-10-01,212.601
Kiskitto,Nelson-Winnipeg,564,05UB013,2023-11-01,212.59
Kiskitto,Nelson-Winnipeg,564,05UB013,2023-12-01,212.591
Kiskitto,Nelson-Winnipeg,564,05UB013,2024-01-01,
Kiskitto,Nelson-Winnipeg,564,05UB013,2024-02-01,
Kiskitto,Nelson-Winnipeg,564,05UB013,2024-03-01,
Kiskitto,Nelson-Winnipeg,564,05UB013,2024-04-01,
Kiskitto,Nelson-Winnipeg,564,05UB013,2024-05-01,
Kiskitto,Nelson-Winnipeg,564,05UB013,2024-06-01,
Kiskitto,Nelson-Winnipeg,564,05UB013,2024-07-01,
Kiskitto,Nelson-Winnipeg,564,05UB013,2024-08-01,
Kiskitto,Nelson-Winnipeg,564,05UB013,2024-09-01,
Kiskitto,Nelson-Winnipeg,564,05UB013,2024-10-01,
Kiskitto,Nelson-Winnipeg,564,05UB013,2024-11-01,
Kiskitto,Nelson-Winnipeg,564,05UB013,2024-12-01,
Sipiwesk,Nelson-Winnipeg,520,05UD006,1994-01-01,186.741
Sipiwesk,Nelson-Winnipeg,520,05UD006,1994-02-01,186.418
Sipiwesk,Nelson-Winnipeg,520,05UD006,1994-03-01,186.239
Sipiwesk,Nelson-Winnipeg,520,05UD006,1994-04-01,186.072
Sipiwesk,Nelson-Winnipeg,520,05UD006,1994-05-01,185.427
Sipiwesk,Nelson-Winnipeg,520,05UD006,1994-06-01,185.265
Sipiwesk,Nelson-Winnipeg,520,05UD006,1994-07-01,185.21
Sipiwesk,Nelson-Winnipeg,520,05UD006,1994-08-01,185.239
Sipiwesk,Nelson-Winnipeg,520,05UD006,1994-09-01,185.372
Sipiwesk,Nelson-Winnipeg,520,05UD006,1994-10-01,185.637
Sipiwesk,Nelson-Winnipeg,520,05UD006,1994-11-01,185.932
Sipiwesk,Nelson-Winnipeg,520,05UD006,1994-12-01,186.348
Sipiwesk,Nelson-Winnipeg,520,05UD006,1995-01-01,186.522
Sipiwesk,Nelson-Winnipeg,520,05UD006,1995-02-01,186.54
Sipiwesk,Nelson-Winnipeg,520,05UD006,1995-03-01,186.487
Sipiwesk,Nelson-Winnipeg,520,05UD006,1995-04-01,186.148
Sipiwesk,Nelson-Winnipeg,520,05UD006,1995-05-01,185.558
Sipiwesk,Nelson-Winnipeg,520,05UD006,1995-06-01,185.303
Sipiwesk,Nelson-Winnipeg,520,05UD006,1995-07-01,185.331
Sipiwesk,Nelson-Winnipeg,520,05UD006,1995-08-01,185.78
Sipiwesk,Nelson-Winnipeg,520,05UD006,1995-09-01,185.839
Sipiwesk,Nelson-Winnipeg,520,05UD006,1995-10-01,186.141
Sipiwesk,Nelson-Winnipeg,520,05UD006,1995-11-01,186.104
Sipiwesk,Nelson-Winnipeg,520,05UD006,1995-12-01,186.139
Sipiwesk,Nelson-Winnipeg,520,05UD006,1996-01-01,186.048
Sipiwesk,Nelson-Winnipeg,520,05UD006,1996-02-01,185.982
Sipiwesk,Nelson-Winnipeg,520,05UD006,1996-03-01,185.977
Sipiwesk,Nelson-Winnipeg,520,05UD006,1996-04-01,185.957
Sipiwesk,Nelson-Winnipeg,520,05UD006,1996-05-01,186.107
Sipiwesk,Nelson-Winnipeg,520,05UD006,1996-06-01,187.154
Sipiwesk,Nelson-Winnipeg,520,05UD006,1996-07-01,187.754
Sipiwesk,Nelson-Winnipeg,520,05UD006,1996-08-01,187.133
Sipiwesk,Nelson-Winnipeg,520,05UD006,1996-09-01,185.881
Sipiwesk,Nelson-Winnipeg,520,05UD006,1996-10-01,186.226
Sipiwesk,Nelson-Winnipeg,520,05UD006,1996-11-01,186.243
Sipiwesk,Nelson-Winnipeg,520,05UD006,1996-12-01,186.664
Sipiwesk,Nelson-Winnipeg,520,05UD006,1997-01-01,186.646
Sipiwesk,Nelson-Winnipeg,520,05UD006,1997-02-01,186.664
Sipiwesk,Nelson-Winnipeg,520,05UD006,1997-03-01,186.663
Sipiwesk,Nelson-Winnipeg,520,05UD006,1997-04-01,186.549
Sipiwesk,Nelson-Winnipeg,520,05UD006,1997-05-01,187.118
Sipiwesk,Nelson-Winnipeg,520,05UD006,1997-06-01,188.22
Sipiwesk,Nelson-Winnipeg,520,05UD006,1997-07-01,188.274
Sipiwesk,Nelson-Winnipeg,520,05UD006,1997-08-01,187.205
Sipiwesk,Nelson-Winnipeg,520,05UD006,1997-09-01,185.739
Sipiwesk,Nelson-Winnipeg,520,05UD006,1997-10-01,185.731
Sipiwesk,Nelson-Winnipeg,520,05UD006,1997-11-01,186.396
Sipiwesk,Nelson-Winnipeg,520,05UD006,1997-12-01,186.943
Sipiwesk,Nelson-Winnipeg,520,05UD006,1998-01-01,187.158
Sipiwesk,Nelson-Winnipeg,520,05UD006,1998-02-01,187.067
Sipiwesk,Nelson-Winnipeg,520,05UD006,1998-03-01,186.665
Sipiwesk,Nelson-Winnipeg,520,05UD006,1998-04-01,186.014
Sipiwesk,Nelson-Winnipeg,520,05UD006,1998-05-01,185.761
Sipiwesk,Nelson-Winnipeg,520,05UD006,1998-06-01,186.201
Sipiwesk,Nelson-Winnipeg,520,05UD006,1998-07-01,186.444
Sipiwesk,Nelson-Winnipeg,520,05UD006,1998-08-01,185.922
Sipiwesk,Nelson-Winnipeg,520,05UD006,1998-09-01,185.372
Sipiwesk,Nelson-Winnipeg,520,05UD006,1998-10-01,185.454
Sipiwesk,Nelson-Winnipeg,520,05UD006,1998-11-01,185.66
Sipiwesk,Nelson-Winnipeg,520,05UD006,1998-12-01,185.857
Sipiwesk,Nelson-Winnipeg,520,05UD006,1999-01-01,185.938
Sipiwesk,Nelson-Winnipeg,520,05UD006,1999-02-01,186.026
Sipiwesk,Nelson-Winnipeg,520,05UD006,1999-03-01,185.947
Sipiwesk,Nelson-Winnipeg,520,05UD006,1999-04-01,185.707
Sipiwesk,Nelson-Winnipeg,520,05UD006,1999-05-01,185.543
Sipiwesk,Nelson-Winnipeg,520,05UD006,1999-06-01,185.56
Sipiwesk,Nelson-Winnipeg,520,05UD006,1999-07-01,185.622
Sipiwesk,Nelson-Winnipeg,520,05UD006,1999-08-01,185.603
Sipiwesk,Nelson-Winnipeg,520,05UD006,1999-09-01,185.681
Sipiwesk,Nelson-Winnipeg,520,05UD006,1999-10-01,185.929
Sipiwesk,Nelson-Winnipeg,520,05UD006,1999-11-01,186.063
Sipiwesk,Nelson-Winnipeg,520,05UD006,1999-12-01,186.407
Sipiwesk,Nelson-Winnipeg,520,05UD006,2000-01-01,186.55
Sipiwesk,Nelson-Winnipeg,520,05UD006,2000-02-01,186.56
Sipiwesk,Nelson-Winnipeg,520,05UD006,2000-03-01,186.297
Sipiwesk,Nelson-Winnipeg,520,05UD006,2000-04-01,186.013
Sipiwesk,Nelson-Winnipeg,520,05UD006,2000-05-01,
Sipiwesk,Nelson-Winnipeg,520,05UD006,2000-06-01,
Sipiwesk,Nelson-Winnipeg,520,05UD006,2000-07-01,
Sipiwesk,Nelson-Winnipeg,520,05UD006,2000-08-01,185.761
Sipiwesk,Nelson-Winnipeg,520,05UD006,2000-09-01,185.948
Sipiwesk,Nelson-Winnipeg,520,05UD006,2000-10-01,186.086
Sipiwesk,Nelson-Winnipeg,520,05UD006,2000-11-01,
Sipiwesk,Nelson-Winnipeg,520,05UD006,2000-12-01,
Sipiwesk,Nelson-Winnipeg,520,05UD006,2001-01-01,
Sipiwesk,Nelson-Winnipeg,520,05UD006,2001-02-01,186.989
Sipiwesk,Nelson-Winnipeg,520,05UD006,2001-03-01,186.376
Sipiwesk,Nelson-Winnipeg,520,05UD006,2001-04-01,185.93
Sipiwesk,Nelson-Winnipeg,520,05UD006,2001-05-01,186.699
Sipiwesk,Nelson-Winnipeg,520,05UD006,2001-06-01,187.348
Sipiwesk,Nelson-Winnipeg,520,05UD006,2001-07-01,187.688
Sipiwesk,Nelson-Winnipeg,520,05UD006,2001-08-01,186.871
Sipiwesk,Nelson-Winnipeg,520,05UD006,2001-09-01,186.125
Sipiwesk,Nelson-Winnipeg,520,05UD006,2001-10-01,186.202
Sipiwesk,Nelson-Winnipeg,520,05UD006,2001-11-01,186.172
Sipiwesk,Nelson-Winnipeg,520,05UD006,2001-12-01,186.354
Sipiwesk,Nelson-Winnipeg,520,05UD006,2002-01-01,186.468
Sipiwesk,Nelson-Winnipeg,520,05UD006,2002-02-01,186.222
Sipiwesk,Nelson-Winnipeg,520,05UD006,2002-03-01,185.772
Sipiwesk,Nelson-Winnipeg,520,05UD006,2002-04-01,185.508
Sipiwesk,Nelson-Winnipeg,520,05UD006,2002-05-01,185.498
Sipiwesk,Nelson-Winnipeg,520,05UD006,2002-06-01,185.173
Sipiwesk,Nelson-Winnipeg,520,05UD006,2002-07-01,185.006
Sipiwesk,Nelson-Winnipeg,520,05UD006,2002-08-01,185.833
Sipiwesk,Nelson-Winnipeg,520,05UD006,2002-09-01,185.981
Sipiwesk,Nelson-Winnipeg,520,05UD006,2002-10-01,186.006
Sipiwesk,Nelson-Winnipeg,520,05UD006,2002-11-01,185.937
Sipiwesk,Nelson-Winnipeg,520,05UD006,2002-12-01,186.0
Sipiwesk,Nelson-Winnipeg,520,05UD006,2003-01-01,186.113
Sipiwesk,Nelson-Winnipeg,520,05UD006,2003-02-01,185.642
Sipiwesk,Nelson-Winnipeg,520,05UD006,2003-03-01,185.211
Sipiwesk,Nelson-Winnipeg,520,05UD006,2003-04-01,185.169
Sipiwesk,Nelson-Winnipeg,520,05UD006,2003-05-01,185.271
Sipiwesk,Nelson-Winnipeg,520,05UD006,2003-06-01,185.072
Sipiwesk,Nelson-Winnipeg,520,05UD006,2003-07-01,185.028
Sipiwesk,Nelson-Winnipeg,520,05UD006,2003-08-01,184.971
Sipiwesk,Nelson-Winnipeg,520,05UD006,2003-09-01,184.831
Sipiwesk,Nelson-Winnipeg,520,05UD006,2003-10-01,184.78
Sipiwesk,Nelson-Winnipeg,520,05UD006,2003-11-01,184.94
Sipiwesk,Nelson-Winnipeg,520,05UD006,2003-12-01,185.064
Sipiwesk,Nelson-Winnipeg,520,05UD006,2004-01-01,185.053
Sipiwesk,Nelson-Winnipeg,520,05UD006,2004-02-01,185.122
Sipiwesk,Nelson-Winnipeg,520,05UD006,2004-03-01,185.198
Sipiwesk,Nelson-Winnipeg,520,05UD006,2004-04-01,185.121
Sipiwesk,Nelson-Winnipeg,520,05UD006,2004-05-01,184.89
Sipiwesk,Nelson-Winnipeg,520,05UD006,2004-06-01,185.273
Sipiwesk,Nelson-Winnipeg,520,05UD006,2004-07-01,186.174
Sipiwesk,Nelson-Winnipeg,520,05UD006,2004-08-01,186.263
Sipiwesk,Nelson-Winnipeg,520,05UD006,2004-09-01,185.857
Sipiwesk,Nelson-Winnipeg,520,05UD006,2004-10-01,185.925
Sipiwesk,Nelson-Winnipeg,520,05UD006,2004-11-01,186.378
Sipiwesk,Nelson-Winnipeg,520,05UD006,2004-12-01,186.689
Sipiwesk,Nelson-Winnipeg,520,05UD006,2005-01-01,187.397
Sipiwesk,Nelson-Winnipeg,520,05UD006,2005-02-01,187.419
Sipiwesk,Nelson-Winnipeg,520,05UD006,2005-03-01,187.024
Sipiwesk,Nelson-Winnipeg,520,05UD006,2005-04-01,187.084
Sipiwesk,Nelson-Winnipeg,520,05UD006,2005-05-01,187.764
Sipiwesk,Nelson-Winnipeg,520,05UD006,2005-06-01,188.263
Sipiwesk,Nelson-Winnipeg,520,05UD006,2005-07-01,188.596
Sipiwesk,Nelson-Winnipeg,520,05UD006,2005-08-01,188.827
Sipiwesk,Nelson-Winnipeg,520,05UD006,2005-09-01,188.922
Sipiwesk,Nelson-Winnipeg,520,05UD006,2005-10-01,188.179
Sipiwesk,Nelson-Winnipeg,520,05UD006,2005-11-01,186.685
Sipiwesk,Nelson-Winnipeg,520,05UD006,2005-12-01,186.581
Sipiwesk,Nelson-Winnipeg,520,05UD006,2006-01-01,187.269
Sipiwesk,Nelson-Winnipeg,520,05UD006,2006-02-01,187.426
Sipiwesk,Nelson-Winnipeg,520,05UD006,2006-03-01,187.332
Sipiwesk,Nelson-Winnipeg,520,05UD006,2006-04-01,187.014
Sipiwesk,Nelson-Winnipeg,520,05UD006,2006-05-01,187.602
Sipiwesk,Nelson-Winnipeg,520,05UD006,2006-06-01,187.599
Sipiwesk,Nelson-Winnipeg,520,05UD006,2006-07-01,186.813
Sipiwesk,Nelson-Winnipeg,520,05UD006,2006-08-01,186.507
Sipiwesk,Nelson-Winnipeg,520,05UD006,2006-09-01,185.716
Sipiwesk,Nelson-Winnipeg,520,05UD006,2006-10-01,185.051
Sipiwesk,Nelson-Winnipeg,520,05UD006,2006-11-01,185.083
Sipiwesk,Nelson-Winnipeg,520,05UD006,2006-12-01,186.201
Sipiwesk,Nelson-Winnipeg,520,05UD006,2007-01-01,186.013
Sipiwesk,Nelson-Winnipeg,520,05UD006,2007-02-01,
Sipiwesk,Nelson-Winnipeg,520,05UD006,2007-03-01,
Sipiwesk,Nelson-Winnipeg,520,05UD006,2007-04-01,185.4
Sipiwesk,Nelson-Winnipeg,520,05UD006,2007-05-01,185.445
Sipiwesk,Nelson-Winnipeg,520,05UD006,2007-06-01,185.6
Sipiwesk,Nelson-Winnipeg,520,05UD006,2007-07-01,186.654
Sipiwesk,Nelson-Winnipeg,520,05UD006,2007-08-01,186.901
Sipiwesk,Nelson-Winnipeg,520,05UD006,2007-09-01,186.035
Sipiwesk,Nelson-Winnipeg,520,05UD006,2007-10-01,186.23
Sipiwesk,Nelson-Winnipeg,520,05UD006,2007-11-01,186.661
Sipiwesk,Nelson-Winnipeg,520,05UD006,2007-12-01,
Sipiwesk,Nelson-Winnipeg,520,05UD006,2008-01-01,187.057
Sipiwesk,Nelson-Winnipeg,520,05UD006,2008-02-01,186.823
Sipiwesk,Nelson-Winnipeg,520,05UD006,2008-03-01,186.45
Sipiwesk,Nelson-Winnipeg,520,05UD006,2008-04-01,185.969
Sipiwesk,Nelson-Winnipeg,520,05UD006,2008-05-01,185.099
Sipiwesk,Nelson-Winnipeg,520,05UD006,2008-06-01,185.673
Sipiwesk,Nelson-Winnipeg,520,05UD006,2008-07-01,187.118
Sipiwesk,Nelson-Winnipeg,520,05UD006,2008-08-01,187.941
Sipiwesk,Nelson-Winnipeg,520,05UD006,2008-09-01,187.019
Sipiwesk,Nelson-Winnipeg,520,05UD006,2008-10-01,186.723
Sipiwesk,Nelson-Winnipeg,520,05UD006,2008-11-01,186.837
Sipiwesk,Nelson-Winnipeg,520,05UD006,2008-12-01,187.015
Sipiwesk,Nelson-Winnipeg,520,05UD006,2009-01-01,186.721
Sipiwesk,Nelson-Winnipeg,520,05UD006,2009-02-01,186.374
Sipiwesk,Nelson-Winnipeg,520,05UD006,2009-03-01,186.228
Sipiwesk,Nelson-Winnipeg,520,05UD006,2009-04-01,186.043
Sipiwesk,Nelson-Winnipeg,520,05UD006,2009-05-01,186.658
Sipiwesk,Nelson-Winnipeg,520,05UD006,2009-06-01,187.921
Sipiwesk,Nelson-Winnipeg,520,05UD006,2009-07-01,188.149
Sipiwesk,Nelson-Winnipeg,520,05UD006,2009-08-01,188.109
Sipiwesk,Nelson-Winnipeg,520,05UD006,2009-09-01,187.906
Sipiwesk,Nelson-Winnipeg,520,05UD006,2009-10-01,186.792
Sipiwesk,Nelson-Winnipeg,520,05UD006,2009-11-01,
Sipiwesk,Nelson-Winnipeg,520,05UD006,2009-12-01,186.454
Sipiwesk,Nelson-Winnipeg,520,05UD006,2010-01-01,186.877
Sipiwesk,Nelson-Winnipeg,520,05UD006,2010-02-01,186.616
Sipiwesk,Nelson-Winnipeg,520,05UD006,2010-03-01,186.356
Sipiwesk,Nelson-Winnipeg,520,05UD006,2010-04-01,185.84
Sipiwesk,Nelson-Winnipeg,520,05UD006,2010-05-01,185.252
Sipiwesk,Nelson-Winnipeg,520,05UD006,2010-06-01,185.438
Sipiwesk,Nelson-Winnipeg,520,05UD006,2010-07-01,186.984
Sipiwesk,Nelson-Winnipeg,520,05UD006,2010-08-01,187.606
Sipiwesk,Nelson-Winnipeg,520,05UD006,2010-09-01,
Sipiwesk,Nelson-Winnipeg,520,05UD006,2010-10-01,
Sipiwesk,Nelson-Winnipeg,520,05UD006,2010-11-01,187.677
Sipiwesk,Nelson-Winnipeg,520,05UD006,2010-12-01,187.811
Sipiwesk,Nelson-Winnipeg,520,05UD006,2011-01-01,188.538
Sipiwesk,Nelson-Winnipeg,520,05UD006,2011-02-01,188.048
Sipiwesk,Nelson-Winnipeg,520,05UD006,2011-03-01,187.169
Sipiwesk,Nelson-Winnipeg,520,05UD006,2011-04-01,186.778
Sipiwesk,Nelson-Winnipeg,520,05UD006,2011-05-01,169.448
Sipiwesk,Nelson-Winnipeg,520,05UD006,2011-06-01,188.507
Sipiwesk,Nelson-Winnipeg,520,05UD006,2011-07-01,188.946
Sipiwesk,Nelson-Winnipeg,520,05UD006,2011-08-01,189.159
Sipiwesk,Nelson-Winnipeg,520,05UD006,2011-09-01,188.927
Sipiwesk,Nelson-Winnipeg,520,05UD006,2011-10-01,187.779
Sipiwesk,Nelson-Winnipeg,520,05UD006,2011-11-01,186.68
Sipiwesk,Nelson-Winnipeg,520,05UD006,2011-12-01,
Sipiwesk,Nelson-Winnipeg,520,05UD006,2012-01-01,
Sipiwesk,Nelson-Winnipeg,520,05UD006,2012-02-01,
Sipiwesk,Nelson-Winnipeg,520,05UD006,2012-03-01,
Sipiwesk,Nelson-Winnipeg,520,05UD006,2012-04-01,185.64
Sipiwesk,Nelson-Winnipeg,520,05UD006,2012-05-01,
Sipiwesk,Nelson-Winnipeg,520,05UD006,2012-06-01,185.582
Sipiwesk,Nelson-Winnipeg,520,05UD006,2012-07-01,186.19
Sipiwesk,Nelson-Winnipeg,520,05UD006,2012-08-01,186.402
Sipiwesk,Nelson-Winnipeg,520,05UD006,2012-09-01,185.883
Sipiwesk,Nelson-Winnipeg,520,05UD006,2012-10-01,
Sipiwesk,Nelson-Winnipeg,520,05UD006,2012-11-01,186.195
Sipiwesk,Nelson-Winnipeg,520,05UD006,2012-12-01,
Sipiwesk,Nelson-Winnipeg,520,05UD006,2013-01-01,186.782
Sipiwesk,Nelson-Winnipeg,520,05UD006,2013-02-01,186.569
Sipiwesk,Nelson-Winnipeg,520,05UD006,2013-03-01,186.175
Sipiwesk,Nelson-Winnipeg,520,05UD006,2013-04-01,185.933
Sipiwesk,Nelson-Winnipeg,520,05UD006,2013-05-01,186.022
Sipiwesk,Nelson-Winnipeg,520,05UD006,2013-06-01,186.142
Sipiwesk,Nelson-Winnipeg,520,05UD006,2013-07-01,187.422
Sipiwesk,Nelson-Winnipeg,520,05UD006,2013-08-01,187.539
Sipiwesk,Nelson-Winnipeg,520,05UD006,2013-09-01,186.374
Sipiwesk,Nelson-Winnipeg,520,05UD006,2013-10-01,186.206
Sipiwesk,Nelson-Winnipeg,520,05UD006,2013-11-01,186.496
Sipiwesk,Nelson-Winnipeg,520,05UD006,2013-12-01,186.651
Sipiwesk,Nelson-Winnipeg,520,05UD006,2014-01-01,186.853
Sipiwesk,Nelson-Winnipeg,520,05UD006,2014-02-01,186.753
Sipiwesk,Nelson-Winnipeg,520,05UD006,2014-03-01,186.751
Sipiwesk,Nelson-Winnipeg,520,05UD006,2014-04-01,186.667
Sipiwesk,Nelson-Winnipeg,520,05UD006,2014-05-01,186.653
Sipiwesk,Nelson-Winnipeg,520,05UD006,2014-06-01,187.502
Sipiwesk,Nelson-Winnipeg,520,05UD006,2014-07-01,188.283
Sipiwesk,Nelson-Winnipeg,520,05UD006,2014-08-01,188.626
Sipiwesk,Nelson-Winnipeg,520,05UD006,2014-09-01,188.511
Sipiwesk,Nelson-Winnipeg,520,05UD006,2014-10-01,188.144
Sipiwesk,Nelson-Winnipeg,520,05UD006,2014-11-01,
Sipiwesk,Nelson-Winnipeg,520,05UD006,2014-12-01,
Sipiwesk,Nelson-Winnipeg,520,05UD006,2015-01-01,187.039
Sipiwesk,Nelson-Winnipeg,520,05UD006,2015-02-01,186.68
Sipiwesk,Nelson-Winnipeg,520,05UD006,2015-03-01,186.265
Sipiwesk,Nelson-Winnipeg,520,05UD006,2015-04-01,186.106
Sipiwesk,Nelson-Winnipeg,520,05UD006,2015-05-01,186.154
Sipiwesk,Nelson-Winnipeg,520,05UD006,2015-06-01,186.294
Sipiwesk,Nelson-Winnipeg,520,05UD006,2015-07-01,186.229
Sipiwesk,Nelson-Winnipeg,520,05UD006,2015-08-01,
Sipiwesk,Nelson-Winnipeg,520,05UD006,2015-09-01,186.367
Sipiwesk,Nelson-Winnipeg,520,05UD006,2015-10-01,186.38
Sipiwesk,Nelson-Winnipeg,520,05UD006,2015-11-01,186.317
Sipiwesk,Nelson-Winnipeg,520,05UD006,2015-12-01,186.69
Sipiwesk,Nelson-Winnipeg,520,05UD006,2016-01-01,186.777
Sipiwesk,Nelson-Winnipeg,520,05UD006,2016-02-01,186.86
Sipiwesk,Nelson-Winnipeg,520,05UD006,2016-03-01,186.657
Sipiwesk,Nelson-Winnipeg,520,05UD006,2016-04-01,186.388
Sipiwesk,Nelson-Winnipeg,520,05UD006,2016-05-01,186.279
Sipiwesk,Nelson-Winnipeg,520,05UD006,2016-06-01,186.253
Sipiwesk,Nelson-Winnipeg,520,05UD006,2016-07-01,187.055
Sipiwesk,Nelson-Winnipeg,520,05UD006,2016-08-01,187.172
Sipiwesk,Nelson-Winnipeg,520,05UD006,2016-09-01,186.698
Sipiwesk,Nelson-Winnipeg,520,05UD006,2016-10-01,186.689
Sipiwesk,Nelson-Winnipeg,520,05UD006,2016-11-01,186.468
Sipiwesk,Nelson-Winnipeg,520,05UD006,2016-12-01,
Sipiwesk,Nelson-Winnipeg,520,05UD006,2017-01-01,
Sipiwesk,Nelson-Winnipeg,520,05UD006,2017-02-01,187.558
Sipiwesk,Nelson-Winnipeg,520,05UD006,2017-03-01,187.28
Sipiwesk,Nelson-Winnipeg,520,05UD006,2017-04-01,187.43
Sipiwesk,Nelson-Winnipeg,520,05UD006,2017-05-01,188.063
Sipiwesk,Nelson-Winnipeg,520,05UD006,2017-06-01,188.159
Sipiwesk,Nelson-Winnipeg,520,05UD006,2017-07-01,188.321
Sipiwesk,Nelson-Winnipeg,520,05UD006,2017-08-01,187.794
Sipiwesk,Nelson-Winnipeg,520,05UD006,2017-09-01,185.996
Sipiwesk,Nelson-Winnipeg,520,05UD006,2017-10-01,185.621
Sipiwesk,Nelson-Winnipeg,520,05UD006,2017-11-01,
Sipiwesk,Nelson-Winnipeg,520,05UD006,2017-12-01,186.577
Sipiwesk,Nelson-Winnipeg,520,05UD006,2018-01-01,186.383
Sipiwesk,Nelson-Winnipeg,520,05UD006,2018-02-01,186.179
Sipiwesk,Nelson-Winnipeg,520,05UD006,2018-03-01,185.846
Sipiwesk,Nelson-Winnipeg,520,05UD006,2018-04-01,185.446
Sipiwesk,Nelson-Winnipeg,520,05UD006,2018-05-01,185.43
Sipiwesk,Nelson-Winnipeg,520,05UD006,2018-06-01,185.468
Sipiwesk,Nelson-Winnipeg,520,05UD006,2018-07-01,185.64
Sipiwesk,Nelson-Winnipeg,520,05UD006,2018-08-01,185.395
Sipiwesk,Nelson-Winnipeg,520,05UD006,2018-09-01,185.012
Sipiwesk,Nelson-Winnipeg,520,05UD006,2018-10-01,185.082
Sipiwesk,Nelson-Winnipeg,520,05UD006,2018-11-01,185.898
Sipiwesk,Nelson-Winnipeg,520,05UD006,2018-12-01,186.164
Sipiwesk,Nelson-Winnipeg,520,05UD006,2019-01-01,186.014
Sipiwesk,Nelson-Winnipeg,520,05UD006,2019-02-01,185.722
Sipiwesk,Nelson-Winnipeg,520,05UD006,2019-03-01,
Sipiwesk,Nelson-Winnipeg,520,05UD006,2019-04-01,185.646
Sipiwesk,Nelson-Winnipeg,520,05UD006,2019-05-01,185.643
Sipiwesk,Nelson-Winnipeg,520,05UD006,2019-06-01,185.656
Sipiwesk,Nelson-Winnipeg,520,05UD006,2019-07-01,185.648
Sipiwesk,Nelson-Winnipeg,520,05UD006,2019-08-01,185.685
Sipiwesk,Nelson-Winnipeg,520,05UD006,2019-09-01,185.277
Sipiwesk,Nelson-Winnipeg,520,05UD006,2019-10-01,185.162
Sipiwesk,Nelson-Winnipeg,520,05UD006,2019-11-01,186.461
Sipiwesk,Nelson-Winnipeg,520,05UD006,2019-12-01,187.137
Sipiwesk,Nelson-Winnipeg,520,05UD006,2020-01-01,187.426
Sipiwesk,Nelson-Winnipeg,520,05UD006,2020-02-01,187.466
Sipiwesk,Nelson-Winnipeg,520,05UD006,2020-03-01,187.35
Sipiwesk,Nelson-Winnipeg,520,05UD006,2020-04-01,187.291
Sipiwesk,Nelson-Winnipeg,520,05UD006,2020-05-01,187.588
Sipiwesk,Nelson-Winnipeg,520,05UD006,2020-06-01,187.446
Sipiwesk,Nelson-Winnipeg,520,05UD006,2020-07-01,187.616
Sipiwesk,Nelson-Winnipeg,520,05UD006,2020-08-01,
Sipiwesk,Nelson-Winnipeg,520,05UD006,2020-09-01,186.3
Sipiwesk,Nelson-Winnipeg,520,05UD006,2020-10-01,185.52
Sipiwesk,Nelson-Winnipeg,520,05UD006,2020-11-01,
Sipiwesk,Nelson-Winnipeg,520,05UD006,2020-12-01,186.594
Sipiwesk,Nelson-Winnipeg,520,05UD006,2021-01-01,186.498
Sipiwesk,Nelson-Winnipeg,520,05UD006,2021-02-01,186.013
Sipiwesk,Nelson-Winnipeg,520,05UD006,2021-03-01,185.645
Sipiwesk,Nelson-Winnipeg,520,05UD006,2021-04-01,185.592
Sipiwesk,Nelson-Winnipeg,520,05UD006,2021-05-01,185.595
Sipiwesk,Nelson-Winnipeg,520,05UD006,2021-06-01,185.404
Sipiwesk,Nelson-Winnipeg,520,05UD006,2021-07-01,185.005
Sipiwesk,Nelson-Winnipeg,520,05UD006,2021-08-01,184.78
Sipiwesk,Nelson-Winnipeg,520,05UD006,2021-09-01,184.807
Sipiwesk,Nelson-Winnipeg,520,05UD006,2021-10-01,184.791
Sipiwesk,Nelson-Winnipeg,520,05UD006,2021-11-01,184.831
Sipiwesk,Nelson-Winnipeg,520,05UD006,2021-12-01,185.014
Sipiwesk,Nelson-Winnipeg,520,05UD006,2022-01-01,185.026
Sipiwesk,Nelson-Winnipeg,520,05UD006,2022-02-01,184.834
Sipiwesk,Nelson-Winnipeg,520,05UD006,2022-03-01,184.757
Sipiwesk,Nelson-Winnipeg,520,05UD006,2022-04-01,184.966
Sipiwesk,Nelson-Winnipeg,520,05UD006,2022-05-01,185.982
Sipiwesk,Nelson-Winnipeg,520,05UD006,2022-06-01,187.97
Sipiwesk,Nelson-Winnipeg,520,05UD006,2022-07-01,188.812
Sipiwesk,Nelson-Winnipeg,520,05UD006,2022-08-01,188.951
Sipiwesk,Nelson-Winnipeg,520,05UD006,2022-09-01,188.71
Sipiwesk,Nelson-Winnipeg,520,05UD006,2022-10-01,188.062
Sipiwesk,Nelson-Winnipeg,520,05UD006,2022-11-01,187.154
Sipiwesk,Nelson-Winnipeg,520,05UD006,2022-12-01,187.463
Sipiwesk,Nelson-Winnipeg,520,05UD006,2023-01-01,187.088
Sipiwesk,Nelson-Winnipeg,520,05UD006,2023-02-01,186.698
Sipiwesk,Nelson-Winnipeg,520,05UD006,2023-03-01,
Sipiwesk,Nelson-Winnipeg,520,05UD006,2023-04-01,185.662
Sipiwesk,Nelson-Winnipeg,520,05UD006,2023-05-01,185.587
Sipiwesk,Nelson-Winnipeg,520,05UD006,2023-06-01,185.6
Sipiwesk,Nelson-Winnipeg,520,05UD006,2023-07-01,185.622
Sipiwesk,Nelson-Winnipeg,520,05UD006,2023-08-01,185.42
Sipiwesk,Nelson-Winnipeg,520,05UD006,2023-09-01,185.296
Sipiwesk,Nelson-Winnipeg,520,05UD006,2023-10-01,185.022
Sipiwesk,Nelson-Winnipeg,520,05UD006,2023-11-01,185.211
Sipiwesk,Nelson-Winnipeg,520,05UD006,2023-12-01,185.607
Sipiwesk,Nelson-Winnipeg,520,05UD006,2024-01-01,
Sipiwesk,Nelson-Winnipeg,520,05UD006,2024-02-01,
Sipiwesk,Nelson-Winnipeg,520,05UD006,2024-03-01,
Sipiwesk,Nelson-Winnipeg,520,05UD006,2024-04-01,
Sipiwesk,Nelson-Winnipeg,520,05UD006,2024-05-01,
Sipiwesk,Nelson-Winnipeg,520,05UD006,2024-06-01,
Sipiwesk,Nelson-Winnipeg,520,05UD006,2024-07-01,
Sipiwesk,Nelson-Winnipeg,520,05UD006,2024-08-01,
Sipiwesk,Nelson-Winnipeg,520,05UD006,2024-09-01,
Sipiwesk,Nelson-Winnipeg,520,05UD006,2024-10-01,
Sipiwesk,Nelson-Winnipeg,520,05UD006,2024-11-01,
Sipiwesk,Nelson-Winnipeg,520,05UD006,2024-12-01,
Split,Nelson-Winnipeg,479,05UF003,1994-01-01,167.828
Split,Nelson-Winnipeg,479,05UF003,1994-02-01,167.754
Split,Nelson-Winnipeg,479,05UF003,1994-03-01,167.349
Split,Nelson-Winnipeg,479,05UF003,1994-04-01,166.9
Split,Nelson-Winnipeg,479,05UF003,1994-05-01,166.933
Split,Nelson-Winnipeg,479,05UF003,1994-06-01,166.572
Split,Nelson-Winnipeg,479,05UF003,1994-07-01,166.676
Split,Nelson-Winnipeg,479,05UF003,1994-08-01,166.667
Split,Nelson-Winnipeg,479,05UF003,1994-09-01,166.625
Split,Nelson-Winnipeg,479,05UF003,1994-10-01,166.808
Split,Nelson-Winnipeg,479,05UF003,1994-11-01,167.079
Split,Nelson-Winnipeg,479,05UF003,1994-12-01,167.324
Split,Nelson-Winnipeg,479,05UF003,1995-01-01,167.644
Split,Nelson-Winnipeg,479,05UF003,1995-02-01,167.478
Split,Nelson-Winnipeg,479,05UF003,1995-03-01,167.201
Split,Nelson-Winnipeg,479,05UF003,1995-04-01,167.058
Split,Nelson-Winnipeg,479,05UF003,1995-05-01,166.868
Split,Nelson-Winnipeg,479,05UF003,1995-06-01,166.764
Split,Nelson-Winnipeg,479,05UF003,1995-07-01,166.546
Split,Nelson-Winnipeg,479,05UF003,1995-08-01,166.845
Split,Nelson-Winnipeg,479,05UF003,1995-09-01,166.955
Split,Nelson-Winnipeg,479,05UF003,1995-10-01,167.167
Split,Nelson-Winnipeg,479,05UF003,1995-11-01,167.23
Split,Nelson-Winnipeg,479,05UF003,1995-12-01,167.309
Split,Nelson-Winnipeg,479,05UF003,1996-01-01,167.556
Split,Nelson-Winnipeg,479,05UF003,1996-02-01,167.332
Split,Nelson-Winnipeg,479,05UF003,1996-03-01,167.291
Split,Nelson-Winnipeg,479,05UF003,1996-04-01,167.032
Split,Nelson-Winnipeg,479,05UF003,1996-05-01,167.228
Split,Nelson-Winnipeg,479,05UF003,1996-06-01,168.034
Split,Nelson-Winnipeg,479,05UF003,1996-07-01,168.318
Split,Nelson-Winnipeg,479,05UF003,1996-08-01,167.958
Split,Nelson-Winnipeg,479,05UF003,1996-09-01,167.121
Split,Nelson-Winnipeg,479,05UF003,1996-10-01,167.333
Split,Nelson-Winnipeg,479,05UF003,1996-11-01,167.441
Split,Nelson-Winnipeg,479,05UF003,1996-12-01,167.758
Split,Nelson-Winnipeg,479,05UF003,1997-01-01,167.803
Split,Nelson-Winnipeg,479,05UF003,1997-02-01,167.843
Split,Nelson-Winnipeg,479,05UF003,1997-03-01,167.695
Split,Nelson-Winnipeg,479,05UF003,1997-04-01,167.517
Split,Nelson-Winnipeg,479,05UF003,1997-05-01,167.858
Split,Nelson-Winnipeg,479,05UF003,1997-06-01,168.469
Split,Nelson-Winnipeg,479,05UF003,1997-07-01,168.458
Split,Nelson-Winnipeg,479,05UF003,1997-08-01,168.099
Split,Nelson-Winnipeg,479,05UF003,1997-09-01,167.396
Split,Nelson-Winnipeg,479,05UF003,1997-10-01,167.322
Split,Nelson-Winnipeg,479,05UF003,1997-11-01,167.669
Split,Nelson-Winnipeg,479,05UF003,1997-12-01,168.206
Split,Nelson-Winnipeg,479,05UF003,1998-01-01,168.059
Split,Nelson-Winnipeg,479,05UF003,1998-02-01,167.905
Split,Nelson-Winnipeg,479,05UF003,1998-03-01,167.531
Split,Nelson-Winnipeg,479,05UF003,1998-04-01,167.371
Split,Nelson-Winnipeg,479,05UF003,1998-05-01,167.401
Split,Nelson-Winnipeg,479,05UF003,1998-06-01,167.613
Split,Nelson-Winnipeg,479,05UF003,1998-07-01,167.715
Split,Nelson-Winnipeg,479,05UF003,1998-08-01,167.364
Split,Nelson-Winnipeg,479,05UF003,1998-09-01,166.798
Split,Nelson-Winnipeg,479,05UF003,1998-10-01,166.788
Split,Nelson-Winnipeg,479,05UF003,1998-11-01,166.865
Split,Nelson-Winnipeg,479,05UF003,1998-12-01,167.162
Split,Nelson-Winnipeg,479,05UF003,1999-01-01,167.21
Split,Nelson-Winnipeg,479,05UF003,1999-02-01,167.302
Split,Nelson-Winnipeg,479,05UF003,1999-03-01,166.804
Split,Nelson-Winnipeg,479,05UF003,1999-04-01,166.666
Split,Nelson-Winnipeg,479,05UF003,1999-05-01,166.595
Split,Nelson-Winnipeg,479,05UF003,1999-06-01,166.725
Split,Nelson-Winnipeg,479,05UF003,1999-07-01,166.72
Split,Nelson-Winnipeg,479,05UF003,1999-08-01,166.672
Split,Nelson-Winnipeg,479,05UF003,1999-09-01,166.754
Split,Nelson-Winnipeg,479,05UF003,1999-10-01,166.954
Split,Nelson-Winnipeg,479,05UF003,1999-11-01,167.095
Split,Nelson-Winnipeg,479,05UF003,1999-12-01,167.449
Split,Nelson-Winnipeg,479,05UF003,2000-01-01,167.725
Split,Nelson-Winnipeg,479,05UF003,2000-02-01,168.211
Split,Nelson-Winnipeg,479,05UF003,2000-03-01,167.498
Split,Nelson-Winnipeg,479,05UF003,2000-04-01,167.075
Split,Nelson-Winnipeg,479,05UF003,2000-05-01,166.906
Split,Nelson-Winnipeg,479,05UF003,2000-06-01,166.757
Split,Nelson-Winnipeg,479,05UF003,2000-07-01,167.247
Split,Nelson-Winnipeg,479,05UF003,2000-08-01,167.234
Split,Nelson-Winnipeg,479,05UF003,2000-09-01,167.337
Split,Nelson-Winnipeg,479,05UF003,2000-10-01,167.404
Split,Nelson-Winnipeg,479,05UF003,2000-11-01,167.454
Split,Nelson-Winnipeg,479,05UF003,2000-12-01,167.734
Split,Nelson-Winnipeg,479,05UF003,2001-01-01,168.173
Split,Nelson-Winnipeg,479,05UF003,2001-02-01,168.152
Split,Nelson-Winnipeg,479,05UF003,2001-03-01,167.717
Split,Nelson-Winnipeg,479,05UF003,2001-04-01,167.304
Split,Nelson-Winnipeg,479,05UF003,2001-05-01,167.87
Split,Nelson-Winnipeg,479,05UF003,2001-06-01,168.062
Split,Nelson-Winnipeg,479,05UF003,2001-07-01,168.254
Split,Nelson-Winnipeg,479,05UF003,2001-08-01,167.824
Split,Nelson-Winnipeg,479,05UF003,2001-09-01,167.303
Split,Nelson-Winnipeg,479,05UF003,2001-10-01,167.258
Split,Nelson-Winnipeg,479,05UF003,2001-11-01,167.365
Split,Nelson-Winnipeg,479,05UF003,2001-12-01,167.707
Split,Nelson-Winnipeg,479,05UF003,2002-01-01,167.833
Split,Nelson-Winnipeg,479,05UF003,2002-02-01,167.574
Split,Nelson-Winnipeg,479,05UF003,2002-03-01,167.238
Split,Nelson-Winnipeg,479,05UF003,2002-04-01,166.762
Split,Nelson-Winnipeg,479,05UF003,2002-05-01,166.794
Split,Nelson-Winnipeg,479,05UF003,2002-06-01,166.954
Split,Nelson-Winnipeg,479,05UF003,2002-07-01,167.018
Split,Nelson-Winnipeg,479,05UF003,2002-08-01,167.174
Split,Nelson-Winnipeg,479,05UF003,2002-09-01,167.123
Split,Nelson-Winnipeg,479,05UF003,2002-10-01,167.057
Split,Nelson-Winnipeg,479,05UF003,2002-11-01,167.068
Split,Nelson-Winnipeg,479,05UF003,2002-12-01,168.0
Split,Nelson-Winnipeg,479,05UF003,2003-01-01,167.915
Split,Nelson-Winnipeg,479,05UF003,2003-02-01,167.565
Split,Nelson-Winnipeg,479,05UF003,2003-03-01,167.272
Split,Nelson-Winnipeg,479,05UF003,2003-04-01,166.607
Split,Nelson-Winnipeg,479,05UF003,2003-05-01,166.34
Split,Nelson-Winnipeg,479,05UF003,2003-06-01,166.065
Split,Nelson-Winnipeg,479,05UF003,2003-07-01,166.065
Split,Nelson-Winnipeg,479,05UF003,2003-08-01,166.05
Split,Nelson-Winnipeg,479,05UF003,2003-09-01,165.713
Split,Nelson-Winnipeg,479,05UF003,2003-10-01,165.604
Split,Nelson-Winnipeg,479,05UF003,2003-11-01,165.855
Split,Nelson-Winnipeg,479,05UF003,2003-12-01,166.311
Split,Nelson-Winnipeg,479,05UF003,2004-01-01,166.412
Split,Nelson-Winnipeg,479,05UF003,2004-02-01,166.552
Split,Nelson-Winnipeg,479,05UF003,2004-03-01,166.485
Split,Nelson-Winnipeg,479,05UF003,2004-04-01,166.05
Split,Nelson-Winnipeg,479,05UF003,2004-05-01,166.268
Split,Nelson-Winnipeg,479,05UF003,2004-06-01,166.857
Split,Nelson-Winnipeg,479,05UF003,2004-07-01,167.236
Split,Nelson-Winnipeg,479,05UF003,2004-08-01,167.147
Split,Nelson-Winnipeg,479,05UF003,2004-09-01,167.108
Split,Nelson-Winnipeg,479,05UF003,2004-10-01,167.339
Split,Nelson-Winnipeg,479,05UF003,2004-11-01,167.658
Split,Nelson-Winnipeg,479,05UF003,2004-12-01,167.841
Split,Nelson-Winnipeg,479,05UF003,2005-01-01,168.11
Split,Nelson-Winnipeg,479,05UF003,2005-02-01,168.257
Split,Nelson-Winnipeg,479,05UF003,2005-03-01,167.939
Split,Nelson-Winnipeg,479,05UF003,2005-04-01,167.848
Split,Nelson-Winnipeg,479,05UF003,2005-05-01,168.309
Split,Nelson-Winnipeg,479,05UF003,2005-06-01,168.769
Split,Nelson-Winnipeg,479,05UF003,2005-07-01,168.877
Split,Nelson-Winnipeg,479,05UF003,2005-08-01,169.069
Split,Nelson-Winnipeg,479,05UF003,2005-09-01,169.134
Split,Nelson-Winnipeg,479,05UF003,2005-10-01,168.805
Split,Nelson-Winnipeg,479,05UF003,2005-11-01,167.98
Split,Nelson-Winnipeg,479,05UF003,2005-12-01,168.179
Split,Nelson-Winnipeg,479,05UF003,2006-01-01,168.251
Split,Nelson-Winnipeg,479,05UF003,2006-02-01,168.236
Split,Nelson-Winnipeg,479,05UF003,2006-03-01,167.995
Split,Nelson-Winnipeg,479,05UF003,2006-04-01,167.954
Split,Nelson-Winnipeg,479,05UF003,2006-05-01,168.279
Split,Nelson-Winnipeg,479,05UF003,2006-06-01,168.348
Split,Nelson-Winnipeg,479,05UF003,2006-07-01,167.894
Split,Nelson-Winnipeg,479,05UF003,2006-08-01,167.732
Split,Nelson-Winnipeg,479,05UF003,2006-09-01,167.157
Split,Nelson-Winnipeg,479,05UF003,2006-10-01,166.578
Split,Nelson-Winnipeg,479,05UF003,2006-11-01,166.858
Split,Nelson-Winnipeg,479,05UF003,2006-12-01,167.631
Split,Nelson-Winnipeg,479,05UF003,2007-01-01,167.758
Split,Nelson-Winnipeg,479,05UF003,2007-02-01,167.662
Split,Nelson-Winnipeg,479,05UF003,2007-03-01,167.341
Split,Nelson-Winnipeg,479,05UF003,2007-04-01,166.983
Split,Nelson-Winnipeg,479,05UF003,2007-05-01,167.268
Split,Nelson-Winnipeg,479,05UF003,2007-06-01,167.311
Split,Nelson-Winnipeg,479,05UF003,2007-07-01,167.818
Split,Nelson-Winnipeg,479,05UF003,2007-08-01,168.049
Split,Nelson-Winnipeg,479,05UF003,2007-09-01,167.458
Split,Nelson-Winnipeg,479,05UF003,2007-10-01,167.551
Split,Nelson-Winnipeg,479,05UF003,2007-11-01,167.88
Split,Nelson-Winnipeg,479,05UF003,2007-12-01,167.891
Split,Nelson-Winnipeg,479,05UF003,2008-01-01,168.128
Split,Nelson-Winnipeg,479,05UF003,2008-02-01,167.897
Split,Nelson-Winnipeg,479,05UF003,2008-03-01,167.807
Split,Nelson-Winnipeg,479,05UF003,2008-04-01,167.533
Split,Nelson-Winnipeg,479,05UF003,2008-05-01,167.197
Split,Nelson-Winnipeg,479,05UF003,2008-06-01,167.085
Split,Nelson-Winnipeg,479,05UF003,2008-07-01,167.871
Split,Nelson-Winnipeg,479,05UF003,2008-08-01,168.355
Split,Nelson-Winnipeg,479,05UF003,2008-09-01,167.998
Split,Nelson-Winnipeg,479,05UF003,2008-10-01,167.803
Split,Nelson-Winnipeg,479,05UF003,2008-11-01,167.902
Split,Nelson-Winnipeg,479,05UF003,2008-12-01,167.856
Split,Nelson-Winnipeg,479,05UF003,2009-01-01,168.019
Split,Nelson-Winnipeg,479,05UF003,2009-02-01,167.799
Split,Nelson-Winnipeg,479,05UF003,2009-03-01,167.548
Split,Nelson-Winnipeg,479,05UF003,2009-04-01,167.406
Split,Nelson-Winnipeg,479,05UF003,2009-05-01,167.935
Split,Nelson-Winnipeg,479,05UF003,2009-06-01,168.412
Split,Nelson-Winnipeg,479,05UF003,2009-07-01,168.613
Split,Nelson-Winnipeg,479,05UF003,2009-08-01,168.537
Split,Nelson-Winnipeg,479,05UF003,2009-09-01,168.351
Split,Nelson-Winnipeg,479,05UF003,2009-10-01,167.838
Split,Nelson-Winnipeg,479,05UF003,2009-11-01,167.668
Split,Nelson-Winnipeg,479,05UF003,2009-12-01,167.854
Split,Nelson-Winnipeg,479,05UF003,2010-01-01,168.133
Split,Nelson-Winnipeg,479,05UF003,2010-02-01,167.906
Split,Nelson-Winnipeg,479,05UF003,2010-03-01,167.425
Split,Nelson-Winnipeg,479,05UF003,2010-04-01,167.133
Split,Nelson-Winnipeg,479,05UF003,2010-05-01,166.635
Split,Nelson-Winnipeg,479,05UF003,2010-06-01,167.031
Split,Nelson-Winnipeg,479,05UF003,2010-07-01,167.729
Split,Nelson-Winnipeg,479,05UF003,2010-08-01,168.163
Split,Nelson-Winnipeg,479,05UF003,2010-09-01,168.563
Split,Nelson-Winnipeg,479,05UF003,2010-10-01,168.619
Split,Nelson-Winnipeg,479,05UF003,2010-11-01,168.463
Split,Nelson-Winnipeg,479,05UF003,2010-12-01,168.183
Split,Nelson-Winnipeg,479,05UF003,2011-01-01,168.286
Split,Nelson-Winnipeg,479,05UF003,2011-02-01,168.611
Split,Nelson-Winnipeg,479,05UF003,2011-03-01,168.22
Split,Nelson-Winnipeg,479,05UF003,2011-04-01,167.697
Split,Nelson-Winnipeg,479,05UF003,2011-05-01,168.056
Split,Nelson-Winnipeg,479,05UF003,2011-06-01,168.517
Split,Nelson-Winnipeg,479,05UF003,2011-07-01,168.78
Split,Nelson-Winnipeg,479,05UF003,2011-08-01,169.023
Split,Nelson-Winnipeg,479,05UF003,2011-09-01,168.934
Split,Nelson-Winnipeg,479,05UF003,2011-10-01,168.36
Split,Nelson-Winnipeg,479,05UF003,2011-11-01,167.74
Split,Nelson-Winnipeg,479,05UF003,2011-12-01,168.092
Split,Nelson-Winnipeg,479,05UF003,2012-01-01,168.264
Split,Nelson-Winnipeg,479,05UF003,2012-02-01,168.008
Split,Nelson-Winnipeg,479,05UF003,2012-03-01,167.44
Split,Nelson-Winnipeg,479,05UF003,2012-04-01,166.917
Split,Nelson-Winnipeg,479,05UF003,2012-05-01,166.904
Split,Nelson-Winnipeg,479,05UF003,2012-06-01,
Split,Nelson-Winnipeg,479,05UF003,2012-07-01,
Split,Nelson-Winnipeg,479,05UF003,2012-08-01,167.608
Split,Nelson-Winnipeg,479,05UF003,2012-09-01,167.31
Split,Nelson-Winnipeg,479,05UF003,2012-10-01,167.049
Split,Nelson-Winnipeg,479,05UF003,2012-11-01,167.505
Split,Nelson-Winnipeg,479,05UF003,2012-12-01,167.9
Split,Nelson-Winnipeg,479,05UF003,2013-01-01,167.993
Split,Nelson-Winnipeg,479,05UF003,2013-02-01,
Split,Nelson-Winnipeg,479,05UF003,2013-03-01,167.748
Split,Nelson-Winnipeg,479,05UF003,2013-04-01,167.339
Split,Nelson-Winnipeg,479,05UF003,2013-05-01,167.387
Split,Nelson-Winnipeg,479,05UF003,2013-06-01,167.267
Split,Nelson-Winnipeg,479,05UF003,2013-07-01,
Split,Nelson-Winnipeg,479,05UF003,2013-08-01,
Split,Nelson-Winnipeg,479,05UF003,2013-09-01,
Split,Nelson-Winnipeg,479,05UF003,2013-10-01,167.505
Split,Nelson-Winnipeg,479,05UF003,2013-11-01,167.582
Split,Nelson-Winnipeg,479,05UF003,2013-12-01,
Split,Nelson-Winnipeg,479,05UF003,2014-01-01,
Split,Nelson-Winnipeg,479,05UF003,2014-02-01,
Split,Nelson-Winnipeg,479,05UF003,2014-03-01,
Split,Nelson-Winnipeg,479,05UF003,2014-04-01,
Split,Nelson-Winnipeg,479,05UF003,2014-05-01,
Split,Nelson-Winnipeg,479,05UF003,2014-06-01,168.233
Split,Nelson-Winnipeg,479,05UF003,2014-07-01,168.583
Split,Nelson-Winnipeg,479,05UF003,2014-08-01,168.694
Split,Nelson-Winnipeg,479,05UF003,2014-09-01,168.6
Split,Nelson-Winnipeg,479,05UF003,2014-10-01,168.462
Split,Nelson-Winnipeg,479,05UF003,2014-11-01,167.85
Split,Nelson-Winnipeg,479,05UF003,2014-12-01,168.025
Split,Nelson-Winnipeg,479,05UF003,2015-01-01,168.138
Split,Nelson-Winnipeg,479,05UF003,2015-02-01,168.103
Split,Nelson-Winnipeg,479,05UF003,2015-03-01,167.858
Split,Nelson-Winnipeg,479,05UF003,2015-04-01,167.441
Split,Nelson-Winnipeg,479,05UF003,2015-05-01,167.378
Split,Nelson-Winnipeg,479,05UF003,2015-06-01,167.403
Split,Nelson-Winnipeg,479,05UF003,2015-07-01,167.377
Split,Nelson-Winnipeg,479,05UF003,2015-08-01,167.418
Split,Nelson-Winnipeg,479,05UF003,2015-09-01,167.533
Split,Nelson-Winnipeg,479,05UF003,2015-10-01,167.571
Split,Nelson-Winnipeg,479,05UF003,2015-11-01,167.502
Split,Nelson-Winnipeg,479,05UF003,2015-12-01,167.891
Split,Nelson-Winnipeg,479,05UF003,2016-01-01,168.073
Split,Nelson-Winnipeg,479,05UF003,2016-02-01,168.095
Split,Nelson-Winnipeg,479,05UF003,2016-03-01,167.865
Split,Nelson-Winnipeg,479,05UF003,2016-04-01,167.564
Split,Nelson-Winnipeg,479,05UF003,2016-05-01,167.326
Split,Nelson-Winnipeg,479,05UF003,2016-06-01,167.233
Split,Nelson-Winnipeg,479,05UF003,2016-07-01,167.739
Split,Nelson-Winnipeg,479,05UF003,2016-08-01,168.079
Split,Nelson-Winnipeg,479,05UF003,2016-09-01,167.839
Split,Nelson-Winnipeg,479,05UF003,2016-10-01,167.856
Split,Nelson-Winnipeg,479,05UF003,2016-11-01,167.822
Split,Nelson-Winnipeg,479,05UF003,2016-12-01,168.017
Split,Nelson-Winnipeg,479,05UF003,2017-01-01,168.359
Split,Nelson-Winnipeg,479,05UF003,2017-02-01,168.468
Split,Nelson-Winnipeg,479,05UF003,2017-03-01,168.402
Split,Nelson-Winnipeg,479,05UF003,2017-04-01,168.202
Split,Nelson-Winnipeg,479,05UF003,2017-05-01,169.08
Split,Nelson-Winnipeg,479,05UF003,2017-06-01,168.749
Split,Nelson-Winnipeg,479,05UF003,2017-07-01,168.618
Split,Nelson-Winnipeg,479,05UF003,2017-08-01,168.311
Split,Nelson-Winnipeg,479,05UF003,2017-09-01,167.377
Split,Nelson-Winnipeg,479,05UF003,2017-10-01,167.036
Split,Nelson-Winnipeg,479,05UF003,2017-11-01,167.444
Split,Nelson-Winnipeg,479,05UF003,2017-12-01,167.845
Split,Nelson-Winnipeg,479,05UF003,2018-01-01,167.761
Split,Nelson-Winnipeg,479,05UF003,2018-02-01,167.926
Split,Nelson-Winnipeg,479,05UF003,2018-03-01,
Split,Nelson-Winnipeg,479,05UF003,2018-04-01,
Split,Nelson-Winnipeg,479,05UF003,2018-05-01,
Split,Nelson-Winnipeg,479,05UF003,2018-06-01,166.973
Split,Nelson-Winnipeg,479,05UF003,2018-07-01,167.203
Split,Nelson-Winnipeg,479,05UF003,2018-08-01,
Split,Nelson-Winnipeg,479,05UF003,2018-09-01,
Split,Nelson-Winnipeg,479,05UF003,2018-10-01,166.647
Split,Nelson-Winnipeg,479,05UF003,2018-11-01,167.246
Split,Nelson-Winnipeg,479,05UF003,2018-12-01,167.644
Split,Nelson-Winnipeg,479,05UF003,2019-01-01,167.609
Split,Nelson-Winnipeg,479,05UF003,2019-02-01,167.657
Split,Nelson-Winnipeg,479,05UF003,2019-03-01,167.494
Split,Nelson-Winnipeg,479,05UF003,2019-04-01,167.163
Split,Nelson-Winnipeg,479,05UF003,2019-05-01,167.142
Split,Nelson-Winnipeg,479,05UF003,2019-06-01,167.15
Split,Nelson-Winnipeg,479,05UF003,2019-07-01,167.131
Split,Nelson-Winnipeg,479,05UF003,2019-08-01,167.117
Split,Nelson-Winnipeg,479,05UF003,2019-09-01,167.059
Split,Nelson-Winnipeg,479,05UF003,2019-10-01,166.946
Split,Nelson-Winnipeg,479,05UF003,2019-11-01,167.557
Split,Nelson-Winnipeg,479,05UF003,2019-12-01,168.142
Split,Nelson-Winnipeg,479,05UF003,2020-01-01,168.389
Split,Nelson-Winnipeg,479,05UF003,2020-02-01,168.279
Split,Nelson-Winnipeg,479,05UF003,2020-03-01,168.008
Split,Nelson-Winnipeg,479,05UF003,2020-04-01,167.771
Split,Nelson-Winnipeg,479,05UF003,2020-05-01,168.223
Split,Nelson-Winnipeg,479,05UF003,2020-06-01,168.401
Split,Nelson-Winnipeg,479,05UF003,2020-07-01,168.567
Split,Nelson-Winnipeg,479,05UF003,2020-08-01,168.542
Split,Nelson-Winnipeg,479,05UF003,2020-09-01,167.813
Split,Nelson-Winnipeg,479,05UF003,2020-10-01,167.282
Split,Nelson-Winnipeg,479,05UF003,2020-11-01,167.502
Split,Nelson-Winnipeg,479,05UF003,2020-12-01,168.029
Split,Nelson-Winnipeg,479,05UF003,2021-01-01,168.045
Split,Nelson-Winnipeg,479,05UF003,2021-02-01,168.095
Split,Nelson-Winnipeg,479,05UF003,2021-03-01,167.66
Split,Nelson-Winnipeg,479,05UF003,2021-04-01,167.269
Split,Nelson-Winnipeg,479,05UF003,2021-05-01,167.157
Split,Nelson-Winnipeg,479,05UF003,2021-06-01,167.1
Split,Nelson-Winnipeg,479,05UF003,2021-07-01,166.684
Split,Nelson-Winnipeg,479,05UF003,2021-08-01,166.192
Split,Nelson-Winnipeg,479,05UF003,2021-09-01,166.141
Split,Nelson-Winnipeg,479,05UF003,2021-10-01,166.119
Split,Nelson-Winnipeg,479,05UF003,2021-11-01,166.155
Split,Nelson-Winnipeg,479,05UF003,2021-12-01,166.624
Split,Nelson-Winnipeg,479,05UF003,2022-01-01,166.832
Split,Nelson-Winnipeg,479,05UF003,2022-02-01,167.229
Split,Nelson-Winnipeg,479,05UF003,2022-03-01,167.087
Split,Nelson-Winnipeg,479,05UF003,2022-04-01,166.903
Split,Nelson-Winnipeg,479,05UF003,2022-05-01,
Split,Nelson-Winnipeg,479,05UF003,2022-06-01,168.531
Split,Nelson-Winnipeg,479,05UF003,2022-07-01,168.849
Split,Nelson-Winnipeg,479,05UF003,2022-08-01,168.92
Split,Nelson-Winnipeg,479,05UF003,2022-09-01,168.785
Split,Nelson-Winnipeg,479,05UF003,2022-10-01,168.631
Split,Nelson-Winnipeg,479,05UF003,2022-11-01,167.958
Split,Nelson-Winnipeg,479,05UF003,2022-12-01,168.068
Split,Nelson-Winnipeg,479,05UF003,2023-01-01,168.234
Split,Nelson-Winnipeg,479,05UF003,2023-02-01,168.265
Split,Nelson-Winnipeg,479,05UF003,2023-03-01,167.846
Split,Nelson-Winnipeg,479,05UF003,2023-04-01,167.33
Split,Nelson-Winnipeg,479,05UF003,2023-05-01,167.294
Split,Nelson-Winnipeg,479,05UF003,2023-06-01,167.186
Split,Nelson-Winnipeg,479,05UF003,2023-07-01,167.145
Split,Nelson-Winnipeg,479,05UF003,2023-08-01,166.869
Split,Nelson-Winnipeg,479,05UF003,2023-09-01,166.527
Split,Nelson-Winnipeg,479,05UF003,2023-10-01,166.08
Split,Nelson-Winnipeg,479,05UF003,2023-11-01,166.297
Split,Nelson-Winnipeg,479,05UF003,2023-12-01,166.897
Split,Nelson-Winnipeg,479,05UF003,2024-01-01,167.117
Split,Nelson-Winnipeg,479,05UF003,2024-02-01,167.082
Split,Nelson-Winnipeg,479,05UF003,2024-03-01,166.734
Split,Nelson-Winnipeg,479,05UF003,2024-04-01,166.21
Split,Nelson-Winnipeg,479,05UF003,2024-05-01,166.197
Split,Nelson-Winnipeg,479,05UF003,2024-06-01,166.741
Split,Nelson-Winnipeg,479,05UF003,2024-07-01,167.09
Split,Nelson-Winnipeg,479,05UF003,2024-08-01,167.113
Split,Nelson-Winnipeg,479,05UF003,2024-09-01,166.945
Split,Nelson-Winnipeg,479,05UF003,2024-10-01,166.92
Split,Nelson-Winnipeg,479,05UF003,2024-11-01,166.879
Split,Nelson-Winnipeg,479,05UF003,2024-12-01,167.101
