{
"type": "FeatureCollection",
"name": "ne_50m_admin_1_states_provinces_lines",
"crs": { "type": "name", "properties": { "name": "urn:ogc:def:crs:OGC:1.3:CRS84" } },
"features": [
{ "type": "Feature", "properties": { "FEATURECLA": "Admin-1 boundary", "NAME": null, "ADM0_A3": "USA", "ADM0_NAME": "United States of America", "MAPCOLOR9": 1, "MAPCOLOR13": 1, "SCALERANK": 2, "MIN_ZOOM": 2.0, "FCLASS_ISO": null, "FCLASS_US": null, "FCLASS_FR": null, "FCLASS_RU": null, "FCLASS_ES": null, "FCLASS_CN": null, "FCLASS_TW": null, "FCLASS_IN": null, "FCLASS_NP": null, "FCLASS_PK": null, "FCLASS_DE": null, "FCLASS_GB": null, "FCLASS_BR": null, "FCLASS_IL": null, "FCLASS_PS": null, "FCLASS_SA": null, "FCLASS_EG": null, "FCLASS_MA": null, "FCLASS_PT": null, "FCLASS_AR": null, "FCLASS_JP": null, "FCLASS_KO": null, "FCLASS_VN": null, "FCLASS_TR": null, "FCLASS_ID": null, "FCLASS_PL": null, "FCLASS_GR": null, "FCLASS_IT": null, "FCLASS_NL": null, "FCLASS_SE": null, "FCLASS_BD": null, "FCLASS_UA": null, "NE_ID": 1746745337, "BRK_A3": null, "FCLASS_TLC": null }, "geometry": { "type": "LineString", "coordinates": [ [ -74.699051, 41.357299 ], [ -74.777779, 41.325076 ], [ -74.812485, 41.30151 ], [ -74.84139, 41.268595 ], [ -74.912296, 41.155271 ], [ -75.031541, 41.05178 ], [ -75.123036, 40.999002 ], [ -75.12275, 40.971766 ], [ -75.074926, 40.884458 ], [ -75.075564, 40.856267 ], [ -75.111797, 40.802105 ], [ -75.174737, 40.775518 ], [ -75.185691, 40.743822 ], [ -75.192282, 40.689868 ], [ -75.189019, 40.595814 ], [ -75.170518, 40.576797 ], [ -75.097448, 40.543135 ], [ -75.034046, 40.420374 ], [ -74.976379, 40.405828 ], [ -74.734889, 40.154504 ], [ -74.909297, 40.079545 ], [ -75.023532, 40.01745 ], [ -75.074168, 39.98348 ] ] } },
{ "type": "Feature", "properties": { "FEATURECLA": "Admin-1 boundary", "NAME": null, "ADM0_A3": "USA", "ADM0_NAME": "United States of America", "MAPCOLOR9": 1, "MAPCOLOR13": 1, "SCALERANK": 2, "MIN_ZOOM": 2.0, "FCLASS_ISO": null, "FCLASS_US": null, "FCLASS_FR": null, "FCLASS_RU": null, "FCLASS_ES": null, "FCLASS_CN": null, "FCLASS_TW": null, "FCLASS_IN": null, "FCLASS_NP": null, "FCLASS_PK": null, "FCLASS_DE": null, "FCLASS_GB": null, "FCLASS_BR": null, "FCLASS_IL": null, "FCLASS_PS": null, "FCLASS_SA": null, "FCLASS_EG": null, "FCLASS_MA": null, "FCLASS_PT": null, "FCLASS_AR": null, "FCLASS_JP": null, "FCLASS_KO": null, "FCLASS_VN": null, "FCLASS_TR": null, "FCLASS_ID": null, "FCLASS_PL": null, "FCLASS_GR": null, "FCLASS_IT": null, "FCLASS_NL": null, "FCLASS_SE": null, "FCLASS_BD": null, "FCLASS_UA": null, "NE_ID": 1746745375, "BRK_A3": null, "FCLASS_TLC": null }, "geometry": { "type": "LineString", "coordinates": [ [ -71.51752, 45.007561 ], [ -71.533483, 44.987973 ], [ -71.510225, 44.908344 ], [ -71.62066, 44.771894 ], [ -71.618287, 44.727761 ], [ -71.568442, 44.607637 ], [ -71.571496, 44.579193 ], [ -71.5878, 44.565263 ], [ -71.609289, 44.514055 ], [ -71.638205, 44.481679 ], [ -71.683007, 44.45028 ], [ -71.825511, 44.37409 ], [ -71.867677, 44.354918 ], [ -72.001776, 44.329496 ], [ -72.031208, 44.300734 ], [ -72.062233, 44.11635 ], [ -72.106212, 44.013079 ], [ -72.114924, 43.965431 ], [ -72.173855, 43.884088 ], [ -72.222381, 43.790869 ], [ -72.296693, 43.714954 ], [ -72.337672, 43.621988 ], [ -72.362369, 43.586645 ], [ -72.384957, 43.52923 ], [ -72.407072, 43.332036 ], [ -72.438186, 43.224645 ], [ -72.473715, 43.038537 ], [ -72.496479, 42.991669 ], [ -72.519419, 42.966675 ], [ -72.549807, 42.886684 ], [ -72.552806, 42.856449 ], [ -72.539622, 42.829632 ], [ -72.483658, 42.766174 ], [ -72.46686, 42.730315 ] ] } },
{ "type": "Feature", "properties": { "FEATURECLA": "Admin-1 boundary", "NAME": null, "ADM0_A3": "USA", "ADM0_NAME": "United States of America", "MAPCOLOR9": 1, "MAPCOLOR13": 1, "SCALERANK": 2, "MIN_ZOOM": 2.0, "FCLASS_ISO": null, "FCLASS_US": null, "FCLASS_FR": null, "FCLASS_RU": null, "FCLASS_ES": null, "FCLASS_CN": null, "FCLASS_TW": null, "FCLASS_IN": null, "FCLASS_NP": null, "FCLASS_PK": null, "FCLASS_DE": null, "FCLASS_GB": null, "FCLASS_BR": null, "FCLASS_IL": null, "FCLASS_PS": null, "FCLASS_SA": null, "FCLASS_EG": null, "FCLASS_MA": null, "FCLASS_PT": null, "FCLASS_AR": null, "FCLASS_JP": null, "FCLASS_KO": null, "FCLASS_VN": null, "FCLASS_TR": null, "FCLASS_ID": null, "FCLASS_PL": null, "FCLASS_GR": null, "FCLASS_IT": null, "FCLASS_NL": null, "FCLASS_SE": null, "FCLASS_BD": null, "FCLASS_UA": null, "NE_ID": 1746745383, "BRK_A3": null, "FCLASS_TLC": null }, "geometry": { "type": "LineString", "coordinates": [ [ -96.556401, 45.942773 ], [ -96.57048, 46.019237 ], [ -96.560845, 46.138241 ], [ -96.591904, 46.227538 ], [ -96.598567, 46.271857 ], [ -96.61743, 46.327096 ], [ -96.730859, 46.472775 ], [ -96.758198, 46.59034 ], [ -96.786647, 46.648216 ], [ -96.795997, 46.797091 ], [ -96.792822, 46.839026 ], [ -96.770135, 46.919666 ], [ -96.818299, 46.974136 ], [ -96.825325, 47.018861 ], [ -96.847517, 47.373335 ], [ -96.862947, 47.423927 ], [ -96.858707, 47.588338 ], [ -96.94635, 47.761526 ], [ -96.988005, 47.820336 ], [ -97.009032, 47.891549 ], [ -97.007434, 47.925607 ], [ -97.078516, 48.04337 ], [ -97.125927, 48.173393 ], [ -97.121609, 48.286047 ], [ -97.136803, 48.371213 ], [ -97.131019, 48.437427 ], [ -97.143961, 48.536755 ], [ -97.12913, 48.593367 ], [ -97.128047, 48.681115 ], [ -97.226023, 48.994093 ] ] } },
{ "type": "Feature", "properties": { "FEATURECLA": "Admin-1 boundary", "NAME": null, "ADM0_A3": "CAN", "ADM0_NAME": "Canada", "MAPCOLOR9": 2, "MAPCOLOR13": 2, "SCALERANK": 2, "MIN_ZOOM": 2.0, "FCLASS_ISO": null, "FCLASS_US": null, "FCLASS_FR": null, "FCLASS_RU": null, "FCLASS_ES": null, "FCLASS_CN": null, "FCLASS_TW": null, "FCLASS_IN": null, "FCLASS_NP": null, "FCLASS_PK": null, "FCLASS_DE": null, "FCLASS_GB": null, "FCLASS_BR": null, "FCLASS_IL": null, "FCLASS_PS": null, "FCLASS_SA": null, "FCLASS_EG": null, "FCLASS_MA": null, "FCLASS_PT": null, "FCLASS_AR": null, "FCLASS_JP": null, "FCLASS_KO": null, "FCLASS_VN": null, "FCLASS_TR": null, "FCLASS_ID": null, "FCLASS_PL": null, "FCLASS_GR": null, "FCLASS_IT": null, "FCLASS_NL": null, "FCLASS_SE": null, "FCLASS_BD": null, "FCLASS_UA": null, "NE_ID": 1746729581, "BRK_A3": null, "FCLASS_TLC": null }, "geometry": { "type": "LineString", "coordinates": [ [ -120.0, 60.001087 ], [ -120.000084, 59.616258 ], [ -120.000139, 59.231429 ], [ -120.000188, 58.846589 ], [ -120.000243, 58.46176 ], [ -120.000293, 58.07692 ], [ -120.000369, 57.692091 ], [ -120.000446, 57.30725 ], [ -120.000501, 56.922443 ], [ -120.000551, 56.537636 ], [ -120.000628, 56.152796 ], [ -120.000704, 55.767967 ], [ -120.000759, 55.383127 ], [ -120.000809, 54.998298 ], [ -120.000886, 54.613458 ], [ -120.000963, 54.228629 ], [ -120.001018, 53.843788 ], [ -119.972695, 53.797053 ], [ -119.91717, 53.769894 ], [ -119.904431, 53.723005 ], [ -119.884639, 53.707932 ], [ -119.811569, 53.698791 ], [ -119.73483, 53.633653 ], [ -119.743125, 53.61502 ], [ -119.886969, 53.614713 ], [ -119.91823, 53.61223 ], [ -119.920812, 53.602287 ], [ -119.896115, 53.566702 ], [ -119.89384, 53.51555 ], [ -119.855081, 53.508618 ], [ -119.819606, 53.490995 ], [ -119.723256, 53.399787 ], [ -119.680107, 53.37064 ], [ -119.64773, 53.363049 ], [ -119.592387, 53.372453 ], [ -119.434903, 53.361598 ], [ -119.399763, 53.352502 ], [ -119.308786, 53.241891 ], [ -119.261061, 53.209493 ], [ -119.045542, 53.143784 ], [ -119.022108, 53.139444 ], [ -119.016115, 53.204373 ], [ -118.99255, 53.235585 ], [ -118.914365, 53.21169 ], [ -118.803673, 53.153397 ], [ -118.77357, 53.121569 ], [ -118.766363, 53.065418 ], [ -118.731481, 53.057848 ], [ -118.678357, 53.025911 ], [ -118.668178, 52.971672 ], [ -118.630709, 52.909434 ], [ -118.605496, 52.895119 ], [ -118.501856, 52.888373 ], [ -118.476923, 52.878508 ], [ -118.428424, 52.83554 ], [ -118.412894, 52.784223 ], [ -118.357935, 52.741926 ], [ -118.330211, 52.708824 ], [ -118.319335, 52.674459 ], [ -118.350261, 52.62346 ], [ -118.288436, 52.562266 ], [ -118.266315, 52.518288 ], [ -118.225028, 52.482692 ], [ -118.246677, 52.440757 ], [ -118.242804, 52.408864 ], [ -118.221024, 52.3861 ], [ -118.191256, 52.384145 ], [ -118.060101, 52.41272 ], [ -118.044287, 52.42742 ], [ -118.028604, 52.465894 ], [ -118.001989, 52.485889 ], [ -117.883057, 52.430156 ], [ -117.757615, 52.394637 ], [ -117.731698, 52.383156 ], [ -117.734642, 52.35257 ], [ -117.821819, 52.272161 ], [ -117.787767, 52.232523 ], [ -117.750638, 52.207715 ], [ -117.587316, 52.141731 ], [ -117.384948, 52.144412 ], [ -117.347589, 52.15909 ], [ -117.320145, 52.155959 ], [ -117.24457, 52.047106 ], [ -117.076984, 51.926388 ], [ -117.03706, 51.885904 ], [ -116.938721, 51.735754 ], [ -116.912783, 51.713847 ], [ -116.829918, 51.715242 ], [ -116.814697, 51.721856 ], [ -116.808237, 51.752607 ], [ -116.790774, 51.770954 ], [ -116.758189, 51.788543 ], [ -116.717704, 51.799936 ], [ -116.674033, 51.790685 ], [ -116.633856, 51.758473 ], [ -116.56735, 51.650698 ], [ -116.501746, 51.614783 ], [ -116.457718, 51.57365 ], [ -116.410795, 51.543724 ], [ -116.3771, 51.497273 ], [ -116.309952, 51.447769 ], [ -116.278762, 51.347826 ], [ -116.250313, 51.322657 ], [ -116.176342, 51.297004 ], [ -116.134923, 51.26622 ], [ -116.054382, 51.236919 ], [ -116.04188, 51.229998 ], [ -116.035002, 51.217649 ], [ -116.013535, 51.150699 ], [ -115.997643, 51.129539 ], [ -115.940438, 51.102051 ], [ -115.793781, 51.070422 ], [ -115.618934, 50.962316 ], [ -115.596192, 50.936268 ], [ -115.588002, 50.909197 ], [ -115.639885, 50.869174 ], [ -115.633892, 50.855243 ], [ -115.433105, 50.756388 ], [ -115.398713, 50.731373 ], [ -115.386205, 50.726462 ], [ -115.37551, 50.727011 ], [ -115.359777, 50.728637 ], [ -115.346522, 50.728945 ], [ -115.334998, 50.719595 ], [ -115.31102, 50.696854 ], [ -115.298358, 50.673497 ], [ -115.307631, 50.65582 ], [ -115.310965, 50.642131 ], [ -115.305439, 50.634561 ], [ -115.26663, 50.59423 ], [ -115.222086, 50.562623 ], [ -115.205958, 50.553658 ], [ -115.188698, 50.557173 ], [ -115.127669, 50.584947 ], [ -115.091189, 50.584815 ], [ -115.047881, 50.577048 ], [ -114.992795, 50.545033 ], [ -114.789136, 50.359145 ], [ -114.716379, 50.129344 ], [ -114.667748, 50.060976 ], [ -114.651961, 50.019612 ], [ -114.651395, 49.985324 ], [ -114.677878, 49.954727 ], [ -114.684931, 49.93427 ], [ -114.637596, 49.796755 ], [ -114.642842, 49.730298 ], [ -114.686041, 49.643067 ], [ -114.73733, 49.603846 ], [ -114.734023, 49.587201 ], [ -114.716714, 49.568503 ], [ -114.680899, 49.55555 ], [ -114.60155, 49.55054 ], [ -114.577474, 49.543619 ], [ -114.576254, 49.518658 ], [ -114.590053, 49.451707 ], [ -114.588015, 49.420319 ], [ -114.565224, 49.393886 ], [ -114.479646, 49.333428 ], [ -114.425906, 49.27441 ], [ -114.386163, 49.25203 ], [ -114.378154, 49.232266 ], [ -114.354847, 49.210689 ], [ -114.189794, 49.168062 ], [ -114.163674, 49.14677 ], [ -114.132538, 49.094058 ], [ -114.057474, 49.037962 ], [ -114.050602, 49.014627 ], [ -114.062517, 48.993083 ] ] } },
{ "type": "Feature", "properties": { "FEATURECLA": "Admin-1 boundary", "NAME": null, "ADM0_A3": "CAN", "ADM0_NAME": "Canada", "MAPCOLOR9": 2, "MAPCOLOR13": 2, "SCALERANK": 2, "MIN_ZOOM": 2.0, "FCLASS_ISO": null, "FCLASS_US": null, "FCLASS_FR": null, "FCLASS_RU": null, "FCLASS_ES": null, "FCLASS_CN": null, "FCLASS_TW": null, "FCLASS_IN": null, "FCLASS_NP": null, "FCLASS_PK": null, "FCLASS_DE": null, "FCLASS_GB": null, "FCLASS_BR": null, "FCLASS_IL": null, "FCLASS_PS": null, "FCLASS_SA": null, "FCLASS_EG": null, "FCLASS_MA": null, "FCLASS_PT": null, "FCLASS_AR": null, "FCLASS_JP": null, "FCLASS_KO": null, "FCLASS_VN": null, "FCLASS_TR": null, "FCLASS_ID": null, "FCLASS_PL": null, "FCLASS_GR": null, "FCLASS_IT": null, "FCLASS_NL": null, "FCLASS_SE": null, "FCLASS_BD": null, "FCLASS_UA": null, "NE_ID": 1746729561, "BRK_A3": null, "FCLASS_TLC": null }, "geometry": { "type": "LineString", "coordinates": [ [ -123.819157, 60.001087 ], [ -123.842074, 60.020214 ], [ -123.879488, 60.039715 ], [ -123.993719, 60.040495 ], [ -124.010824, 60.046131 ], [ -124.01312, 60.060106 ], [ -123.992296, 60.099173 ], [ -123.997361, 60.126562 ], [ -124.103274, 60.225285 ], [ -124.184688, 60.320965 ], [ -124.20453, 60.352902 ], [ -124.225486, 60.452768 ], [ -124.249337, 60.473466 ], [ -124.402838, 60.494088 ], [ -124.469218, 60.567158 ], [ -124.599444, 60.662135 ], [ -124.611304, 60.68224 ], [ -124.611227, 60.701202 ], [ -124.505028, 60.788488 ], [ -124.506478, 60.822282 ], [ -124.582597, 60.952822 ], [ -124.615748, 60.960392 ], [ -124.806509, 60.961062 ], [ -124.837282, 60.948197 ], [ -124.859557, 60.924137 ], [ -124.880486, 60.860317 ], [ -125.151634, 60.844354 ], [ -125.229741, 60.826215 ], [ -125.322499, 60.792389 ], [ -125.378699, 60.791663 ], [ -125.706949, 60.840476 ], [ -125.863756, 60.88998 ], [ -125.89916, 60.890233 ], [ -125.931405, 60.882641 ], [ -125.957085, 60.865096 ], [ -126.003184, 60.808791 ], [ -126.064213, 60.816009 ], [ -126.098578, 60.828896 ], [ -126.114596, 60.86336 ], [ -126.161519, 60.865876 ], [ -126.222757, 60.855846 ], [ -126.234589, 60.843552 ], [ -126.234666, 60.808945 ], [ -126.255051, 60.793806 ], [ -126.296887, 60.784511 ], [ -126.3505, 60.780523 ], [ -126.520074, 60.800321 ], [ -126.66516, 60.762341 ], [ -126.767398, 60.77492 ], [ -126.83241, 60.764099 ], [ -126.859277, 60.769416 ], [ -126.889665, 60.795619 ], [ -126.888138, 60.833137 ], [ -126.9116, 60.859592 ], [ -126.918059, 60.884245 ], [ -126.908501, 60.950108 ], [ -126.944212, 61.052446 ], [ -126.963746, 61.063454 ], [ -127.054592, 61.051237 ], [ -127.092907, 61.070507 ], [ -127.096472, 61.081439 ], [ -127.082135, 61.093689 ], [ -127.026764, 61.126472 ], [ -127.0148, 61.197784 ], [ -127.02126, 61.236753 ], [ -127.072522, 61.369643 ], [ -127.116061, 61.404085 ], [ -127.166598, 61.464521 ], [ -127.22928, 61.494437 ], [ -127.299357, 61.512158 ], [ -127.468052, 61.51051 ], [ -127.608666, 61.532856 ], [ -127.656467, 61.552159 ], [ -127.713025, 61.588183 ], [ -127.807233, 61.618747 ], [ -127.993577, 61.711219 ], [ -128.019417, 61.779642 ], [ -128.04657, 61.813381 ], [ -128.093827, 61.841264 ], [ -128.206327, 61.865269 ], [ -128.23209, 61.883584 ], [ -128.25837, 61.927749 ], [ -128.366217, 61.990898 ], [ -128.400066, 62.033734 ], [ -128.560829, 62.116911 ], [ -128.615837, 62.122097 ], [ -128.67852, 62.112286 ], [ -128.775518, 62.068923 ], [ -128.81386, 62.063814 ], [ -128.840914, 62.072955 ], [ -128.879751, 62.11099 ], [ -128.90737, 62.118999 ], [ -129.013773, 62.131655 ], [ -129.136221, 62.125514 ], [ -129.208879, 62.135742 ], [ -129.254714, 62.152771 ], [ -129.26898, 62.166306 ], [ -129.261614, 62.183752 ], [ -129.239498, 62.201967 ], [ -129.232829, 62.21982 ], [ -129.243942, 62.23641 ], [ -129.29337, 62.294231 ], [ -129.291019, 62.32229 ], [ -129.239289, 62.373244 ], [ -129.249133, 62.388548 ], [ -129.293628, 62.411224 ], [ -129.296314, 62.425287 ], [ -129.28714, 62.441151 ], [ -129.199552, 62.470034 ], [ -129.18945, 62.490293 ], [ -129.211126, 62.513441 ], [ -129.449123, 62.580051 ], [ -129.490256, 62.598717 ], [ -129.494727, 62.619074 ], [ -129.525346, 62.673534 ], [ -129.54405, 62.688036 ], [ -129.620015, 62.712249 ], [ -129.636291, 62.728311 ], [ -129.642444, 62.756426 ], [ -129.658308, 62.776476 ], [ -129.718667, 62.831671 ], [ -129.728923, 62.864872 ], [ -129.714404, 62.894787 ], [ -129.713937, 62.930603 ], [ -129.617483, 63.037291 ], [ -129.611775, 63.058681 ], [ -129.629782, 63.068272 ], [ -129.734427, 63.070129 ], [ -129.827497, 63.091761 ], [ -129.870339, 63.156899 ], [ -129.905682, 63.187408 ], [ -129.978675, 63.215753 ], [ -130.059732, 63.261203 ], [ -130.133604, 63.276452 ], [ -130.139778, 63.293349 ], [ -130.101667, 63.318794 ], [ -129.948342, 63.375692 ], [ -129.905319, 63.405772 ], [ -129.844938, 63.485786 ], [ -129.855068, 63.5217 ], [ -129.887801, 63.554824 ], [ -129.945524, 63.586355 ], [ -129.975989, 63.615655 ], [ -130.063039, 63.635628 ], [ -130.081743, 63.650196 ], [ -130.097662, 63.679112 ], [ -130.110681, 63.695031 ], [ -130.14169, 63.697613 ], [ -130.243572, 63.678332 ], [ -130.28499, 63.685935 ], [ -130.302607, 63.703711 ], [ -130.298448, 63.721025 ], [ -130.25959, 63.737406 ], [ -130.145123, 63.761839 ], [ -130.12081, 63.773133 ], [ -130.117916, 63.79337 ], [ -130.139597, 63.807839 ], [ -130.282557, 63.822561 ], [ -130.363614, 63.850213 ], [ -130.51288, 63.92013 ], [ -130.660574, 63.950519 ], [ -130.757726, 63.993047 ], [ -130.791855, 64.03051 ], [ -130.846661, 64.048802 ], [ -130.871979, 64.080608 ], [ -130.929701, 64.125465 ], [ -130.94128, 64.140505 ], [ -130.913013, 64.167608 ], [ -130.91332, 64.192514 ], [ -130.930838, 64.219233 ], [ -130.981688, 64.259465 ], [ -131.012076, 64.272824 ], [ -131.026133, 64.298093 ], [ -131.021766, 64.324416 ], [ -131.106718, 64.400903 ], [ -131.265081, 64.447046 ], [ -131.358772, 64.458471 ], [ -131.399262, 64.451385 ], [ -131.449618, 64.415965 ], [ -131.512795, 64.393432 ], [ -131.585914, 64.38026 ], [ -131.763734, 64.380512 ], [ -131.796808, 64.387906 ], [ -131.802779, 64.406561 ], [ -131.790375, 64.425963 ], [ -131.730275, 64.488882 ], [ -131.715987, 64.515029 ], [ -131.729006, 64.533816 ], [ -131.752313, 64.544945 ], [ -131.893207, 64.577201 ], [ -132.052169, 64.684197 ], [ -132.106271, 64.702148 ], [ -132.32068, 64.762716 ], [ -132.401732, 64.777438 ], [ -132.553689, 64.780228 ], [ -132.588104, 64.794082 ], [ -132.599678, 64.808551 ], [ -132.601128, 64.825909 ], [ -132.583813, 64.841828 ], [ -132.5048, 64.883741 ], [ -132.497357, 64.912679 ], [ -132.497, 64.957481 ], [ -132.480954, 64.970226 ], [ -132.38088, 65.021686 ], [ -132.353826, 65.038506 ], [ -132.35259, 65.057248 ], [ -132.38127, 65.075068 ], [ -132.516066, 65.094162 ], [ -132.538314, 65.109148 ], [ -132.540148, 65.170056 ], [ -132.579446, 65.18458 ], [ -132.609912, 65.181449 ], [ -132.708096, 65.167156 ], [ -132.751816, 65.173176 ], [ -132.768093, 65.184756 ], [ -132.773234, 65.20341 ], [ -132.762484, 65.22501 ], [ -132.596887, 65.280249 ], [ -132.566422, 65.300255 ], [ -132.541697, 65.340816 ], [ -132.345872, 65.443418 ], [ -132.267759, 65.537702 ], [ -132.194689, 65.597655 ], [ -132.196188, 65.62767 ], [ -132.295252, 65.716142 ], [ -132.377754, 65.766658 ], [ -132.48904, 65.819601 ], [ -132.533172, 65.833894 ], [ -132.554848, 65.857009 ], [ -132.538984, 65.886057 ], [ -132.340752, 65.955249 ], [ -132.342746, 65.978968 ], [ -132.370909, 65.993569 ], [ -132.483404, 65.989021 ], [ -132.577249, 66.023771 ], [ -132.614328, 66.029231 ], [ -132.71365, 65.997755 ], [ -132.766181, 65.971223 ], [ -132.821321, 65.927992 ], [ -132.902505, 65.913545 ], [ -132.948027, 65.916753 ], [ -132.967797, 65.933705 ], [ -132.939556, 65.976441 ], [ -132.916458, 66.001655 ], [ -132.917902, 66.017552 ], [ -132.93798, 66.02866 ], [ -133.04146, 66.02755 ], [ -133.229096, 66.006149 ], [ -133.412133, 65.956029 ], [ -133.499727, 65.955458 ], [ -133.588947, 65.962588 ], [ -133.621632, 65.974629 ], [ -133.623801, 66.010334 ], [ -133.645351, 66.049358 ], [ -133.675739, 66.073956 ], [ -133.677184, 66.095632 ], [ -133.659793, 66.111551 ], [ -133.593776, 66.149861 ], [ -133.568716, 66.176634 ], [ -133.566958, 66.208418 ], [ -133.571248, 66.248749 ], [ -133.583157, 66.285102 ], [ -133.612095, 66.295232 ], [ -133.651141, 66.300264 ], [ -133.759636, 66.303526 ], [ -133.790173, 66.304449 ], [ -133.800121, 66.325587 ], [ -133.790096, 66.348098 ], [ -133.759554, 66.415994 ], [ -133.739378, 66.439845 ], [ -133.705968, 66.444316 ], [ -133.674316, 66.445865 ], [ -133.65403, 66.452842 ], [ -133.65202, 66.472485 ], [ -133.658375, 66.509278 ], [ -133.649279, 66.536305 ], [ -133.635194, 66.565649 ], [ -133.651762, 66.586062 ], [ -133.725606, 66.631282 ], [ -133.763921, 66.650969 ], [ -133.768601, 66.669371 ], [ -133.770743, 66.684357 ], [ -133.799039, 66.711119 ], [ -133.805856, 66.733422 ], [ -133.797539, 66.752461 ], [ -133.782735, 66.785486 ], [ -133.794155, 66.818631 ], [ -133.84751, 66.861709 ], [ -133.92386, 66.902974 ], [ -134.031323, 66.944029 ], [ -134.053389, 66.972704 ], [ -134.055581, 67.004487 ], [ -134.117983, 67.004465 ], [ -134.404869, 67.004487 ], [ -134.691744, 67.004542 ], [ -134.978602, 67.004564 ], [ -135.265461, 67.004597 ], [ -135.552314, 67.004641 ], [ -135.839167, 67.004674 ], [ -136.126053, 67.004696 ], [ -136.169306, 67.015243 ], [ -136.194553, 67.036216 ], [ -136.223227, 67.08828 ], [ -136.22382, 67.134895 ], [ -136.220546, 67.163086 ], [ -136.217987, 67.181224 ], [ -136.150157, 67.226334 ], [ -136.107761, 67.287572 ], [ -136.105179, 67.304216 ], [ -136.128536, 67.354083 ], [ -136.140907, 67.375265 ], [ -136.158529, 67.393711 ], [ -136.177623, 67.422627 ], [ -136.177908, 67.450049 ], [ -136.169251, 67.514231 ], [ -136.207934, 67.576908 ], [ -136.233307, 67.600265 ], [ -136.264755, 67.615975 ], [ -136.400711, 67.665897 ], [ -136.434406, 67.702537 ], [ -136.445437, 67.746592 ], [ -136.44531, 68.037707 ], [ -136.445184, 68.328801 ], [ -136.445052, 68.619917 ], [ -136.443756, 68.895124 ] ] } },
{ "type": "Feature", "properties": { "FEATURECLA": "Admin-1 boundary", "NAME": null, "ADM0_A3": "CAN", "ADM0_NAME": "Canada", "MAPCOLOR9": 2, "MAPCOLOR13": 2, "SCALERANK": 2, "MIN_ZOOM": 2.0, "FCLASS_ISO": null, "FCLASS_US": null, "FCLASS_FR": null, "FCLASS_RU": null, "FCLASS_ES": null, "FCLASS_CN": null, "FCLASS_TW": null, "FCLASS_IN": null, "FCLASS_NP": null, "FCLASS_PK": null, "FCLASS_DE": null, "FCLASS_GB": null, "FCLASS_BR": null, "FCLASS_IL": null, "FCLASS_PS": null, "FCLASS_SA": null, "FCLASS_EG": null, "FCLASS_MA": null, "FCLASS_PT": null, "FCLASS_AR": null, "FCLASS_JP": null, "FCLASS_KO": null, "FCLASS_VN": null, "FCLASS_TR": null, "FCLASS_ID": null, "FCLASS_PL": null, "FCLASS_GR": null, "FCLASS_IT": null, "FCLASS_NL": null, "FCLASS_SE": null, "FCLASS_BD": null, "FCLASS_UA": null, "NE_ID": 1746729547, "BRK_A3": null, "FCLASS_TLC": null }, "geometry": { "type": "LineString", "coordinates": [ [ -68.37921, 47.588986 ], [ -68.393679, 47.563146 ], [ -68.429637, 47.528188 ], [ -68.496016, 47.480309 ], [ -68.628467, 47.420697 ], [ -69.05366, 47.294585 ] ] } },
{ "type": "Feature", "properties": { "FEATURECLA": "Admin-1 boundary", "NAME": null, "ADM0_A3": "CAN", "ADM0_NAME": "Canada", "MAPCOLOR9": 2, "MAPCOLOR13": 2, "SCALERANK": 2, "MIN_ZOOM": 2.0, "FCLASS_ISO": null, "FCLASS_US": null, "FCLASS_FR": null, "FCLASS_RU": null, "FCLASS_ES": null, "FCLASS_CN": null, "FCLASS_TW": null, "FCLASS_IN": null, "FCLASS_NP": null, "FCLASS_PK": null, "FCLASS_DE": null, "FCLASS_GB": null, "FCLASS_BR": null, "FCLASS_IL": null, "FCLASS_PS": null, "FCLASS_SA": null, "FCLASS_EG": null, "FCLASS_MA": null, "FCLASS_PT": null, "FCLASS_AR": null, "FCLASS_JP": null, "FCLASS_KO": null, "FCLASS_VN": null, "FCLASS_TR": null, "FCLASS_ID": null, "FCLASS_PL": null, "FCLASS_GR": null, "FCLASS_IT": null, "FCLASS_NL": null, "FCLASS_SE": null, "FCLASS_BD": null, "FCLASS_UA": null, "NE_ID": 1746729547, "BRK_A3": null, "FCLASS_TLC": null }, "geometry": { "type": "LineString", "coordinates": [ [ -67.612891, 47.998567 ], [ -67.609463, 47.968827 ], [ -67.579042, 47.939505 ], [ -67.364853, 47.8548 ], [ -67.307054, 47.887232 ], [ -67.187237, 47.894076 ], [ -67.057576, 47.918576 ], [ -66.951822, 47.899449 ], [ -66.925026, 47.96351 ], [ -66.842684, 47.997897 ], [ -66.704377, 48.022441 ] ] } },
{ "type": "Feature", "properties": { "FEATURECLA": "Admin-1 boundary", "NAME": null, "ADM0_A3": "USA", "ADM0_NAME": "United States of America", "MAPCOLOR9": 1, "MAPCOLOR13": 1, "SCALERANK": 2, "MIN_ZOOM": 2.0, "FCLASS_ISO": null, "FCLASS_US": null, "FCLASS_FR": null, "FCLASS_RU": null, "FCLASS_ES": null, "FCLASS_CN": null, "FCLASS_TW": null, "FCLASS_IN": null, "FCLASS_NP": null, "FCLASS_PK": null, "FCLASS_DE": null, "FCLASS_GB": null, "FCLASS_BR": null, "FCLASS_IL": null, "FCLASS_PS": null, "FCLASS_SA": null, "FCLASS_EG": null, "FCLASS_MA": null, "FCLASS_PT": null, "FCLASS_AR": null, "FCLASS_JP": null, "FCLASS_KO": null, "FCLASS_VN": null, "FCLASS_TR": null, "FCLASS_ID": null, "FCLASS_PL": null, "FCLASS_GR": null, "FCLASS_IT": null, "FCLASS_NL": null, "FCLASS_SE": null, "FCLASS_BD": null, "FCLASS_UA": null, "NE_ID": 1746745037, "BRK_A3": null, "FCLASS_TLC": null }, "geometry": { "type": "LineString", "coordinates": [ [ -120.000809, 42.000559 ], [ -120.264464, 42.000559 ], [ -120.528114, 42.000559 ], [ -120.79177, 42.000559 ], [ -121.05542, 42.000559 ], [ -121.319075, 42.000559 ], [ -121.58273, 42.000559 ], [ -121.84638, 42.000559 ], [ -122.110063, 42.000559 ], [ -122.37374, 42.000559 ], [ -122.63739, 42.000559 ], [ -122.901046, 42.000559 ], [ -123.164701, 42.000559 ], [ -123.428351, 42.000559 ], [ -123.692007, 42.000559 ], [ -123.955656, 42.000559 ], [ -124.228409, 42.000768 ] ] } },
{ "type": "Feature", "properties": { "FEATURECLA": "Admin-1 boundary", "NAME": null, "ADM0_A3": "USA", "ADM0_NAME": "United States of America", "MAPCOLOR9": 1, "MAPCOLOR13": 1, "SCALERANK": 2, "MIN_ZOOM": 2.0, "FCLASS_ISO": null, "FCLASS_US": null, "FCLASS_FR": null, "FCLASS_RU": null, "FCLASS_ES": null, "FCLASS_CN": null, "FCLASS_TW": null, "FCLASS_IN": null, "FCLASS_NP": null, "FCLASS_PK": null, "FCLASS_DE": null, "FCLASS_GB": null, "FCLASS_BR": null, "FCLASS_IL": null, "FCLASS_PS": null, "FCLASS_SA": null, "FCLASS_EG": null, "FCLASS_MA": null, "FCLASS_PT": null, "FCLASS_AR": null, "FCLASS_JP": null, "FCLASS_KO": null, "FCLASS_VN": null, "FCLASS_TR": null, "FCLASS_ID": null, "FCLASS_PL": null, "FCLASS_GR": null, "FCLASS_IT": null, "FCLASS_NL": null, "FCLASS_SE": null, "FCLASS_BD": null, "FCLASS_UA": null, "NE_ID": 1746745049, "BRK_A3": null, "FCLASS_TLC": null }, "geometry": { "type": "LineString", "coordinates": [ [ -111.051434, 44.498883 ], [ -111.11722, 44.525349 ], [ -111.160934, 44.555836 ], [ -111.197574, 44.590586 ], [ -111.265118, 44.687552 ], [ -111.304081, 44.723312 ], [ -111.337463, 44.744812 ], [ -111.372525, 44.74624 ], [ -111.41557, 44.733551 ], [ -111.4481, 44.711117 ], [ -111.459109, 44.671017 ], [ -111.491046, 44.624226 ], [ -111.488821, 44.584544 ], [ -111.474506, 44.564615 ], [ -111.47934, 44.553716 ], [ -111.499857, 44.54485 ], [ -111.659302, 44.559605 ], [ -111.797098, 44.539895 ], [ -111.89208, 44.554925 ], [ -112.074211, 44.547619 ], [ -112.23131, 44.560692 ], [ -112.285077, 44.553947 ], [ -112.320036, 44.53315 ], [ -112.36386, 44.479558 ], [ -112.375385, 44.470022 ], [ -112.392848, 44.467957 ], [ -112.648236, 44.497104 ], [ -112.715928, 44.498037 ], [ -112.787142, 44.463079 ], [ -112.810163, 44.438162 ], [ -112.815514, 44.405972 ], [ -112.831351, 44.396623 ], [ -112.853856, 44.398325 ], [ -112.910392, 44.419331 ], [ -112.970075, 44.454499 ], [ -112.999689, 44.48036 ], [ -113.006379, 44.539137 ], [ -113.05428, 44.605187 ], [ -113.062706, 44.665073 ], [ -113.09327, 44.715336 ], [ -113.140709, 44.765489 ], [ -113.18717, 44.798579 ], [ -113.234269, 44.809873 ], [ -113.320418, 44.802534 ], [ -113.338891, 44.808072 ], [ -113.432138, 44.874165 ], [ -113.460796, 44.90362 ], [ -113.469294, 44.929976 ], [ -113.438136, 44.993971 ], [ -113.447129, 45.029084 ], [ -113.471079, 45.072853 ], [ -113.503582, 45.109284 ], [ -113.557404, 45.140419 ], [ -113.606573, 45.209105 ], [ -113.697112, 45.304983 ], [ -113.721941, 45.379273 ], [ -113.756097, 45.44084 ], [ -113.76615, 45.502517 ], [ -113.799614, 45.540189 ], [ -113.796642, 45.587661 ], [ -113.802273, 45.601098 ], [ -113.812814, 45.606986 ], [ -113.872915, 45.63354 ], [ -113.942651, 45.681507 ], [ -113.977818, 45.69235 ], [ -113.991924, 45.69302 ], [ -114.000708, 45.680628 ], [ -114.006393, 45.658457 ], [ -114.116619, 45.579103 ], [ -114.210234, 45.542442 ], [ -114.256146, 45.505648 ], [ -114.297641, 45.487565 ], [ -114.319191, 45.48573 ], [ -114.350562, 45.497145 ], [ -114.448434, 45.551253 ], [ -114.529233, 45.575719 ], [ -114.537346, 45.587398 ], [ -114.532617, 45.633024 ], [ -114.495796, 45.685846 ], [ -114.533699, 45.78201 ], [ -114.522537, 45.815133 ], [ -114.492566, 45.838732 ], [ -114.405131, 45.874251 ], [ -114.396787, 45.89095 ], [ -114.415903, 45.982159 ], [ -114.464792, 46.016414 ], [ -114.478306, 46.035585 ], [ -114.463578, 46.109765 ], [ -114.485359, 46.158214 ], [ -114.446599, 46.199325 ], [ -114.444248, 46.270714 ], [ -114.41275, 46.343631 ], [ -114.38022, 46.453033 ], [ -114.387042, 46.499955 ], [ -114.345805, 46.550591 ], [ -114.332061, 46.601392 ], [ -114.330122, 46.637647 ], [ -114.336868, 46.659224 ], [ -114.350897, 46.667639 ], [ -114.380917, 46.667639 ], [ -114.518664, 46.647743 ], [ -114.562999, 46.650435 ], [ -114.60155, 46.660334 ], [ -114.624006, 46.677615 ], [ -114.630648, 46.718572 ], [ -114.661623, 46.745544 ], [ -114.678032, 46.750169 ], [ -114.740302, 46.733634 ], [ -114.753689, 46.734568 ], [ -114.760715, 46.742292 ], [ -114.786066, 46.776756 ], [ -114.886937, 46.844871 ], [ -114.935694, 46.922819 ], [ -115.033516, 46.990934 ], [ -115.126636, 47.084593 ], [ -115.306675, 47.231172 ], [ -115.349467, 47.261176 ], [ -115.485994, 47.311636 ], [ -115.593325, 47.384915 ], [ -115.702468, 47.437594 ], [ -115.713317, 47.446746 ], [ -115.714454, 47.45225 ], [ -115.708022, 47.456798 ], [ -115.676887, 47.470564 ], [ -115.66968, 47.497854 ], [ -115.710862, 47.552599 ], [ -115.690867, 47.606652 ], [ -115.718382, 47.68148 ], [ -115.733757, 47.706342 ], [ -115.811244, 47.775951 ], [ -115.862149, 47.842408 ], [ -115.941443, 47.904107 ], [ -116.04901, 48.00472 ], [ -116.048801, 48.251989 ], [ -116.048598, 48.499313 ], [ -116.048389, 48.746637 ], [ -116.048494, 48.993083 ] ] } },
{ "type": "Feature", "properties": { "FEATURECLA": "Admin-1 boundary", "NAME": null, "ADM0_A3": "USA", "ADM0_NAME": "United States of America", "MAPCOLOR9": 1, "MAPCOLOR13": 1, "SCALERANK": 2, "MIN_ZOOM": 2.0, "FCLASS_ISO": null, "FCLASS_US": null, "FCLASS_FR": null, "FCLASS_RU": null, "FCLASS_ES": null, "FCLASS_CN": null, "FCLASS_TW": null, "FCLASS_IN": null, "FCLASS_NP": null, "FCLASS_PK": null, "FCLASS_DE": null, "FCLASS_GB": null, "FCLASS_BR": null, "FCLASS_IL": null, "FCLASS_PS": null, "FCLASS_SA": null, "FCLASS_EG": null, "FCLASS_MA": null, "FCLASS_PT": null, "FCLASS_AR": null, "FCLASS_JP": null, "FCLASS_KO": null, "FCLASS_VN": null, "FCLASS_TR": null, "FCLASS_ID": null, "FCLASS_PL": null, "FCLASS_GR": null, "FCLASS_IT": null, "FCLASS_NL": null, "FCLASS_SE": null, "FCLASS_BD": null, "FCLASS_UA": null, "NE_ID": 1746745053, "BRK_A3": null, "FCLASS_TLC": null }, "geometry": { "type": "LineString", "coordinates": [ [ -111.051434, 44.498883 ], [ -111.051357, 44.342768 ], [ -111.05128, 44.186652 ], [ -111.051225, 44.030547 ], [ -111.051148, 43.874398 ], [ -111.051071, 43.718261 ], [ -111.051022, 43.562145 ], [ -111.050945, 43.406029 ], [ -111.050862, 43.249892 ], [ -111.050785, 43.093754 ], [ -111.050708, 42.937638 ], [ -111.050659, 42.781522 ], [ -111.050582, 42.625385 ], [ -111.050505, 42.469247 ], [ -111.05045, 42.313131 ], [ -111.050373, 42.157016 ], [ -111.050296, 42.000878 ] ] } },
{ "type": "Feature", "properties": { "FEATURECLA": "Admin-1 boundary", "NAME": null, "ADM0_A3": "USA", "ADM0_NAME": "United States of America", "MAPCOLOR9": 1, "MAPCOLOR13": 1, "SCALERANK": 2, "MIN_ZOOM": 2.0, "FCLASS_ISO": null, "FCLASS_US": null, "FCLASS_FR": null, "FCLASS_RU": null, "FCLASS_ES": null, "FCLASS_CN": null, "FCLASS_TW": null, "FCLASS_IN": null, "FCLASS_NP": null, "FCLASS_PK": null, "FCLASS_DE": null, "FCLASS_GB": null, "FCLASS_BR": null, "FCLASS_IL": null, "FCLASS_PS": null, "FCLASS_SA": null, "FCLASS_EG": null, "FCLASS_MA": null, "FCLASS_PT": null, "FCLASS_AR": null, "FCLASS_JP": null, "FCLASS_KO": null, "FCLASS_VN": null, "FCLASS_TR": null, "FCLASS_ID": null, "FCLASS_PL": null, "FCLASS_GR": null, "FCLASS_IT": null, "FCLASS_NL": null, "FCLASS_SE": null, "FCLASS_BD": null, "FCLASS_UA": null, "NE_ID": 1746745057, "BRK_A3": null, "FCLASS_TLC": null }, "geometry": { "type": "LineString", "coordinates": [ [ -111.051434, 44.498883 ], [ -111.05128, 44.624457 ], [ -111.051148, 44.749987 ], [ -111.051022, 44.875506 ], [ -111.050862, 45.001057 ], [ -110.831707, 45.001079 ], [ -110.612519, 45.001079 ], [ -110.393336, 45.001079 ], [ -110.174175, 45.001079 ], [ -109.954987, 45.001079 ], [ -109.735804, 45.001079 ], [ -109.516643, 45.001079 ], [ -109.297455, 45.001079 ], [ -109.078272, 45.001079 ], [ -108.859112, 45.001079 ], [ -108.639929, 45.001079 ], [ -108.420741, 45.001079 ], [ -108.20158, 45.001079 ], [ -107.982397, 45.001079 ], [ -107.763209, 45.001079 ], [ -107.544048, 45.001079 ], [ -107.324865, 45.001079 ], [ -107.105677, 45.001079 ], [ -106.886522, 45.001079 ], [ -106.667334, 45.001079 ], [ -106.448151, 45.001079 ], [ -106.22899, 45.001079 ], [ -106.009802, 45.001079 ], [ -105.790619, 45.001101 ], [ -105.571458, 45.001134 ], [ -105.35227, 45.001134 ], [ -105.133087, 45.001134 ], [ -104.913927, 45.001134 ], [ -104.694738, 45.001134 ], [ -104.475556, 45.001134 ], [ -104.256395, 45.001134 ], [ -104.037212, 45.001134 ] ] } },
{ "type": "Feature", "properties": { "FEATURECLA": "Admin-1 boundary", "NAME": null, "ADM0_A3": "USA", "ADM0_NAME": "United States of America", "MAPCOLOR9": 1, "MAPCOLOR13": 1, "SCALERANK": 2, "MIN_ZOOM": 2.0, "FCLASS_ISO": null, "FCLASS_US": null, "FCLASS_FR": null, "FCLASS_RU": null, "FCLASS_ES": null, "FCLASS_CN": null, "FCLASS_TW": null, "FCLASS_IN": null, "FCLASS_NP": null, "FCLASS_PK": null, "FCLASS_DE": null, "FCLASS_GB": null, "FCLASS_BR": null, "FCLASS_IL": null, "FCLASS_PS": null, "FCLASS_SA": null, "FCLASS_EG": null, "FCLASS_MA": null, "FCLASS_PT": null, "FCLASS_AR": null, "FCLASS_JP": null, "FCLASS_KO": null, "FCLASS_VN": null, "FCLASS_TR": null, "FCLASS_ID": null, "FCLASS_PL": null, "FCLASS_GR": null, "FCLASS_IT": null, "FCLASS_NL": null, "FCLASS_SE": null, "FCLASS_BD": null, "FCLASS_UA": null, "NE_ID": 1746745061, "BRK_A3": null, "FCLASS_TLC": null }, "geometry": { "type": "LineString", "coordinates": [ [ -117.016675, 42.000559 ], [ -117.389705, 42.000559 ], [ -117.762701, 42.000559 ], [ -118.135731, 42.000559 ], [ -118.508756, 42.000559 ], [ -118.881758, 42.000559 ], [ -119.254782, 42.000559 ], [ -119.627807, 42.000559 ], [ -120.000809, 42.000559 ] ] } },
{ "type": "Feature", "properties": { "FEATURECLA": "Admin-1 boundary", "NAME": null, "ADM0_A3": "USA", "ADM0_NAME": "United States of America", "MAPCOLOR9": 1, "MAPCOLOR13": 1, "SCALERANK": 2, "MIN_ZOOM": 2.0, "FCLASS_ISO": null, "FCLASS_US": null, "FCLASS_FR": null, "FCLASS_RU": null, "FCLASS_ES": null, "FCLASS_CN": null, "FCLASS_TW": null, "FCLASS_IN": null, "FCLASS_NP": null, "FCLASS_PK": null, "FCLASS_DE": null, "FCLASS_GB": null, "FCLASS_BR": null, "FCLASS_IL": null, "FCLASS_PS": null, "FCLASS_SA": null, "FCLASS_EG": null, "FCLASS_MA": null, "FCLASS_PT": null, "FCLASS_AR": null, "FCLASS_JP": null, "FCLASS_KO": null, "FCLASS_VN": null, "FCLASS_TR": null, "FCLASS_ID": null, "FCLASS_PL": null, "FCLASS_GR": null, "FCLASS_IT": null, "FCLASS_NL": null, "FCLASS_SE": null, "FCLASS_BD": null, "FCLASS_UA": null, "NE_ID": 1746745063, "BRK_A3": null, "FCLASS_TLC": null }, "geometry": { "type": "LineString", "coordinates": [ [ -117.016675, 42.000559 ], [ -116.644914, 42.000636 ], [ -116.273153, 42.000691 ], [ -115.901398, 42.000768 ], [ -115.529637, 42.000845 ], [ -115.157876, 42.0009 ], [ -114.786115, 42.000977 ], [ -114.414354, 42.001054 ], [ -114.042593, 42.001109 ] ] } },
{ "type": "Feature", "properties": { "FEATURECLA": "Admin-1 boundary", "NAME": null, "ADM0_A3": "USA", "ADM0_NAME": "United States of America", "MAPCOLOR9": 1, "MAPCOLOR13": 1, "SCALERANK": 2, "MIN_ZOOM": 2.0, "FCLASS_ISO": null, "FCLASS_US": null, "FCLASS_FR": null, "FCLASS_RU": null, "FCLASS_ES": null, "FCLASS_CN": null, "FCLASS_TW": null, "FCLASS_IN": null, "FCLASS_NP": null, "FCLASS_PK": null, "FCLASS_DE": null, "FCLASS_GB": null, "FCLASS_BR": null, "FCLASS_IL": null, "FCLASS_PS": null, "FCLASS_SA": null, "FCLASS_EG": null, "FCLASS_MA": null, "FCLASS_PT": null, "FCLASS_AR": null, "FCLASS_JP": null, "FCLASS_KO": null, "FCLASS_VN": null, "FCLASS_TR": null, "FCLASS_ID": null, "FCLASS_PL": null, "FCLASS_GR": null, "FCLASS_IT": null, "FCLASS_NL": null, "FCLASS_SE": null, "FCLASS_BD": null, "FCLASS_UA": null, "NE_ID": 1746745085, "BRK_A3": null, "FCLASS_TLC": null }, "geometry": { "type": "LineString", "coordinates": [ [ -111.050296, 42.000878 ], [ -111.237311, 42.0009 ], [ -111.424331, 42.0009 ], [ -111.611346, 42.000922 ], [ -111.798367, 42.000955 ], [ -111.985381, 42.000955 ], [ -112.172396, 42.000977 ], [ -112.359416, 42.000999 ], [ -112.546431, 42.000999 ], [ -112.733451, 42.000999 ], [ -112.920466, 42.001032 ], [ -113.107481, 42.001054 ], [ -113.294501, 42.001054 ], [ -113.481516, 42.001054 ], [ -113.668536, 42.001076 ], [ -113.855551, 42.001109 ], [ -114.042593, 42.001109 ] ] } },
{ "type": "Feature", "properties": { "FEATURECLA": "Admin-1 boundary", "NAME": null, "ADM0_A3": "USA", "ADM0_NAME": "United States of America", "MAPCOLOR9": 1, "MAPCOLOR13": 1, "SCALERANK": 2, "MIN_ZOOM": 2.0, "FCLASS_ISO": null, "FCLASS_US": null, "FCLASS_FR": null, "FCLASS_RU": null, "FCLASS_ES": null, "FCLASS_CN": null, "FCLASS_TW": null, "FCLASS_IN": null, "FCLASS_NP": null, "FCLASS_PK": null, "FCLASS_DE": null, "FCLASS_GB": null, "FCLASS_BR": null, "FCLASS_IL": null, "FCLASS_PS": null, "FCLASS_SA": null, "FCLASS_EG": null, "FCLASS_MA": null, "FCLASS_PT": null, "FCLASS_AR": null, "FCLASS_JP": null, "FCLASS_KO": null, "FCLASS_VN": null, "FCLASS_TR": null, "FCLASS_ID": null, "FCLASS_PL": null, "FCLASS_GR": null, "FCLASS_IT": null, "FCLASS_NL": null, "FCLASS_SE": null, "FCLASS_BD": null, "FCLASS_UA": null, "NE_ID": 1746714497, "BRK_A3": null, "FCLASS_TLC": null }, "geometry": { "type": "LineString", "coordinates": [ [ -111.050296, 42.000878 ], [ -111.050247, 41.875897 ], [ -111.05022, 41.750884 ], [ -111.050192, 41.625881 ], [ -111.050143, 41.500879 ], [ -111.050088, 41.375877 ], [ -111.050066, 41.250863 ], [ -111.050038, 41.125861 ], [ -111.049989, 41.000858 ], [ -110.799539, 41.000858 ], [ -110.549089, 41.000858 ], [ -110.298639, 41.000858 ], [ -110.048189, 41.000858 ], [ -109.79774, 41.000858 ], [ -109.54729, 41.000858 ], [ -109.29684, 41.000858 ], [ -109.04639, 41.000858 ] ] } },
{ "type": "Feature", "properties": { "FEATURECLA": "Admin-1 boundary", "NAME": null, "ADM0_A3": "USA", "ADM0_NAME": "United States of America", "MAPCOLOR9": 1, "MAPCOLOR13": 1, "SCALERANK": 2, "MIN_ZOOM": 2.0, "FCLASS_ISO": null, "FCLASS_US": null, "FCLASS_FR": null, "FCLASS_RU": null, "FCLASS_ES": null, "FCLASS_CN": null, "FCLASS_TW": null, "FCLASS_IN": null, "FCLASS_NP": null, "FCLASS_PK": null, "FCLASS_DE": null, "FCLASS_GB": null, "FCLASS_BR": null, "FCLASS_IL": null, "FCLASS_PS": null, "FCLASS_SA": null, "FCLASS_EG": null, "FCLASS_MA": null, "FCLASS_PT": null, "FCLASS_AR": null, "FCLASS_JP": null, "FCLASS_KO": null, "FCLASS_VN": null, "FCLASS_TR": null, "FCLASS_ID": null, "FCLASS_PL": null, "FCLASS_GR": null, "FCLASS_IT": null, "FCLASS_NL": null, "FCLASS_SE": null, "FCLASS_BD": null, "FCLASS_UA": null, "NE_ID": 1746714503, "BRK_A3": null, "FCLASS_TLC": null }, "geometry": { "type": "LineString", "coordinates": [ [ -114.042593, 42.001109 ], [ -114.042516, 41.844938 ], [ -114.042467, 41.6888 ], [ -114.04239, 41.532662 ], [ -114.042308, 41.376492 ], [ -114.042231, 41.220321 ], [ -114.042154, 41.064183 ], [ -114.042077, 40.908046 ], [ -114.042, 40.751875 ], [ -114.041923, 40.595715 ], [ -114.041846, 40.439578 ], [ -114.041791, 40.283429 ], [ -114.041714, 40.127269 ], [ -114.041637, 39.971099 ], [ -114.041588, 39.814939 ], [ -114.041511, 39.658768 ], [ -114.041429, 39.502631 ], [ -114.041352, 39.346493 ], [ -114.041275, 39.190322 ], [ -114.041226, 39.034152 ], [ -114.041149, 38.877992 ], [ -114.041072, 38.721821 ], [ -114.041017, 38.565684 ], [ -114.04094, 38.409546 ], [ -114.040863, 38.253375 ], [ -114.040786, 38.097205 ], [ -114.040709, 37.941067 ], [ -114.040632, 37.784929 ], [ -114.040555, 37.628759 ], [ -114.040473, 37.472599 ], [ -114.040396, 37.316461 ], [ -114.040347, 37.160312 ], [ -114.04027, 37.004153 ] ] } },
{ "type": "Feature", "properties": { "FEATURECLA": "Admin-1 boundary", "NAME": null, "ADM0_A3": "USA", "ADM0_NAME": "United States of America", "MAPCOLOR9": 1, "MAPCOLOR13": 1, "SCALERANK": 2, "MIN_ZOOM": 2.0, "FCLASS_ISO": null, "FCLASS_US": null, "FCLASS_FR": null, "FCLASS_RU": null, "FCLASS_ES": null, "FCLASS_CN": null, "FCLASS_TW": null, "FCLASS_IN": null, "FCLASS_NP": null, "FCLASS_PK": null, "FCLASS_DE": null, "FCLASS_GB": null, "FCLASS_BR": null, "FCLASS_IL": null, "FCLASS_PS": null, "FCLASS_SA": null, "FCLASS_EG": null, "FCLASS_MA": null, "FCLASS_PT": null, "FCLASS_AR": null, "FCLASS_JP": null, "FCLASS_KO": null, "FCLASS_VN": null, "FCLASS_TR": null, "FCLASS_ID": null, "FCLASS_PL": null, "FCLASS_GR": null, "FCLASS_IT": null, "FCLASS_NL": null, "FCLASS_SE": null, "FCLASS_BD": null, "FCLASS_UA": null, "NE_ID": 1746714515, "BRK_A3": null, "FCLASS_TLC": null }, "geometry": { "type": "LineString", "coordinates": [ [ -109.04639, 41.000858 ], [ -108.732351, 41.000858 ], [ -108.418313, 41.000858 ], [ -108.104274, 41.000858 ], [ -107.790213, 41.000858 ], [ -107.476147, 41.000858 ], [ -107.162108, 41.000858 ], [ -106.84807, 41.000858 ], [ -106.534037, 41.000858 ], [ -106.219998, 41.000858 ], [ -105.905932, 41.000858 ], [ -105.591871, 41.000858 ], [ -105.277832, 41.000858 ], [ -104.963794, 41.000858 ], [ -104.649755, 41.000858 ], [ -104.335722, 41.000858 ], [ -104.021655, 41.000858 ] ] } },
{ "type": "Feature", "properties": { "FEATURECLA": "Admin-1 boundary", "NAME": null, "ADM0_A3": "USA", "ADM0_NAME": "United States of America", "MAPCOLOR9": 1, "MAPCOLOR13": 1, "SCALERANK": 2, "MIN_ZOOM": 2.0, "FCLASS_ISO": null, "FCLASS_US": null, "FCLASS_FR": null, "FCLASS_RU": null, "FCLASS_ES": null, "FCLASS_CN": null, "FCLASS_TW": null, "FCLASS_IN": null, "FCLASS_NP": null, "FCLASS_PK": null, "FCLASS_DE": null, "FCLASS_GB": null, "FCLASS_BR": null, "FCLASS_IL": null, "FCLASS_PS": null, "FCLASS_SA": null, "FCLASS_EG": null, "FCLASS_MA": null, "FCLASS_PT": null, "FCLASS_AR": null, "FCLASS_JP": null, "FCLASS_KO": null, "FCLASS_VN": null, "FCLASS_TR": null, "FCLASS_ID": null, "FCLASS_PL": null, "FCLASS_GR": null, "FCLASS_IT": null, "FCLASS_NL": null, "FCLASS_SE": null, "FCLASS_BD": null, "FCLASS_UA": null, "NE_ID": 1746714521, "BRK_A3": null, "FCLASS_TLC": null }, "geometry": { "type": "LineString", "coordinates": [ [ -109.04639, 41.000858 ], [ -109.046412, 40.750842 ], [ -109.04644, 40.500859 ], [ -109.04644, 40.250877 ], [ -109.046467, 40.000872 ], [ -109.046489, 39.750856 ], [ -109.046489, 39.50084 ], [ -109.046516, 39.250835 ], [ -109.046544, 39.000819 ], [ -109.046544, 38.750869 ], [ -109.046566, 38.500853 ], [ -109.046593, 38.250848 ], [ -109.046593, 38.000833 ], [ -109.046621, 37.750828 ], [ -109.046648, 37.500834 ], [ -109.046648, 37.250851 ], [ -109.04667, 37.000846 ] ] } },
{ "type": "Feature", "properties": { "FEATURECLA": "Admin-1 boundary", "NAME": null, "ADM0_A3": "USA", "ADM0_NAME": "United States of America", "MAPCOLOR9": 1, "MAPCOLOR13": 1, "SCALERANK": 2, "MIN_ZOOM": 2.0, "FCLASS_ISO": null, "FCLASS_US": null, "FCLASS_FR": null, "FCLASS_RU": null, "FCLASS_ES": null, "FCLASS_CN": null, "FCLASS_TW": null, "FCLASS_IN": null, "FCLASS_NP": null, "FCLASS_PK": null, "FCLASS_DE": null, "FCLASS_GB": null, "FCLASS_BR": null, "FCLASS_IL": null, "FCLASS_PS": null, "FCLASS_SA": null, "FCLASS_EG": null, "FCLASS_MA": null, "FCLASS_PT": null, "FCLASS_AR": null, "FCLASS_JP": null, "FCLASS_KO": null, "FCLASS_VN": null, "FCLASS_TR": null, "FCLASS_ID": null, "FCLASS_PL": null, "FCLASS_GR": null, "FCLASS_IT": null, "FCLASS_NL": null, "FCLASS_SE": null, "FCLASS_BD": null, "FCLASS_UA": null, "NE_ID": 1746714533, "BRK_A3": null, "FCLASS_TLC": null }, "geometry": { "type": "LineString", "coordinates": [ [ -104.011087, 45.943058 ], [ -104.012482, 46.133726 ], [ -104.013877, 46.324405 ], [ -104.015272, 46.515094 ], [ -104.01664, 46.705784 ], [ -104.018013, 46.896463 ], [ -104.019409, 47.087152 ], [ -104.020804, 47.277842 ], [ -104.022199, 47.468521 ], [ -104.023595, 47.659211 ], [ -104.024962, 47.8499 ], [ -104.02633, 48.040579 ], [ -104.027725, 48.231269 ], [ -104.029121, 48.421958 ], [ -104.030516, 48.612637 ], [ -104.031911, 48.803327 ], [ -104.033927, 48.993138 ] ] } },
{ "type": "Feature", "properties": { "FEATURECLA": "Admin-1 boundary", "NAME": null, "ADM0_A3": "USA", "ADM0_NAME": "United States of America", "MAPCOLOR9": 1, "MAPCOLOR13": 1, "SCALERANK": 2, "MIN_ZOOM": 2.0, "FCLASS_ISO": null, "FCLASS_US": null, "FCLASS_FR": null, "FCLASS_RU": null, "FCLASS_ES": null, "FCLASS_CN": null, "FCLASS_TW": null, "FCLASS_IN": null, "FCLASS_NP": null, "FCLASS_PK": null, "FCLASS_DE": null, "FCLASS_GB": null, "FCLASS_BR": null, "FCLASS_IL": null, "FCLASS_PS": null, "FCLASS_SA": null, "FCLASS_EG": null, "FCLASS_MA": null, "FCLASS_PT": null, "FCLASS_AR": null, "FCLASS_JP": null, "FCLASS_KO": null, "FCLASS_VN": null, "FCLASS_TR": null, "FCLASS_ID": null, "FCLASS_PL": null, "FCLASS_GR": null, "FCLASS_IT": null, "FCLASS_NL": null, "FCLASS_SE": null, "FCLASS_BD": null, "FCLASS_UA": null, "NE_ID": 1746714539, "BRK_A3": null, "FCLASS_TLC": null }, "geometry": { "type": "LineString", "coordinates": [ [ -104.037212, 45.001134 ], [ -104.02928, 45.001079 ], [ -104.021348, 45.001057 ], [ -104.013416, 45.001024 ], [ -104.005478, 45.00097 ], [ -104.005302, 45.004101 ], [ -104.005143, 45.007232 ], [ -104.004962, 45.010352 ], [ -104.00478, 45.013483 ], [ -104.006357, 45.245866 ], [ -104.007934, 45.47826 ], [ -104.00951, 45.710642 ], [ -104.011087, 45.943058 ] ] } },
{ "type": "Feature", "properties": { "FEATURECLA": "Admin-1 boundary", "NAME": null, "ADM0_A3": "USA", "ADM0_NAME": "United States of America", "MAPCOLOR9": 1, "MAPCOLOR13": 1, "SCALERANK": 2, "MIN_ZOOM": 2.0, "FCLASS_ISO": null, "FCLASS_US": null, "FCLASS_FR": null, "FCLASS_RU": null, "FCLASS_ES": null, "FCLASS_CN": null, "FCLASS_TW": null, "FCLASS_IN": null, "FCLASS_NP": null, "FCLASS_PK": null, "FCLASS_DE": null, "FCLASS_GB": null, "FCLASS_BR": null, "FCLASS_IL": null, "FCLASS_PS": null, "FCLASS_SA": null, "FCLASS_EG": null, "FCLASS_MA": null, "FCLASS_PT": null, "FCLASS_AR": null, "FCLASS_JP": null, "FCLASS_KO": null, "FCLASS_VN": null, "FCLASS_TR": null, "FCLASS_ID": null, "FCLASS_PL": null, "FCLASS_GR": null, "FCLASS_IT": null, "FCLASS_NL": null, "FCLASS_SE": null, "FCLASS_BD": null, "FCLASS_UA": null, "NE_ID": 1746714543, "BRK_A3": null, "FCLASS_TLC": null }, "geometry": { "type": "LineString", "coordinates": [ [ -104.028862, 43.001403 ], [ -104.029895, 43.251364 ], [ -104.030955, 43.501325 ], [ -104.032016, 43.751286 ], [ -104.033048, 44.001269 ], [ -104.034081, 44.251251 ], [ -104.035119, 44.501212 ], [ -104.036152, 44.751173 ], [ -104.037212, 45.001134 ] ] } },
{ "type": "Feature", "properties": { "FEATURECLA": "Admin-1 boundary", "NAME": null, "ADM0_A3": "USA", "ADM0_NAME": "United States of America", "MAPCOLOR9": 1, "MAPCOLOR13": 1, "SCALERANK": 2, "MIN_ZOOM": 2.0, "FCLASS_ISO": null, "FCLASS_US": null, "FCLASS_FR": null, "FCLASS_RU": null, "FCLASS_ES": null, "FCLASS_CN": null, "FCLASS_TW": null, "FCLASS_IN": null, "FCLASS_NP": null, "FCLASS_PK": null, "FCLASS_DE": null, "FCLASS_GB": null, "FCLASS_BR": null, "FCLASS_IL": null, "FCLASS_PS": null, "FCLASS_SA": null, "FCLASS_EG": null, "FCLASS_MA": null, "FCLASS_PT": null, "FCLASS_AR": null, "FCLASS_JP": null, "FCLASS_KO": null, "FCLASS_VN": null, "FCLASS_TR": null, "FCLASS_ID": null, "FCLASS_PL": null, "FCLASS_GR": null, "FCLASS_IT": null, "FCLASS_NL": null, "FCLASS_SE": null, "FCLASS_BD": null, "FCLASS_UA": null, "NE_ID": 1746714547, "BRK_A3": null, "FCLASS_TLC": null }, "geometry": { "type": "LineString", "coordinates": [ [ -96.556401, 45.942773 ], [ -96.789355, 45.942773 ], [ -97.022315, 45.942805 ], [ -97.255275, 45.942827 ], [ -97.488229, 45.942827 ], [ -97.721188, 45.942827 ], [ -97.954142, 45.942827 ], [ -98.187102, 45.942827 ], [ -98.420062, 45.94286 ], [ -98.653016, 45.942882 ], [ -98.885975, 45.942882 ], [ -99.118929, 45.942882 ], [ -99.351889, 45.942882 ], [ -99.584849, 45.942882 ], [ -99.817803, 45.942904 ], [ -100.050762, 45.942937 ], [ -100.283744, 45.942937 ], [ -100.516725, 45.942937 ], [ -100.749685, 45.942937 ], [ -100.982645, 45.942937 ], [ -101.215599, 45.942959 ], [ -101.448558, 45.942981 ], [ -101.681513, 45.942981 ], [ -101.914472, 45.942981 ], [ -102.147426, 45.942981 ], [ -102.380386, 45.942981 ], [ -102.613345, 45.943014 ], [ -102.8463, 45.943036 ], [ -103.079259, 45.943036 ], [ -103.312213, 45.943036 ], [ -103.545173, 45.943036 ], [ -103.778132, 45.943036 ], [ -104.011087, 45.943058 ] ] } },
{ "type": "Feature", "properties": { "FEATURECLA": "Admin-1 boundary", "NAME": null, "ADM0_A3": "USA", "ADM0_NAME": "United States of America", "MAPCOLOR9": 1, "MAPCOLOR13": 1, "SCALERANK": 2, "MIN_ZOOM": 2.0, "FCLASS_ISO": null, "FCLASS_US": null, "FCLASS_FR": null, "FCLASS_RU": null, "FCLASS_ES": null, "FCLASS_CN": null, "FCLASS_TW": null, "FCLASS_IN": null, "FCLASS_NP": null, "FCLASS_PK": null, "FCLASS_DE": null, "FCLASS_GB": null, "FCLASS_BR": null, "FCLASS_IL": null, "FCLASS_PS": null, "FCLASS_SA": null, "FCLASS_EG": null, "FCLASS_MA": null, "FCLASS_PT": null, "FCLASS_AR": null, "FCLASS_JP": null, "FCLASS_KO": null, "FCLASS_VN": null, "FCLASS_TR": null, "FCLASS_ID": null, "FCLASS_PL": null, "FCLASS_GR": null, "FCLASS_IT": null, "FCLASS_NL": null, "FCLASS_SE": null, "FCLASS_BD": null, "FCLASS_UA": null, "NE_ID": 1746714551, "BRK_A3": null, "FCLASS_TLC": null }, "geometry": { "type": "LineString", "coordinates": [ [ -104.021655, 41.000858 ], [ -104.022562, 41.250918 ], [ -104.023441, 41.500978 ], [ -104.024342, 41.751049 ], [ -104.025248, 42.001131 ], [ -104.026149, 42.251223 ], [ -104.027055, 42.501283 ], [ -104.027962, 42.751343 ], [ -104.028862, 43.001403 ] ] } },
{ "type": "Feature", "properties": { "FEATURECLA": "Admin-1 boundary", "NAME": null, "ADM0_A3": "USA", "ADM0_NAME": "United States of America", "MAPCOLOR9": 1, "MAPCOLOR13": 1, "SCALERANK": 2, "MIN_ZOOM": 2.0, "FCLASS_ISO": null, "FCLASS_US": null, "FCLASS_FR": null, "FCLASS_RU": null, "FCLASS_ES": null, "FCLASS_CN": null, "FCLASS_TW": null, "FCLASS_IN": null, "FCLASS_NP": null, "FCLASS_PK": null, "FCLASS_DE": null, "FCLASS_GB": null, "FCLASS_BR": null, "FCLASS_IL": null, "FCLASS_PS": null, "FCLASS_SA": null, "FCLASS_EG": null, "FCLASS_MA": null, "FCLASS_PT": null, "FCLASS_AR": null, "FCLASS_JP": null, "FCLASS_KO": null, "FCLASS_VN": null, "FCLASS_TR": null, "FCLASS_ID": null, "FCLASS_PL": null, "FCLASS_GR": null, "FCLASS_IT": null, "FCLASS_NL": null, "FCLASS_SE": null, "FCLASS_BD": null, "FCLASS_UA": null, "NE_ID": 1746714559, "BRK_A3": null, "FCLASS_TLC": null }, "geometry": { "type": "LineString", "coordinates": [ [ -102.024489, 40.001124 ], [ -102.024544, 40.126083 ], [ -102.024621, 40.251008 ], [ -102.024698, 40.375934 ], [ -102.024747, 40.500892 ], [ -102.024802, 40.625818 ], [ -102.024879, 40.750744 ], [ -102.024956, 40.875691 ], [ -102.025006, 41.000628 ], [ -102.274604, 41.00065 ], [ -102.524175, 41.000704 ], [ -102.773746, 41.000726 ], [ -103.023344, 41.000748 ], [ -103.272915, 41.000781 ], [ -103.522486, 41.000803 ], [ -103.772084, 41.000836 ], [ -104.021655, 41.000858 ] ] } },
{ "type": "Feature", "properties": { "FEATURECLA": "Admin-1 boundary", "NAME": null, "ADM0_A3": "USA", "ADM0_NAME": "United States of America", "MAPCOLOR9": 1, "MAPCOLOR13": 1, "SCALERANK": 2, "MIN_ZOOM": 2.0, "FCLASS_ISO": null, "FCLASS_US": null, "FCLASS_FR": null, "FCLASS_RU": null, "FCLASS_ES": null, "FCLASS_CN": null, "FCLASS_TW": null, "FCLASS_IN": null, "FCLASS_NP": null, "FCLASS_PK": null, "FCLASS_DE": null, "FCLASS_GB": null, "FCLASS_BR": null, "FCLASS_IL": null, "FCLASS_PS": null, "FCLASS_SA": null, "FCLASS_EG": null, "FCLASS_MA": null, "FCLASS_PT": null, "FCLASS_AR": null, "FCLASS_JP": null, "FCLASS_KO": null, "FCLASS_VN": null, "FCLASS_TR": null, "FCLASS_ID": null, "FCLASS_PL": null, "FCLASS_GR": null, "FCLASS_IT": null, "FCLASS_NL": null, "FCLASS_SE": null, "FCLASS_BD": null, "FCLASS_UA": null, "NE_ID": 1746714593, "BRK_A3": null, "FCLASS_TLC": null }, "geometry": { "type": "LineString", "coordinates": [ [ -96.453619, 43.501171 ], [ -96.598622, 43.497501 ], [ -96.581285, 43.434923 ], [ -96.541647, 43.373455 ], [ -96.534956, 43.338057 ], [ -96.542526, 43.309031 ], [ -96.569942, 43.283323 ], [ -96.563454, 43.242685 ], [ -96.55539, 43.231676 ], [ -96.49028, 43.205529 ], [ -96.468137, 43.17023 ], [ -96.461293, 43.129767 ], [ -96.462688, 43.099181 ], [ -96.502112, 43.043294 ], [ -96.513274, 42.969059 ], [ -96.562576, 42.85857 ], [ -96.616084, 42.791388 ], [ -96.626835, 42.757001 ], [ -96.62177, 42.729535 ], [ -96.538702, 42.658585 ], [ -96.53361, 42.630164 ], [ -96.506326, 42.593579 ], [ -96.480953, 42.511259 ] ] } },
{ "type": "Feature", "properties": { "FEATURECLA": "Admin-1 boundary", "NAME": null, "ADM0_A3": "USA", "ADM0_NAME": "United States of America", "MAPCOLOR9": 1, "MAPCOLOR13": 1, "SCALERANK": 2, "MIN_ZOOM": 2.0, "FCLASS_ISO": null, "FCLASS_US": null, "FCLASS_FR": null, "FCLASS_RU": null, "FCLASS_ES": null, "FCLASS_CN": null, "FCLASS_TW": null, "FCLASS_IN": null, "FCLASS_NP": null, "FCLASS_PK": null, "FCLASS_DE": null, "FCLASS_GB": null, "FCLASS_BR": null, "FCLASS_IL": null, "FCLASS_PS": null, "FCLASS_SA": null, "FCLASS_EG": null, "FCLASS_MA": null, "FCLASS_PT": null, "FCLASS_AR": null, "FCLASS_JP": null, "FCLASS_KO": null, "FCLASS_VN": null, "FCLASS_TR": null, "FCLASS_ID": null, "FCLASS_PL": null, "FCLASS_GR": null, "FCLASS_IT": null, "FCLASS_NL": null, "FCLASS_SE": null, "FCLASS_BD": null, "FCLASS_UA": null, "NE_ID": 1746745177, "BRK_A3": null, "FCLASS_TLC": null }, "geometry": { "type": "LineString", "coordinates": [ [ -80.519081, 40.646956 ], [ -80.520278, 40.752655 ], [ -80.520278, 40.857509 ], [ -80.520278, 40.962362 ], [ -80.520278, 41.067183 ], [ -80.520278, 41.172014 ], [ -80.520278, 41.276857 ], [ -80.520278, 41.38171 ], [ -80.520278, 41.486564 ], [ -80.520278, 41.591417 ], [ -80.520278, 41.696238 ], [ -80.520278, 41.801069 ], [ -80.520278, 41.905923 ], [ -80.520278, 42.010766 ], [ -80.520278, 42.115619 ], [ -80.520278, 42.220473 ], [ -80.520762, 42.324392 ] ] } },
{ "type": "Feature", "properties": { "FEATURECLA": "Admin-1 boundary", "NAME": null, "ADM0_A3": "USA", "ADM0_NAME": "United States of America", "MAPCOLOR9": 1, "MAPCOLOR13": 1, "SCALERANK": 2, "MIN_ZOOM": 2.0, "FCLASS_ISO": null, "FCLASS_US": null, "FCLASS_FR": null, "FCLASS_RU": null, "FCLASS_ES": null, "FCLASS_CN": null, "FCLASS_TW": null, "FCLASS_IN": null, "FCLASS_NP": null, "FCLASS_PK": null, "FCLASS_DE": null, "FCLASS_GB": null, "FCLASS_BR": null, "FCLASS_IL": null, "FCLASS_PS": null, "FCLASS_SA": null, "FCLASS_EG": null, "FCLASS_MA": null, "FCLASS_PT": null, "FCLASS_AR": null, "FCLASS_JP": null, "FCLASS_KO": null, "FCLASS_VN": null, "FCLASS_TR": null, "FCLASS_ID": null, "FCLASS_PL": null, "FCLASS_GR": null, "FCLASS_IT": null, "FCLASS_NL": null, "FCLASS_SE": null, "FCLASS_BD": null, "FCLASS_UA": null, "NE_ID": 1746745265, "BRK_A3": null, "FCLASS_TLC": null }, "geometry": { "type": "LineString", "coordinates": [ [ -71.800836, 42.011963 ], [ -71.725821, 42.012864 ], [ -71.623242, 42.014028 ], [ -71.524134, 42.015237 ], [ -71.462534, 42.015962 ], [ -71.387135, 42.016863 ], [ -71.383927, 41.971731 ], [ -71.379071, 41.902407 ], [ -71.33763, 41.891443 ], [ -71.339487, 41.835171 ], [ -71.340728, 41.797916 ], [ -71.304737, 41.774658 ], [ -71.267889, 41.75084 ], [ -71.233765, 41.706554 ] ] } },
{ "type": "Feature", "properties": { "FEATURECLA": "Admin-1 boundary", "NAME": null, "ADM0_A3": "USA", "ADM0_NAME": "United States of America", "MAPCOLOR9": 1, "MAPCOLOR13": 1, "SCALERANK": 2, "MIN_ZOOM": 2.0, "FCLASS_ISO": null, "FCLASS_US": null, "FCLASS_FR": null, "FCLASS_RU": null, "FCLASS_ES": null, "FCLASS_CN": null, "FCLASS_TW": null, "FCLASS_IN": null, "FCLASS_NP": null, "FCLASS_PK": null, "FCLASS_DE": null, "FCLASS_GB": null, "FCLASS_BR": null, "FCLASS_IL": null, "FCLASS_PS": null, "FCLASS_SA": null, "FCLASS_EG": null, "FCLASS_MA": null, "FCLASS_PT": null, "FCLASS_AR": null, "FCLASS_JP": null, "FCLASS_KO": null, "FCLASS_VN": null, "FCLASS_TR": null, "FCLASS_ID": null, "FCLASS_PL": null, "FCLASS_GR": null, "FCLASS_IT": null, "FCLASS_NL": null, "FCLASS_SE": null, "FCLASS_BD": null, "FCLASS_UA": null, "NE_ID": 1746745269, "BRK_A3": null, "FCLASS_TLC": null }, "geometry": { "type": "LineString", "coordinates": [ [ -73.480568, 42.055568 ], [ -73.396468, 42.052887 ], [ -73.312346, 42.050195 ], [ -73.228234, 42.047515 ], [ -73.144134, 42.044823 ], [ -73.060034, 42.042132 ], [ -72.975922, 42.039451 ], [ -72.8918, 42.036759 ], [ -72.8077, 42.034079 ], [ -72.806458, 42.00803 ], [ -72.763326, 42.011238 ], [ -72.757624, 42.034079 ], [ -72.638115, 42.03265 ], [ -72.518638, 42.031233 ], [ -72.39914, 42.029816 ], [ -72.279642, 42.028388 ], [ -72.160133, 42.02697 ], [ -72.040634, 42.025553 ], [ -71.921136, 42.024125 ], [ -71.801638, 42.022708 ], [ -71.800836, 42.011963 ] ] } },
{ "type": "Feature", "properties": { "FEATURECLA": "Admin-1 boundary", "NAME": null, "ADM0_A3": "USA", "ADM0_NAME": "United States of America", "MAPCOLOR9": 1, "MAPCOLOR13": 1, "SCALERANK": 2, "MIN_ZOOM": 2.0, "FCLASS_ISO": null, "FCLASS_US": null, "FCLASS_FR": null, "FCLASS_RU": null, "FCLASS_ES": null, "FCLASS_CN": null, "FCLASS_TW": null, "FCLASS_IN": null, "FCLASS_NP": null, "FCLASS_PK": null, "FCLASS_DE": null, "FCLASS_GB": null, "FCLASS_BR": null, "FCLASS_IL": null, "FCLASS_PS": null, "FCLASS_SA": null, "FCLASS_EG": null, "FCLASS_MA": null, "FCLASS_PT": null, "FCLASS_AR": null, "FCLASS_JP": null, "FCLASS_KO": null, "FCLASS_VN": null, "FCLASS_TR": null, "FCLASS_ID": null, "FCLASS_PL": null, "FCLASS_GR": null, "FCLASS_IT": null, "FCLASS_NL": null, "FCLASS_SE": null, "FCLASS_BD": null, "FCLASS_UA": null, "NE_ID": 1746745275, "BRK_A3": null, "FCLASS_TLC": null }, "geometry": { "type": "LineString", "coordinates": [ [ -71.800836, 42.011963 ], [ -71.800319, 41.95824 ], [ -71.799561, 41.883027 ], [ -71.798968, 41.828502 ], [ -71.798199, 41.753114 ], [ -71.79732, 41.667586 ], [ -71.796518, 41.588858 ], [ -71.795793, 41.519951 ], [ -71.799232, 41.47917 ], [ -71.804527, 41.416746 ], [ -71.829873, 41.392741 ], [ -71.842353, 41.335513 ] ] } },
{ "type": "Feature", "properties": { "FEATURECLA": "Admin-1 boundary", "NAME": null, "ADM0_A3": "USA", "ADM0_NAME": "United States of America", "MAPCOLOR9": 1, "MAPCOLOR13": 1, "SCALERANK": 2, "MIN_ZOOM": 2.0, "FCLASS_ISO": null, "FCLASS_US": null, "FCLASS_FR": null, "FCLASS_RU": null, "FCLASS_ES": null, "FCLASS_CN": null, "FCLASS_TW": null, "FCLASS_IN": null, "FCLASS_NP": null, "FCLASS_PK": null, "FCLASS_DE": null, "FCLASS_GB": null, "FCLASS_BR": null, "FCLASS_IL": null, "FCLASS_PS": null, "FCLASS_SA": null, "FCLASS_EG": null, "FCLASS_MA": null, "FCLASS_PT": null, "FCLASS_AR": null, "FCLASS_JP": null, "FCLASS_KO": null, "FCLASS_VN": null, "FCLASS_TR": null, "FCLASS_ID": null, "FCLASS_PL": null, "FCLASS_GR": null, "FCLASS_IT": null, "FCLASS_NL": null, "FCLASS_SE": null, "FCLASS_BD": null, "FCLASS_UA": null, "NE_ID": 1746745341, "BRK_A3": null, "FCLASS_TLC": null }, "geometry": { "type": "LineString", "coordinates": [ [ -74.699051, 41.357299 ], [ -74.720365, 41.394861 ], [ -74.75662, 41.423909 ], [ -74.935367, 41.474369 ], [ -74.981257, 41.507702 ], [ -75.02273, 41.552866 ], [ -75.051361, 41.608369 ], [ -75.066192, 41.666608 ], [ -75.066906, 41.713212 ], [ -75.053679, 41.765045 ], [ -75.094768, 41.799487 ], [ -75.095537, 41.83171 ], [ -75.121893, 41.853364 ], [ -75.238864, 41.892201 ], [ -75.273977, 41.94666 ], [ -75.351342, 41.998417 ], [ -75.48921, 41.998494 ], [ -75.627055, 41.998571 ], [ -75.764901, 41.998648 ], [ -75.902779, 41.998725 ], [ -76.040647, 41.998801 ], [ -76.178525, 41.998878 ], [ -76.316393, 41.998966 ], [ -76.454238, 41.999043 ], [ -76.592094, 41.99912 ], [ -76.729962, 41.999197 ], [ -76.86784, 41.999274 ], [ -77.005708, 41.999351 ], [ -77.143575, 41.999428 ], [ -77.281432, 41.999505 ], [ -77.419277, 41.999581 ], [ -77.557145, 41.999658 ], [ -77.695023, 41.999735 ], [ -77.832868, 41.999812 ], [ -77.970714, 41.999889 ], [ -78.108581, 41.999966 ], [ -78.24646, 42.000043 ], [ -78.384327, 42.00012 ], [ -78.522206, 42.000197 ], [ -78.660051, 42.000274 ], [ -78.797897, 42.000329 ], [ -78.935775, 42.000438 ], [ -79.073642, 42.000515 ], [ -79.211521, 42.000592 ], [ -79.349388, 42.000669 ], [ -79.487234, 42.000746 ], [ -79.625079, 42.000801 ], [ -79.762958, 42.0009 ], [ -79.76298, 42.135515 ], [ -79.763002, 42.270131 ], [ -79.763035, 42.404746 ], [ -79.762024, 42.538977 ] ] } },
{ "type": "Feature", "properties": { "FEATURECLA": "Admin-1 boundary", "NAME": null, "ADM0_A3": "USA", "ADM0_NAME": "United States of America", "MAPCOLOR9": 1, "MAPCOLOR13": 1, "SCALERANK": 2, "MIN_ZOOM": 2.0, "FCLASS_ISO": null, "FCLASS_US": null, "FCLASS_FR": null, "FCLASS_RU": null, "FCLASS_ES": null, "FCLASS_CN": null, "FCLASS_TW": null, "FCLASS_IN": null, "FCLASS_NP": null, "FCLASS_PK": null, "FCLASS_DE": null, "FCLASS_GB": null, "FCLASS_BR": null, "FCLASS_IL": null, "FCLASS_PS": null, "FCLASS_SA": null, "FCLASS_EG": null, "FCLASS_MA": null, "FCLASS_PT": null, "FCLASS_AR": null, "FCLASS_JP": null, "FCLASS_KO": null, "FCLASS_VN": null, "FCLASS_TR": null, "FCLASS_ID": null, "FCLASS_PL": null, "FCLASS_GR": null, "FCLASS_IT": null, "FCLASS_NL": null, "FCLASS_SE": null, "FCLASS_BD": null, "FCLASS_UA": null, "NE_ID": 1746745347, "BRK_A3": null, "FCLASS_TLC": null }, "geometry": { "type": "LineString", "coordinates": [ [ -73.253327, 42.752222 ], [ -73.285056, 42.668198 ], [ -73.316806, 42.584175 ], [ -73.348568, 42.500141 ], [ -73.380296, 42.416117 ], [ -73.412047, 42.332094 ], [ -73.443808, 42.24807 ], [ -73.475537, 42.164047 ], [ -73.507287, 42.080012 ], [ -73.480568, 42.055568 ] ] } },
{ "type": "Feature", "properties": { "FEATURECLA": "Admin-1 boundary", "NAME": null, "ADM0_A3": "USA", "ADM0_NAME": "United States of America", "MAPCOLOR9": 1, "MAPCOLOR13": 1, "SCALERANK": 2, "MIN_ZOOM": 2.0, "FCLASS_ISO": null, "FCLASS_US": null, "FCLASS_FR": null, "FCLASS_RU": null, "FCLASS_ES": null, "FCLASS_CN": null, "FCLASS_TW": null, "FCLASS_IN": null, "FCLASS_NP": null, "FCLASS_PK": null, "FCLASS_DE": null, "FCLASS_GB": null, "FCLASS_BR": null, "FCLASS_IL": null, "FCLASS_PS": null, "FCLASS_SA": null, "FCLASS_EG": null, "FCLASS_MA": null, "FCLASS_PT": null, "FCLASS_AR": null, "FCLASS_JP": null, "FCLASS_KO": null, "FCLASS_VN": null, "FCLASS_TR": null, "FCLASS_ID": null, "FCLASS_PL": null, "FCLASS_GR": null, "FCLASS_IT": null, "FCLASS_NL": null, "FCLASS_SE": null, "FCLASS_BD": null, "FCLASS_UA": null, "NE_ID": 1746745351, "BRK_A3": null, "FCLASS_TLC": null }, "geometry": { "type": "LineString", "coordinates": [ [ -73.480568, 42.055568 ], [ -73.48861, 41.960613 ], [ -73.496619, 41.865658 ], [ -73.504629, 41.770703 ], [ -73.512638, 41.675748 ], [ -73.520647, 41.580794 ], [ -73.528689, 41.485839 ], [ -73.53672, 41.390906 ], [ -73.544729, 41.295951 ], [ -73.51445, 41.257455 ], [ -73.484139, 41.218959 ], [ -73.521756, 41.200919 ], [ -73.579797, 41.173146 ], [ -73.641881, 41.143406 ], [ -73.723015, 41.104514 ], [ -73.682113, 41.054702 ], [ -73.630466, 40.99186 ] ] } },
{ "type": "Feature", "properties": { "FEATURECLA": "Admin-1 boundary", "NAME": null, "ADM0_A3": "USA", "ADM0_NAME": "United States of America", "MAPCOLOR9": 1, "MAPCOLOR13": 1, "SCALERANK": 2, "MIN_ZOOM": 2.0, "FCLASS_ISO": null, "FCLASS_US": null, "FCLASS_FR": null, "FCLASS_RU": null, "FCLASS_ES": null, "FCLASS_CN": null, "FCLASS_TW": null, "FCLASS_IN": null, "FCLASS_NP": null, "FCLASS_PK": null, "FCLASS_DE": null, "FCLASS_GB": null, "FCLASS_BR": null, "FCLASS_IL": null, "FCLASS_PS": null, "FCLASS_SA": null, "FCLASS_EG": null, "FCLASS_MA": null, "FCLASS_PT": null, "FCLASS_AR": null, "FCLASS_JP": null, "FCLASS_KO": null, "FCLASS_VN": null, "FCLASS_TR": null, "FCLASS_ID": null, "FCLASS_PL": null, "FCLASS_GR": null, "FCLASS_IT": null, "FCLASS_NL": null, "FCLASS_SE": null, "FCLASS_BD": null, "FCLASS_UA": null, "NE_ID": 1746745355, "BRK_A3": null, "FCLASS_TLC": null }, "geometry": { "type": "LineString", "coordinates": [ [ -74.699051, 41.357299 ], [ -74.600064, 41.311585 ], [ -74.501056, 41.265903 ], [ -74.402047, 41.220222 ], [ -74.30306, 41.174541 ], [ -74.204073, 41.12886 ], [ -74.105053, 41.083179 ], [ -74.006045, 41.037498 ], [ -73.910079, 40.992256 ] ] } },
{ "type": "Feature", "properties": { "FEATURECLA": "Admin-1 boundary", "NAME": null, "ADM0_A3": "USA", "ADM0_NAME": "United States of America", "MAPCOLOR9": 1, "MAPCOLOR13": 1, "SCALERANK": 2, "MIN_ZOOM": 2.0, "FCLASS_ISO": null, "FCLASS_US": null, "FCLASS_FR": null, "FCLASS_RU": null, "FCLASS_ES": null, "FCLASS_CN": null, "FCLASS_TW": null, "FCLASS_IN": null, "FCLASS_NP": null, "FCLASS_PK": null, "FCLASS_DE": null, "FCLASS_GB": null, "FCLASS_BR": null, "FCLASS_IL": null, "FCLASS_PS": null, "FCLASS_SA": null, "FCLASS_EG": null, "FCLASS_MA": null, "FCLASS_PT": null, "FCLASS_AR": null, "FCLASS_JP": null, "FCLASS_KO": null, "FCLASS_VN": null, "FCLASS_TR": null, "FCLASS_ID": null, "FCLASS_PL": null, "FCLASS_GR": null, "FCLASS_IT": null, "FCLASS_NL": null, "FCLASS_SE": null, "FCLASS_BD": null, "FCLASS_UA": null, "NE_ID": 1746745359, "BRK_A3": null, "FCLASS_TLC": null }, "geometry": { "type": "LineString", "coordinates": [ [ -72.46686, 42.730315 ], [ -72.565177, 42.733051 ], [ -72.663493, 42.735786 ], [ -72.761777, 42.738533 ], [ -72.860094, 42.741268 ], [ -72.95841, 42.744004 ], [ -73.056694, 42.74674 ], [ -73.155011, 42.749486 ], [ -73.253327, 42.752222 ] ] } },
{ "type": "Feature", "properties": { "FEATURECLA": "Admin-1 boundary", "NAME": null, "ADM0_A3": "USA", "ADM0_NAME": "United States of America", "MAPCOLOR9": 1, "MAPCOLOR13": 1, "SCALERANK": 2, "MIN_ZOOM": 2.0, "FCLASS_ISO": null, "FCLASS_US": null, "FCLASS_FR": null, "FCLASS_RU": null, "FCLASS_ES": null, "FCLASS_CN": null, "FCLASS_TW": null, "FCLASS_IN": null, "FCLASS_NP": null, "FCLASS_PK": null, "FCLASS_DE": null, "FCLASS_GB": null, "FCLASS_BR": null, "FCLASS_IL": null, "FCLASS_PS": null, "FCLASS_SA": null, "FCLASS_EG": null, "FCLASS_MA": null, "FCLASS_PT": null, "FCLASS_AR": null, "FCLASS_JP": null, "FCLASS_KO": null, "FCLASS_VN": null, "FCLASS_TR": null, "FCLASS_ID": null, "FCLASS_PL": null, "FCLASS_GR": null, "FCLASS_IT": null, "FCLASS_NL": null, "FCLASS_SE": null, "FCLASS_BD": null, "FCLASS_UA": null, "NE_ID": 1746745363, "BRK_A3": null, "FCLASS_TLC": null }, "geometry": { "type": "LineString", "coordinates": [ [ -73.253327, 42.752222 ], [ -73.2802, 42.813152 ], [ -73.266555, 42.864777 ], [ -73.264544, 42.93521 ], [ -73.26193, 43.027067 ], [ -73.259084, 43.127855 ], [ -73.255239, 43.265371 ], [ -73.252657, 43.357195 ], [ -73.250328, 43.439669 ], [ -73.247098, 43.553048 ], [ -73.30616, 43.616253 ], [ -73.330484, 43.62669 ], [ -73.349238, 43.620384 ], [ -73.391436, 43.578526 ], [ -73.40495, 43.578811 ], [ -73.415925, 43.589644 ], [ -73.413365, 43.627854 ], [ -73.375847, 43.762184 ], [ -73.374968, 43.804152 ], [ -73.38301, 43.875827 ], [ -73.424945, 44.038292 ], [ -73.426131, 44.074855 ], [ -73.409751, 44.131413 ], [ -73.38112, 44.187432 ], [ -73.331825, 44.244583 ], [ -73.320915, 44.268874 ], [ -73.324639, 44.36786 ], [ -73.309753, 44.45964 ], [ -73.372078, 44.597332 ], [ -73.348568, 44.775299 ], [ -73.365805, 44.860366 ], [ -73.345052, 44.938864 ], [ -73.352182, 45.005419 ] ] } },
{ "type": "Feature", "properties": { "FEATURECLA": "Admin-1 boundary", "NAME": null, "ADM0_A3": "USA", "ADM0_NAME": "United States of America", "MAPCOLOR9": 1, "MAPCOLOR13": 1, "SCALERANK": 2, "MIN_ZOOM": 2.0, "FCLASS_ISO": null, "FCLASS_US": null, "FCLASS_FR": null, "FCLASS_RU": null, "FCLASS_ES": null, "FCLASS_CN": null, "FCLASS_TW": null, "FCLASS_IN": null, "FCLASS_NP": null, "FCLASS_PK": null, "FCLASS_DE": null, "FCLASS_GB": null, "FCLASS_BR": null, "FCLASS_IL": null, "FCLASS_PS": null, "FCLASS_SA": null, "FCLASS_EG": null, "FCLASS_MA": null, "FCLASS_PT": null, "FCLASS_AR": null, "FCLASS_JP": null, "FCLASS_KO": null, "FCLASS_VN": null, "FCLASS_TR": null, "FCLASS_ID": null, "FCLASS_PL": null, "FCLASS_GR": null, "FCLASS_IT": null, "FCLASS_NL": null, "FCLASS_SE": null, "FCLASS_BD": null, "FCLASS_UA": null, "NE_ID": 1746745367, "BRK_A3": null, "FCLASS_TLC": null }, "geometry": { "type": "LineString", "coordinates": [ [ -70.806112, 42.876763 ], [ -70.923489, 42.881564 ], [ -70.974082, 42.871676 ], [ -71.076177, 42.825083 ], [ -71.139294, 42.808131 ], [ -71.242335, 42.729535 ], [ -71.329621, 42.702487 ], [ -71.471784, 42.705969 ], [ -71.613947, 42.70943 ], [ -71.75611, 42.712924 ], [ -71.898241, 42.716406 ], [ -72.040382, 42.719878 ], [ -72.182545, 42.723361 ], [ -72.324697, 42.726854 ], [ -72.46686, 42.730315 ] ] } },
{ "type": "Feature", "properties": { "FEATURECLA": "Admin-1 boundary", "NAME": null, "ADM0_A3": "USA", "ADM0_NAME": "United States of America", "MAPCOLOR9": 1, "MAPCOLOR13": 1, "SCALERANK": 2, "MIN_ZOOM": 2.0, "FCLASS_ISO": null, "FCLASS_US": null, "FCLASS_FR": null, "FCLASS_RU": null, "FCLASS_ES": null, "FCLASS_CN": null, "FCLASS_TW": null, "FCLASS_IN": null, "FCLASS_NP": null, "FCLASS_PK": null, "FCLASS_DE": null, "FCLASS_GB": null, "FCLASS_BR": null, "FCLASS_IL": null, "FCLASS_PS": null, "FCLASS_SA": null, "FCLASS_EG": null, "FCLASS_MA": null, "FCLASS_PT": null, "FCLASS_AR": null, "FCLASS_JP": null, "FCLASS_KO": null, "FCLASS_VN": null, "FCLASS_TR": null, "FCLASS_ID": null, "FCLASS_PL": null, "FCLASS_GR": null, "FCLASS_IT": null, "FCLASS_NL": null, "FCLASS_SE": null, "FCLASS_BD": null, "FCLASS_UA": null, "NE_ID": 1746745379, "BRK_A3": null, "FCLASS_TLC": null }, "geometry": { "type": "LineString", "coordinates": [ [ -70.733096, 43.070034 ], [ -70.812835, 43.163649 ], [ -70.829029, 43.23907 ], [ -70.919699, 43.328103 ], [ -70.955635, 43.389396 ], [ -70.967545, 43.458148 ], [ -70.962436, 43.532152 ], [ -70.970104, 43.643026 ], [ -70.977751, 43.753867 ], [ -70.985408, 43.864708 ], [ -70.993077, 43.975561 ], [ -71.000756, 44.086402 ], [ -71.008403, 44.197254 ], [ -71.016049, 44.308095 ], [ -71.023718, 44.418947 ], [ -71.031397, 44.529788 ], [ -71.039044, 44.64064 ], [ -71.04669, 44.751481 ], [ -71.05437, 44.862322 ], [ -71.062038, 44.973174 ], [ -71.069685, 45.084015 ], [ -71.077331, 45.194867 ], [ -71.084549, 45.294008 ] ] } },
{ "type": "Feature", "properties": { "FEATURECLA": "Admin-1 boundary", "NAME": null, "ADM0_A3": "USA", "ADM0_NAME": "United States of America", "MAPCOLOR9": 1, "MAPCOLOR13": 1, "SCALERANK": 2, "MIN_ZOOM": 2.0, "FCLASS_ISO": null, "FCLASS_US": null, "FCLASS_FR": null, "FCLASS_RU": null, "FCLASS_ES": null, "FCLASS_CN": null, "FCLASS_TW": null, "FCLASS_IN": null, "FCLASS_NP": null, "FCLASS_PK": null, "FCLASS_DE": null, "FCLASS_GB": null, "FCLASS_BR": null, "FCLASS_IL": null, "FCLASS_PS": null, "FCLASS_SA": null, "FCLASS_EG": null, "FCLASS_MA": null, "FCLASS_PT": null, "FCLASS_AR": null, "FCLASS_JP": null, "FCLASS_KO": null, "FCLASS_VN": null, "FCLASS_TR": null, "FCLASS_ID": null, "FCLASS_PL": null, "FCLASS_GR": null, "FCLASS_IT": null, "FCLASS_NL": null, "FCLASS_SE": null, "FCLASS_BD": null, "FCLASS_UA": null, "NE_ID": 1746745387, "BRK_A3": null, "FCLASS_TLC": null }, "geometry": { "type": "LineString", "coordinates": [ [ -96.453619, 43.501171 ], [ -96.453619, 43.725698 ], [ -96.453619, 43.950215 ], [ -96.453619, 44.174721 ], [ -96.453641, 44.399259 ], [ -96.453668, 44.623787 ], [ -96.453668, 44.848292 ], [ -96.453668, 45.072809 ], [ -96.453668, 45.297337 ], [ -96.529759, 45.371549 ], [ -96.696109, 45.431776 ], [ -96.737527, 45.467845 ], [ -96.81491, 45.557427 ], [ -96.845452, 45.595868 ], [ -96.85106, 45.626004 ], [ -96.813619, 45.659182 ], [ -96.662672, 45.755653 ], [ -96.614689, 45.799972 ], [ -96.591052, 45.843269 ], [ -96.556401, 45.942773 ] ] } },
{ "type": "Feature", "properties": { "FEATURECLA": "Admin-1 boundary", "NAME": null, "ADM0_A3": "USA", "ADM0_NAME": "United States of America", "MAPCOLOR9": 1, "MAPCOLOR13": 1, "SCALERANK": 2, "MIN_ZOOM": 2.0, "FCLASS_ISO": null, "FCLASS_US": null, "FCLASS_FR": null, "FCLASS_RU": null, "FCLASS_ES": null, "FCLASS_CN": null, "FCLASS_TW": null, "FCLASS_IN": null, "FCLASS_NP": null, "FCLASS_PK": null, "FCLASS_DE": null, "FCLASS_GB": null, "FCLASS_BR": null, "FCLASS_IL": null, "FCLASS_PS": null, "FCLASS_SA": null, "FCLASS_EG": null, "FCLASS_MA": null, "FCLASS_PT": null, "FCLASS_AR": null, "FCLASS_JP": null, "FCLASS_KO": null, "FCLASS_VN": null, "FCLASS_TR": null, "FCLASS_ID": null, "FCLASS_PL": null, "FCLASS_GR": null, "FCLASS_IT": null, "FCLASS_NL": null, "FCLASS_SE": null, "FCLASS_BD": null, "FCLASS_UA": null, "NE_ID": 1746745391, "BRK_A3": null, "FCLASS_TLC": null }, "geometry": { "type": "LineString", "coordinates": [ [ -91.245253, 43.502412 ], [ -91.575414, 43.50194 ], [ -91.900609, 43.501896 ], [ -92.225838, 43.501841 ], [ -92.551066, 43.501786 ], [ -92.876261, 43.501742 ], [ -93.20149, 43.501687 ], [ -93.526712, 43.501632 ], [ -93.851913, 43.501577 ], [ -94.177114, 43.501533 ], [ -94.502342, 43.501478 ], [ -94.827565, 43.501424 ], [ -95.152766, 43.50138 ], [ -95.477967, 43.501325 ], [ -95.80319, 43.50127 ], [ -96.128418, 43.501226 ], [ -96.453619, 43.501171 ] ] } },
{ "type": "Feature", "properties": { "FEATURECLA": "Admin-1 boundary", "NAME": null, "ADM0_A3": "USA", "ADM0_NAME": "United States of America", "MAPCOLOR9": 1, "MAPCOLOR13": 1, "SCALERANK": 2, "MIN_ZOOM": 2.0, "FCLASS_ISO": null, "FCLASS_US": null, "FCLASS_FR": null, "FCLASS_RU": null, "FCLASS_ES": null, "FCLASS_CN": null, "FCLASS_TW": null, "FCLASS_IN": null, "FCLASS_NP": null, "FCLASS_PK": null, "FCLASS_DE": null, "FCLASS_GB": null, "FCLASS_BR": null, "FCLASS_IL": null, "FCLASS_PS": null, "FCLASS_SA": null, "FCLASS_EG": null, "FCLASS_MA": null, "FCLASS_PT": null, "FCLASS_AR": null, "FCLASS_JP": null, "FCLASS_KO": null, "FCLASS_VN": null, "FCLASS_TR": null, "FCLASS_ID": null, "FCLASS_PL": null, "FCLASS_GR": null, "FCLASS_IT": null, "FCLASS_NL": null, "FCLASS_SE": null, "FCLASS_BD": null, "FCLASS_UA": null, "NE_ID": 1746745395, "BRK_A3": null, "FCLASS_TLC": null }, "geometry": { "type": "LineString", "coordinates": [ [ -84.796113, 41.701434 ], [ -84.463129, 41.710938 ], [ -84.130155, 41.720452 ], [ -83.797181, 41.729955 ], [ -83.464197, 41.739447 ], [ -83.30395, 41.837808 ], [ -83.121665, 41.95 ] ] } },
{ "type": "Feature", "properties": { "FEATURECLA": "Admin-1 boundary", "NAME": null, "ADM0_A3": "USA", "ADM0_NAME": "United States of America", "MAPCOLOR9": 1, "MAPCOLOR13": 1, "SCALERANK": 2, "MIN_ZOOM": 2.0, "FCLASS_ISO": null, "FCLASS_US": null, "FCLASS_FR": null, "FCLASS_RU": null, "FCLASS_ES": null, "FCLASS_CN": null, "FCLASS_TW": null, "FCLASS_IN": null, "FCLASS_NP": null, "FCLASS_PK": null, "FCLASS_DE": null, "FCLASS_GB": null, "FCLASS_BR": null, "FCLASS_IL": null, "FCLASS_PS": null, "FCLASS_SA": null, "FCLASS_EG": null, "FCLASS_MA": null, "FCLASS_PT": null, "FCLASS_AR": null, "FCLASS_JP": null, "FCLASS_KO": null, "FCLASS_VN": null, "FCLASS_TR": null, "FCLASS_ID": null, "FCLASS_PL": null, "FCLASS_GR": null, "FCLASS_IT": null, "FCLASS_NL": null, "FCLASS_SE": null, "FCLASS_BD": null, "FCLASS_UA": null, "NE_ID": 1746745397, "BRK_A3": null, "FCLASS_TLC": null }, "geometry": { "type": "LineString", "coordinates": [ [ -89.957677, 47.287137 ], [ -89.842958, 47.464489 ], [ -89.728239, 47.641797 ], [ -89.61352, 47.81915 ], [ -89.498383, 47.997897 ] ] } },
{ "type": "Feature", "properties": { "FEATURECLA": "Admin-1 boundary", "NAME": null, "ADM0_A3": "USA", "ADM0_NAME": "United States of America", "MAPCOLOR9": 1, "MAPCOLOR13": 1, "SCALERANK": 2, "MIN_ZOOM": 2.0, "FCLASS_ISO": null, "FCLASS_US": null, "FCLASS_FR": null, "FCLASS_RU": null, "FCLASS_ES": null, "FCLASS_CN": null, "FCLASS_TW": null, "FCLASS_IN": null, "FCLASS_NP": null, "FCLASS_PK": null, "FCLASS_DE": null, "FCLASS_GB": null, "FCLASS_BR": null, "FCLASS_IL": null, "FCLASS_PS": null, "FCLASS_SA": null, "FCLASS_EG": null, "FCLASS_MA": null, "FCLASS_PT": null, "FCLASS_AR": null, "FCLASS_JP": null, "FCLASS_KO": null, "FCLASS_VN": null, "FCLASS_TR": null, "FCLASS_ID": null, "FCLASS_PL": null, "FCLASS_GR": null, "FCLASS_IT": null, "FCLASS_NL": null, "FCLASS_SE": null, "FCLASS_BD": null, "FCLASS_UA": null, "NE_ID": 1746745419, "BRK_A3": null, "FCLASS_TLC": null }, "geometry": { "type": "LineString", "coordinates": [ [ -87.221257, 41.760728 ], [ -87.17573, 41.943749 ], [ -87.130203, 42.126781 ], [ -87.084675, 42.309791 ], [ -87.039126, 42.492802 ] ] } },
{ "type": "Feature", "properties": { "FEATURECLA": "Admin-1 boundary", "NAME": null, "ADM0_A3": "USA", "ADM0_NAME": "United States of America", "MAPCOLOR9": 1, "MAPCOLOR13": 1, "SCALERANK": 2, "MIN_ZOOM": 2.0, "FCLASS_ISO": null, "FCLASS_US": null, "FCLASS_FR": null, "FCLASS_RU": null, "FCLASS_ES": null, "FCLASS_CN": null, "FCLASS_TW": null, "FCLASS_IN": null, "FCLASS_NP": null, "FCLASS_PK": null, "FCLASS_DE": null, "FCLASS_GB": null, "FCLASS_BR": null, "FCLASS_IL": null, "FCLASS_PS": null, "FCLASS_SA": null, "FCLASS_EG": null, "FCLASS_MA": null, "FCLASS_PT": null, "FCLASS_AR": null, "FCLASS_JP": null, "FCLASS_KO": null, "FCLASS_VN": null, "FCLASS_TR": null, "FCLASS_ID": null, "FCLASS_PL": null, "FCLASS_GR": null, "FCLASS_IT": null, "FCLASS_NL": null, "FCLASS_SE": null, "FCLASS_BD": null, "FCLASS_UA": null, "NE_ID": 1746745427, "BRK_A3": null, "FCLASS_TLC": null }, "geometry": { "type": "LineString", "coordinates": [ [ -90.650585, 42.512984 ], [ -90.191049, 42.510303 ], [ -89.740796, 42.507798 ], [ -89.290521, 42.505315 ], [ -88.840236, 42.50281 ], [ -88.38995, 42.500305 ], [ -87.939664, 42.497822 ], [ -87.489412, 42.495318 ], [ -87.039126, 42.492802 ] ] } },
{ "type": "Feature", "properties": { "FEATURECLA": "Admin-1 boundary", "NAME": null, "ADM0_A3": "USA", "ADM0_NAME": "United States of America", "MAPCOLOR9": 1, "MAPCOLOR13": 1, "SCALERANK": 2, "MIN_ZOOM": 2.0, "FCLASS_ISO": null, "FCLASS_US": null, "FCLASS_FR": null, "FCLASS_RU": null, "FCLASS_ES": null, "FCLASS_CN": null, "FCLASS_TW": null, "FCLASS_IN": null, "FCLASS_NP": null, "FCLASS_PK": null, "FCLASS_DE": null, "FCLASS_GB": null, "FCLASS_BR": null, "FCLASS_IL": null, "FCLASS_PS": null, "FCLASS_SA": null, "FCLASS_EG": null, "FCLASS_MA": null, "FCLASS_PT": null, "FCLASS_AR": null, "FCLASS_JP": null, "FCLASS_KO": null, "FCLASS_VN": null, "FCLASS_TR": null, "FCLASS_ID": null, "FCLASS_PL": null, "FCLASS_GR": null, "FCLASS_IT": null, "FCLASS_NL": null, "FCLASS_SE": null, "FCLASS_BD": null, "FCLASS_UA": null, "NE_ID": 1746745431, "BRK_A3": null, "FCLASS_TLC": null }, "geometry": { "type": "LineString", "coordinates": [ [ -84.821711, 39.091984 ], [ -84.82014, 39.423826 ], [ -84.816702, 39.749197 ], [ -84.813263, 40.074557 ], [ -84.809835, 40.399939 ], [ -84.806397, 40.725321 ], [ -84.802958, 41.05067 ], [ -84.799552, 41.376052 ], [ -84.796113, 41.701434 ] ] } },
{ "type": "Feature", "properties": { "FEATURECLA": "Admin-1 boundary", "NAME": null, "ADM0_A3": "USA", "ADM0_NAME": "United States of America", "MAPCOLOR9": 1, "MAPCOLOR13": 1, "SCALERANK": 2, "MIN_ZOOM": 2.0, "FCLASS_ISO": null, "FCLASS_US": null, "FCLASS_FR": null, "FCLASS_RU": null, "FCLASS_ES": null, "FCLASS_CN": null, "FCLASS_TW": null, "FCLASS_IN": null, "FCLASS_NP": null, "FCLASS_PK": null, "FCLASS_DE": null, "FCLASS_GB": null, "FCLASS_BR": null, "FCLASS_IL": null, "FCLASS_PS": null, "FCLASS_SA": null, "FCLASS_EG": null, "FCLASS_MA": null, "FCLASS_PT": null, "FCLASS_AR": null, "FCLASS_JP": null, "FCLASS_KO": null, "FCLASS_VN": null, "FCLASS_TR": null, "FCLASS_ID": null, "FCLASS_PL": null, "FCLASS_GR": null, "FCLASS_IT": null, "FCLASS_NL": null, "FCLASS_SE": null, "FCLASS_BD": null, "FCLASS_UA": null, "NE_ID": 1746745447, "BRK_A3": null, "FCLASS_TLC": null }, "geometry": { "type": "LineString", "coordinates": [ [ -87.221257, 41.760728 ], [ -86.918156, 41.760607 ], [ -86.615043, 41.760497 ], [ -86.31193, 41.760376 ], [ -86.008828, 41.760244 ], [ -85.705715, 41.760112 ], [ -85.402614, 41.759981 ], [ -85.099501, 41.75986 ], [ -84.796399, 41.759728 ], [ -84.796113, 41.701434 ] ] } },
{ "type": "Feature", "properties": { "FEATURECLA": "Admin-1 boundary", "NAME": null, "ADM0_A3": "USA", "ADM0_NAME": "United States of America", "MAPCOLOR9": 1, "MAPCOLOR13": 1, "SCALERANK": 2, "MIN_ZOOM": 2.0, "FCLASS_ISO": null, "FCLASS_US": null, "FCLASS_FR": null, "FCLASS_RU": null, "FCLASS_ES": null, "FCLASS_CN": null, "FCLASS_TW": null, "FCLASS_IN": null, "FCLASS_NP": null, "FCLASS_PK": null, "FCLASS_DE": null, "FCLASS_GB": null, "FCLASS_BR": null, "FCLASS_IL": null, "FCLASS_PS": null, "FCLASS_SA": null, "FCLASS_EG": null, "FCLASS_MA": null, "FCLASS_PT": null, "FCLASS_AR": null, "FCLASS_JP": null, "FCLASS_KO": null, "FCLASS_VN": null, "FCLASS_TR": null, "FCLASS_ID": null, "FCLASS_PL": null, "FCLASS_GR": null, "FCLASS_IT": null, "FCLASS_NL": null, "FCLASS_SE": null, "FCLASS_BD": null, "FCLASS_UA": null, "NE_ID": 1746745089, "BRK_A3": null, "FCLASS_TLC": null }, "geometry": { "type": "LineString", "coordinates": [ [ -87.039126, 42.492802 ], [ -87.079358, 42.782149 ], [ -87.113855, 43.03055 ], [ -87.15501, 43.326763 ], [ -87.145188, 43.571264 ], [ -87.141727, 43.657803 ], [ -87.083203, 43.890142 ], [ -87.03249, 44.091466 ], [ -86.918749, 44.361587 ], [ -86.822113, 44.591125 ], [ -86.7147, 44.846205 ], [ -86.535952, 45.041487 ], [ -86.401469, 45.133366 ], [ -86.264524, 45.226903 ], [ -86.481823, 45.323001 ], [ -86.77429, 45.452365 ], [ -86.942337, 45.452365 ], [ -87.115272, 45.452365 ], [ -87.244384, 45.289789 ], [ -87.419802, 45.183859 ], [ -87.45954, 45.067997 ], [ -87.653613, 45.121797 ], [ -87.694208, 45.161073 ], [ -87.71885, 45.201272 ], [ -87.720916, 45.242768 ], [ -87.66271, 45.345193 ], [ -87.657568, 45.361804 ], [ -87.664226, 45.371286 ], [ -87.696394, 45.382832 ], [ -87.768563, 45.364364 ], [ -87.84182, 45.360794 ], [ -87.86543, 45.367825 ], [ -87.874911, 45.385392 ], [ -87.874032, 45.412814 ], [ -87.859135, 45.445498 ], [ -87.815178, 45.505824 ], [ -87.814662, 45.563239 ], [ -87.794557, 45.596033 ], [ -87.814091, 45.657029 ], [ -87.809081, 45.686044 ], [ -87.839832, 45.717981 ], [ -87.922537, 45.759971 ], [ -88.116116, 45.815804 ], [ -88.096483, 45.878415 ], [ -88.104415, 45.905155 ], [ -88.151745, 45.945409 ], [ -88.35475, 45.992288 ], [ -88.492991, 46.013524 ], [ -88.62954, 46.014041 ], [ -88.727241, 46.031114 ], [ -88.837335, 46.036618 ], [ -88.907824, 46.064765 ], [ -88.978312, 46.092901 ], [ -89.0488, 46.121059 ], [ -89.119289, 46.149195 ], [ -89.244181, 46.173255 ], [ -89.369085, 46.197337 ], [ -89.493988, 46.221364 ], [ -89.618925, 46.245446 ], [ -89.743839, 46.269473 ], [ -89.868754, 46.293555 ], [ -89.993646, 46.317582 ], [ -90.11855, 46.341664 ], [ -90.14651, 46.383676 ], [ -90.174459, 46.425721 ], [ -90.20242, 46.467754 ], [ -90.23038, 46.509766 ], [ -90.28786, 46.527388 ], [ -90.318227, 46.536639 ], [ -90.34088, 46.558446 ], [ -90.39234, 46.548965 ], [ -90.412588, 46.585275 ], [ -90.355712, 46.673012 ], [ -90.298847, 46.760716 ], [ -90.242003, 46.848463 ], [ -90.185138, 46.9362 ], [ -90.128273, 47.023948 ], [ -90.07143, 47.111674 ], [ -90.014553, 47.199389 ], [ -89.957677, 47.287137 ] ] } },
{ "type": "Feature", "properties": { "FEATURECLA": "Admin-1 boundary", "NAME": null, "ADM0_A3": "USA", "ADM0_NAME": "United States of America", "MAPCOLOR9": 1, "MAPCOLOR13": 1, "SCALERANK": 2, "MIN_ZOOM": 2.0, "FCLASS_ISO": null, "FCLASS_US": null, "FCLASS_FR": null, "FCLASS_RU": null, "FCLASS_ES": null, "FCLASS_CN": null, "FCLASS_TW": null, "FCLASS_IN": null, "FCLASS_NP": null, "FCLASS_PK": null, "FCLASS_DE": null, "FCLASS_GB": null, "FCLASS_BR": null, "FCLASS_IL": null, "FCLASS_PS": null, "FCLASS_SA": null, "FCLASS_EG": null, "FCLASS_MA": null, "FCLASS_PT": null, "FCLASS_AR": null, "FCLASS_JP": null, "FCLASS_KO": null, "FCLASS_VN": null, "FCLASS_TR": null, "FCLASS_ID": null, "FCLASS_PL": null, "FCLASS_GR": null, "FCLASS_IT": null, "FCLASS_NL": null, "FCLASS_SE": null, "FCLASS_BD": null, "FCLASS_UA": null, "NE_ID": 1746745121, "BRK_A3": null, "FCLASS_TLC": null }, "geometry": { "type": "LineString", "coordinates": [ [ -114.610543, 34.991117 ], [ -114.88218, 35.202812 ], [ -115.136096, 35.400962 ], [ -115.390006, 35.599122 ], [ -115.643917, 35.797294 ], [ -115.897827, 35.995476 ], [ -116.151743, 36.193625 ], [ -116.405681, 36.391786 ], [ -116.659592, 36.589968 ], [ -116.842915, 36.727759 ], [ -117.02626, 36.865549 ], [ -117.209611, 37.003373 ], [ -117.392935, 37.141174 ], [ -117.576253, 37.278965 ], [ -117.759603, 37.416788 ], [ -117.942949, 37.554579 ], [ -118.126272, 37.69238 ], [ -118.360495, 37.855857 ], [ -118.594718, 38.019333 ], [ -118.828941, 38.182843 ], [ -119.063164, 38.34632 ], [ -119.297387, 38.509796 ], [ -119.531616, 38.673295 ], [ -119.765839, 38.836782 ], [ -120.000062, 39.000259 ], [ -120.000084, 39.187784 ], [ -120.000139, 39.375299 ], [ -120.000188, 39.562803 ], [ -120.000243, 39.750339 ], [ -120.000293, 39.937876 ], [ -120.000342, 40.12538 ], [ -120.000397, 40.312883 ], [ -120.000446, 40.50042 ], [ -120.000501, 40.687957 ], [ -120.000551, 40.87546 ], [ -120.0006, 41.062975 ], [ -120.000628, 41.250501 ], [ -120.000655, 41.438015 ], [ -120.000704, 41.625519 ], [ -120.000759, 41.813056 ], [ -120.000809, 42.000559 ] ] } },
{ "type": "Feature", "properties": { "FEATURECLA": "Admin-1 boundary", "NAME": null, "ADM0_A3": "CAN", "ADM0_NAME": "Canada", "MAPCOLOR9": 2, "MAPCOLOR13": 2, "SCALERANK": 2, "MIN_ZOOM": 2.0, "FCLASS_ISO": null, "FCLASS_US": null, "FCLASS_FR": null, "FCLASS_RU": null, "FCLASS_ES": null, "FCLASS_CN": null, "FCLASS_TW": null, "FCLASS_IN": null, "FCLASS_NP": null, "FCLASS_PK": null, "FCLASS_DE": null, "FCLASS_GB": null, "FCLASS_BR": null, "FCLASS_IL": null, "FCLASS_PS": null, "FCLASS_SA": null, "FCLASS_EG": null, "FCLASS_MA": null, "FCLASS_PT": null, "FCLASS_AR": null, "FCLASS_JP": null, "FCLASS_KO": null, "FCLASS_VN": null, "FCLASS_TR": null, "FCLASS_ID": null, "FCLASS_PL": null, "FCLASS_GR": null, "FCLASS_IT": null, "FCLASS_NL": null, "FCLASS_SE": null, "FCLASS_BD": null, "FCLASS_UA": null, "NE_ID": 1746729547, "BRK_A3": null, "FCLASS_TLC": null }, "geometry": { "type": "LineString", "coordinates": [ [ -67.612891, 47.998567 ], [ -67.739322, 47.998567 ], [ -67.913444, 47.998567 ], [ -68.023417, 47.998567 ], [ -68.113516, 47.998567 ], [ -68.113516, 47.929375 ], [ -68.252493, 47.929375 ], [ -68.377913, 47.929375 ], [ -68.378254, 47.83842 ], [ -68.378528, 47.765152 ], [ -68.378814, 47.691873 ], [ -68.37921, 47.588986 ] ] } },
{ "type": "Feature", "properties": { "FEATURECLA": "Admin-1 boundary", "NAME": null, "ADM0_A3": "CAN", "ADM0_NAME": "Canada", "MAPCOLOR9": 2, "MAPCOLOR13": 2, "SCALERANK": 2, "MIN_ZOOM": 2.0, "FCLASS_ISO": null, "FCLASS_US": null, "FCLASS_FR": null, "FCLASS_RU": null, "FCLASS_ES": null, "FCLASS_CN": null, "FCLASS_TW": null, "FCLASS_IN": null, "FCLASS_NP": null, "FCLASS_PK": null, "FCLASS_DE": null, "FCLASS_GB": null, "FCLASS_BR": null, "FCLASS_IL": null, "FCLASS_PS": null, "FCLASS_SA": null, "FCLASS_EG": null, "FCLASS_MA": null, "FCLASS_PT": null, "FCLASS_AR": null, "FCLASS_JP": null, "FCLASS_KO": null, "FCLASS_VN": null, "FCLASS_TR": null, "FCLASS_ID": null, "FCLASS_PL": null, "FCLASS_GR": null, "FCLASS_IT": null, "FCLASS_NL": null, "FCLASS_SE": null, "FCLASS_BD": null, "FCLASS_UA": null, "NE_ID": 1746729553, "BRK_A3": null, "FCLASS_TLC": null }, "geometry": { "type": "LineString", "coordinates": [ [ -123.819157, 60.001087 ], [ -124.770908, 60.001087 ], [ -125.722681, 60.001087 ], [ -126.674432, 60.001087 ], [ -127.626183, 60.001087 ], [ -128.577934, 60.001087 ], [ -129.529686, 60.001087 ], [ -130.481437, 60.001087 ], [ -131.433188, 60.001087 ], [ -132.384939, 60.001087 ], [ -133.33669, 60.001087 ], [ -134.288463, 60.001087 ], [ -135.240214, 60.001087 ], [ -136.191965, 60.001087 ], [ -137.143739, 60.001087 ], [ -138.095495, 60.001087 ], [ -139.056519, 60.001582 ] ] } },
{ "type": "Feature", "properties": { "FEATURECLA": "Admin-1 boundary", "NAME": null, "ADM0_A3": "CAN", "ADM0_NAME": "Canada", "MAPCOLOR9": 2, "MAPCOLOR13": 2, "SCALERANK": 2, "MIN_ZOOM": 2.0, "FCLASS_ISO": null, "FCLASS_US": null, "FCLASS_FR": null, "FCLASS_RU": null, "FCLASS_ES": null, "FCLASS_CN": null, "FCLASS_TW": null, "FCLASS_IN": null, "FCLASS_NP": null, "FCLASS_PK": null, "FCLASS_DE": null, "FCLASS_GB": null, "FCLASS_BR": null, "FCLASS_IL": null, "FCLASS_PS": null, "FCLASS_SA": null, "FCLASS_EG": null, "FCLASS_MA": null, "FCLASS_PT": null, "FCLASS_AR": null, "FCLASS_JP": null, "FCLASS_KO": null, "FCLASS_VN": null, "FCLASS_TR": null, "FCLASS_ID": null, "FCLASS_PL": null, "FCLASS_GR": null, "FCLASS_IT": null, "FCLASS_NL": null, "FCLASS_SE": null, "FCLASS_BD": null, "FCLASS_UA": null, "NE_ID": 1746729565, "BRK_A3": null, "FCLASS_TLC": null }, "geometry": { "type": "LineString", "coordinates": [ [ -120.0, 60.001087 ], [ -120.477423, 60.001087 ], [ -120.954807, 60.001087 ], [ -121.432196, 60.001087 ], [ -121.909579, 60.001087 ], [ -122.386968, 60.001087 ], [ -122.864357, 60.001087 ], [ -123.34174, 60.001087 ], [ -123.819157, 60.001087 ] ] } },
{ "type": "Feature", "properties": { "FEATURECLA": "Admin-1 boundary", "NAME": null, "ADM0_A3": "CAN", "ADM0_NAME": "Canada", "MAPCOLOR9": 2, "MAPCOLOR13": 2, "SCALERANK": 2, "MIN_ZOOM": 2.0, "FCLASS_ISO": null, "FCLASS_US": null, "FCLASS_FR": null, "FCLASS_RU": null, "FCLASS_ES": null, "FCLASS_CN": null, "FCLASS_TW": null, "FCLASS_IN": null, "FCLASS_NP": null, "FCLASS_PK": null, "FCLASS_DE": null, "FCLASS_GB": null, "FCLASS_BR": null, "FCLASS_IL": null, "FCLASS_PS": null, "FCLASS_SA": null, "FCLASS_EG": null, "FCLASS_MA": null, "FCLASS_PT": null, "FCLASS_AR": null, "FCLASS_JP": null, "FCLASS_KO": null, "FCLASS_VN": null, "FCLASS_TR": null, "FCLASS_ID": null, "FCLASS_PL": null, "FCLASS_GR": null, "FCLASS_IT": null, "FCLASS_NL": null, "FCLASS_SE": null, "FCLASS_BD": null, "FCLASS_UA": null, "NE_ID": 1746729569, "BRK_A3": null, "FCLASS_TLC": null }, "geometry": { "type": "LineString", "coordinates": [ [ -64.030942, 46.012668 ], [ -64.051354, 45.977863 ], [ -64.159592, 45.964789 ], [ -64.216468, 45.900794 ], [ -64.272839, 45.849861 ], [ -64.314653, 45.835678 ] ] } },
{ "type": "Feature", "properties": { "FEATURECLA": "Admin-1 boundary", "NAME": null, "ADM0_A3": "CAN", "ADM0_NAME": "Canada", "MAPCOLOR9": 2, "MAPCOLOR13": 2, "SCALERANK": 2, "MIN_ZOOM": 2.0, "FCLASS_ISO": null, "FCLASS_US": null, "FCLASS_FR": null, "FCLASS_RU": null, "FCLASS_ES": null, "FCLASS_CN": null, "FCLASS_TW": null, "FCLASS_IN": null, "FCLASS_NP": null, "FCLASS_PK": null, "FCLASS_DE": null, "FCLASS_GB": null, "FCLASS_BR": null, "FCLASS_IL": null, "FCLASS_PS": null, "FCLASS_SA": null, "FCLASS_EG": null, "FCLASS_MA": null, "FCLASS_PT": null, "FCLASS_AR": null, "FCLASS_JP": null, "FCLASS_KO": null, "FCLASS_VN": null, "FCLASS_TR": null, "FCLASS_ID": null, "FCLASS_PL": null, "FCLASS_GR": null, "FCLASS_IT": null, "FCLASS_NL": null, "FCLASS_SE": null, "FCLASS_BD": null, "FCLASS_UA": null, "NE_ID": 1746722227, "BRK_A3": null, "FCLASS_TLC": null }, "geometry": { "type": "LineString", "coordinates": [ [ -64.614272, 60.30598 ], [ -64.81586, 60.267429 ], [ -64.846688, 60.250763 ], [ -64.846786, 60.238183 ], [ -64.78935, 60.196117 ], [ -64.644528, 60.161345 ], [ -64.622303, 60.141317 ], [ -64.649867, 60.110083 ], [ -64.710589, 60.09101 ], [ -64.782165, 60.063775 ], [ -64.88035, 60.049669 ], [ -64.887271, 60.035409 ], [ -64.868155, 60.008789 ], [ -64.834042, 59.985772 ], [ -64.682376, 59.942904 ], [ -64.66504, 59.932719 ], [ -64.661469, 59.921513 ], [ -64.665578, 59.905539 ], [ -64.761851, 59.864044 ], [ -64.790822, 59.815572 ], [ -64.818024, 59.540244 ], [ -64.775551, 59.488311 ], [ -64.714621, 59.466295 ], [ -64.444819, 59.527994 ], [ -64.385295, 59.514766 ], [ -64.37867, 59.475073 ], [ -64.425757, 59.456418 ], [ -64.503134, 59.398652 ], [ -64.518669, 59.35586 ], [ -64.519493, 59.225793 ], [ -64.505485, 59.166005 ], [ -64.477811, 59.116182 ], [ -64.441698, 59.091068 ], [ -64.332374, 59.043761 ], [ -64.324364, 59.019964 ], [ -64.35818, 59.001925 ], [ -64.393501, 58.998497 ], [ -64.770256, 59.048693 ], [ -64.801677, 59.040278 ], [ -64.832834, 59.020019 ], [ -64.851126, 58.983687 ], [ -64.848313, 58.949223 ], [ -64.80862, 58.929371 ], [ -64.617864, 58.911496 ], [ -64.294075, 58.865991 ], [ -64.235562, 58.785769 ], [ -64.191781, 58.76874 ], [ -64.155329, 58.770575 ], [ -63.990633, 58.810982 ], [ -63.727137, 58.861684 ], [ -63.665932, 58.85362 ], [ -63.591796, 58.829791 ], [ -63.53526, 58.798787 ], [ -63.504048, 58.770575 ], [ -63.496709, 58.753447 ], [ -63.506015, 58.743416 ], [ -63.55319, 58.731606 ], [ -63.960508, 58.684222 ], [ -64.031414, 58.666314 ], [ -64.070811, 58.641694 ], [ -64.084994, 58.621171 ], [ -64.085873, 58.599375 ], [ -64.062494, 58.554825 ], [ -64.038742, 58.544751 ], [ -63.882374, 58.55521 ], [ -63.840823, 58.505167 ], [ -63.83711, 58.482579 ], [ -63.848008, 58.459738 ], [ -64.02268, 58.398764 ], [ -64.09776, 58.35918 ], [ -64.371386, 58.169293 ], [ -64.394589, 58.144332 ], [ -64.400379, 58.121414 ], [ -64.386998, 58.098881 ], [ -64.226586, 58.01755 ], [ -64.133576, 57.87543 ], [ -64.078798, 57.812523 ], [ -64.045466, 57.785255 ], [ -63.985986, 57.80314 ], [ -63.96131, 57.80169 ], [ -63.921463, 57.783299 ], [ -63.871915, 57.731158 ], [ -63.841911, 57.713349 ], [ -63.793494, 57.705966 ], [ -63.715568, 57.695859 ], [ -63.617636, 57.726137 ], [ -63.601255, 57.723061 ], [ -63.598157, 57.692453 ], [ -63.614692, 57.669294 ], [ -63.743726, 57.580876 ], [ -63.758503, 57.552927 ], [ -63.761557, 57.513134 ], [ -63.7421, 57.395778 ], [ -63.799899, 57.31872 ], [ -63.793285, 57.279038 ], [ -63.760008, 57.240794 ], [ -63.757854, 57.227666 ], [ -63.791813, 57.129876 ], [ -63.835759, 57.083129 ], [ -63.876353, 57.023034 ], [ -63.903302, 56.889342 ], [ -63.950379, 56.863458 ], [ -64.003553, 56.820567 ], [ -64.03037, 56.787081 ], [ -64.100661, 56.737884 ], [ -64.115591, 56.707397 ], [ -64.111867, 56.690906 ], [ -63.954905, 56.52699 ], [ -63.925572, 56.475366 ], [ -63.954927, 56.43888 ], [ -64.052651, 56.429739 ], [ -64.136103, 56.394572 ], [ -64.118711, 56.334334 ], [ -64.12148, 56.299409 ], [ -64.115284, 56.288653 ], [ -64.083654, 56.27525 ], [ -63.912817, 56.229019 ], [ -63.899325, 56.212331 ], [ -63.99172, 56.144633 ], [ -64.004146, 56.097458 ], [ -63.968363, 56.094711 ], [ -63.885889, 56.088416 ], [ -63.836121, 56.063323 ], [ -63.578305, 56.025574 ], [ -63.558464, 55.992495 ], [ -63.586479, 55.976169 ], [ -63.66112, 55.947802 ], [ -63.698407, 55.92338 ], [ -63.708405, 55.883356 ], [ -63.700572, 55.860911 ], [ -63.524417, 55.705696 ], [ -63.415169, 55.596009 ], [ -63.36339, 55.564676 ], [ -63.304559, 55.54211 ], [ -63.154353, 55.51359 ], [ -63.15108, 55.48408 ], [ -63.159473, 55.440443 ], [ -63.15131, 55.404473 ], [ -63.111825, 55.33983 ], [ -63.161385, 55.307475 ], [ -63.429275, 55.209883 ], [ -63.510893, 55.167641 ], [ -63.534019, 55.140351 ], [ -63.551158, 55.086254 ], [ -63.48012, 54.987235 ], [ -63.476044, 54.961867 ], [ -63.491491, 54.91779 ], [ -63.569659, 54.776297 ], [ -63.658, 54.644362 ], [ -63.698825, 54.615194 ], [ -63.751241, 54.612172 ], [ -63.91018, 54.634035 ], [ -64.341053, 54.72632 ], [ -64.81519, 54.733868 ], [ -65.121785, 54.719168 ], [ -65.675804, 54.744931 ], [ -65.741645, 54.768881 ], [ -65.796829, 54.805026 ], [ -65.868119, 54.898256 ], [ -65.883643, 54.907188 ], [ -66.082836, 54.941707 ], [ -66.156631, 54.967756 ], [ -66.239798, 55.008372 ], [ -66.617914, 55.25596 ], [ -66.733414, 55.318901 ], [ -66.773986, 55.32825 ], [ -66.799617, 55.311199 ], [ -66.79731, 55.29383 ], [ -66.725064, 55.21319 ], [ -66.719044, 55.192547 ], [ -66.747443, 55.129145 ], [ -66.692797, 54.998012 ], [ -66.710364, 54.948222 ], [ -66.656729, 54.846785 ], [ -66.650785, 54.798566 ], [ -66.724449, 54.747974 ], [ -66.867051, 54.780977 ], [ -67.166725, 54.937477 ], [ -67.301747, 55.063721 ], [ -67.33865, 55.074598 ], [ -67.40815, 55.071785 ], [ -67.426442, 55.058865 ], [ -67.437088, 55.036223 ], [ -67.415775, 54.983774 ], [ -67.372027, 54.91735 ], [ -67.290025, 54.825779 ], [ -67.204595, 54.699272 ], [ -67.199179, 54.682089 ], [ -67.146873, 54.653041 ], [ -67.15018, 54.616666 ], [ -67.236071, 54.585662 ], [ -67.285521, 54.518558 ], [ -67.314568, 54.517393 ], [ -67.536514, 54.572665 ], [ -67.578526, 54.565458 ], [ -67.601421, 54.552791 ], [ -67.620131, 54.506539 ], [ -67.609716, 54.45164 ], [ -67.581943, 54.391819 ], [ -67.515333, 54.281725 ], [ -67.507994, 54.252809 ], [ -67.511323, 54.236176 ], [ -67.681061, 54.141342 ], [ -67.731412, 54.099924 ], [ -67.76147, 54.060735 ], [ -67.757252, 54.033654 ], [ -67.530626, 53.839372 ], [ -67.470992, 53.796459 ], [ -67.455743, 53.730464 ], [ -67.476957, 53.635202 ], [ -67.47353, 53.613317 ], [ -67.457094, 53.601221 ], [ -67.164913, 53.543038 ], [ -67.128482, 53.502828 ], [ -67.076055, 53.417409 ], [ -67.025903, 53.393118 ], [ -66.980353, 53.384 ], [ -66.944439, 53.355139 ], [ -66.937902, 53.328837 ], [ -66.965236, 53.182961 ], [ -66.970301, 53.072988 ], [ -67.028023, 52.980483 ], [ -67.053654, 52.920025 ], [ -67.069694, 52.832585 ], [ -67.068024, 52.754922 ], [ -67.029473, 52.72037 ], [ -66.95102, 52.69831 ], [ -66.897483, 52.693762 ], [ -66.855834, 52.698442 ], [ -66.814778, 52.6865 ], [ -66.688348, 52.726885 ], [ -66.671297, 52.748825 ], [ -66.631384, 52.910258 ], [ -66.615278, 52.93155 ], [ -66.521026, 52.958499 ], [ -66.489913, 53.005037 ], [ -66.467951, 53.018627 ], [ -66.428038, 53.010816 ], [ -66.389893, 52.991985 ], [ -66.328139, 52.933879 ], [ -66.300212, 52.896877 ], [ -66.310473, 52.861006 ], [ -66.341345, 52.840077 ], [ -66.356802, 52.806262 ], [ -66.36636, 52.741431 ], [ -66.41659, 52.688433 ], [ -66.426093, 52.660868 ], [ -66.394233, 52.417829 ], [ -66.401681, 52.397834 ], [ -66.463403, 52.341331 ], [ -66.462216, 52.294529 ], [ -66.439277, 52.229117 ], [ -66.407438, 52.183688 ], [ -66.378863, 52.164517 ], [ -66.345453, 52.154849 ], [ -66.326821, 52.188654 ], [ -66.296026, 52.294584 ], [ -66.279535, 52.300814 ], [ -66.148545, 52.229831 ], [ -66.096965, 52.209528 ], [ -66.035782, 52.109245 ], [ -65.97884, 52.080746 ], [ -65.882929, 52.054214 ], [ -65.8268, 52.05238 ], [ -65.805904, 52.063696 ], [ -65.780558, 52.103895 ], [ -65.690635, 52.093589 ], [ -65.6311, 52.0731 ], [ -65.589144, 52.073364 ], [ -65.551647, 52.093952 ], [ -65.474271, 52.196246 ], [ -65.4521, 52.202914 ], [ -65.398047, 52.202958 ], [ -65.268156, 52.185215 ], [ -65.137133, 52.154695 ], [ -65.03618, 52.113464 ], [ -64.93215, 52.055016 ], [ -64.764642, 51.905416 ], [ -64.657964, 51.848561 ], [ -64.626719, 51.825314 ], [ -64.638969, 51.790532 ], [ -64.692736, 51.762626 ], [ -64.702327, 51.745422 ], [ -64.697416, 51.720461 ], [ -64.598012, 51.600369 ], [ -64.506342, 51.608895 ], [ -64.290516, 51.728777 ], [ -64.289373, 51.769086 ], [ -64.326067, 51.81146 ], [ -64.334571, 51.841904 ], [ -64.32142, 51.929651 ], [ -64.270828, 52.083229 ], [ -64.259611, 52.099511 ], [ -64.15957, 52.148027 ], [ -64.130676, 52.186688 ], [ -64.103188, 52.378487 ], [ -64.183465, 52.554158 ], [ -64.187211, 52.625965 ], [ -64.178477, 52.815325 ], [ -64.139366, 52.854239 ], [ -64.007892, 52.878222 ], [ -63.973373, 52.895064 ], [ -63.917464, 53.065594 ], [ -63.90506, 53.076921 ], [ -63.798965, 53.104299 ], [ -63.722544, 53.109188 ], [ -63.671612, 53.100739 ], [ -63.606188, 53.034854 ], [ -63.554585, 52.964311 ], [ -63.548697, 52.939712 ], [ -63.566791, 52.825872 ], [ -63.563484, 52.796989 ], [ -63.550246, 52.774149 ], [ -63.409687, 52.688719 ], [ -63.42276, 52.669888 ], [ -63.522549, 52.648805 ], [ -63.810677, 52.611254 ], [ -63.898545, 52.589249 ], [ -63.955466, 52.565606 ], [ -64.017615, 52.525473 ], [ -64.059418, 52.48512 ], [ -64.066164, 52.465894 ], [ -64.06167, 52.457753 ], [ -63.951104, 52.428793 ], [ -63.942787, 52.418093 ], [ -63.935492, 52.380937 ], [ -63.883956, 52.344924 ], [ -63.765589, 52.297529 ], [ -63.683752, 52.138029 ], [ -63.668019, 52.094183 ], [ -63.664295, 52.060125 ], [ -63.70401, 52.04837 ], [ -63.785507, 52.050776 ], [ -63.792198, 52.044063 ], [ -63.783365, 52.020442 ], [ -63.756899, 52.010522 ], [ -63.606573, 52.000832 ], [ -63.199991, 52.000854 ], [ -62.793398, 52.000854 ], [ -62.386805, 52.000854 ], [ -61.98019, 52.000909 ], [ -61.573575, 52.000909 ], [ -61.166982, 52.000931 ], [ -60.7604, 52.000964 ], [ -60.353806, 52.000964 ], [ -59.947213, 52.000986 ], [ -59.54062, 52.001008 ], [ -59.134038, 52.001008 ], [ -58.727412, 52.001041 ], [ -58.320797, 52.001063 ], [ -57.914215, 52.001063 ], [ -57.507622, 52.001085 ], [ -57.101029, 52.001117 ], [ -57.100974, 51.710694 ], [ -57.100128, 51.443342 ] ] } },
{ "type": "Feature", "properties": { "FEATURECLA": "Admin-1 boundary", "NAME": null, "ADM0_A3": "CAN", "ADM0_NAME": "Canada", "MAPCOLOR9": 2, "MAPCOLOR13": 2, "SCALERANK": 2, "MIN_ZOOM": 2.0, "FCLASS_ISO": null, "FCLASS_US": null, "FCLASS_FR": null, "FCLASS_RU": null, "FCLASS_ES": null, "FCLASS_CN": null, "FCLASS_TW": null, "FCLASS_IN": null, "FCLASS_NP": null, "FCLASS_PK": null, "FCLASS_DE": null, "FCLASS_GB": null, "FCLASS_BR": null, "FCLASS_IL": null, "FCLASS_PS": null, "FCLASS_SA": null, "FCLASS_EG": null, "FCLASS_MA": null, "FCLASS_PT": null, "FCLASS_AR": null, "FCLASS_JP": null, "FCLASS_KO": null, "FCLASS_VN": null, "FCLASS_TR": null, "FCLASS_ID": null, "FCLASS_PL": null, "FCLASS_GR": null, "FCLASS_IT": null, "FCLASS_NL": null, "FCLASS_SE": null, "FCLASS_BD": null, "FCLASS_UA": null, "NE_ID": 1746729573, "BRK_A3": null, "FCLASS_TLC": null }, "geometry": { "type": "LineString", "coordinates": [ [ -102.001649, 60.001087 ], [ -102.001907, 60.2416 ], [ -102.002143, 60.482124 ], [ -102.002374, 60.722647 ], [ -102.002632, 60.963149 ], [ -102.00289, 61.203651 ], [ -102.003121, 61.444153 ], [ -102.003357, 61.684654 ], [ -102.003615, 61.925189 ], [ -102.003873, 62.165713 ], [ -102.004104, 62.406214 ], [ -102.004335, 62.646716 ], [ -102.004593, 62.887218 ], [ -102.004851, 63.127719 ], [ -102.005109, 63.368221 ], [ -102.005368, 63.608778 ], [ -102.005604, 63.84928 ], [ -101.986636, 64.080223 ], [ -101.999144, 64.228429 ], [ -102.43501, 64.262849 ], [ -102.870848, 64.297269 ], [ -103.306715, 64.331678 ], [ -103.742575, 64.36612 ], [ -104.178441, 64.400563 ], [ -104.614307, 64.434983 ], [ -105.050174, 64.469403 ], [ -105.486034, 64.503812 ], [ -105.9219, 64.538232 ], [ -106.357766, 64.572652 ], [ -106.793632, 64.607062 ], [ -107.229493, 64.641504 ], [ -107.665359, 64.675946 ], [ -108.101225, 64.710366 ], [ -108.537064, 64.744786 ], [ -108.97293, 64.779195 ], [ -109.215113, 64.813044 ], [ -109.516385, 64.902912 ], [ -109.804661, 65.051481 ], [ -110.092937, 65.200027 ], [ -110.381191, 65.348573 ], [ -110.669466, 65.497141 ], [ -111.128069, 65.498426 ], [ -111.586698, 65.499723 ], [ -112.045301, 65.501019 ], [ -112.503903, 65.502337 ], [ -112.759341, 65.580494 ], [ -113.014778, 65.658629 ], [ -113.27021, 65.736764 ], [ -113.525648, 65.814899 ], [ -113.781086, 65.893033 ], [ -114.036523, 65.971168 ], [ -114.291961, 66.049303 ], [ -114.547421, 66.12746 ], [ -114.802886, 66.205627 ], [ -115.058318, 66.283762 ], [ -115.313755, 66.361897 ], [ -115.569193, 66.440032 ], [ -115.824631, 66.518166 ], [ -116.080068, 66.596301 ], [ -116.335506, 66.674436 ], [ -116.590938, 66.752571 ], [ -116.846376, 66.830749 ], [ -117.101813, 66.908884 ], [ -117.357251, 66.987019 ], [ -117.612689, 67.065154 ], [ -117.868121, 67.143288 ], [ -118.123558, 67.221423 ], [ -118.378996, 67.299558 ], [ -118.634434, 67.377726 ], [ -118.889871, 67.455882 ], [ -119.145303, 67.534017 ], [ -119.400741, 67.612152 ], [ -119.656179, 67.690287 ], [ -119.911616, 67.768422 ], [ -120.167054, 67.846556 ], [ -120.422492, 67.924691 ], [ -120.677951, 68.002848 ], [ -120.678341, 68.2086 ], [ -120.678698, 68.41433 ], [ -120.679061, 68.620049 ], [ -120.679423, 68.825779 ], [ -120.679786, 69.031498 ], [ -120.680148, 69.237217 ], [ -120.681851, 69.566938 ], [ -120.680874, 69.648666 ], [ -120.202738, 69.648666 ], [ -119.724596, 69.648666 ], [ -119.24646, 69.648666 ], [ -118.768324, 69.648666 ], [ -118.290188, 69.648666 ], [ -117.812052, 69.648666 ], [ -117.333894, 69.648666 ], [ -116.856038, 69.649677 ], [ -116.650495, 69.649808 ], [ -116.693671, 69.695489 ], [ -116.820876, 69.760001 ], [ -116.948076, 69.824524 ], [ -117.075303, 69.889014 ], [ -117.055358, 70.002184 ], [ -116.595618, 70.002063 ], [ -116.067511, 70.001931 ], [ -115.539376, 70.001777 ], [ -115.011269, 70.001667 ], [ -114.483162, 70.001547 ], [ -113.955027, 70.001415 ], [ -113.426919, 70.001261 ], [ -112.881064, 70.00136 ], [ -112.877988, 69.911646 ], [ -112.874939, 69.833357 ], [ -112.762466, 69.833906 ], [ -112.649994, 69.834445 ], [ -112.499822, 69.911547 ], [ -112.500025, 70.001151 ], [ -112.187541, 70.001151 ], [ -111.875024, 70.001151 ], [ -111.562512, 70.001151 ], [ -111.250028, 70.001151 ], [ -110.937538, 70.001151 ], [ -110.625027, 70.001151 ], [ -110.31251, 70.001151 ], [ -110.000025, 70.001151 ], [ -110.000256, 70.544063 ], [ -110.000487, 71.086974 ], [ -110.000723, 71.629918 ], [ -110.000954, 72.172852 ], [ -110.001184, 72.715796 ], [ -110.001833, 72.981852 ], [ -110.001421, 73.258729 ], [ -110.001651, 73.801674 ], [ -110.001882, 74.344607 ], [ -110.002816, 74.850989 ], [ -110.002118, 74.887551 ], [ -110.002349, 75.430485 ], [ -110.00258, 75.973396 ], [ -110.002635, 76.244231 ], [ -110.003409, 76.479668 ], [ -110.002816, 76.516341 ], [ -110.003047, 77.059274 ], [ -110.003277, 77.602185 ], [ -110.00359, 77.928941 ], [ -110.003541, 78.089649 ], [ -110.003514, 78.145097 ], [ -110.003667, 78.321702 ], [ -110.004365, 78.686723 ] ] } },
{ "type": "Feature", "properties": { "FEATURECLA": "Admin-1 boundary", "NAME": null, "ADM0_A3": "CAN", "ADM0_NAME": "Canada", "MAPCOLOR9": 2, "MAPCOLOR13": 2, "SCALERANK": 2, "MIN_ZOOM": 2.0, "FCLASS_ISO": null, "FCLASS_US": null, "FCLASS_FR": null, "FCLASS_RU": null, "FCLASS_ES": null, "FCLASS_CN": null, "FCLASS_TW": null, "FCLASS_IN": null, "FCLASS_NP": null, "FCLASS_PK": null, "FCLASS_DE": null, "FCLASS_GB": null, "FCLASS_BR": null, "FCLASS_IL": null, "FCLASS_PS": null, "FCLASS_SA": null, "FCLASS_EG": null, "FCLASS_MA": null, "FCLASS_PT": null, "FCLASS_AR": null, "FCLASS_JP": null, "FCLASS_KO": null, "FCLASS_VN": null, "FCLASS_TR": null, "FCLASS_ID": null, "FCLASS_PL": null, "FCLASS_GR": null, "FCLASS_IT": null, "FCLASS_NL": null, "FCLASS_SE": null, "FCLASS_BD": null, "FCLASS_UA": null, "NE_ID": 1746729577, "BRK_A3": null, "FCLASS_TLC": null }, "geometry": { "type": "LineString", "coordinates": [ [ -102.001649, 60.001087 ], [ -102.501543, 60.001087 ], [ -103.001432, 60.001087 ], [ -103.501354, 60.001087 ], [ -104.001243, 60.001087 ], [ -104.501137, 60.001087 ], [ -105.001054, 60.001087 ], [ -105.500943, 60.001087 ], [ -106.000837, 60.001087 ], [ -106.500731, 60.001087 ], [ -107.00062, 60.001087 ], [ -107.500537, 60.001087 ], [ -108.000431, 60.001087 ], [ -108.50032, 60.001087 ], [ -109.000242, 60.001087 ], [ -109.500131, 60.001087 ], [ -110.000025, 60.001087 ] ] } },
{ "type": "Feature", "properties": { "FEATURECLA": "Admin-1 boundary", "NAME": null, "ADM0_A3": "CAN", "ADM0_NAME": "Canada", "MAPCOLOR9": 2, "MAPCOLOR13": 2, "SCALERANK": 2, "MIN_ZOOM": 2.0, "FCLASS_ISO": null, "FCLASS_US": null, "FCLASS_FR": null, "FCLASS_RU": null, "FCLASS_ES": null, "FCLASS_CN": null, "FCLASS_TW": null, "FCLASS_IN": null, "FCLASS_NP": null, "FCLASS_PK": null, "FCLASS_DE": null, "FCLASS_GB": null, "FCLASS_BR": null, "FCLASS_IL": null, "FCLASS_PS": null, "FCLASS_SA": null, "FCLASS_EG": null, "FCLASS_MA": null, "FCLASS_PT": null, "FCLASS_AR": null, "FCLASS_JP": null, "FCLASS_KO": null, "FCLASS_VN": null, "FCLASS_TR": null, "FCLASS_ID": null, "FCLASS_PL": null, "FCLASS_GR": null, "FCLASS_IT": null, "FCLASS_NL": null, "FCLASS_SE": null, "FCLASS_BD": null, "FCLASS_UA": null, "NE_ID": 1746729587, "BRK_A3": null, "FCLASS_TLC": null }, "geometry": { "type": "LineString", "coordinates": [ [ -120.0, 60.001087 ], [ -119.375006, 60.001087 ], [ -118.750032, 60.001087 ], [ -118.125031, 60.001087 ], [ -117.500029, 60.001087 ], [ -116.875034, 60.001087 ], [ -116.250032, 60.001087 ], [ -115.625031, 60.001087 ], [ -115.00003, 60.001087 ], [ -114.375029, 60.001087 ], [ -113.750027, 60.001087 ], [ -113.125026, 60.001087 ], [ -112.500025, 60.001087 ], [ -111.875024, 60.001087 ], [ -111.250028, 60.001087 ], [ -110.625027, 60.001087 ], [ -110.000025, 60.001087 ] ] } },
{ "type": "Feature", "properties": { "FEATURECLA": "Admin-1 boundary", "NAME": null, "ADM0_A3": "CAN", "ADM0_NAME": "Canada", "MAPCOLOR9": 2, "MAPCOLOR13": 2, "SCALERANK": 2, "MIN_ZOOM": 2.0, "FCLASS_ISO": null, "FCLASS_US": null, "FCLASS_FR": null, "FCLASS_RU": null, "FCLASS_ES": null, "FCLASS_CN": null, "FCLASS_TW": null, "FCLASS_IN": null, "FCLASS_NP": null, "FCLASS_PK": null, "FCLASS_DE": null, "FCLASS_GB": null, "FCLASS_BR": null, "FCLASS_IL": null, "FCLASS_PS": null, "FCLASS_SA": null, "FCLASS_EG": null, "FCLASS_MA": null, "FCLASS_PT": null, "FCLASS_AR": null, "FCLASS_JP": null, "FCLASS_KO": null, "FCLASS_VN": null, "FCLASS_TR": null, "FCLASS_ID": null, "FCLASS_PL": null, "FCLASS_GR": null, "FCLASS_IT": null, "FCLASS_NL": null, "FCLASS_SE": null, "FCLASS_BD": null, "FCLASS_UA": null, "NE_ID": 1746729591, "BRK_A3": null, "FCLASS_TLC": null }, "geometry": { "type": "LineString", "coordinates": [ [ -110.000025, 60.001087 ], [ -110.0, 59.657138 ], [ -109.99997, 59.313145 ], [ -109.99997, 58.969163 ], [ -109.999949, 58.625203 ], [ -109.999921, 58.281254 ], [ -109.999921, 57.93724 ], [ -109.999894, 57.59328 ], [ -109.999872, 57.24932 ], [ -109.999844, 56.90536 ], [ -109.999817, 56.561378 ], [ -109.999817, 56.217396 ], [ -109.999789, 55.873436 ], [ -109.999767, 55.529476 ], [ -109.999767, 55.185472 ], [ -109.99974, 54.841512 ], [ -109.999712, 54.497552 ], [ -109.99969, 54.153592 ], [ -109.999663, 53.80961 ], [ -109.999663, 53.465628 ], [ -109.999635, 53.121668 ], [ -109.999613, 52.777708 ], [ -109.999613, 52.433726 ], [ -109.999586, 52.089744 ], [ -109.999558, 51.745784 ], [ -109.999531, 51.401824 ], [ -109.999509, 51.057842 ], [ -109.999509, 50.71386 ], [ -109.999482, 50.3699 ], [ -109.999454, 50.02594 ], [ -109.999454, 49.681958 ], [ -109.999432, 49.337966 ], [ -109.999432, 48.993083 ] ] } },
{ "type": "Feature", "properties": { "FEATURECLA": "Admin-1 boundary", "NAME": null, "ADM0_A3": "CAN", "ADM0_NAME": "Canada", "MAPCOLOR9": 2, "MAPCOLOR13": 2, "SCALERANK": 2, "MIN_ZOOM": 2.0, "FCLASS_ISO": null, "FCLASS_US": null, "FCLASS_FR": null, "FCLASS_RU": null, "FCLASS_ES": null, "FCLASS_CN": null, "FCLASS_TW": null, "FCLASS_IN": null, "FCLASS_NP": null, "FCLASS_PK": null, "FCLASS_DE": null, "FCLASS_GB": null, "FCLASS_BR": null, "FCLASS_IL": null, "FCLASS_PS": null, "FCLASS_SA": null, "FCLASS_EG": null, "FCLASS_MA": null, "FCLASS_PT": null, "FCLASS_AR": null, "FCLASS_JP": null, "FCLASS_KO": null, "FCLASS_VN": null, "FCLASS_TR": null, "FCLASS_ID": null, "FCLASS_PL": null, "FCLASS_GR": null, "FCLASS_IT": null, "FCLASS_NL": null, "FCLASS_SE": null, "FCLASS_BD": null, "FCLASS_UA": null, "NE_ID": 1746729595, "BRK_A3": null, "FCLASS_TLC": null }, "geometry": { "type": "LineString", "coordinates": [ [ -88.948495, 56.851307 ], [ -89.205224, 56.69484 ], [ -89.463688, 56.535252 ], [ -89.722141, 56.375676 ], [ -89.980573, 56.216099 ], [ -90.330037, 55.991341 ], [ -90.679501, 55.766572 ], [ -91.028987, 55.54178 ], [ -91.378451, 55.317011 ], [ -91.683882, 55.10793 ], [ -91.989335, 54.89885 ], [ -92.294777, 54.689758 ], [ -92.600208, 54.480677 ], [ -92.855206, 54.297513 ], [ -93.110204, 54.114316 ], [ -93.365224, 53.93113 ], [ -93.620223, 53.747933 ], [ -94.003634, 53.51655 ], [ -94.387024, 53.285167 ], [ -94.770409, 53.053762 ], [ -95.153826, 52.822357 ], [ -95.154782, 52.390967 ], [ -95.15571, 51.959512 ], [ -95.156639, 51.528068 ], [ -95.157572, 51.096624 ], [ -95.158501, 50.66518 ], [ -95.159429, 50.233758 ], [ -95.160363, 49.802336 ], [ -95.155298, 49.369672 ] ] } },
{ "type": "Feature", "properties": { "FEATURECLA": "Admin-1 boundary", "NAME": null, "ADM0_A3": "CAN", "ADM0_NAME": "Canada", "MAPCOLOR9": 2, "MAPCOLOR13": 2, "SCALERANK": 2, "MIN_ZOOM": 2.0, "FCLASS_ISO": null, "FCLASS_US": null, "FCLASS_FR": null, "FCLASS_RU": null, "FCLASS_ES": null, "FCLASS_CN": null, "FCLASS_TW": null, "FCLASS_IN": null, "FCLASS_NP": null, "FCLASS_PK": null, "FCLASS_DE": null, "FCLASS_GB": null, "FCLASS_BR": null, "FCLASS_IL": null, "FCLASS_PS": null, "FCLASS_SA": null, "FCLASS_EG": null, "FCLASS_MA": null, "FCLASS_PT": null, "FCLASS_AR": null, "FCLASS_JP": null, "FCLASS_KO": null, "FCLASS_VN": null, "FCLASS_TR": null, "FCLASS_ID": null, "FCLASS_PL": null, "FCLASS_GR": null, "FCLASS_IT": null, "FCLASS_NL": null, "FCLASS_SE": null, "FCLASS_BD": null, "FCLASS_UA": null, "NE_ID": 1746729599, "BRK_A3": null, "FCLASS_TLC": null }, "geometry": { "type": "LineString", "coordinates": [ [ -102.001649, 60.001087 ], [ -101.551731, 60.001087 ], [ -101.101808, 60.001087 ], [ -100.651885, 60.001087 ], [ -100.201967, 60.001087 ], [ -99.752044, 60.001087 ], [ -99.302126, 60.001087 ], [ -98.852176, 60.001087 ], [ -98.402258, 60.001087 ], [ -97.952335, 60.001087 ], [ -97.50239, 60.001087 ], [ -97.052467, 60.001087 ], [ -96.602549, 60.001087 ], [ -96.152626, 60.001087 ], [ -95.702709, 60.001087 ], [ -95.252785, 60.001087 ], [ -94.771886, 60.001768 ] ] } },
{ "type": "Feature", "properties": { "FEATURECLA": "Admin-1 boundary", "NAME": null, "ADM0_A3": "CAN", "ADM0_NAME": "Canada", "MAPCOLOR9": 2, "MAPCOLOR13": 2, "SCALERANK": 2, "MIN_ZOOM": 2.0, "FCLASS_ISO": null, "FCLASS_US": null, "FCLASS_FR": null, "FCLASS_RU": null, "FCLASS_ES": null, "FCLASS_CN": null, "FCLASS_TW": null, "FCLASS_IN": null, "FCLASS_NP": null, "FCLASS_PK": null, "FCLASS_DE": null, "FCLASS_GB": null, "FCLASS_BR": null, "FCLASS_IL": null, "FCLASS_PS": null, "FCLASS_SA": null, "FCLASS_EG": null, "FCLASS_MA": null, "FCLASS_PT": null, "FCLASS_AR": null, "FCLASS_JP": null, "FCLASS_KO": null, "FCLASS_VN": null, "FCLASS_TR": null, "FCLASS_ID": null, "FCLASS_PL": null, "FCLASS_GR": null, "FCLASS_IT": null, "FCLASS_NL": null, "FCLASS_SE": null, "FCLASS_BD": null, "FCLASS_UA": null, "NE_ID": 1746729607, "BRK_A3": null, "FCLASS_TLC": null }, "geometry": { "type": "LineString", "coordinates": [ [ -102.001649, 60.001087 ], [ -102.001621, 59.739613 ], [ -102.001599, 59.478149 ], [ -102.001544, 59.216696 ], [ -102.001522, 58.955211 ], [ -102.001495, 58.693725 ], [ -102.001445, 58.432251 ], [ -102.001418, 58.170765 ], [ -102.00139, 57.909279 ], [ -102.001341, 57.647849 ], [ -102.001314, 57.386363 ], [ -102.001286, 57.124888 ], [ -102.001237, 56.863403 ], [ -102.001209, 56.601917 ], [ -102.001182, 56.340465 ], [ -102.001132, 56.079001 ], [ -102.001105, 55.817526 ], [ -101.96129, 55.391037 ], [ -101.921498, 54.964603 ], [ -101.881711, 54.538113 ], [ -101.841918, 54.111657 ], [ -101.802126, 53.685201 ], [ -101.762333, 53.258712 ], [ -101.722546, 52.832255 ], [ -101.682754, 52.405799 ], [ -101.642961, 51.979332 ], [ -101.603174, 51.552875 ], [ -101.563382, 51.126419 ], [ -101.52359, 50.699952 ], [ -101.483803, 50.273473 ], [ -101.44401, 49.847039 ], [ -101.404218, 49.42055 ], [ -101.367271, 48.993138 ] ] } },
{ "type": "Feature", "properties": { "FEATURECLA": "Admin-1 boundary", "NAME": null, "ADM0_A3": "USA", "ADM0_NAME": "United States of America", "MAPCOLOR9": 1, "MAPCOLOR13": 1, "SCALERANK": 2, "MIN_ZOOM": 2.0, "FCLASS_ISO": null, "FCLASS_US": null, "FCLASS_FR": null, "FCLASS_RU": null, "FCLASS_ES": null, "FCLASS_CN": null, "FCLASS_TW": null, "FCLASS_IN": null, "FCLASS_NP": null, "FCLASS_PK": null, "FCLASS_DE": null, "FCLASS_GB": null, "FCLASS_BR": null, "FCLASS_IL": null, "FCLASS_PS": null, "FCLASS_SA": null, "FCLASS_EG": null, "FCLASS_MA": null, "FCLASS_PT": null, "FCLASS_AR": null, "FCLASS_JP": null, "FCLASS_KO": null, "FCLASS_VN": null, "FCLASS_TR": null, "FCLASS_ID": null, "FCLASS_PL": null, "FCLASS_GR": null, "FCLASS_IT": null, "FCLASS_NL": null, "FCLASS_SE": null, "FCLASS_BD": null, "FCLASS_UA": null, "NE_ID": 1746745033, "BRK_A3": null, "FCLASS_TLC": null }, "geometry": { "type": "LineString", "coordinates": [ [ -116.896479, 46.002099 ], [ -117.14432, 46.002253 ], [ -117.409755, 46.002022 ], [ -117.675217, 46.001791 ], [ -117.940653, 46.001538 ], [ -118.206088, 46.001275 ], [ -118.47155, 46.001044 ], [ -118.736986, 46.000813 ], [ -119.002421, 46.00055 ], [ -119.01968, 46.000341 ], [ -119.049909, 45.981488 ], [ -119.177345, 45.94508 ], [ -119.429113, 45.93417 ], [ -119.934276, 45.837875 ], [ -120.156046, 45.762168 ], [ -120.351432, 45.725166 ], [ -120.715777, 45.689823 ], [ -121.045241, 45.639044 ], [ -121.184278, 45.64378 ], [ -121.242698, 45.687033 ], [ -121.402121, 45.71184 ], [ -121.662519, 45.718135 ], [ -121.882014, 45.689461 ], [ -122.085124, 45.602647 ], [ -122.149905, 45.593858 ], [ -122.149927, 45.593759 ], [ -122.202535, 45.591067 ], [ -122.560964, 45.62507 ], [ -122.649849, 45.627443 ], [ -122.725913, 45.67375 ], [ -122.74643, 45.749688 ], [ -122.843373, 45.978094 ], [ -122.941997, 46.114862 ], [ -123.042275, 46.160027 ], [ -123.120904, 46.178781 ], [ -123.220589, 46.153622 ] ] } },
{ "type": "Feature", "properties": { "FEATURECLA": "Admin-1 boundary", "NAME": null, "ADM0_A3": "USA", "ADM0_NAME": "United States of America", "MAPCOLOR9": 1, "MAPCOLOR13": 1, "SCALERANK": 2, "MIN_ZOOM": 2.0, "FCLASS_ISO": null, "FCLASS_US": null, "FCLASS_FR": null, "FCLASS_RU": null, "FCLASS_ES": null, "FCLASS_CN": null, "FCLASS_TW": null, "FCLASS_IN": null, "FCLASS_NP": null, "FCLASS_PK": null, "FCLASS_DE": null, "FCLASS_GB": null, "FCLASS_BR": null, "FCLASS_IL": null, "FCLASS_PS": null, "FCLASS_SA": null, "FCLASS_EG": null, "FCLASS_MA": null, "FCLASS_PT": null, "FCLASS_AR": null, "FCLASS_JP": null, "FCLASS_KO": null, "FCLASS_VN": null, "FCLASS_TR": null, "FCLASS_ID": null, "FCLASS_PL": null, "FCLASS_GR": null, "FCLASS_IT": null, "FCLASS_NL": null, "FCLASS_SE": null, "FCLASS_BD": null, "FCLASS_UA": null, "NE_ID": 1746745041, "BRK_A3": null, "FCLASS_TLC": null }, "geometry": { "type": "LineString", "coordinates": [ [ -116.896479, 46.002099 ], [ -116.930196, 46.055954 ], [ -116.947845, 46.124322 ], [ -116.92211, 46.163642 ], [ -116.942962, 46.232108 ], [ -117.010396, 46.329623 ], [ -117.038999, 46.396552 ], [ -117.032462, 46.419755 ], [ -117.025046, 46.429159 ], [ -117.025848, 46.589461 ], [ -117.026678, 46.749751 ], [ -117.027502, 46.910053 ], [ -117.028331, 47.070354 ], [ -117.029155, 47.230656 ], [ -117.029985, 47.390957 ], [ -117.030809, 47.551259 ], [ -117.031638, 47.71156 ], [ -117.032462, 47.871862 ], [ -117.033292, 48.032163 ], [ -117.034116, 48.192454 ], [ -117.034918, 48.352756 ], [ -117.03572, 48.513057 ], [ -117.036544, 48.673359 ], [ -117.037373, 48.83366 ], [ -117.039054, 48.993083 ] ] } },
{ "type": "Feature", "properties": { "FEATURECLA": "Admin-1 boundary", "NAME": null, "ADM0_A3": "USA", "ADM0_NAME": "United States of America", "MAPCOLOR9": 1, "MAPCOLOR13": 1, "SCALERANK": 2, "MIN_ZOOM": 2.0, "FCLASS_ISO": null, "FCLASS_US": null, "FCLASS_FR": null, "FCLASS_RU": null, "FCLASS_ES": null, "FCLASS_CN": null, "FCLASS_TW": null, "FCLASS_IN": null, "FCLASS_NP": null, "FCLASS_PK": null, "FCLASS_DE": null, "FCLASS_GB": null, "FCLASS_BR": null, "FCLASS_IL": null, "FCLASS_PS": null, "FCLASS_SA": null, "FCLASS_EG": null, "FCLASS_MA": null, "FCLASS_PT": null, "FCLASS_AR": null, "FCLASS_JP": null, "FCLASS_KO": null, "FCLASS_VN": null, "FCLASS_TR": null, "FCLASS_ID": null, "FCLASS_PL": null, "FCLASS_GR": null, "FCLASS_IT": null, "FCLASS_NL": null, "FCLASS_SE": null, "FCLASS_BD": null, "FCLASS_UA": null, "NE_ID": 1746745045, "BRK_A3": null, "FCLASS_TLC": null }, "geometry": { "type": "LineString", "coordinates": [ [ -117.016675, 42.000559 ], [ -117.017114, 42.223779 ], [ -117.017581, 42.446967 ], [ -117.018021, 42.670165 ], [ -117.01846, 42.893352 ], [ -117.0189, 43.11654 ], [ -117.019339, 43.339727 ], [ -117.0198, 43.562925 ], [ -117.02024, 43.808437 ], [ -117.020498, 43.813194 ], [ -116.957634, 43.964135 ], [ -116.943967, 44.037677 ], [ -116.960683, 44.079118 ], [ -116.949779, 44.119009 ], [ -116.91131, 44.157406 ], [ -116.91242, 44.199473 ], [ -116.95319, 44.245308 ], [ -117.028952, 44.275542 ], [ -117.139744, 44.290264 ], [ -117.197312, 44.3438 ], [ -117.201701, 44.436206 ], [ -117.118919, 44.578314 ], [ -116.948955, 44.770114 ], [ -116.855857, 44.90574 ], [ -116.839553, 44.98516 ], [ -116.737342, 45.168841 ], [ -116.549157, 45.456737 ], [ -116.477043, 45.641088 ], [ -116.520917, 45.721914 ], [ -116.616827, 45.79917 ], [ -116.764725, 45.87291 ], [ -116.869194, 45.958483 ], [ -116.896479, 46.002099 ] ] } },
{ "type": "Feature", "properties": { "FEATURECLA": "Admin-1 boundary", "NAME": null, "ADM0_A3": "USA", "ADM0_NAME": "United States of America", "MAPCOLOR9": 1, "MAPCOLOR13": 1, "SCALERANK": 2, "MIN_ZOOM": 2.0, "FCLASS_ISO": null, "FCLASS_US": null, "FCLASS_FR": null, "FCLASS_RU": null, "FCLASS_ES": null, "FCLASS_CN": null, "FCLASS_TW": null, "FCLASS_IN": null, "FCLASS_NP": null, "FCLASS_PK": null, "FCLASS_DE": null, "FCLASS_GB": null, "FCLASS_BR": null, "FCLASS_IL": null, "FCLASS_PS": null, "FCLASS_SA": null, "FCLASS_EG": null, "FCLASS_MA": null, "FCLASS_PT": null, "FCLASS_AR": null, "FCLASS_JP": null, "FCLASS_KO": null, "FCLASS_VN": null, "FCLASS_TR": null, "FCLASS_ID": null, "FCLASS_PL": null, "FCLASS_GR": null, "FCLASS_IT": null, "FCLASS_NL": null, "FCLASS_SE": null, "FCLASS_BD": null, "FCLASS_UA": null, "NE_ID": 1746714599, "BRK_A3": null, "FCLASS_TLC": null }, "geometry": { "type": "LineString", "coordinates": [ [ -96.480953, 42.511259 ], [ -96.451004, 42.505985 ], [ -96.383751, 42.417776 ], [ -96.356104, 42.260133 ], [ -96.295333, 42.132912 ], [ -96.201384, 42.036122 ], [ -96.154203, 41.965293 ], [ -96.153763, 41.920436 ], [ -96.13123, 41.872437 ], [ -96.086637, 41.821372 ], [ -96.068806, 41.734328 ], [ -96.077771, 41.611281 ], [ -96.058627, 41.54578 ], [ -96.011397, 41.537881 ], [ -95.990957, 41.52049 ], [ -95.997367, 41.493639 ], [ -95.98158, 41.473798 ], [ -95.943567, 41.460933 ], [ -95.932977, 41.425458 ], [ -95.94972, 41.367428 ], [ -95.936025, 41.330986 ], [ -95.891943, 41.316166 ], [ -95.883626, 41.287557 ], [ -95.911169, 41.245183 ], [ -95.906906, 41.21195 ], [ -95.870887, 41.187824 ], [ -95.846597, 41.080333 ], [ -95.834017, 40.88949 ], [ -95.838148, 40.777748 ], [ -95.859, 40.745108 ], [ -95.826107, 40.676179 ], [ -95.765029, 40.601868 ] ] } },
{ "type": "Feature", "properties": { "FEATURECLA": "Admin-1 boundary", "NAME": null, "ADM0_A3": "USA", "ADM0_NAME": "United States of America", "MAPCOLOR9": 1, "MAPCOLOR13": 1, "SCALERANK": 2, "MIN_ZOOM": 2.0, "FCLASS_ISO": null, "FCLASS_US": null, "FCLASS_FR": null, "FCLASS_RU": null, "FCLASS_ES": null, "FCLASS_CN": null, "FCLASS_TW": null, "FCLASS_IN": null, "FCLASS_NP": null, "FCLASS_PK": null, "FCLASS_DE": null, "FCLASS_GB": null, "FCLASS_BR": null, "FCLASS_IL": null, "FCLASS_PS": null, "FCLASS_SA": null, "FCLASS_EG": null, "FCLASS_MA": null, "FCLASS_PT": null, "FCLASS_AR": null, "FCLASS_JP": null, "FCLASS_KO": null, "FCLASS_VN": null, "FCLASS_TR": null, "FCLASS_ID": null, "FCLASS_PL": null, "FCLASS_GR": null, "FCLASS_IT": null, "FCLASS_NL": null, "FCLASS_SE": null, "FCLASS_BD": null, "FCLASS_UA": null, "NE_ID": 1746714563, "BRK_A3": null, "FCLASS_TLC": null }, "geometry": { "type": "LineString", "coordinates": [ [ -96.480953, 42.511259 ], [ -96.55795, 42.524794 ], [ -96.632778, 42.568673 ], [ -96.675542, 42.637601 ], [ -96.804527, 42.701421 ], [ -97.019733, 42.760176 ], [ -97.164478, 42.813196 ], [ -97.23879, 42.860536 ], [ -97.416658, 42.881004 ], [ -97.698139, 42.874643 ], [ -97.880918, 42.849583 ], [ -97.964947, 42.805868 ], [ -98.143283, 42.852263 ], [ -98.441765, 43.001095 ], [ -98.837141, 43.001249 ], [ -99.183271, 43.001249 ], [ -99.529373, 43.001249 ], [ -99.875475, 43.001249 ], [ -100.221605, 43.001249 ], [ -100.567708, 43.001282 ], [ -100.91381, 43.001304 ], [ -101.25994, 43.001304 ], [ -101.606064, 43.001304 ], [ -101.952172, 43.001326 ], [ -102.298274, 43.001359 ], [ -102.644398, 43.001359 ], [ -102.990528, 43.001359 ], [ -103.33663, 43.001381 ], [ -103.682738, 43.001403 ], [ -104.028862, 43.001403 ] ] } },
{ "type": "Feature", "properties": { "FEATURECLA": "Admin-1 boundary", "NAME": null, "ADM0_A3": "USA", "ADM0_NAME": "United States of America", "MAPCOLOR9": 1, "MAPCOLOR13": 1, "SCALERANK": 2, "MIN_ZOOM": 2.0, "FCLASS_ISO": null, "FCLASS_US": null, "FCLASS_FR": null, "FCLASS_RU": null, "FCLASS_ES": null, "FCLASS_CN": null, "FCLASS_TW": null, "FCLASS_IN": null, "FCLASS_NP": null, "FCLASS_PK": null, "FCLASS_DE": null, "FCLASS_GB": null, "FCLASS_BR": null, "FCLASS_IL": null, "FCLASS_PS": null, "FCLASS_SA": null, "FCLASS_EG": null, "FCLASS_MA": null, "FCLASS_PT": null, "FCLASS_AR": null, "FCLASS_JP": null, "FCLASS_KO": null, "FCLASS_VN": null, "FCLASS_TR": null, "FCLASS_ID": null, "FCLASS_PL": null, "FCLASS_GR": null, "FCLASS_IT": null, "FCLASS_NL": null, "FCLASS_SE": null, "FCLASS_BD": null, "FCLASS_UA": null, "NE_ID": 1746745411, "BRK_A3": null, "FCLASS_TLC": null }, "geometry": { "type": "LineString", "coordinates": [ [ -90.650585, 42.512984 ], [ -90.589633, 42.444802 ], [ -90.484735, 42.383257 ], [ -90.425036, 42.325656 ], [ -90.41049, 42.272075 ], [ -90.346571, 42.214837 ], [ -90.233214, 42.154016 ], [ -90.167516, 42.100304 ], [ -90.149433, 42.053711 ], [ -90.152443, 41.98152 ], [ -90.176613, 41.883643 ], [ -90.217768, 41.81311 ], [ -90.276006, 41.770011 ], [ -90.319237, 41.709652 ], [ -90.347527, 41.632034 ], [ -90.43667, 41.560359 ], [ -90.586732, 41.494727 ], [ -90.754065, 41.449826 ], [ -90.938756, 41.42559 ], [ -91.048114, 41.369098 ], [ -91.082106, 41.280318 ], [ -91.066505, 41.205907 ], [ -91.001334, 41.145966 ], [ -90.963827, 41.082531 ], [ -90.954005, 41.01558 ], [ -91.000126, 40.904684 ], [ -91.102134, 40.749788 ], [ -91.215128, 40.649559 ], [ -91.339043, 40.603977 ], [ -91.394184, 40.536653 ], [ -91.380539, 40.447554 ], [ -91.390778, 40.397127 ], [ -91.441952, 40.37945 ] ] } },
{ "type": "Feature", "properties": { "FEATURECLA": "Admin-1 boundary", "NAME": null, "ADM0_A3": "USA", "ADM0_NAME": "United States of America", "MAPCOLOR9": 1, "MAPCOLOR13": 1, "SCALERANK": 2, "MIN_ZOOM": 2.0, "FCLASS_ISO": null, "FCLASS_US": null, "FCLASS_FR": null, "FCLASS_RU": null, "FCLASS_ES": null, "FCLASS_CN": null, "FCLASS_TW": null, "FCLASS_IN": null, "FCLASS_NP": null, "FCLASS_PK": null, "FCLASS_DE": null, "FCLASS_GB": null, "FCLASS_BR": null, "FCLASS_IL": null, "FCLASS_PS": null, "FCLASS_SA": null, "FCLASS_EG": null, "FCLASS_MA": null, "FCLASS_PT": null, "FCLASS_AR": null, "FCLASS_JP": null, "FCLASS_KO": null, "FCLASS_VN": null, "FCLASS_TR": null, "FCLASS_ID": null, "FCLASS_PL": null, "FCLASS_GR": null, "FCLASS_IT": null, "FCLASS_NL": null, "FCLASS_SE": null, "FCLASS_BD": null, "FCLASS_UA": null, "NE_ID": 1746745401, "BRK_A3": null, "FCLASS_TLC": null }, "geometry": { "type": "LineString", "coordinates": [ [ -91.245253, 43.502412 ], [ -91.238277, 43.440241 ], [ -91.218688, 43.395285 ], [ -91.178357, 43.358931 ], [ -91.117196, 43.331157 ], [ -91.106968, 43.278028 ], [ -91.147585, 43.199585 ], [ -91.161328, 43.102334 ], [ -91.148156, 42.986209 ], [ -91.117592, 42.881652 ], [ -91.069582, 42.788554 ], [ -90.959949, 42.72034 ], [ -90.788749, 42.676933 ], [ -90.687873, 42.610322 ], [ -90.657331, 42.520509 ], [ -90.650585, 42.512984 ] ] } },
{ "type": "Feature", "properties": { "FEATURECLA": "Admin-1 boundary", "NAME": null, "ADM0_A3": "USA", "ADM0_NAME": "United States of America", "MAPCOLOR9": 1, "MAPCOLOR13": 1, "SCALERANK": 2, "MIN_ZOOM": 2.0, "FCLASS_ISO": null, "FCLASS_US": null, "FCLASS_FR": null, "FCLASS_RU": null, "FCLASS_ES": null, "FCLASS_CN": null, "FCLASS_TW": null, "FCLASS_IN": null, "FCLASS_NP": null, "FCLASS_PK": null, "FCLASS_DE": null, "FCLASS_GB": null, "FCLASS_BR": null, "FCLASS_IL": null, "FCLASS_PS": null, "FCLASS_SA": null, "FCLASS_EG": null, "FCLASS_MA": null, "FCLASS_PT": null, "FCLASS_AR": null, "FCLASS_JP": null, "FCLASS_KO": null, "FCLASS_VN": null, "FCLASS_TR": null, "FCLASS_ID": null, "FCLASS_PL": null, "FCLASS_GR": null, "FCLASS_IT": null, "FCLASS_NL": null, "FCLASS_SE": null, "FCLASS_BD": null, "FCLASS_UA": null, "NE_ID": 1746745405, "BRK_A3": null, "FCLASS_TLC": null }, "geometry": { "type": "LineString", "coordinates": [ [ -91.245253, 43.502412 ], [ -91.278432, 43.797428 ], [ -91.319916, 43.936284 ], [ -91.382692, 43.990799 ], [ -91.514846, 44.054212 ], [ -91.716435, 44.126458 ], [ -91.840976, 44.194156 ], [ -91.912299, 44.288869 ], [ -92.055121, 44.39982 ], [ -92.148582, 44.445248 ], [ -92.240307, 44.462145 ], [ -92.313091, 44.497796 ], [ -92.366941, 44.552266 ], [ -92.441587, 44.586576 ], [ -92.537031, 44.600792 ], [ -92.643538, 44.645342 ], [ -92.769809, 44.72585 ], [ -92.7726, 44.732002 ], [ -92.799214, 44.790032 ], [ -92.784668, 44.822563 ], [ -92.763404, 44.934261 ], [ -92.765212, 44.96945 ], [ -92.79304, 45.071359 ], [ -92.759059, 45.11058 ], [ -92.76614, 45.236461 ], [ -92.753918, 45.277572 ], [ -92.685808, 45.380536 ], [ -92.682605, 45.433095 ], [ -92.707022, 45.493761 ], [ -92.757461, 45.543244 ], [ -92.892488, 45.594759 ], [ -92.89652, 45.658578 ], [ -92.874712, 45.706094 ], [ -92.786448, 45.795501 ], [ -92.738081, 45.874668 ], [ -92.693949, 45.909012 ], [ -92.424613, 46.027807 ], [ -92.367276, 46.035981 ], [ -92.325473, 46.069588 ], [ -92.292629, 46.084375 ], [ -92.292371, 46.22845 ], [ -92.29214, 46.372547 ], [ -92.291904, 46.516643 ], [ -92.291646, 46.660718 ], [ -92.224003, 46.671023 ], [ -92.194549, 46.706971 ], [ -92.125346, 46.763012 ], [ -92.093266, 46.761902 ], [ -91.964923, 46.729778 ], [ -91.840778, 46.77859 ], [ -91.716643, 46.827425 ], [ -91.59252, 46.876259 ], [ -91.468363, 46.925093 ], [ -91.264787, 47.021114 ], [ -91.061188, 47.117068 ], [ -90.8576, 47.213089 ], [ -90.654024, 47.309098 ], [ -90.479923, 47.303627 ], [ -90.305856, 47.298123 ], [ -90.131778, 47.292619 ], [ -89.957677, 47.287137 ] ] } },
{ "type": "Feature", "properties": { "FEATURECLA": "Admin-1 boundary", "NAME": null, "ADM0_A3": "USA", "ADM0_NAME": "United States of America", "MAPCOLOR9": 1, "MAPCOLOR13": 1, "SCALERANK": 2, "MIN_ZOOM": 2.0, "FCLASS_ISO": null, "FCLASS_US": null, "FCLASS_FR": null, "FCLASS_RU": null, "FCLASS_ES": null, "FCLASS_CN": null, "FCLASS_TW": null, "FCLASS_IN": null, "FCLASS_NP": null, "FCLASS_PK": null, "FCLASS_DE": null, "FCLASS_GB": null, "FCLASS_BR": null, "FCLASS_IL": null, "FCLASS_PS": null, "FCLASS_SA": null, "FCLASS_EG": null, "FCLASS_MA": null, "FCLASS_PT": null, "FCLASS_AR": null, "FCLASS_JP": null, "FCLASS_KO": null, "FCLASS_VN": null, "FCLASS_TR": null, "FCLASS_ID": null, "FCLASS_PL": null, "FCLASS_GR": null, "FCLASS_IT": null, "FCLASS_NL": null, "FCLASS_SE": null, "FCLASS_BD": null, "FCLASS_UA": null, "NE_ID": 1746745439, "BRK_A3": null, "FCLASS_TLC": null }, "geometry": { "type": "LineString", "coordinates": [ [ -88.041991, 37.788851 ], [ -88.095319, 37.875566 ], [ -88.091122, 37.896649 ], [ -88.059108, 37.898363 ], [ -88.042496, 37.93665 ], [ -88.044518, 38.013291 ], [ -88.026127, 38.059587 ], [ -87.996046, 38.074419 ], [ -87.990256, 38.089305 ], [ -88.005143, 38.098402 ], [ -88.006022, 38.113278 ], [ -87.958056, 38.144292 ], [ -87.948552, 38.178009 ], [ -87.97749, 38.21444 ], [ -87.980413, 38.249189 ], [ -87.957265, 38.282214 ], [ -87.921427, 38.297507 ], [ -87.872955, 38.295024 ], [ -87.827164, 38.335564 ], [ -87.784065, 38.419104 ], [ -87.735231, 38.469905 ], [ -87.680662, 38.487988 ], [ -87.635958, 38.542612 ], [ -87.583773, 38.67937 ], [ -87.529457, 38.742289 ], [ -87.51768, 38.811821 ], [ -87.530281, 38.908897 ], [ -87.568294, 39.00718 ], [ -87.631696, 39.106705 ], [ -87.647285, 39.168745 ], [ -87.614985, 39.193289 ], [ -87.602912, 39.234147 ], [ -87.611052, 39.291353 ], [ -87.579115, 39.343977 ], [ -87.532918, 39.37486 ], [ -87.532742, 39.379144 ], [ -87.53127, 39.662438 ], [ -87.529819, 39.962189 ], [ -87.528369, 40.26194 ], [ -87.52693, 40.561713 ], [ -87.52548, 40.861486 ], [ -87.524008, 41.161237 ], [ -87.522536, 41.460988 ], [ -87.521085, 41.760761 ], [ -87.371408, 41.760761 ], [ -87.221257, 41.760728 ] ] } },
{ "type": "Feature", "properties": { "FEATURECLA": "Admin-1 boundary", "NAME": null, "ADM0_A3": "CAN", "ADM0_NAME": "Canada", "MAPCOLOR9": 2, "MAPCOLOR13": 2, "SCALERANK": 2, "MIN_ZOOM": 2.0, "FCLASS_ISO": null, "FCLASS_US": null, "FCLASS_FR": null, "FCLASS_RU": null, "FCLASS_ES": null, "FCLASS_CN": null, "FCLASS_TW": null, "FCLASS_IN": null, "FCLASS_NP": null, "FCLASS_PK": null, "FCLASS_DE": null, "FCLASS_GB": null, "FCLASS_BR": null, "FCLASS_IL": null, "FCLASS_PS": null, "FCLASS_SA": null, "FCLASS_EG": null, "FCLASS_MA": null, "FCLASS_PT": null, "FCLASS_AR": null, "FCLASS_JP": null, "FCLASS_KO": null, "FCLASS_VN": null, "FCLASS_TR": null, "FCLASS_ID": null, "FCLASS_PL": null, "FCLASS_GR": null, "FCLASS_IT": null, "FCLASS_NL": null, "FCLASS_SE": null, "FCLASS_BD": null, "FCLASS_UA": null, "NE_ID": 1746729557, "BRK_A3": null, "FCLASS_TLC": null }, "geometry": { "type": "LineString", "coordinates": [ [ -79.521346, 51.544712 ], [ -79.520357, 51.225889 ], [ -79.520467, 50.965986 ], [ -79.519555, 50.918525 ], [ -79.51938, 50.74215 ], [ -79.518885, 50.500275 ], [ -79.518402, 50.2584 ], [ -79.517908, 50.016536 ], [ -79.517413, 49.774683 ], [ -79.516919, 49.532819 ], [ -79.516435, 49.290944 ], [ -79.515941, 49.049102 ], [ -79.515447, 48.807227 ], [ -79.514963, 48.565352 ], [ -79.514469, 48.323488 ], [ -79.513974, 48.081613 ], [ -79.513458, 47.839738 ], [ -79.512975, 47.556422 ], [ -79.513249, 47.55105 ], [ -79.559293, 47.483045 ], [ -79.546714, 47.407448 ], [ -79.479225, 47.318865 ], [ -79.441937, 47.227657 ], [ -79.434917, 47.133811 ], [ -79.364945, 47.02196 ], [ -79.165554, 46.827172 ], [ -79.01458, 46.606512 ], [ -78.903168, 46.486464 ], [ -78.781, 46.393443 ], [ -78.460451, 46.306892 ], [ -77.682652, 46.186669 ], [ -77.373003, 46.063699 ], [ -77.371344, 46.062853 ], [ -77.292748, 45.976775 ], [ -77.282464, 45.961999 ], [ -77.266798, 45.929391 ], [ -77.233235, 45.903584 ], [ -77.100685, 45.832657 ], [ -77.030844, 45.807465 ], [ -76.976748, 45.798105 ], [ -76.940932, 45.800972 ], [ -76.92553, 45.819682 ], [ -76.912895, 45.8758 ], [ -76.890208, 45.890269 ], [ -76.871609, 45.887434 ], [ -76.823708, 45.879678 ], [ -76.753813, 45.79783 ], [ -76.666582, 45.642593 ], [ -76.553126, 45.542079 ], [ -76.413446, 45.496343 ], [ -76.269942, 45.483939 ], [ -76.122638, 45.504868 ], [ -76.000623, 45.483632 ], [ -75.903966, 45.42023 ], [ -75.626132, 45.450761 ], [ -75.167135, 45.575302 ], [ -74.864187, 45.642176 ], [ -74.717212, 45.651371 ], [ -74.577224, 45.6322 ], [ -74.396565, 45.56771 ], [ -74.415011, 45.508846 ], [ -74.453067, 45.393555 ], [ -74.478061, 45.317903 ], [ -74.412945, 45.269102 ], [ -74.340446, 45.214445 ] ] } }
]
}
