{
"type": "FeatureCollection",
"name": "ne_50m_admin_0_countries",
"crs": { "type": "name", "properties": { "name": "urn:ogc:def:crs:OGC:1.3:CRS84" } },
"features": [
{ "type": "Feature", "properties": { "featurecla": "Admin-0 country", "scalerank": 5, "LABELRANK": 2, "SOVEREIGNT": "United States of America", "SOV_A3": "US1", "ADM0_DIF": 1, "LEVEL": 2, "TYPE": "Country", "TLC": "1", "ADMIN": "United States of America", "ADM0_A3": "USA", "GEOU_DIF": 0, "GEOUNIT": "United States of America", "GU_A3": "USA", "SU_DIF": 0, "SUBUNIT": "United States", "SU_A3": "USA", "BRK_DIFF": 0, "NAME": "United States of America", "NAME_LONG": "United States", "BRK_A3": "USA", "BRK_NAME": "United States", "BRK_GROUP": null, "ABBREV": "U.S.A.", "POSTAL": "US", "FORMAL_EN": "United States of America", "FORMAL_FR": null, "NAME_CIAWF": "United States", "NOTE_ADM0": null, "NOTE_BRK": null, "NAME_SORT": "United States of America", "NAME_ALT": null, "MAPCOLOR7": 4, "MAPCOLOR8": 5, "MAPCOLOR9": 1, "MAPCOLOR13": 1, "POP_EST": 328239523.0, "POP_RANK": 17, "POP_YEAR": 2019, "GDP_MD": 21433226, "GDP_YEAR": 2019, "ECONOMY": "1. Developed region: G7", "INCOME_GRP": "1. High income: OECD", "FIPS_10": "US", "ISO_A2": "US", "ISO_A2_EH": "US", "ISO_A3": "USA", "ISO_A3_EH": "USA", "ISO_N3": "840", "ISO_N3_EH": "840", "UN_A3": "840", "WB_A2": "US", "WB_A3": "USA", "WOE_ID": 23424977, "WOE_ID_EH": 23424977, "WOE_NOTE": "Exact WOE match as country", "ADM0_ISO": "USA", "ADM0_DIFF": null, "ADM0_TLC": "USA", "ADM0_A3_US": "USA", "ADM0_A3_FR": "USA", "ADM0_A3_RU": "USA", "ADM0_A3_ES": "USA", "ADM0_A3_CN": "USA", "ADM0_A3_TW": "USA", "ADM0_A3_IN": "USA", "ADM0_A3_NP": "USA", "ADM0_A3_PK": "USA", "ADM0_A3_DE": "USA", "ADM0_A3_GB": "USA", "ADM0_A3_BR": "USA", "ADM0_A3_IL": "USA", "ADM0_A3_PS": "USA", "ADM0_A3_SA": "USA", "ADM0_A3_EG": "USA", "ADM0_A3_MA": "USA", "ADM0_A3_PT": "USA", "ADM0_A3_AR": "USA", "ADM0_A3_JP": "USA", "ADM0_A3_KO": "USA", "ADM0_A3_VN": "USA", "ADM0_A3_TR": "USA", "ADM0_A3_ID": "USA", "ADM0_A3_PL": "USA", "ADM0_A3_GR": "USA", "ADM0_A3_IT": "USA", "ADM0_A3_NL": "USA", "ADM0_A3_SE": "USA", "ADM0_A3_BD": "USA", "ADM0_A3_UA": "USA", "ADM0_A3_UN": -99, "ADM0_A3_WB": -99, "CONTINENT": "North America", "REGION_UN": "Americas", "SUBREGION": "Northern America", "REGION_WB": "North America", "NAME_LEN": 24, "LONG_LEN": 13, "ABBREV_LEN": 6, "TINY": -99, "HOMEPART": 1, "MIN_ZOOM": 0.0, "MIN_LABEL": 1.7, "MAX_LABEL": 5.7, "LABEL_X": -97.482602, "LABEL_Y": 39.538479, "NE_ID": 1159321369, "WIKIDATAID": "Q30", "NAME_AR": "الولايات المتحدة", "NAME_BN": "মার্কিন যুক্তরাষ্ট্র", "NAME_DE": "Vereinigte Staaten", "NAME_EN": "United States of America", "NAME_ES": "Estados Unidos", "NAME_FA": "ایالات متحده آمریکا", "NAME_FR": "États-Unis", "NAME_EL": "Ηνωμένες Πολιτείες Αμερικής", "NAME_HE": "ארצות הברית", "NAME_HI": "संयुक्त राज्य अमेरिका", "NAME_HU": "Amerikai Egyesült Államok", "NAME_ID": "Amerika Serikat", "NAME_IT": "Stati Uniti d'America", "NAME_JA": "アメリカ合衆国", "NAME_KO": "미국", "NAME_NL": "Verenigde Staten van Amerika", "NAME_PL": "Stany Zjednoczone", "NAME_PT": "Estados Unidos", "NAME_RU": "США", "NAME_SV": "USA", "NAME_TR": "Amerika Birleşik Devletleri", "NAME_UK": "Сполучені Штати Америки", "NAME_UR": "ریاستہائے متحدہ امریکا", "NAME_VI": "Hoa Kỳ", "NAME_ZH": "美国", "NAME_ZHT": "美國", "FCLASS_ISO": "Admin-0 country", "TLC_DIFF": null, "FCLASS_TLC": "Admin-0 country", "FCLASS_US": null, "FCLASS_FR": null, "FCLASS_RU": null, "FCLASS_ES": null, "FCLASS_CN": null, "FCLASS_TW": null, "FCLASS_IN": null, "FCLASS_NP": null, "FCLASS_PK": null, "FCLASS_DE": null, "FCLASS_GB": null, "FCLASS_BR": null, "FCLASS_IL": null, "FCLASS_PS": null, "FCLASS_SA": null, "FCLASS_EG": null, "FCLASS_MA": null, "FCLASS_PT": null, "FCLASS_AR": null, "FCLASS_JP": null, "FCLASS_KO": null, "FCLASS_VN": null, "FCLASS_TR": null, "FCLASS_ID": null, "FCLASS_PL": null, "FCLASS_GR": null, "FCLASS_IT": null, "FCLASS_NL": null, "FCLASS_SE": null, "FCLASS_BD": null, "FCLASS_UA": null }, "geometry": { "type": "MultiPolygon", "coordinates": [ [ [ [ -132.746875, 56.525684 ], [ -132.757617, 56.511035 ], [ -132.884717, 56.512451 ], [ -132.930811, 56.524463 ], [ -132.948047, 56.567236 ], [ -132.93623, 56.606836 ], [ -132.906543, 56.637402 ], [ -132.870654, 56.696387 ], [ -132.842529, 56.794775 ], [ -132.655859, 56.684717 ], [ -132.598682, 56.635742 ], [ -132.567969, 56.57583 ], [ -132.634229, 56.553467 ], [ -132.714453, 56.542529 ], [ -132.746875, 56.525684 ] ] ], [ [ [ -132.779883, 56.247266 ], [ -132.830957, 56.244141 ], [ -132.891455, 56.259424 ], [ -133.03501, 56.340918 ], [ -133.037646, 56.364844 ], [ -133.01709, 56.391992 ], [ -132.935498, 56.441797 ], [ -132.902051, 56.45376 ], [ -132.706055, 56.448486 ], [ -132.643359, 56.435156 ], [ -132.629102, 56.411914 ], [ -132.632275, 56.388281 ], [ -132.652832, 56.364355 ], [ -132.657568, 56.339307 ], [ -132.646582, 56.313184 ], [ -132.669385, 56.287305 ], [ -132.779883, 56.247266 ] ] ], [ [ [ -134.312744, 58.228906 ], [ -134.319873, 58.204102 ], [ -134.45625, 58.206543 ], [ -134.593994, 58.243115 ], [ -134.661572, 58.290918 ], [ -134.647998, 58.312402 ], [ -134.519971, 58.33252 ], [ -134.398877, 58.287207 ], [ -134.312744, 58.228906 ] ] ], [ [ [ -145.118506, 60.337109 ], [ -145.150488, 60.312646 ], [ -145.237646, 60.321338 ], [ -145.284277, 60.336816 ], [ -145.128125, 60.401123 ], [ -145.102441, 60.388232 ], [ -145.118506, 60.337109 ] ] ], [ [ [ -144.565625, 59.818408 ], [ -144.613574, 59.812646 ], [ -144.541553, 59.878223 ], [ -144.444922, 59.950684 ], [ -144.353955, 59.996191 ], [ -144.235742, 60.015186 ], [ -144.248975, 59.982129 ], [ -144.403223, 59.921094 ], [ -144.565625, 59.818408 ] ] ], [ [ [ -148.021777, 60.065332 ], [ -148.07417, 60.034717 ], [ -148.271875, 60.053271 ], [ -148.230664, 60.113525 ], [ -148.07959, 60.15166 ], [ -147.914209, 60.092334 ], [ -148.021777, 60.065332 ] ] ], [ [ [ -152.020752, 60.361719 ], [ -152.069043, 60.358057 ], [ -152.004492, 60.407422 ], [ -151.959717, 60.50376 ], [ -151.899414, 60.490381 ], [ -151.887305, 60.472705 ], [ -151.986914, 60.373975 ], [ -152.020752, 60.361719 ] ] ], [ [ [ -160.329297, 55.337695 ], [ -160.343311, 55.258789 ], [ -160.480762, 55.308984 ], [ -160.51748, 55.333838 ], [ -160.49292, 55.352344 ], [ -160.362305, 55.356982 ], [ -160.329297, 55.337695 ] ] ], [ [ [ -159.362012, 54.972412 ], [ -159.394482, 54.967334 ], [ -159.421338, 54.978125 ], [ -159.458496, 55.034961 ], [ -159.461914, 55.058789 ], [ -159.39043, 55.040869 ], [ -159.363184, 54.999512 ], [ -159.362012, 54.972412 ] ] ], [ [ [ -159.515137, 55.151855 ], [ -159.52041, 55.072168 ], [ -159.534961, 55.059619 ], [ -159.561475, 55.080908 ], [ -159.617725, 55.057324 ], [ -159.648486, 55.074561 ], [ -159.6354, 55.102344 ], [ -159.639648, 55.123975 ], [ -159.597949, 55.125684 ], [ -159.588037, 55.165332 ], [ -159.595264, 55.182031 ], [ -159.574756, 55.217725 ], [ -159.545068, 55.225977 ], [ -159.515137, 55.151855 ] ] ], [ [ [ -166.209766, 53.723291 ], [ -166.223828, 53.72041 ], [ -166.249414, 53.745166 ], [ -166.250732, 53.767773 ], [ -166.234375, 53.78418 ], [ -166.187744, 53.822461 ], [ -166.154541, 53.836133 ], [ -166.113721, 53.843066 ], [ -166.102686, 53.832812 ], [ -166.138623, 53.787402 ], [ -166.18374, 53.756885 ], [ -166.209766, 53.723291 ] ] ], [ [ [ -176.008984, 51.812354 ], [ -176.093359, 51.790479 ], [ -176.204443, 51.834814 ], [ -176.193652, 51.886279 ], [ -176.071631, 51.843311 ], [ -176.008984, 51.812354 ] ] ], [ [ [ -166.109863, 66.227441 ], [ -166.148633, 66.221826 ], [ -166.146484, 66.237158 ], [ -166.03252, 66.277734 ], [ -165.822217, 66.328076 ], [ -165.829883, 66.317139 ], [ -165.942285, 66.278174 ], [ -166.109863, 66.227441 ] ] ], [ [ [ -171.463037, 63.640039 ], [ -171.447852, 63.615674 ], [ -171.343359, 63.619629 ], [ -171.196924, 63.609131 ], [ -171.034863, 63.585498 ], [ -170.874609, 63.593994 ], [ -170.67251, 63.668848 ], [ -170.551855, 63.688477 ], [ -170.43042, 63.698828 ], [ -170.299365, 63.680615 ], [ -170.171289, 63.640918 ], [ -170.121826, 63.617529 ], [ -170.082422, 63.57666 ], [ -170.056299, 63.527197 ], [ -170.017383, 63.491748 ], [ -169.777441, 63.447998 ], [ -169.624121, 63.430566 ], [ -169.587207, 63.406592 ], [ -169.554541, 63.373486 ], [ -169.427588, 63.34834 ], [ -169.295068, 63.35752 ], [ -169.221094, 63.348584 ], [ -168.996045, 63.347314 ], [ -168.716016, 63.310596 ], [ -168.761328, 63.21377 ], [ -168.852393, 63.17124 ], [ -169.109033, 63.184912 ], [ -169.364697, 63.171143 ], [ -169.47085, 63.121289 ], [ -169.559277, 63.058203 ], [ -169.571289, 62.996777 ], [ -169.622852, 62.968555 ], [ -169.676367, 62.956104 ], [ -169.719824, 62.990088 ], [ -169.777783, 63.09375 ], [ -169.818604, 63.122363 ], [ -169.863428, 63.140381 ], [ -169.988477, 63.173145 ], [ -170.115381, 63.193848 ], [ -170.1896, 63.196338 ], [ -170.243115, 63.232275 ], [ -170.272705, 63.284277 ], [ -170.323535, 63.311133 ], [ -170.42417, 63.349268 ], [ -170.5271, 63.379297 ], [ -170.848389, 63.444385 ], [ -170.954053, 63.45293 ], [ -171.06123, 63.445898 ], [ -171.176025, 63.416211 ], [ -171.287305, 63.372168 ], [ -171.401172, 63.339258 ], [ -171.519141, 63.331982 ], [ -171.631836, 63.351221 ], [ -171.737842, 63.394238 ], [ -171.790967, 63.424707 ], [ -171.819385, 63.477246 ], [ -171.81792, 63.529834 ], [ -171.803516, 63.580518 ], [ -171.746387, 63.703076 ], [ -171.646484, 63.727002 ], [ -171.463037, 63.640039 ] ] ], [ [ [ -166.135449, 60.383545 ], [ -166.043652, 60.333936 ], [ -165.994922, 60.331152 ], [ -165.840918, 60.34624 ], [ -165.784473, 60.335596 ], [ -165.729688, 60.314209 ], [ -165.695801, 60.281543 ], [ -165.689355, 60.224121 ], [ -165.714404, 60.172852 ], [ -165.706934, 60.100586 ], [ -165.712354, 60.069336 ], [ -165.630566, 60.028369 ], [ -165.605029, 59.972803 ], [ -165.591797, 59.913135 ], [ -165.769287, 59.893213 ], [ -165.946729, 59.890039 ], [ -166.099854, 59.849609 ], [ -166.131201, 59.819775 ], [ -166.106689, 59.775439 ], [ -166.14873, 59.764111 ], [ -166.187549, 59.773828 ], [ -166.261621, 59.814893 ], [ -166.342969, 59.834424 ], [ -166.627637, 59.864648 ], [ -166.985059, 59.983887 ], [ -167.138867, 60.008545 ], [ -167.295117, 60.095703 ], [ -167.436426, 60.206641 ], [ -167.344336, 60.224463 ], [ -167.251709, 60.233545 ], [ -166.836328, 60.216992 ], [ -166.784375, 60.296436 ], [ -166.730957, 60.31626 ], [ -166.598975, 60.33877 ], [ -166.475684, 60.382764 ], [ -166.420361, 60.381689 ], [ -166.363867, 60.364746 ], [ -166.246973, 60.391162 ], [ -166.184961, 60.396777 ], [ -166.135449, 60.383545 ] ] ], [ [ [ -152.898047, 57.823926 ], [ -152.89082, 57.768994 ], [ -152.850146, 57.775684 ], [ -152.69624, 57.832275 ], [ -152.616016, 57.848877 ], [ -152.511572, 57.851465 ], [ -152.42876, 57.825684 ], [ -152.411914, 57.805908 ], [ -152.419141, 57.782324 ], [ -152.4854, 57.734424 ], [ -152.482617, 57.70332 ], [ -152.411475, 57.646094 ], [ -152.236523, 57.614893 ], [ -152.215283, 57.597705 ], [ -152.216211, 57.577002 ], [ -152.33667, 57.482227 ], [ -152.380859, 57.460107 ], [ -152.412207, 57.454785 ], [ -152.630957, 57.471826 ], [ -152.831152, 57.502881 ], [ -152.912158, 57.508154 ], [ -152.940771, 57.498096 ], [ -152.997461, 57.468945 ], [ -152.956836, 57.460352 ], [ -152.781348, 57.453418 ], [ -152.719531, 57.41084 ], [ -152.692529, 57.37959 ], [ -152.679053, 57.345117 ], [ -152.714063, 57.330957 ], [ -152.789111, 57.320654 ], [ -152.879053, 57.320801 ], [ -152.990283, 57.281982 ], [ -153.051611, 57.237646 ], [ -153.274365, 57.226367 ], [ -153.443701, 57.167187 ], [ -153.503564, 57.137988 ], [ -153.524414, 57.103076 ], [ -153.588281, 57.077686 ], [ -153.732568, 57.052344 ], [ -153.646533, 57.02959 ], [ -153.633057, 57.010352 ], [ -153.631445, 56.983691 ], [ -153.643311, 56.960742 ], [ -153.757227, 56.85835 ], [ -153.972705, 56.774219 ], [ -154.027344, 56.777979 ], [ -154.050781, 56.788477 ], [ -154.07002, 56.804541 ], [ -154.07085, 56.820654 ], [ -153.793213, 56.989502 ], [ -153.804199, 56.997803 ], [ -153.879736, 57.003516 ], [ -153.999365, 57.049951 ], [ -154.083789, 57.020068 ], [ -154.102979, 57.02124 ], [ -154.080469, 57.061035 ], [ -154.025439, 57.108496 ], [ -154.035059, 57.121826 ], [ -154.065332, 57.133691 ], [ -154.134863, 57.140771 ], [ -154.24375, 57.143018 ], [ -154.324414, 57.131787 ], [ -154.376807, 57.107031 ], [ -154.381104, 57.096533 ], [ -154.269531, 57.099463 ], [ -154.239209, 57.086865 ], [ -154.209131, 57.06333 ], [ -154.19082, 57.036133 ], [ -154.184326, 57.005322 ], [ -154.207715, 56.963818 ], [ -154.260938, 56.911768 ], [ -154.338965, 56.920898 ], [ -154.498779, 57.036572 ], [ -154.569336, 57.205908 ], [ -154.705957, 57.335352 ], [ -154.712207, 57.36626 ], [ -154.673193, 57.446094 ], [ -154.535303, 57.559424 ], [ -154.387061, 57.590479 ], [ -154.281445, 57.638086 ], [ -154.179346, 57.652441 ], [ -154.116162, 57.651221 ], [ -154.029834, 57.630713 ], [ -153.99502, 57.587305 ], [ -154.015869, 57.566895 ], [ -154.00791, 57.556152 ], [ -153.947363, 57.530078 ], [ -153.881885, 57.439014 ], [ -153.80542, 57.358203 ], [ -153.75459, 57.325342 ], [ -153.687695, 57.305127 ], [ -153.756934, 57.366846 ], [ -153.797803, 57.443262 ], [ -153.818359, 57.595605 ], [ -153.838135, 57.63584 ], [ -153.799463, 57.64668 ], [ -153.690137, 57.640723 ], [ -153.693164, 57.663428 ], [ -153.808496, 57.714746 ], [ -153.879443, 57.757178 ], [ -153.906104, 57.790771 ], [ -153.904443, 57.819873 ], [ -153.841553, 57.862842 ], [ -153.805811, 57.875098 ], [ -153.768994, 57.880371 ], [ -153.695605, 57.87124 ], [ -153.662646, 57.857813 ], [ -153.568555, 57.761084 ], [ -153.524463, 57.731006 ], [ -153.487939, 57.730957 ], [ -153.454053, 57.747021 ], [ -153.422705, 57.77915 ], [ -153.39043, 57.798389 ], [ -153.357129, 57.804688 ], [ -153.252393, 57.790479 ], [ -153.21748, 57.795752 ], [ -153.200293, 57.82002 ], [ -153.201025, 57.863281 ], [ -153.175195, 57.878857 ], [ -153.168848, 57.910645 ], [ -153.225928, 57.957617 ], [ -153.160449, 57.971973 ], [ -152.943262, 57.936035 ], [ -152.850391, 57.896777 ], [ -152.898047, 57.823926 ] ] ], [ [ [ -130.025098, 55.888232 ], [ -130.074658, 55.836035 ], [ -130.111963, 55.779785 ], [ -130.137061, 55.719385 ], [ -130.146533, 55.654492 ], [ -130.14043, 55.58501 ], [ -130.12041, 55.524414 ], [ -130.059473, 55.412305 ], [ -130.039258, 55.343604 ], [ -130.036572, 55.2979 ], [ -130.171826, 55.137012 ], [ -130.218506, 55.060254 ], [ -130.214063, 55.025879 ], [ -130.312549, 54.945947 ], [ -130.493262, 54.83418 ], [ -130.575342, 54.769678 ], [ -130.61582, 54.790918 ], [ -130.849609, 54.807617 ], [ -130.934619, 54.950391 ], [ -130.979688, 55.061182 ], [ -131.047852, 55.157666 ], [ -131.045898, 55.17959 ], [ -130.983936, 55.243945 ], [ -130.750391, 55.296973 ], [ -130.748193, 55.318018 ], [ -130.835059, 55.33208 ], [ -130.855957, 55.355127 ], [ -130.879785, 55.459521 ], [ -130.873389, 55.551123 ], [ -130.879639, 55.611816 ], [ -130.918555, 55.735986 ], [ -130.977002, 55.811963 ], [ -131.127686, 55.960156 ], [ -131.140381, 55.99751 ], [ -131.074023, 56.044385 ], [ -131.032764, 56.088086 ], [ -131.287598, 56.012109 ], [ -131.635254, 55.932227 ], [ -131.78418, 55.876562 ], [ -131.815479, 55.854199 ], [ -131.826172, 55.835352 ], [ -131.799072, 55.782812 ], [ -131.803271, 55.765967 ], [ -131.833594, 55.734912 ], [ -131.869434, 55.647168 ], [ -131.94502, 55.55415 ], [ -131.983398, 55.53501 ], [ -132.118994, 55.569775 ], [ -132.15542, 55.599561 ], [ -132.223437, 55.721045 ], [ -132.20752, 55.753418 ], [ -132.157959, 55.780664 ], [ -132.090674, 55.839551 ], [ -132.005713, 55.930078 ], [ -131.843848, 56.160107 ], [ -131.738037, 56.16123 ], [ -131.551367, 56.206787 ], [ -131.844238, 56.229639 ], [ -131.887891, 56.24165 ], [ -131.927295, 56.272998 ], [ -131.962305, 56.323682 ], [ -132.021924, 56.380078 ], [ -132.133252, 56.399854 ], [ -132.182031, 56.420654 ], [ -132.255566, 56.489111 ], [ -132.30498, 56.519873 ], [ -132.332031, 56.55791 ], [ -132.33667, 56.603125 ], [ -132.357666, 56.625879 ], [ -132.434424, 56.634131 ], [ -132.475928, 56.649658 ], [ -132.487109, 56.766406 ], [ -132.639502, 56.796436 ], [ -132.701953, 56.822266 ], [ -132.802197, 56.895166 ], [ -132.829883, 56.930615 ], [ -132.838818, 56.960205 ], [ -132.814258, 57.040723 ], [ -132.824609, 57.055811 ], [ -132.913428, 57.047461 ], [ -133.465869, 57.172168 ], [ -133.43667, 57.336865 ], [ -133.538965, 57.55415 ], [ -133.64873, 57.642285 ], [ -133.626953, 57.676514 ], [ -133.603369, 57.694678 ], [ -133.554199, 57.695068 ], [ -133.342334, 57.631104 ], [ -133.142822, 57.555127 ], [ -133.117041, 57.566211 ], [ -133.435742, 57.727051 ], [ -133.515479, 57.775146 ], [ -133.535205, 57.832959 ], [ -133.536426, 57.863867 ], [ -133.511133, 57.880127 ], [ -133.212061, 57.865674 ], [ -133.194336, 57.877686 ], [ -133.497412, 57.924658 ], [ -133.559375, 57.924463 ], [ -133.625732, 57.856982 ], [ -133.657275, 57.841016 ], [ -133.722314, 57.844238 ], [ -133.744141, 57.85459 ], [ -133.821387, 57.936377 ], [ -133.894482, 57.993262 ], [ -134.031104, 58.072168 ], [ -134.056738, 58.128369 ], [ -134.06333, 58.211084 ], [ -134.045264, 58.289258 ], [ -133.933643, 58.467871 ], [ -133.888525, 58.49873 ], [ -133.876758, 58.518164 ], [ -133.911133, 58.515234 ], [ -133.943848, 58.498291 ], [ -134.036133, 58.415332 ], [ -134.131201, 58.279346 ], [ -134.208838, 58.232959 ], [ -134.257617, 58.244189 ], [ -134.331445, 58.299609 ], [ -134.485449, 58.367188 ], [ -134.663623, 58.384717 ], [ -134.776123, 58.453857 ], [ -134.942529, 58.646289 ], [ -134.964795, 58.742188 ], [ -134.986133, 58.765625 ], [ -135.076465, 58.796777 ], [ -135.131836, 58.842871 ], [ -135.217383, 59.076611 ], [ -135.330322, 59.239063 ], [ -135.358447, 59.324902 ], [ -135.348926, 59.410059 ], [ -135.363672, 59.419434 ], [ -135.402539, 59.353076 ], [ -135.412744, 59.318457 ], [ -135.484082, 59.308691 ], [ -135.416943, 59.241504 ], [ -135.400146, 59.20791 ], [ -135.43374, 59.210693 ], [ -135.502344, 59.202295 ], [ -135.386133, 59.087549 ], [ -135.334082, 58.909619 ], [ -135.257031, 58.777734 ], [ -135.20708, 58.670898 ], [ -135.18457, 58.589746 ], [ -135.151904, 58.512207 ], [ -135.062012, 58.340869 ], [ -135.049707, 58.306787 ], [ -135.060498, 58.278906 ], [ -135.090234, 58.24585 ], [ -135.141553, 58.233398 ], [ -135.302539, 58.255908 ], [ -135.363135, 58.298291 ], [ -135.449951, 58.376123 ], [ -135.571777, 58.412061 ], [ -135.873437, 58.394238 ], [ -135.897559, 58.400195 ], [ -135.896338, 58.463818 ], [ -135.861719, 58.577051 ], [ -135.889551, 58.622705 ], [ -136.045508, 58.789111 ], [ -136.043115, 58.821631 ], [ -135.826367, 58.897949 ], [ -135.931689, 58.90376 ], [ -136.016602, 58.873975 ], [ -136.049365, 58.893213 ], [ -136.100635, 58.999854 ], [ -136.133691, 59.039551 ], [ -136.150049, 59.048096 ], [ -136.159473, 58.946777 ], [ -136.123535, 58.893457 ], [ -136.118408, 58.862598 ], [ -136.12417, 58.819629 ], [ -136.146826, 58.788818 ], [ -136.186328, 58.770166 ], [ -136.22583, 58.765479 ], [ -136.299023, 58.786914 ], [ -136.380273, 58.827295 ], [ -136.451172, 58.846338 ], [ -136.477588, 58.8625 ], [ -136.511182, 58.90708 ], [ -136.566211, 58.940918 ], [ -136.830957, 58.983838 ], [ -136.989014, 59.034473 ], [ -137.002148, 59.021143 ], [ -136.952832, 58.966943 ], [ -136.948047, 58.934912 ], [ -136.987891, 58.925146 ], [ -137.059033, 58.87373 ], [ -137.038379, 58.86665 ], [ -136.963037, 58.883545 ], [ -136.879102, 58.881543 ], [ -136.740137, 58.850195 ], [ -136.613916, 58.809277 ], [ -136.568213, 58.786328 ], [ -136.549316, 58.752393 ], [ -136.533496, 58.740234 ], [ -136.410107, 58.700635 ], [ -136.404199, 58.679785 ], [ -136.48374, 58.617676 ], [ -136.319873, 58.624463 ], [ -136.224609, 58.602246 ], [ -136.102881, 58.506299 ], [ -136.061475, 58.452734 ], [ -136.055957, 58.38418 ], [ -136.08125, 58.364209 ], [ -136.129639, 58.350391 ], [ -136.462402, 58.327979 ], [ -136.582617, 58.245215 ], [ -136.607422, 58.243994 ], [ -136.698926, 58.266455 ], [ -136.86499, 58.332422 ], [ -137.071924, 58.395215 ], [ -137.543994, 58.581201 ], [ -137.556934, 58.589941 ], [ -137.5646, 58.625879 ], [ -137.59707, 58.644238 ], [ -137.661084, 58.659912 ], [ -137.75, 58.70708 ], [ -137.863721, 58.785547 ], [ -137.933984, 58.846875 ], [ -137.960889, 58.891016 ], [ -138.026904, 58.941455 ], [ -138.240723, 59.046826 ], [ -138.35249, 59.087305 ], [ -138.451318, 59.110107 ], [ -138.537158, 59.115088 ], [ -138.560303, 59.12915 ], [ -138.520703, 59.152246 ], [ -138.514893, 59.165918 ], [ -138.704199, 59.187549 ], [ -138.884326, 59.236914 ], [ -139.340967, 59.375635 ], [ -139.576807, 59.462451 ], [ -139.714453, 59.503955 ], [ -139.773291, 59.527295 ], [ -139.799121, 59.54624 ], [ -139.766064, 59.566064 ], [ -139.674121, 59.586816 ], [ -139.611621, 59.610303 ], [ -139.513037, 59.698096 ], [ -139.505566, 59.726318 ], [ -139.558496, 59.790186 ], [ -139.582178, 59.848291 ], [ -139.581152, 59.880518 ], [ -139.569141, 59.912354 ], [ -139.554102, 59.933301 ], [ -139.512305, 59.953564 ], [ -139.483008, 59.96377 ], [ -139.446875, 59.956836 ], [ -139.330957, 59.877002 ], [ -139.314648, 59.847949 ], [ -139.32002, 59.738721 ], [ -139.286719, 59.610937 ], [ -139.27627, 59.620361 ], [ -139.265625, 59.662598 ], [ -139.25874, 59.743311 ], [ -139.245703, 59.78208 ], [ -139.220801, 59.819873 ], [ -139.178857, 59.839844 ], [ -139.048291, 59.828223 ], [ -138.988086, 59.83501 ], [ -139.24248, 59.892773 ], [ -139.40249, 60.000977 ], [ -139.431445, 60.012256 ], [ -139.518945, 60.01709 ], [ -139.61167, 59.973438 ], [ -139.850195, 59.830713 ], [ -139.916895, 59.805664 ], [ -140.216748, 59.72666 ], [ -140.419824, 59.710742 ], [ -140.648389, 59.723193 ], [ -140.843164, 59.748877 ], [ -141.331934, 59.873779 ], [ -141.408301, 59.902783 ], [ -141.294629, 59.980029 ], [ -141.289941, 60.00415 ], [ -141.329541, 60.082813 ], [ -141.362158, 60.105273 ], [ -141.40874, 60.117676 ], [ -141.42168, 60.108838 ], [ -141.422168, 60.085498 ], [ -141.409717, 60.042285 ], [ -141.44707, 60.019434 ], [ -141.530176, 59.994775 ], [ -141.670166, 59.969873 ], [ -142.104102, 60.033447 ], [ -142.548584, 60.086035 ], [ -142.945654, 60.096973 ], [ -143.506104, 60.055029 ], [ -143.805078, 60.012891 ], [ -143.979492, 60.008789 ], [ -144.147217, 60.016406 ], [ -144.160937, 60.045801 ], [ -144.084277, 60.063037 ], [ -144.088525, 60.084326 ], [ -144.185498, 60.150732 ], [ -144.332617, 60.191016 ], [ -144.52998, 60.205225 ], [ -144.642969, 60.224658 ], [ -144.671582, 60.249219 ], [ -144.741406, 60.272705 ], [ -144.852441, 60.295068 ], [ -144.901318, 60.335156 ], [ -144.862451, 60.45918 ], [ -144.824414, 60.533594 ], [ -144.786572, 60.584619 ], [ -144.691113, 60.669092 ], [ -144.724414, 60.662842 ], [ -144.863086, 60.600879 ], [ -144.984033, 60.536914 ], [ -145.095996, 60.453662 ], [ -145.162695, 60.415381 ], [ -145.248291, 60.380127 ], [ -145.381787, 60.388574 ], [ -145.563135, 60.440723 ], [ -145.718457, 60.467578 ], [ -145.847754, 60.469238 ], [ -145.898877, 60.478174 ], [ -145.810645, 60.524658 ], [ -145.759814, 60.562012 ], [ -145.690234, 60.621973 ], [ -145.674902, 60.651123 ], [ -146.149023, 60.660693 ], [ -146.166406, 60.692285 ], [ -146.16709, 60.715527 ], [ -146.182324, 60.734766 ], [ -146.251025, 60.749072 ], [ -146.347168, 60.738135 ], [ -146.502979, 60.700781 ], [ -146.570459, 60.72915 ], [ -146.546387, 60.745117 ], [ -146.495508, 60.756787 ], [ -146.391992, 60.81084 ], [ -146.531934, 60.838867 ], [ -146.603564, 60.870947 ], [ -146.638428, 60.897314 ], [ -146.636035, 60.992529 ], [ -146.599121, 61.053516 ], [ -146.284912, 61.112646 ], [ -146.384375, 61.13584 ], [ -146.582715, 61.127832 ], [ -146.715918, 61.077539 ], [ -146.874023, 61.004883 ], [ -146.980176, 60.977783 ], [ -147.034326, 60.996191 ], [ -147.105957, 61.002539 ], [ -147.19502, 60.996826 ], [ -147.254883, 60.978271 ], [ -147.285596, 60.946777 ], [ -147.321094, 60.925488 ], [ -147.361377, 60.914502 ], [ -147.390576, 60.918018 ], [ -147.433398, 60.950293 ], [ -147.523291, 60.970312 ], [ -147.567285, 60.994922 ], [ -147.592578, 60.979443 ], [ -147.623291, 60.933008 ], [ -147.655664, 60.909521 ], [ -147.807617, 60.8854 ], [ -147.891113, 60.889893 ], [ -147.990771, 60.948291 ], [ -148.005127, 60.968555 ], [ -147.971191, 61.019043 ], [ -147.751855, 61.218945 ], [ -147.773779, 61.217822 ], [ -147.844824, 61.186377 ], [ -147.986377, 61.106494 ], [ -148.049414, 61.082666 ], [ -148.15791, 61.079687 ], [ -148.208691, 61.088281 ], [ -148.27002, 61.081787 ], [ -148.341895, 61.0604 ], [ -148.38877, 61.036963 ], [ -148.410742, 61.011475 ], [ -148.39585, 61.007129 ], [ -148.287402, 61.03623 ], [ -148.225879, 61.044043 ], [ -148.208691, 61.029932 ], [ -148.293164, 60.939697 ], [ -148.344434, 60.853564 ], [ -148.393311, 60.831885 ], [ -148.471045, 60.835498 ], [ -148.556152, 60.827002 ], [ -148.557373, 60.80293 ], [ -148.398682, 60.734033 ], [ -148.34126, 60.724316 ], [ -148.267871, 60.699707 ], [ -148.256738, 60.675293 ], [ -148.284229, 60.609326 ], [ -148.30498, 60.58335 ], [ -148.338428, 60.569824 ], [ -148.467773, 60.57207 ], [ -148.50957, 60.565234 ], [ -148.596631, 60.523779 ], [ -148.640137, 60.489453 ], [ -148.624268, 60.486426 ], [ -148.549121, 60.514795 ], [ -148.439844, 60.52998 ], [ -148.296387, 60.53208 ], [ -148.189453, 60.547119 ], [ -148.119189, 60.575146 ], [ -148.050684, 60.567188 ], [ -147.984033, 60.52334 ], [ -147.964111, 60.484863 ], [ -147.990967, 60.451855 ], [ -148.045996, 60.42832 ], [ -148.129199, 60.414209 ], [ -148.181689, 60.393066 ], [ -148.203564, 60.364941 ], [ -148.215869, 60.323145 ], [ -148.218652, 60.267676 ], [ -148.197607, 60.167773 ], [ -148.21377, 60.154248 ], [ -148.24502, 60.146826 ], [ -148.291357, 60.145459 ], [ -148.333105, 60.122021 ], [ -148.430713, 59.989111 ], [ -148.465088, 59.974707 ], [ -148.506055, 59.988965 ], [ -148.542383, 59.987402 ], [ -148.574072, 59.970068 ], [ -148.643604, 59.956836 ], [ -148.750879, 59.947754 ], [ -148.842725, 59.951221 ], [ -149.004248, 59.97998 ], [ -149.070117, 60.000244 ], [ -149.121582, 60.033496 ], [ -149.266602, 59.998291 ], [ -149.304932, 60.013672 ], [ -149.395264, 60.105762 ], [ -149.414844, 60.100244 ], [ -149.432227, 60.001025 ], [ -149.459717, 59.96626 ], [ -149.54917, 59.894336 ], [ -149.598047, 59.770459 ], [ -149.612891, 59.766846 ], [ -149.629639, 59.784668 ], [ -149.684668, 59.895313 ], [ -149.713867, 59.91958 ], [ -149.794775, 59.855811 ], [ -149.803662, 59.832715 ], [ -149.782471, 59.750342 ], [ -149.80127, 59.737939 ], [ -149.96499, 59.782275 ], [ -150.005322, 59.784424 ], [ -150.015967, 59.776953 ], [ -149.960156, 59.713037 ], [ -149.966504, 59.690039 ], [ -150.198047, 59.566553 ], [ -150.258496, 59.570947 ], [ -150.296484, 59.583252 ], [ -150.338135, 59.581348 ], [ -150.485352, 59.535303 ], [ -150.525977, 59.537305 ], [ -150.581543, 59.5646 ], [ -150.607373, 59.563379 ], [ -150.621143, 59.535059 ], [ -150.6229, 59.479639 ], [ -150.677441, 59.426953 ], [ -150.852783, 59.341846 ], [ -150.899316, 59.302686 ], [ -150.934521, 59.249121 ], [ -150.960742, 59.243994 ], [ -151.063574, 59.278418 ], [ -151.182764, 59.300781 ], [ -151.199219, 59.289648 ], [ -151.163037, 59.256934 ], [ -151.170703, 59.236914 ], [ -151.222266, 59.229395 ], [ -151.2875, 59.232324 ], [ -151.366357, 59.245605 ], [ -151.477002, 59.230566 ], [ -151.619385, 59.187305 ], [ -151.738184, 59.188525 ], [ -151.903857, 59.259766 ], [ -151.949512, 59.265088 ], [ -151.964063, 59.285107 ], [ -151.931689, 59.342725 ], [ -151.884619, 59.386328 ], [ -151.849951, 59.406348 ], [ -151.692578, 59.462207 ], [ -151.512695, 59.482715 ], [ -151.399609, 59.516309 ], [ -151.262109, 59.585596 ], [ -151.189404, 59.637695 ], [ -151.046484, 59.771826 ], [ -151.057324, 59.782178 ], [ -151.089453, 59.789404 ], [ -151.403662, 59.662256 ], [ -151.450098, 59.650391 ], [ -151.512598, 59.65127 ], [ -151.763818, 59.7 ], [ -151.816943, 59.720898 ], [ -151.853223, 59.78208 ], [ -151.783447, 59.921143 ], [ -151.734521, 59.98833 ], [ -151.611865, 60.092041 ], [ -151.451465, 60.202637 ], [ -151.395996, 60.274463 ], [ -151.312695, 60.466455 ], [ -151.317529, 60.553564 ], [ -151.355029, 60.659863 ], [ -151.356445, 60.722949 ], [ -151.321777, 60.74292 ], [ -150.95376, 60.841211 ], [ -150.779492, 60.914795 ], [ -150.44126, 61.023584 ], [ -150.349121, 61.022656 ], [ -150.281494, 60.985205 ], [ -150.202783, 60.955225 ], [ -150.113037, 60.932812 ], [ -149.997559, 60.935156 ], [ -149.85625, 60.962256 ], [ -149.632471, 60.952002 ], [ -149.172852, 60.88042 ], [ -149.075098, 60.876416 ], [ -149.071289, 60.885547 ], [ -149.142236, 60.935693 ], [ -149.459131, 60.964746 ], [ -149.59248, 60.993848 ], [ -149.967725, 61.121729 ], [ -150.053271, 61.171094 ], [ -150.018555, 61.194238 ], [ -149.926758, 61.213281 ], [ -149.895312, 61.231738 ], [ -149.882031, 61.263721 ], [ -149.829199, 61.30752 ], [ -149.736914, 61.36333 ], [ -149.595996, 61.417285 ], [ -149.329053, 61.497363 ], [ -149.433545, 61.500781 ], [ -149.625439, 61.486035 ], [ -149.695264, 61.470703 ], [ -149.82373, 61.413379 ], [ -149.873682, 61.372998 ], [ -149.945215, 61.294238 ], [ -149.975684, 61.279346 ], [ -150.108936, 61.26792 ], [ -150.471777, 61.259961 ], [ -150.533203, 61.300244 ], [ -150.567236, 61.306787 ], [ -150.612256, 61.301123 ], [ -150.945508, 61.198242 ], [ -151.06499, 61.145703 ], [ -151.150146, 61.08584 ], [ -151.281885, 61.041943 ], [ -151.460107, 61.014111 ], [ -151.593506, 60.979639 ], [ -151.733984, 60.910742 ], [ -151.781641, 60.857959 ], [ -151.784424, 60.833154 ], [ -151.750488, 60.754883 ], [ -151.785107, 60.740234 ], [ -151.866162, 60.734082 ], [ -151.99624, 60.682227 ], [ -152.270703, 60.528125 ], [ -152.306592, 60.472217 ], [ -152.305078, 60.453027 ], [ -152.260303, 60.409424 ], [ -152.291504, 60.381104 ], [ -152.368848, 60.336328 ], [ -152.540918, 60.26543 ], [ -152.653955, 60.238428 ], [ -152.727295, 60.237061 ], [ -152.7979, 60.247168 ], [ -152.923389, 60.292871 ], [ -153.025, 60.295654 ], [ -153.03125, 60.289258 ], [ -152.89292, 60.240381 ], [ -152.752393, 60.17749 ], [ -152.664746, 60.125293 ], [ -152.630127, 60.083789 ], [ -152.628564, 60.041113 ], [ -152.660107, 59.997217 ], [ -152.759473, 59.920898 ], [ -152.856934, 59.898096 ], [ -153.106055, 59.875049 ], [ -153.186377, 59.856885 ], [ -153.21123, 59.842725 ], [ -153.040088, 59.810498 ], [ -153.024609, 59.793994 ], [ -153.048145, 59.730029 ], [ -153.093604, 59.709131 ], [ -153.236182, 59.670947 ], [ -153.364014, 59.659863 ], [ -153.383496, 59.667187 ], [ -153.359619, 59.71748 ], [ -153.366455, 59.729834 ], [ -153.414404, 59.740137 ], [ -153.482617, 59.720947 ], [ -153.652539, 59.647021 ], [ -153.670703, 59.634814 ], [ -153.609375, 59.615039 ], [ -153.622266, 59.598486 ], [ -153.714355, 59.545264 ], [ -153.752588, 59.509863 ], [ -153.81416, 59.47373 ], [ -154.08833, 59.363281 ], [ -154.06748, 59.336377 ], [ -154.138818, 59.240137 ], [ -154.17832, 59.155566 ], [ -154.129834, 59.119873 ], [ -153.899561, 59.078027 ], [ -153.787939, 59.06792 ], [ -153.656396, 59.038672 ], [ -153.418262, 58.959961 ], [ -153.338965, 58.908545 ], [ -153.327051, 58.884326 ], [ -153.334424, 58.857861 ], [ -153.362939, 58.822217 ], [ -153.437598, 58.754834 ], [ -153.617334, 58.654736 ], [ -153.698584, 58.626367 ], [ -153.821484, 58.604102 ], [ -153.861963, 58.587842 ], [ -154.019873, 58.492969 ], [ -154.062451, 58.441748 ], [ -154.055713, 58.397168 ], [ -154.085889, 58.36582 ], [ -154.289014, 58.304346 ], [ -154.281787, 58.293457 ], [ -154.208057, 58.28877 ], [ -154.235107, 58.234619 ], [ -154.247021, 58.159424 ], [ -154.282275, 58.146777 ], [ -154.409229, 58.147314 ], [ -154.570605, 58.118066 ], [ -154.581934, 58.109766 ], [ -154.584912, 58.055664 ], [ -155.006885, 58.016064 ], [ -155.099268, 57.91333 ], [ -155.147363, 57.881836 ], [ -155.312744, 57.807129 ], [ -155.413965, 57.777051 ], [ -155.529639, 57.758887 ], [ -155.590234, 57.733594 ], [ -155.59585, 57.701074 ], [ -155.628711, 57.673047 ], [ -155.728955, 57.626611 ], [ -155.777979, 57.568213 ], [ -155.813672, 57.559033 ], [ -156.000195, 57.544971 ], [ -156.037354, 57.526514 ], [ -156.055371, 57.447559 ], [ -156.089893, 57.445068 ], [ -156.156006, 57.463428 ], [ -156.242188, 57.449219 ], [ -156.435889, 57.359961 ], [ -156.478418, 57.327881 ], [ -156.473682, 57.310693 ], [ -156.443555, 57.293652 ], [ -156.397656, 57.240576 ], [ -156.400488, 57.204834 ], [ -156.475146, 57.105176 ], [ -156.501318, 57.089795 ], [ -156.592041, 57.065088 ], [ -156.629004, 57.009961 ], [ -156.712646, 57.016064 ], [ -156.779883, 57.005615 ], [ -156.823877, 56.968848 ], [ -156.871729, 56.947656 ], [ -156.923438, 56.94209 ], [ -156.988428, 56.912939 ], [ -157.066699, 56.860205 ], [ -157.13916, 56.826563 ], [ -157.205762, 56.812061 ], [ -157.270557, 56.808496 ], [ -157.333594, 56.815869 ], [ -157.390234, 56.809814 ], [ -157.440576, 56.790332 ], [ -157.489648, 56.759766 ], [ -157.528711, 56.673193 ], [ -157.578369, 56.634473 ], [ -157.609766, 56.627686 ], [ -157.673877, 56.633447 ], [ -157.770703, 56.65166 ], [ -157.869092, 56.645215 ], [ -158.027881, 56.592139 ], [ -158.07832, 56.552051 ], [ -157.978271, 56.543164 ], [ -157.928711, 56.531689 ], [ -157.92998, 56.520459 ], [ -157.982178, 56.50957 ], [ -158.070947, 56.510352 ], [ -158.124365, 56.501025 ], [ -158.189404, 56.478174 ], [ -158.35249, 56.453516 ], [ -158.414404, 56.43584 ], [ -158.537402, 56.335449 ], [ -158.552148, 56.312695 ], [ -158.536377, 56.307666 ], [ -158.467334, 56.318262 ], [ -158.386133, 56.301562 ], [ -158.343994, 56.280322 ], [ -158.316992, 56.25415 ], [ -158.291406, 56.203662 ], [ -158.275635, 56.19624 ], [ -158.431836, 56.111475 ], [ -158.476123, 56.075488 ], [ -158.504687, 56.062109 ], [ -158.52334, 56.072461 ], [ -158.542676, 56.166846 ], [ -158.554443, 56.182861 ], [ -158.591162, 56.184521 ], [ -158.626758, 56.154688 ], [ -158.704883, 56.043115 ], [ -158.789844, 55.986914 ], [ -159.429443, 55.842725 ], [ -159.523242, 55.81001 ], [ -159.541309, 55.748486 ], [ -159.567627, 55.695215 ], [ -159.610059, 55.652783 ], [ -159.659668, 55.625928 ], [ -159.670264, 55.64502 ], [ -159.665332, 55.794873 ], [ -159.678516, 55.824658 ], [ -159.743018, 55.84375 ], [ -159.771387, 55.841113 ], [ -159.8104, 55.832715 ], [ -159.874365, 55.800293 ], [ -159.913525, 55.792187 ], [ -159.962305, 55.794873 ], [ -160.045654, 55.762939 ], [ -160.243799, 55.660547 ], [ -160.373193, 55.635107 ], [ -160.407422, 55.613818 ], [ -160.462695, 55.557812 ], [ -160.499316, 55.537305 ], [ -160.553516, 55.535498 ], [ -160.625244, 55.552393 ], [ -160.68291, 55.54043 ], [ -160.726514, 55.499658 ], [ -160.77085, 55.483545 ], [ -160.896729, 55.513623 ], [ -160.952197, 55.493066 ], [ -161.024219, 55.44043 ], [ -161.099512, 55.405713 ], [ -161.178027, 55.388867 ], [ -161.381934, 55.371289 ], [ -161.463867, 55.38252 ], [ -161.480518, 55.397803 ], [ -161.476709, 55.464893 ], [ -161.443799, 55.513281 ], [ -161.41333, 55.536133 ], [ -161.372705, 55.556299 ], [ -161.313281, 55.558643 ], [ -161.2021, 55.543555 ], [ -161.214697, 55.559766 ], [ -161.255127, 55.579004 ], [ -161.357471, 55.612207 ], [ -161.458789, 55.62915 ], [ -161.516943, 55.618408 ], [ -161.598779, 55.592822 ], [ -161.654297, 55.563379 ], [ -161.683545, 55.529932 ], [ -161.720361, 55.420703 ], [ -161.741553, 55.391162 ], [ -161.980322, 55.198633 ], [ -162.073975, 55.139307 ], [ -162.166602, 55.14375 ], [ -162.211475, 55.121338 ], [ -162.274658, 55.073242 ], [ -162.33291, 55.050244 ], [ -162.386377, 55.052344 ], [ -162.42793, 55.061475 ], [ -162.457471, 55.077686 ], [ -162.452393, 55.092822 ], [ -162.412549, 55.106885 ], [ -162.426807, 55.14541 ], [ -162.495264, 55.208447 ], [ -162.541895, 55.242725 ], [ -162.630371, 55.24668 ], [ -162.644141, 55.218018 ], [ -162.614307, 55.071484 ], [ -162.618896, 55.038428 ], [ -162.674365, 54.996582 ], [ -162.81958, 54.95 ], [ -162.865039, 54.954541 ], [ -162.995898, 55.046484 ], [ -163.119629, 55.064697 ], [ -163.127832, 55.034766 ], [ -163.100195, 54.973633 ], [ -163.131104, 54.916553 ], [ -163.220557, 54.863379 ], [ -163.288623, 54.837598 ], [ -163.335303, 54.83916 ], [ -163.337891, 54.876367 ], [ -163.296338, 54.949268 ], [ -163.285693, 55.009961 ], [ -163.305957, 55.058545 ], [ -163.303662, 55.09585 ], [ -163.278809, 55.121826 ], [ -163.114502, 55.193945 ], [ -163.045361, 55.204736 ], [ -163.008252, 55.186865 ], [ -162.961963, 55.183838 ], [ -162.906592, 55.195557 ], [ -162.871582, 55.218604 ], [ -162.857129, 55.253027 ], [ -162.78623, 55.29707 ], [ -162.658984, 55.350781 ], [ -162.513379, 55.45 ], [ -162.349365, 55.594727 ], [ -162.157129, 55.719434 ], [ -161.936621, 55.82417 ], [ -161.697314, 55.907227 ], [ -161.215625, 56.021436 ], [ -161.178613, 56.014453 ], [ -161.222559, 55.977441 ], [ -161.192529, 55.954297 ], [ -161.145166, 55.951318 ], [ -160.968652, 55.969629 ], [ -160.898633, 55.993652 ], [ -160.877832, 55.970508 ], [ -160.902393, 55.941309 ], [ -161.008398, 55.911719 ], [ -161.005371, 55.887158 ], [ -160.851318, 55.771875 ], [ -160.802832, 55.754443 ], [ -160.762598, 55.756592 ], [ -160.745508, 55.771484 ], [ -160.758398, 55.854639 ], [ -160.706348, 55.870459 ], [ -160.599707, 55.874316 ], [ -160.530225, 55.863477 ], [ -160.4979, 55.837891 ], [ -160.436914, 55.816699 ], [ -160.347314, 55.799902 ], [ -160.291699, 55.805078 ], [ -160.270117, 55.832178 ], [ -160.308496, 55.864453 ], [ -160.479883, 55.935449 ], [ -160.527441, 55.965039 ], [ -160.539062, 56.006299 ], [ -160.514697, 56.059131 ], [ -160.46084, 56.1375 ], [ -160.37749, 56.241455 ], [ -160.302051, 56.314111 ], [ -160.149268, 56.396338 ], [ -160.04624, 56.437012 ], [ -159.785059, 56.561621 ], [ -159.283105, 56.688574 ], [ -159.159033, 56.770068 ], [ -158.990381, 56.860059 ], [ -158.918018, 56.882178 ], [ -158.918018, 56.847412 ], [ -158.894873, 56.816406 ], [ -158.78208, 56.795752 ], [ -158.708838, 56.788574 ], [ -158.675146, 56.794873 ], [ -158.665918, 56.82793 ], [ -158.681055, 56.887744 ], [ -158.684814, 56.944238 ], [ -158.677246, 56.997363 ], [ -158.660791, 57.039404 ], [ -158.585596, 57.114062 ], [ -158.47373, 57.199072 ], [ -158.320947, 57.2979 ], [ -158.224512, 57.342676 ], [ -158.133545, 57.366406 ], [ -158.045703, 57.409473 ], [ -157.894336, 57.511377 ], [ -157.845752, 57.528076 ], [ -157.737207, 57.548145 ], [ -157.697412, 57.539258 ], [ -157.674023, 57.513721 ], [ -157.645557, 57.497803 ], [ -157.535303, 57.483447 ], [ -157.461914, 57.506201 ], [ -157.473877, 57.518213 ], [ -157.533496, 57.525879 ], [ -157.571631, 57.540674 ], [ -157.607568, 57.601465 ], [ -157.680664, 57.638086 ], [ -157.697217, 57.679443 ], [ -157.683984, 57.743896 ], [ -157.621191, 57.895215 ], [ -157.610889, 58.05083 ], [ -157.555029, 58.139941 ], [ -157.442676, 58.172168 ], [ -157.193701, 58.194189 ], [ -157.339404, 58.234521 ], [ -157.393604, 58.234814 ], [ -157.488379, 58.253711 ], [ -157.524414, 58.350732 ], [ -157.523633, 58.421338 ], [ -157.460889, 58.503027 ], [ -157.228857, 58.640918 ], [ -156.974658, 58.736328 ], [ -157.009033, 58.744189 ], [ -157.040479, 58.772559 ], [ -156.923242, 58.963672 ], [ -156.808887, 59.134277 ], [ -156.963379, 58.988867 ], [ -157.142041, 58.877637 ], [ -157.665723, 58.748486 ], [ -158.021924, 58.640186 ], [ -158.190918, 58.614258 ], [ -158.302588, 58.641797 ], [ -158.389648, 58.745654 ], [ -158.439307, 58.782617 ], [ -158.503174, 58.850342 ], [ -158.47627, 58.938379 ], [ -158.425635, 58.999316 ], [ -158.314502, 59.009326 ], [ -158.189209, 58.979932 ], [ -158.080518, 58.977441 ], [ -158.220605, 59.0375 ], [ -158.422803, 59.089844 ], [ -158.514404, 59.072852 ], [ -158.584473, 58.987793 ], [ -158.678271, 58.929395 ], [ -158.760596, 58.950098 ], [ -158.809473, 58.973877 ], [ -158.775537, 58.902539 ], [ -158.837744, 58.793945 ], [ -158.861377, 58.71875 ], [ -158.772119, 58.520313 ], [ -158.788623, 58.440967 ], [ -158.950684, 58.404541 ], [ -159.082666, 58.469775 ], [ -159.358203, 58.721289 ], [ -159.454199, 58.79292 ], [ -159.670264, 58.911133 ], [ -159.741455, 58.894287 ], [ -159.832227, 58.835986 ], [ -159.920215, 58.819873 ], [ -160.152588, 58.905908 ], [ -160.260791, 58.971533 ], [ -160.363135, 59.051172 ], [ -160.519922, 59.007324 ], [ -160.656641, 58.955078 ], [ -160.81709, 58.87168 ], [ -160.924268, 58.872412 ], [ -161.215918, 58.800977 ], [ -161.246826, 58.799463 ], [ -161.287891, 58.760937 ], [ -161.328125, 58.743701 ], [ -161.361328, 58.669531 ], [ -161.755469, 58.612012 ], [ -162.144922, 58.644238 ], [ -162.008691, 58.68501 ], [ -161.856494, 58.71709 ], [ -161.724365, 58.794287 ], [ -161.780518, 58.897412 ], [ -161.790283, 58.949951 ], [ -161.788672, 59.016406 ], [ -161.644385, 59.109668 ], [ -161.794482, 59.109473 ], [ -161.890771, 59.076074 ], [ -161.981055, 59.146143 ], [ -162.023291, 59.283984 ], [ -161.920117, 59.365479 ], [ -161.872217, 59.428271 ], [ -161.831689, 59.514502 ], [ -161.828711, 59.588623 ], [ -161.908643, 59.714111 ], [ -162.138135, 59.980029 ], [ -162.24248, 60.17832 ], [ -162.421338, 60.283984 ], [ -162.287793, 60.456885 ], [ -162.138867, 60.614355 ], [ -161.946582, 60.684814 ], [ -161.962012, 60.695361 ], [ -162.068262, 60.694873 ], [ -162.138037, 60.685547 ], [ -162.199902, 60.634326 ], [ -162.265039, 60.595215 ], [ -162.468701, 60.394678 ], [ -162.599707, 60.296973 ], [ -162.684961, 60.268945 ], [ -162.547705, 60.231055 ], [ -162.526953, 60.199121 ], [ -162.500488, 60.126562 ], [ -162.535645, 60.038379 ], [ -162.570752, 59.989746 ], [ -162.732617, 59.993652 ], [ -162.877832, 59.922754 ], [ -163.219385, 59.845605 ], [ -163.680371, 59.801514 ], [ -163.906885, 59.806787 ], [ -164.142822, 59.896777 ], [ -164.141113, 59.948877 ], [ -164.131543, 59.994238 ], [ -164.470508, 60.149316 ], [ -164.662256, 60.303809 ], [ -164.799951, 60.307227 ], [ -164.919727, 60.348438 ], [ -165.061133, 60.412549 ], [ -165.04873, 60.464258 ], [ -165.026514, 60.500635 ], [ -165.113281, 60.526074 ], [ -165.224512, 60.523584 ], [ -165.353809, 60.541211 ], [ -165.016016, 60.740039 ], [ -164.899805, 60.873145 ], [ -164.805176, 60.892041 ], [ -164.682373, 60.871533 ], [ -164.512939, 60.819043 ], [ -164.370068, 60.795898 ], [ -164.318506, 60.771289 ], [ -164.265674, 60.724658 ], [ -164.321387, 60.646631 ], [ -164.372363, 60.591846 ], [ -164.309668, 60.606738 ], [ -164.131836, 60.691504 ], [ -163.999561, 60.766064 ], [ -163.936133, 60.758301 ], [ -163.894922, 60.745166 ], [ -163.821387, 60.668262 ], [ -163.72998, 60.58999 ], [ -163.528711, 60.664551 ], [ -163.420947, 60.757422 ], [ -163.511865, 60.798145 ], [ -163.623047, 60.822217 ], [ -163.906543, 60.853809 ], [ -163.837305, 60.88042 ], [ -163.65542, 60.87749 ], [ -163.586914, 60.902979 ], [ -163.658936, 60.938232 ], [ -163.749023, 60.969727 ], [ -163.994629, 60.864697 ], [ -164.441553, 60.869971 ], [ -164.753955, 60.931299 ], [ -165.065625, 60.920654 ], [ -165.114844, 60.932812 ], [ -165.175488, 60.965674 ], [ -164.999902, 61.043652 ], [ -164.875586, 61.086768 ], [ -164.868994, 61.111768 ], [ -164.941211, 61.114893 ], [ -165.0771, 61.094189 ], [ -165.137695, 61.130127 ], [ -165.127783, 61.192432 ], [ -165.150049, 61.186865 ], [ -165.20376, 61.152832 ], [ -165.279785, 61.169629 ], [ -165.344873, 61.197705 ], [ -165.310791, 61.227637 ], [ -165.243945, 61.26875 ], [ -165.273633, 61.274854 ], [ -165.333691, 61.266113 ], [ -165.392041, 61.212305 ], [ -165.379297, 61.16875 ], [ -165.380762, 61.106299 ], [ -165.480469, 61.094873 ], [ -165.565869, 61.102344 ], [ -165.627588, 61.165186 ], [ -165.691357, 61.299902 ], [ -165.863965, 61.335693 ], [ -165.906299, 61.403809 ], [ -165.797119, 61.491162 ], [ -165.845313, 61.53623 ], [ -165.961328, 61.550879 ], [ -166.093994, 61.506738 ], [ -166.152734, 61.545947 ], [ -166.163525, 61.589014 ], [ -166.168115, 61.65083 ], [ -166.131152, 61.657324 ], [ -166.100488, 61.645068 ], [ -165.83457, 61.679395 ], [ -165.808936, 61.696094 ], [ -166.019922, 61.748291 ], [ -166.078809, 61.803125 ], [ -165.991406, 61.83418 ], [ -165.833838, 61.836816 ], [ -165.612793, 61.869287 ], [ -165.705811, 61.927441 ], [ -165.725244, 61.959375 ], [ -165.743945, 62.011719 ], [ -165.707275, 62.100439 ], [ -165.447656, 62.303906 ], [ -165.194531, 62.473535 ], [ -165.115625, 62.512695 ], [ -164.999707, 62.533789 ], [ -164.891846, 62.517578 ], [ -164.779199, 62.481152 ], [ -164.757861, 62.496729 ], [ -164.796094, 62.511621 ], [ -164.844385, 62.581055 ], [ -164.687988, 62.608252 ], [ -164.596289, 62.68667 ], [ -164.589453, 62.709375 ], [ -164.688965, 62.676758 ], [ -164.792676, 62.623193 ], [ -164.818652, 62.677051 ], [ -164.84541, 62.800977 ], [ -164.799658, 62.918066 ], [ -164.764062, 62.970605 ], [ -164.677441, 63.020459 ], [ -164.428125, 63.04043 ], [ -164.384229, 63.030469 ], [ -164.375098, 63.054004 ], [ -164.525195, 63.127637 ], [ -164.463281, 63.185205 ], [ -164.409033, 63.215039 ], [ -164.107617, 63.261719 ], [ -163.942871, 63.247217 ], [ -163.73623, 63.192822 ], [ -163.616309, 63.125146 ], [ -163.63374, 63.09043 ], [ -163.663574, 63.070312 ], [ -163.725732, 63.047803 ], [ -163.748975, 63.030322 ], [ -163.737842, 63.016406 ], [ -163.649365, 63.056787 ], [ -163.504346, 63.105859 ], [ -163.423193, 63.084521 ], [ -163.358838, 63.045752 ], [ -163.287842, 63.046436 ], [ -163.062256, 63.079736 ], [ -162.947705, 63.11499 ], [ -162.807764, 63.206592 ], [ -162.621484, 63.26582 ], [ -162.359814, 63.452588 ], [ -162.282813, 63.529199 ], [ -162.193311, 63.540967 ], [ -162.1125, 63.53418 ], [ -162.05625, 63.471338 ], [ -161.973975, 63.45293 ], [ -161.50542, 63.468164 ], [ -161.266016, 63.496973 ], [ -161.099707, 63.55791 ], [ -160.926709, 63.660547 ], [ -160.826514, 63.729346 ], [ -160.778564, 63.818945 ], [ -160.840479, 63.934912 ], [ -160.903955, 64.031201 ], [ -160.987549, 64.25127 ], [ -161.220117, 64.396582 ], [ -161.385693, 64.439941 ], [ -161.490723, 64.433789 ], [ -161.4146, 64.526367 ], [ -161.193066, 64.516406 ], [ -161.048779, 64.534473 ], [ -160.931934, 64.579102 ], [ -160.893701, 64.612891 ], [ -160.836035, 64.681934 ], [ -160.855908, 64.755615 ], [ -160.886963, 64.795557 ], [ -160.96748, 64.839551 ], [ -161.063232, 64.904004 ], [ -161.130176, 64.925439 ], [ -161.186914, 64.924023 ], [ -161.466357, 64.794873 ], [ -161.633984, 64.79248 ], [ -161.759375, 64.81626 ], [ -161.868311, 64.742676 ], [ -162.172266, 64.678076 ], [ -162.334619, 64.612842 ], [ -162.635742, 64.45083 ], [ -162.711084, 64.377539 ], [ -162.807031, 64.374219 ], [ -162.876416, 64.516406 ], [ -163.203906, 64.652002 ], [ -163.302832, 64.605908 ], [ -163.248291, 64.563281 ], [ -163.174072, 64.532959 ], [ -163.051758, 64.519727 ], [ -163.104492, 64.478613 ], [ -163.144336, 64.423828 ], [ -163.267041, 64.475195 ], [ -163.486182, 64.549805 ], [ -163.713086, 64.588232 ], [ -164.303955, 64.583936 ], [ -164.691846, 64.507422 ], [ -164.72749, 64.523291 ], [ -164.764941, 64.529639 ], [ -164.829541, 64.511377 ], [ -164.857275, 64.480322 ], [ -164.899512, 64.460645 ], [ -164.97876, 64.453662 ], [ -165.138135, 64.465234 ], [ -165.446191, 64.512842 ], [ -166.142773, 64.582764 ], [ -166.325098, 64.625732 ], [ -166.481396, 64.728076 ], [ -166.478125, 64.797559 ], [ -166.408691, 64.826953 ], [ -166.415234, 64.926514 ], [ -166.550879, 64.952979 ], [ -166.826953, 65.096094 ], [ -166.928418, 65.15708 ], [ -166.906396, 65.163818 ], [ -166.856787, 65.147266 ], [ -166.762549, 65.134912 ], [ -166.531006, 65.154736 ], [ -166.45166, 65.247314 ], [ -166.279687, 65.273779 ], [ -166.121484, 65.260742 ], [ -166.157031, 65.28584 ], [ -166.197412, 65.305566 ], [ -166.609375, 65.352734 ], [ -166.665381, 65.338281 ], [ -167.404004, 65.422119 ], [ -167.987256, 65.567773 ], [ -168.03501, 65.595605 ], [ -168.088379, 65.657764 ], [ -168.009668, 65.719141 ], [ -167.930566, 65.748145 ], [ -167.927002, 65.714355 ], [ -167.914355, 65.681201 ], [ -167.580029, 65.758301 ], [ -167.405322, 65.859326 ], [ -167.074219, 65.877051 ], [ -166.997217, 65.904932 ], [ -166.894434, 65.95918 ], [ -166.747656, 66.051855 ], [ -166.540137, 66.100635 ], [ -166.39873, 66.144434 ], [ -166.2146, 66.170264 ], [ -166.057422, 66.127246 ], [ -166.008936, 66.121338 ], [ -165.723682, 66.112549 ], [ -165.629932, 66.131201 ], [ -165.58999, 66.145117 ], [ -165.560205, 66.16709 ], [ -165.840234, 66.245068 ], [ -165.811865, 66.288477 ], [ -165.776172, 66.319043 ], [ -165.449414, 66.409912 ], [ -165.198291, 66.439941 ], [ -165.063965, 66.437842 ], [ -164.674121, 66.555029 ], [ -164.460498, 66.588428 ], [ -164.058252, 66.610742 ], [ -163.727686, 66.616455 ], [ -163.638232, 66.574658 ], [ -163.815723, 66.583496 ], [ -163.893945, 66.575879 ], [ -163.838232, 66.561572 ], [ -163.775488, 66.531104 ], [ -163.793701, 66.492627 ], [ -163.902881, 66.378369 ], [ -163.893945, 66.286914 ], [ -163.96499, 66.257324 ], [ -164.03374, 66.215527 ], [ -163.695361, 66.083838 ], [ -163.171436, 66.075439 ], [ -162.886475, 66.099219 ], [ -162.721777, 66.059814 ], [ -162.586865, 66.05083 ], [ -162.214258, 66.071045 ], [ -161.933691, 66.042871 ], [ -161.816309, 66.053662 ], [ -161.556836, 66.250537 ], [ -161.45542, 66.281396 ], [ -161.345068, 66.247168 ], [ -161.201074, 66.219385 ], [ -161.109229, 66.239502 ], [ -161.034277, 66.188818 ], [ -161.069531, 66.294629 ], [ -161.120313, 66.334326 ], [ -161.544434, 66.407031 ], [ -161.828174, 66.37085 ], [ -161.916895, 66.411816 ], [ -161.887598, 66.493066 ], [ -162.191162, 66.693115 ], [ -162.317725, 66.733691 ], [ -162.467432, 66.735645 ], [ -162.543652, 66.805127 ], [ -162.607422, 66.894385 ], [ -162.47832, 66.930811 ], [ -162.361621, 66.947314 ], [ -162.253564, 66.918652 ], [ -162.131396, 66.801367 ], [ -162.017627, 66.784131 ], [ -162.050732, 66.667285 ], [ -161.90957, 66.559619 ], [ -161.591016, 66.459521 ], [ -161.335938, 66.496338 ], [ -161.155811, 66.495312 ], [ -161.048145, 66.474219 ], [ -160.784473, 66.384375 ], [ -160.650537, 66.373096 ], [ -160.231689, 66.420264 ], [ -160.227344, 66.508545 ], [ -160.262549, 66.572461 ], [ -160.360889, 66.6125 ], [ -160.643799, 66.60498 ], [ -160.864014, 66.67085 ], [ -161.051465, 66.652783 ], [ -161.398047, 66.551855 ], [ -161.571729, 66.591602 ], [ -161.680908, 66.645508 ], [ -161.856689, 66.700342 ], [ -161.87876, 66.803955 ], [ -161.731299, 66.922803 ], [ -161.622217, 66.979346 ], [ -161.719922, 67.020557 ], [ -161.96543, 67.049561 ], [ -162.391553, 67.019873 ], [ -162.411572, 67.060303 ], [ -162.409424, 67.103955 ], [ -162.583105, 67.018506 ], [ -162.761426, 67.036426 ], [ -163.001709, 67.027295 ], [ -163.531836, 67.102588 ], [ -163.720557, 67.195557 ], [ -163.799805, 67.270996 ], [ -163.942676, 67.477588 ], [ -164.125195, 67.606738 ], [ -165.386035, 68.045605 ], [ -165.95957, 68.155908 ], [ -166.235938, 68.27793 ], [ -166.409131, 68.307959 ], [ -166.574463, 68.320264 ], [ -166.786279, 68.359619 ], [ -166.643896, 68.408008 ], [ -166.545898, 68.424365 ], [ -166.647852, 68.373828 ], [ -166.57041, 68.361084 ], [ -166.447021, 68.390234 ], [ -166.380518, 68.425146 ], [ -166.282959, 68.573242 ], [ -166.182031, 68.797217 ], [ -166.209082, 68.885352 ], [ -165.509473, 68.867578 ], [ -165.043945, 68.882471 ], [ -164.889697, 68.902441 ], [ -164.302344, 68.936475 ], [ -164.150195, 68.961182 ], [ -163.86792, 69.03667 ], [ -163.535693, 69.170117 ], [ -163.250537, 69.345361 ], [ -163.205176, 69.392529 ], [ -163.187109, 69.380469 ], [ -163.161475, 69.387939 ], [ -163.131006, 69.454346 ], [ -163.093555, 69.610693 ], [ -162.9521, 69.758105 ], [ -162.350391, 70.094141 ], [ -162.071143, 70.227197 ], [ -161.977979, 70.287646 ], [ -161.880957, 70.331738 ], [ -161.812598, 70.289844 ], [ -161.779932, 70.277344 ], [ -161.761084, 70.257666 ], [ -161.818408, 70.248437 ], [ -161.911963, 70.205469 ], [ -162.042383, 70.17666 ], [ -162.073877, 70.161963 ], [ -161.997412, 70.165234 ], [ -161.768164, 70.196533 ], [ -161.639014, 70.234521 ], [ -160.996289, 70.30459 ], [ -160.647656, 70.420557 ], [ -160.634131, 70.446387 ], [ -160.117139, 70.591211 ], [ -160.045605, 70.585596 ], [ -159.963135, 70.568164 ], [ -160.106396, 70.472559 ], [ -160.005566, 70.447559 ], [ -160.095068, 70.333301 ], [ -159.907568, 70.331445 ], [ -159.865674, 70.278857 ], [ -159.855225, 70.32417 ], [ -159.85752, 70.389258 ], [ -159.842627, 70.453027 ], [ -159.81499, 70.49707 ], [ -159.683301, 70.477148 ], [ -159.386768, 70.524512 ], [ -159.746191, 70.530469 ], [ -159.961816, 70.634082 ], [ -160.081592, 70.634863 ], [ -159.680908, 70.786768 ], [ -159.314502, 70.878516 ], [ -159.231738, 70.876758 ], [ -159.191748, 70.859668 ], [ -159.183154, 70.831934 ], [ -159.262207, 70.813867 ], [ -159.339844, 70.78125 ], [ -159.30415, 70.752539 ], [ -159.251172, 70.748437 ], [ -159.075049, 70.77207 ], [ -158.996289, 70.801611 ], [ -158.620947, 70.799023 ], [ -158.51084, 70.820117 ], [ -158.484375, 70.841064 ], [ -157.998486, 70.845313 ], [ -157.909375, 70.860107 ], [ -157.605615, 70.94126 ], [ -157.324756, 71.0396 ], [ -157.195312, 71.093262 ], [ -156.97334, 71.230029 ], [ -156.783301, 71.318945 ], [ -156.470215, 71.407666 ], [ -156.395264, 71.39668 ], [ -156.49668, 71.379102 ], [ -156.567236, 71.341553 ], [ -156.469971, 71.291553 ], [ -155.811133, 71.188428 ], [ -155.645605, 71.182764 ], [ -155.579443, 71.121094 ], [ -155.63457, 71.061572 ], [ -155.804346, 70.99541 ], [ -156.146582, 70.927832 ], [ -156.041943, 70.902246 ], [ -155.973535, 70.841992 ], [ -155.872217, 70.834668 ], [ -155.708057, 70.857275 ], [ -155.579395, 70.894336 ], [ -155.313379, 71.01499 ], [ -155.229736, 71.082227 ], [ -155.166846, 71.099219 ], [ -154.943799, 71.083057 ], [ -154.817529, 71.048486 ], [ -154.673682, 70.987109 ], [ -154.726318, 70.927783 ], [ -154.785205, 70.894287 ], [ -154.598633, 70.847998 ], [ -154.392188, 70.83833 ], [ -154.195215, 70.801123 ], [ -153.918213, 70.877344 ], [ -153.701367, 70.893604 ], [ -153.497705, 70.891064 ], [ -153.23291, 70.932568 ], [ -152.784912, 70.876025 ], [ -152.67085, 70.890723 ], [ -152.491211, 70.880957 ], [ -152.300391, 70.846777 ], [ -152.23291, 70.810352 ], [ -152.437256, 70.733252 ], [ -152.470605, 70.653613 ], [ -152.399219, 70.620459 ], [ -152.269678, 70.614746 ], [ -152.253369, 70.568262 ], [ -152.172949, 70.556641 ], [ -151.769043, 70.560156 ], [ -151.799902, 70.538037 ], [ -151.819629, 70.511328 ], [ -151.944678, 70.4521 ], [ -151.224805, 70.41875 ], [ -151.128027, 70.451611 ], [ -150.979053, 70.464697 ], [ -150.662646, 70.509912 ], [ -150.543506, 70.490137 ], [ -150.403223, 70.443896 ], [ -150.273633, 70.434326 ], [ -150.15249, 70.443701 ], [ -149.870117, 70.509668 ], [ -149.544043, 70.512891 ], [ -149.410596, 70.491406 ], [ -149.269434, 70.500781 ], [ -148.844775, 70.425195 ], [ -148.688379, 70.416309 ], [ -148.479199, 70.31792 ], [ -148.371143, 70.31499 ], [ -148.248779, 70.356738 ], [ -148.142725, 70.355469 ], [ -148.039062, 70.315479 ], [ -147.869531, 70.303271 ], [ -147.790576, 70.240137 ], [ -147.705371, 70.217236 ], [ -147.062939, 70.17041 ], [ -146.744873, 70.191748 ], [ -146.28125, 70.186133 ], [ -146.057666, 70.15625 ], [ -145.823145, 70.160059 ], [ -145.440088, 70.050928 ], [ -145.236816, 70.033936 ], [ -145.197363, 70.008691 ], [ -144.619189, 69.982129 ], [ -144.416895, 70.039014 ], [ -144.064111, 70.054102 ], [ -143.746436, 70.101953 ], [ -143.566406, 70.101465 ], [ -143.357031, 70.089551 ], [ -143.276465, 70.095313 ], [ -143.218311, 70.11626 ], [ -142.707861, 70.033789 ], [ -142.422119, 69.939502 ], [ -142.296973, 69.869873 ], [ -141.699219, 69.770361 ], [ -141.526367, 69.714697 ], [ -141.40791, 69.653369 ], [ -141.338623, 69.646777 ], [ -141.289648, 69.664697 ], [ -141.080811, 69.659424 ], [ -141.002148, 69.650781 ], [ -141.002148, 69.358594 ], [ -141.002148, 69.066357 ], [ -141.002148, 68.77417 ], [ -141.002148, 68.481982 ], [ -141.002148, 68.189746 ], [ -141.002148, 67.897559 ], [ -141.002148, 67.605371 ], [ -141.002148, 67.313135 ], [ -141.002148, 67.020947 ], [ -141.002148, 66.72876 ], [ -141.002148, 66.436523 ], [ -141.002148, 66.144336 ], [ -141.002148, 65.852148 ], [ -141.002148, 65.559912 ], [ -141.002148, 65.267725 ], [ -141.002148, 64.975537 ], [ -141.002148, 64.683301 ], [ -141.002148, 64.391113 ], [ -141.002148, 64.098877 ], [ -141.002148, 63.806689 ], [ -141.002148, 63.514453 ], [ -141.002148, 63.222266 ], [ -141.002148, 62.930078 ], [ -141.002148, 62.637891 ], [ -141.002148, 62.345703 ], [ -141.002148, 62.053467 ], [ -141.002148, 61.761279 ], [ -141.002148, 61.469043 ], [ -141.002148, 61.176855 ], [ -141.002148, 60.884668 ], [ -141.002148, 60.592432 ], [ -141.002148, 60.300244 ], [ -140.762744, 60.259131 ], [ -140.525439, 60.218359 ], [ -140.452832, 60.299707 ], [ -140.196924, 60.2375 ], [ -139.973291, 60.183154 ], [ -139.830664, 60.252881 ], [ -139.676318, 60.32832 ], [ -139.467969, 60.333691 ], [ -139.234766, 60.339746 ], [ -139.079248, 60.343701 ], [ -139.079248, 60.279443 ], [ -139.136963, 60.172705 ], [ -139.185156, 60.083594 ], [ -139.043457, 59.993262 ], [ -138.86875, 59.945752 ], [ -138.705469, 59.901318 ], [ -138.632275, 59.778271 ], [ -138.453613, 59.683398 ], [ -138.317627, 59.611133 ], [ -138.187451, 59.541943 ], [ -138.001123, 59.44292 ], [ -137.870557, 59.373584 ], [ -137.696631, 59.281152 ], [ -137.593311, 59.22627 ], [ -137.543701, 59.119434 ], [ -137.48418, 58.991211 ], [ -137.520898, 58.915381 ], [ -137.438574, 58.903125 ], [ -137.277539, 58.988184 ], [ -137.126221, 59.040967 ], [ -136.939307, 59.106104 ], [ -136.813281, 59.150049 ], [ -136.57876, 59.152246 ], [ -136.466748, 59.279932 ], [ -136.466357, 59.459082 ], [ -136.347852, 59.456055 ], [ -136.277979, 59.480322 ], [ -136.247119, 59.53291 ], [ -136.321826, 59.604834 ], [ -136.097168, 59.638379 ], [ -135.934668, 59.662646 ], [ -135.702588, 59.72876 ], [ -135.475928, 59.793262 ], [ -135.367871, 59.743311 ], [ -135.260791, 59.69502 ], [ -135.051025, 59.578662 ], [ -135.03667, 59.550684 ], [ -135.05083, 59.496045 ], [ -135.071289, 59.441455 ], [ -134.94375, 59.288281 ], [ -134.907227, 59.271191 ], [ -134.802393, 59.25 ], [ -134.677246, 59.199268 ], [ -134.621973, 59.155322 ], [ -134.440771, 59.085352 ], [ -134.410205, 59.05625 ], [ -134.393066, 59.00918 ], [ -134.363525, 58.96875 ], [ -134.329639, 58.939697 ], [ -134.296973, 58.898486 ], [ -134.218506, 58.849902 ], [ -134.069189, 58.795508 ], [ -133.965723, 58.757861 ], [ -133.820752, 58.705029 ], [ -133.673926, 58.597168 ], [ -133.546387, 58.503467 ], [ -133.401123, 58.410889 ], [ -133.422559, 58.337061 ], [ -133.275293, 58.222852 ], [ -133.12041, 58.077734 ], [ -133.001416, 57.948975 ], [ -132.916846, 57.877002 ], [ -132.815527, 57.772705 ], [ -132.691504, 57.645117 ], [ -132.550488, 57.499902 ], [ -132.44248, 57.406738 ], [ -132.30166, 57.276318 ], [ -132.232178, 57.198535 ], [ -132.279395, 57.145361 ], [ -132.337988, 57.079443 ], [ -132.157031, 57.048193 ], [ -132.031543, 57.026562 ], [ -132.062891, 56.953369 ], [ -132.104297, 56.856787 ], [ -131.9625, 56.818701 ], [ -131.866162, 56.792822 ], [ -131.885986, 56.742139 ], [ -131.833105, 56.684814 ], [ -131.824268, 56.58999 ], [ -131.651514, 56.596094 ], [ -131.575098, 56.598828 ], [ -131.471875, 56.556738 ], [ -131.335791, 56.501221 ], [ -131.199414, 56.449219 ], [ -131.08291, 56.404834 ], [ -130.930225, 56.378613 ], [ -130.741699, 56.34082 ], [ -130.649072, 56.263672 ], [ -130.4771, 56.230566 ], [ -130.413135, 56.12251 ], [ -130.214697, 56.082812 ], [ -130.097852, 56.109277 ], [ -130.055957, 56.065234 ], [ -130.0229, 56.014502 ], [ -130.014062, 55.950537 ], [ -130.025098, 55.888232 ] ] ], [ [ [ -163.476025, 54.980713 ], [ -163.378955, 54.815527 ], [ -163.336914, 54.783203 ], [ -163.274512, 54.765576 ], [ -163.187109, 54.747754 ], [ -163.135059, 54.723291 ], [ -163.089258, 54.686084 ], [ -163.083252, 54.668994 ], [ -163.358105, 54.735693 ], [ -163.530859, 54.63833 ], [ -163.583008, 54.625684 ], [ -164.073291, 54.620996 ], [ -164.171289, 54.603027 ], [ -164.234619, 54.571338 ], [ -164.34668, 54.482422 ], [ -164.403516, 54.447852 ], [ -164.463477, 54.427344 ], [ -164.59082, 54.404346 ], [ -164.743799, 54.407471 ], [ -164.823438, 54.419092 ], [ -164.866162, 54.461377 ], [ -164.903955, 54.544775 ], [ -164.903711, 54.567969 ], [ -164.887646, 54.607813 ], [ -164.751465, 54.662939 ], [ -164.706201, 54.691992 ], [ -164.529785, 54.880859 ], [ -164.478613, 54.906836 ], [ -164.424316, 54.913184 ], [ -164.273682, 54.900049 ], [ -164.145068, 54.955127 ], [ -163.867969, 55.039111 ], [ -163.807129, 55.049072 ], [ -163.607471, 55.05083 ], [ -163.553027, 55.037842 ], [ -163.510889, 55.014307 ], [ -163.476025, 54.980713 ] ] ], [ [ [ -133.305078, 55.54375 ], [ -133.283203, 55.515625 ], [ -133.281689, 55.497852 ], [ -133.426465, 55.431445 ], [ -133.429102, 55.417725 ], [ -133.463086, 55.37666 ], [ -133.493457, 55.36167 ], [ -133.547363, 55.317236 ], [ -133.650195, 55.269287 ], [ -133.63501, 55.41333 ], [ -133.737109, 55.496924 ], [ -133.634229, 55.539258 ], [ -133.566699, 55.527197 ], [ -133.454785, 55.522314 ], [ -133.345557, 55.559082 ], [ -133.305078, 55.54375 ] ] ], [ [ [ -131.339746, 55.079834 ], [ -131.237451, 54.949512 ], [ -131.232031, 54.90376 ], [ -131.329541, 54.887744 ], [ -131.406201, 54.894287 ], [ -131.445703, 54.909326 ], [ -131.456104, 54.930566 ], [ -131.431348, 54.996484 ], [ -131.481738, 55.035254 ], [ -131.540039, 55.048486 ], [ -131.592236, 55.025684 ], [ -131.595117, 55.090723 ], [ -131.556006, 55.137402 ], [ -131.577832, 55.20083 ], [ -131.578467, 55.248779 ], [ -131.56543, 55.264111 ], [ -131.512646, 55.262744 ], [ -131.404639, 55.21333 ], [ -131.339746, 55.079834 ] ] ], [ [ [ -132.112354, 56.109375 ], [ -132.132959, 55.943262 ], [ -132.172607, 55.952637 ], [ -132.210303, 55.952979 ], [ -132.287305, 55.929395 ], [ -132.368604, 55.939746 ], [ -132.406592, 55.958203 ], [ -132.420605, 55.979541 ], [ -132.406055, 56.028857 ], [ -132.451172, 56.056348 ], [ -132.602979, 56.066406 ], [ -132.659912, 56.078174 ], [ -132.691357, 56.130078 ], [ -132.699023, 56.198193 ], [ -132.675195, 56.223633 ], [ -132.59873, 56.24165 ], [ -132.539014, 56.32417 ], [ -132.505957, 56.335254 ], [ -132.379834, 56.498779 ], [ -132.316504, 56.4875 ], [ -132.205615, 56.387939 ], [ -132.066895, 56.244238 ], [ -132.112354, 56.109375 ] ] ], [ [ [ -130.97915, 55.48916 ], [ -131.013916, 55.379297 ], [ -131.082764, 55.266797 ], [ -131.187891, 55.206299 ], [ -131.261865, 55.219775 ], [ -131.316309, 55.268506 ], [ -131.366846, 55.26582 ], [ -131.420703, 55.275879 ], [ -131.450928, 55.316309 ], [ -131.422363, 55.368408 ], [ -131.447559, 55.408789 ], [ -131.474512, 55.373486 ], [ -131.521826, 55.341064 ], [ -131.641309, 55.298926 ], [ -131.723682, 55.218359 ], [ -131.7625, 55.16582 ], [ -131.810986, 55.223096 ], [ -131.841992, 55.358691 ], [ -131.846094, 55.41626 ], [ -131.759473, 55.503076 ], [ -131.647559, 55.585547 ], [ -131.624951, 55.831689 ], [ -131.269238, 55.955371 ], [ -131.236182, 55.948975 ], [ -131.120654, 55.856641 ], [ -130.997803, 55.727637 ], [ -130.965967, 55.669531 ], [ -130.965039, 55.568018 ], [ -130.97915, 55.48916 ] ] ], [ [ [ -133.366211, 57.003516 ], [ -133.299707, 56.972168 ], [ -133.263525, 57.00498 ], [ -133.195996, 57.003467 ], [ -133.070801, 56.974268 ], [ -132.99624, 56.93042 ], [ -132.95415, 56.880273 ], [ -132.950586, 56.850439 ], [ -132.96333, 56.782568 ], [ -132.954004, 56.713086 ], [ -132.95918, 56.677051 ], [ -132.975879, 56.647266 ], [ -133.004102, 56.62373 ], [ -133.034912, 56.620752 ], [ -133.132373, 56.683252 ], [ -133.243994, 56.79585 ], [ -133.328955, 56.830078 ], [ -133.332422, 56.818506 ], [ -133.309082, 56.78623 ], [ -133.239697, 56.725684 ], [ -133.227246, 56.689258 ], [ -133.178467, 56.644824 ], [ -133.156641, 56.611133 ], [ -133.144238, 56.566895 ], [ -133.144727, 56.528223 ], [ -133.158154, 56.495166 ], [ -133.180811, 56.473975 ], [ -133.212646, 56.4646 ], [ -133.382764, 56.473877 ], [ -133.48418, 56.451758 ], [ -133.602783, 56.464111 ], [ -133.631348, 56.484033 ], [ -133.649268, 56.516797 ], [ -133.658301, 56.596289 ], [ -133.688184, 56.71001 ], [ -133.680957, 56.79751 ], [ -133.75752, 56.87666 ], [ -133.823047, 56.924365 ], [ -133.917285, 56.96709 ], [ -133.979443, 57.00957 ], [ -133.962354, 57.043457 ], [ -133.865967, 57.068701 ], [ -133.707715, 57.062842 ], [ -133.366211, 57.003516 ] ] ], [ [ [ -132.862256, 54.894434 ], [ -132.837744, 54.880957 ], [ -132.812891, 54.89043 ], [ -132.772314, 54.926074 ], [ -132.700635, 54.919043 ], [ -132.648877, 54.90708 ], [ -132.617236, 54.892432 ], [ -132.634033, 54.840479 ], [ -132.646973, 54.756152 ], [ -132.67666, 54.726221 ], [ -132.705811, 54.68418 ], [ -132.807275, 54.709131 ], [ -132.8896, 54.762646 ], [ -133.008936, 54.854834 ], [ -133.075391, 54.921338 ], [ -133.080566, 54.949414 ], [ -133.122705, 54.969824 ], [ -133.204639, 55.084473 ], [ -133.251172, 55.175146 ], [ -133.324854, 55.185498 ], [ -133.417969, 55.210693 ], [ -133.453809, 55.260352 ], [ -133.429053, 55.303809 ], [ -133.296582, 55.325732 ], [ -133.097412, 55.213721 ], [ -133.06709, 55.166211 ], [ -132.995752, 55.110596 ], [ -132.982178, 55.033008 ], [ -132.945996, 55.002588 ], [ -132.862256, 54.894434 ] ] ], [ [ [ -146.393945, 60.449658 ], [ -146.37168, 60.422168 ], [ -146.179541, 60.42876 ], [ -146.124268, 60.423926 ], [ -146.102246, 60.411182 ], [ -146.128271, 60.392529 ], [ -146.202393, 60.368018 ], [ -146.419189, 60.325049 ], [ -146.595313, 60.268457 ], [ -146.618311, 60.273682 ], [ -146.650439, 60.335645 ], [ -146.683008, 60.360693 ], [ -146.702881, 60.395605 ], [ -146.702539, 60.408545 ], [ -146.670264, 60.432617 ], [ -146.605908, 60.467822 ], [ -146.560303, 60.480566 ], [ -146.393945, 60.449658 ] ] ], [ [ [ -147.735889, 59.813232 ], [ -147.846338, 59.798828 ], [ -147.872461, 59.828369 ], [ -147.814355, 59.901953 ], [ -147.768066, 59.94375 ], [ -147.733643, 59.953613 ], [ -147.606689, 60.036621 ], [ -147.46582, 60.097021 ], [ -147.336523, 60.185352 ], [ -147.205225, 60.311328 ], [ -147.180859, 60.358252 ], [ -147.12002, 60.363086 ], [ -147.019873, 60.332227 ], [ -146.957861, 60.288867 ], [ -146.986719, 60.254346 ], [ -147.318457, 60.075293 ], [ -147.346338, 60.051953 ], [ -147.376514, 59.991162 ], [ -147.403809, 59.969971 ], [ -147.447559, 59.960254 ], [ -147.479395, 59.933691 ], [ -147.499316, 59.890186 ], [ -147.540234, 59.867529 ], [ -147.602051, 59.865576 ], [ -147.644922, 59.853613 ], [ -147.66875, 59.831543 ], [ -147.735889, 59.813232 ] ] ], [ [ [ -147.658252, 60.450488 ], [ -147.658691, 60.424121 ], [ -147.690039, 60.398877 ], [ -147.659961, 60.35249 ], [ -147.712012, 60.272754 ], [ -147.732129, 60.22207 ], [ -147.759912, 60.190234 ], [ -147.787842, 60.17793 ], [ -147.81582, 60.185156 ], [ -147.82168, 60.202734 ], [ -147.805273, 60.230664 ], [ -147.871338, 60.229785 ], [ -147.891455, 60.299414 ], [ -147.854883, 60.321436 ], [ -147.841699, 60.35127 ], [ -147.837598, 60.371289 ], [ -147.794531, 60.459863 ], [ -147.77915, 60.466064 ], [ -147.77417, 60.444971 ], [ -147.760205, 60.43877 ], [ -147.737305, 60.447412 ], [ -147.702979, 60.486816 ], [ -147.688574, 60.491406 ], [ -147.658252, 60.450488 ] ] ], [ [ [ -147.930713, 60.826172 ], [ -148.057422, 60.81792 ], [ -148.11543, 60.830615 ], [ -148.123779, 60.844336 ], [ -148.099707, 60.894824 ], [ -148.10166, 60.916113 ], [ -148.037744, 60.924121 ], [ -147.964404, 60.900146 ], [ -147.943115, 60.875391 ], [ -147.930713, 60.826172 ] ] ], [ [ [ -153.00708, 57.124854 ], [ -153.134229, 57.092578 ], [ -153.156836, 57.093945 ], [ -153.2354, 57.028613 ], [ -153.29541, 57.000439 ], [ -153.374609, 57.051904 ], [ -153.354346, 57.131934 ], [ -153.285205, 57.185059 ], [ -152.935449, 57.167334 ], [ -152.908398, 57.152441 ], [ -152.907764, 57.139746 ], [ -152.933447, 57.129248 ], [ -153.00708, 57.124854 ] ] ], [ [ [ -152.486084, 58.48501 ], [ -152.515527, 58.478613 ], [ -152.588623, 58.509229 ], [ -152.636621, 58.541699 ], [ -152.604883, 58.566406 ], [ -152.463184, 58.618506 ], [ -152.395508, 58.619385 ], [ -152.36792, 58.611084 ], [ -152.356836, 58.594971 ], [ -152.362256, 58.57085 ], [ -152.392822, 58.540869 ], [ -152.486084, 58.48501 ] ] ], [ [ [ -153.240625, 57.850098 ], [ -153.268555, 57.822363 ], [ -153.294971, 57.829492 ], [ -153.35083, 57.861963 ], [ -153.465039, 57.909375 ], [ -153.51709, 57.941895 ], [ -153.520068, 57.955762 ], [ -153.481055, 57.971045 ], [ -153.346973, 57.932812 ], [ -153.290039, 57.8979 ], [ -153.240625, 57.850098 ] ] ], [ [ [ -155.566016, 55.821191 ], [ -155.604883, 55.789551 ], [ -155.680615, 55.791846 ], [ -155.723193, 55.802197 ], [ -155.737354, 55.829785 ], [ -155.620605, 55.913086 ], [ -155.593945, 55.924316 ], [ -155.573242, 55.921094 ], [ -155.563916, 55.88667 ], [ -155.566016, 55.821191 ] ] ], [ [ [ -154.682813, 56.435791 ], [ -154.751221, 56.412158 ], [ -154.773926, 56.420264 ], [ -154.777148, 56.439893 ], [ -154.760938, 56.471143 ], [ -154.729346, 56.502148 ], [ -154.62373, 56.561328 ], [ -154.517529, 56.600537 ], [ -154.463379, 56.598193 ], [ -154.444873, 56.573193 ], [ -154.511182, 56.521436 ], [ -154.682813, 56.435791 ] ] ], [ [ [ -154.208643, 56.514893 ], [ -154.257812, 56.512695 ], [ -154.332129, 56.539014 ], [ -154.322217, 56.570605 ], [ -154.216748, 56.60874 ], [ -154.1104, 56.60293 ], [ -154.102246, 56.581641 ], [ -154.107178, 56.557812 ], [ -154.115967, 56.543896 ], [ -154.149805, 56.52959 ], [ -154.208643, 56.514893 ] ] ], [ [ [ -160.684912, 55.314795 ], [ -160.669727, 55.314258 ], [ -160.638818, 55.321924 ], [ -160.573975, 55.378271 ], [ -160.552783, 55.380762 ], [ -160.55249, 55.363379 ], [ -160.583154, 55.307617 ], [ -160.531201, 55.233203 ], [ -160.482666, 55.197412 ], [ -160.487549, 55.184863 ], [ -160.609082, 55.159033 ], [ -160.701807, 55.177637 ], [ -160.750635, 55.171191 ], [ -160.795068, 55.145215 ], [ -160.825488, 55.173975 ], [ -160.846533, 55.311328 ], [ -160.839648, 55.3354 ], [ -160.789209, 55.383105 ], [ -160.723926, 55.404639 ], [ -160.695654, 55.39834 ], [ -160.672168, 55.379395 ], [ -160.666357, 55.359424 ], [ -160.684912, 55.314795 ] ] ], [ [ [ -162.298145, 54.847021 ], [ -162.321924, 54.842383 ], [ -162.390771, 54.872998 ], [ -162.415771, 54.895898 ], [ -162.433887, 54.931543 ], [ -162.293652, 54.982861 ], [ -162.2646, 54.983496 ], [ -162.238379, 54.954736 ], [ -162.23374, 54.932031 ], [ -162.272559, 54.867188 ], [ -162.298145, 54.847021 ] ] ], [ [ [ -162.554395, 54.401367 ], [ -162.641113, 54.379541 ], [ -162.733105, 54.402295 ], [ -162.811719, 54.444385 ], [ -162.820557, 54.494531 ], [ -162.64541, 54.462061 ], [ -162.607959, 54.446631 ], [ -162.554395, 54.401367 ] ] ], [ [ [ -159.872998, 55.12876 ], [ -159.933936, 55.106836 ], [ -159.953076, 55.078955 ], [ -159.999414, 55.067187 ], [ -160.038428, 55.044482 ], [ -160.16958, 54.941699 ], [ -160.227051, 54.922705 ], [ -160.163574, 55.010449 ], [ -160.153613, 55.03833 ], [ -160.152393, 55.056885 ], [ -160.17207, 55.123047 ], [ -160.13374, 55.120166 ], [ -160.102197, 55.133887 ], [ -160.03877, 55.192529 ], [ -159.981641, 55.197754 ], [ -159.920459, 55.267529 ], [ -159.887354, 55.272998 ], [ -159.871045, 55.263574 ], [ -159.898242, 55.221289 ], [ -159.839404, 55.182373 ], [ -159.854102, 55.144678 ], [ -159.872998, 55.12876 ] ] ], [ [ [ -165.841553, 54.070654 ], [ -165.879395, 54.053027 ], [ -165.909863, 54.04917 ], [ -165.93291, 54.05918 ], [ -166.036426, 54.047168 ], [ -166.056641, 54.054346 ], [ -166.102832, 54.113965 ], [ -166.105811, 54.144824 ], [ -166.087744, 54.169141 ], [ -166.04126, 54.19126 ], [ -165.966406, 54.211035 ], [ -165.892871, 54.206982 ], [ -165.764453, 54.1521 ], [ -165.704248, 54.119922 ], [ -165.692871, 54.099902 ], [ -165.737891, 54.081104 ], [ -165.841553, 54.070654 ] ] ], [ [ [ -165.561133, 54.136719 ], [ -165.604834, 54.12915 ], [ -165.615381, 54.139551 ], [ -165.620508, 54.183545 ], [ -165.65415, 54.25332 ], [ -165.590332, 54.278662 ], [ -165.550635, 54.284521 ], [ -165.533789, 54.273877 ], [ -165.487695, 54.221875 ], [ -165.441748, 54.208008 ], [ -165.407861, 54.196826 ], [ -165.467578, 54.180908 ], [ -165.561133, 54.136719 ] ] ], [ [ [ -160.918994, 58.5771 ], [ -160.992383, 58.561035 ], [ -161.070264, 58.569141 ], [ -161.131494, 58.668213 ], [ -161.08457, 58.671289 ], [ -160.98623, 58.736426 ], [ -160.768604, 58.789209 ], [ -160.715137, 58.795215 ], [ -160.918994, 58.5771 ] ] ], [ [ [ -172.742236, 60.457373 ], [ -172.526074, 60.391748 ], [ -172.3875, 60.398486 ], [ -172.277539, 60.343652 ], [ -172.23208, 60.299121 ], [ -172.397168, 60.331104 ], [ -172.635742, 60.328857 ], [ -172.958398, 60.462793 ], [ -173.074023, 60.493213 ], [ -173.047656, 60.568311 ], [ -172.923877, 60.606836 ], [ -172.860205, 60.505664 ], [ -172.742236, 60.457373 ] ] ], [ [ [ -170.160547, 57.183936 ], [ -170.264014, 57.136768 ], [ -170.358008, 57.154199 ], [ -170.385889, 57.188574 ], [ -170.386621, 57.203027 ], [ -170.116162, 57.241797 ], [ -170.160547, 57.183936 ] ] ], [ [ [ -169.691943, 52.847363 ], [ -169.708105, 52.807129 ], [ -169.722754, 52.792334 ], [ -169.877344, 52.81377 ], [ -169.980566, 52.806006 ], [ -169.991846, 52.829834 ], [ -169.982568, 52.851025 ], [ -169.820654, 52.883398 ], [ -169.754883, 52.883643 ], [ -169.710986, 52.866748 ], [ -169.691943, 52.847363 ] ] ], [ [ [ -170.733398, 52.581494 ], [ -170.797363, 52.549756 ], [ -170.816064, 52.561523 ], [ -170.827051, 52.600732 ], [ -170.791162, 52.63125 ], [ -170.68208, 52.697559 ], [ -170.608057, 52.685059 ], [ -170.584619, 52.667578 ], [ -170.586621, 52.642432 ], [ -170.614014, 52.609619 ], [ -170.649268, 52.593115 ], [ -170.692285, 52.592969 ], [ -170.733398, 52.581494 ] ] ], [ [ [ -172.464795, 52.272266 ], [ -172.539111, 52.257471 ], [ -172.619824, 52.272852 ], [ -172.582178, 52.325635 ], [ -172.543652, 52.353809 ], [ -172.47041, 52.388037 ], [ -172.383105, 52.372949 ], [ -172.313623, 52.32959 ], [ -172.464795, 52.272266 ] ] ], [ [ [ -169.755225, 56.635059 ], [ -169.623926, 56.615137 ], [ -169.550488, 56.628125 ], [ -169.485693, 56.617725 ], [ -169.474316, 56.594043 ], [ -169.586865, 56.542432 ], [ -169.632617, 56.545703 ], [ -169.766162, 56.607959 ], [ -169.755225, 56.635059 ] ] ], [ [ [ -176.286719, 51.791992 ], [ -176.349658, 51.733301 ], [ -176.396094, 51.759863 ], [ -176.413721, 51.840576 ], [ -176.378564, 51.861133 ], [ -176.280225, 51.802832 ], [ -176.286719, 51.791992 ] ] ], [ [ [ -176.021533, 52.002441 ], [ -176.045068, 51.972998 ], [ -176.142871, 52.004297 ], [ -176.177539, 52.029834 ], [ -176.184521, 52.056055 ], [ -176.155664, 52.099414 ], [ -176.077393, 52.099951 ], [ -176.031201, 52.082324 ], [ -175.988086, 52.049463 ], [ -175.975293, 52.028955 ], [ -176.021533, 52.002441 ] ] ], [ [ [ -177.148193, 51.716748 ], [ -177.177002, 51.703711 ], [ -177.229883, 51.693555 ], [ -177.382373, 51.704834 ], [ -177.474658, 51.70127 ], [ -177.577588, 51.694189 ], [ -177.654883, 51.676562 ], [ -177.670215, 51.701074 ], [ -177.667627, 51.721191 ], [ -177.334717, 51.776221 ], [ -177.257275, 51.804932 ], [ -177.209766, 51.84126 ], [ -177.166406, 51.909424 ], [ -177.131494, 51.929785 ], [ -177.110059, 51.92876 ], [ -177.063037, 51.901904 ], [ -177.079541, 51.866553 ], [ -177.121387, 51.835791 ], [ -177.135107, 51.806934 ], [ -177.148193, 51.716748 ] ] ], [ [ [ 178.575488, 51.91626 ], [ 178.511816, 51.899121 ], [ 178.477734, 51.942529 ], [ 178.475, 51.967725 ], [ 178.509375, 51.994678 ], [ 178.570605, 51.977539 ], [ 178.607324, 51.953027 ], [ 178.575488, 51.91626 ] ] ], [ [ [ 179.451563, 51.372607 ], [ 179.278125, 51.372217 ], [ 178.925879, 51.535059 ], [ 178.74707, 51.586719 ], [ 178.647949, 51.643896 ], [ 178.692188, 51.655957 ], [ 178.908008, 51.615576 ], [ 179.084277, 51.527686 ], [ 179.181738, 51.469922 ], [ 179.294336, 51.42085 ], [ 179.415527, 51.400879 ], [ 179.451563, 51.372607 ] ] ], [ [ [ 173.722754, 52.35957 ], [ 173.657813, 52.356641 ], [ 173.616211, 52.39126 ], [ 173.402344, 52.404785 ], [ 173.424512, 52.437646 ], [ 173.516504, 52.451416 ], [ 173.657617, 52.504102 ], [ 173.776074, 52.495117 ], [ 173.744727, 52.446631 ], [ 173.722754, 52.35957 ] ] ], [ [ [ -134.969775, 57.351416 ], [ -134.884863, 57.241699 ], [ -134.823193, 57.156543 ], [ -134.768506, 57.054199 ], [ -134.676855, 56.842285 ], [ -134.634082, 56.762109 ], [ -134.620703, 56.718311 ], [ -134.610547, 56.603418 ], [ -134.624316, 56.578711 ], [ -134.651709, 56.556055 ], [ -134.65708, 56.523242 ], [ -134.631689, 56.435645 ], [ -134.630029, 56.302441 ], [ -134.654004, 56.22749 ], [ -134.681885, 56.216162 ], [ -134.750293, 56.240771 ], [ -134.806445, 56.28125 ], [ -134.847998, 56.323486 ], [ -134.950146, 56.456836 ], [ -134.980566, 56.518945 ], [ -134.982422, 56.563623 ], [ -134.96665, 56.596143 ], [ -134.933203, 56.616357 ], [ -134.875098, 56.670459 ], [ -134.883447, 56.679053 ], [ -134.927588, 56.666992 ], [ -135.017822, 56.660156 ], [ -135.097168, 56.702832 ], [ -135.159033, 56.725391 ], [ -135.146582, 56.802344 ], [ -135.163135, 56.824121 ], [ -135.284814, 56.800342 ], [ -135.330615, 56.821875 ], [ -135.340625, 56.850781 ], [ -135.338379, 56.893994 ], [ -135.315137, 56.931836 ], [ -135.199609, 57.027344 ], [ -135.21123, 57.044922 ], [ -135.267383, 57.048877 ], [ -135.341357, 57.081592 ], [ -135.375293, 57.188428 ], [ -135.454932, 57.249414 ], [ -135.501953, 57.243848 ], [ -135.608936, 57.071436 ], [ -135.661865, 57.03374 ], [ -135.812305, 57.009521 ], [ -135.781641, 57.05752 ], [ -135.767725, 57.100391 ], [ -135.821143, 57.23042 ], [ -135.822754, 57.28042 ], [ -135.787109, 57.317285 ], [ -135.680908, 57.332568 ], [ -135.624512, 57.354395 ], [ -135.580566, 57.38999 ], [ -135.569629, 57.424707 ], [ -135.487305, 57.516504 ], [ -135.448682, 57.534375 ], [ -135.346289, 57.533105 ], [ -135.130664, 57.431641 ], [ -135.065234, 57.416699 ], [ -134.969775, 57.351416 ] ] ], [ [ [ -134.680273, 58.16167 ], [ -134.426123, 58.138818 ], [ -134.240088, 58.143994 ], [ -134.070166, 57.994531 ], [ -133.965527, 57.873779 ], [ -133.904102, 57.789209 ], [ -133.869287, 57.70752 ], [ -133.822754, 57.628662 ], [ -133.826904, 57.617578 ], [ -133.925, 57.670801 ], [ -133.995557, 57.778467 ], [ -134.031641, 57.820605 ], [ -134.067236, 57.8396 ], [ -134.104736, 57.879346 ], [ -134.177539, 57.982178 ], [ -134.180273, 58.011133 ], [ -134.212598, 58.037939 ], [ -134.249951, 58.04917 ], [ -134.292334, 58.044727 ], [ -134.306885, 58.034375 ], [ -134.300391, 57.963428 ], [ -134.26709, 57.884521 ], [ -134.083691, 57.712256 ], [ -133.961133, 57.61416 ], [ -133.937012, 57.581592 ], [ -133.92085, 57.491992 ], [ -133.97373, 57.451367 ], [ -133.908838, 57.368701 ], [ -133.911133, 57.352539 ], [ -133.925293, 57.336768 ], [ -134.100049, 57.300098 ], [ -134.260156, 57.146777 ], [ -134.435303, 57.056982 ], [ -134.516016, 57.042578 ], [ -134.554785, 57.057568 ], [ -134.591504, 57.091992 ], [ -134.613086, 57.137939 ], [ -134.619531, 57.195508 ], [ -134.575879, 57.231738 ], [ -134.489209, 57.420166 ], [ -134.486768, 57.482031 ], [ -134.594824, 57.567822 ], [ -134.659863, 57.638086 ], [ -134.695117, 57.736035 ], [ -134.754102, 57.99502 ], [ -134.781494, 58.077832 ], [ -134.820117, 58.146875 ], [ -134.869971, 58.2021 ], [ -134.907666, 58.262793 ], [ -134.933105, 58.328955 ], [ -134.923486, 58.354639 ], [ -134.836963, 58.320166 ], [ -134.733203, 58.225 ], [ -134.680273, 58.16167 ] ] ], [ [ [ -135.730371, 58.244238 ], [ -135.5875, 58.146777 ], [ -135.586279, 58.124414 ], [ -135.615381, 58.057471 ], [ -135.693115, 58.038525 ], [ -135.671143, 58.011914 ], [ -135.613232, 57.991846 ], [ -135.572021, 58.008545 ], [ -135.421191, 58.102393 ], [ -135.374707, 58.122119 ], [ -135.346631, 58.124121 ], [ -135.162842, 58.09585 ], [ -135.0021, 58.051074 ], [ -134.954688, 58.015332 ], [ -134.927979, 57.952783 ], [ -134.970654, 57.817236 ], [ -135.102588, 57.793652 ], [ -135.164746, 57.796094 ], [ -135.231201, 57.81582 ], [ -135.338477, 57.768652 ], [ -135.249561, 57.732568 ], [ -134.978857, 57.724365 ], [ -134.896631, 57.647998 ], [ -134.873096, 57.589209 ], [ -134.931494, 57.481152 ], [ -135.084863, 57.511035 ], [ -135.220215, 57.573633 ], [ -135.497852, 57.662256 ], [ -135.564209, 57.666406 ], [ -135.608545, 57.650732 ], [ -135.620654, 57.596973 ], [ -135.617822, 57.480371 ], [ -135.691943, 57.419922 ], [ -135.910791, 57.446582 ], [ -135.99668, 57.534863 ], [ -136.076611, 57.674561 ], [ -136.378223, 57.83999 ], [ -136.459912, 57.873096 ], [ -136.568604, 57.972168 ], [ -136.525098, 58.050586 ], [ -136.512305, 58.095996 ], [ -136.454395, 58.108008 ], [ -136.369531, 58.143066 ], [ -136.321973, 58.218896 ], [ -136.245703, 58.157471 ], [ -136.14375, 58.098486 ], [ -136.142334, 58.153906 ], [ -136.094385, 58.198145 ], [ -135.994385, 58.196533 ], [ -135.947412, 58.205811 ], [ -135.881738, 58.247168 ], [ -135.787061, 58.268506 ], [ -135.730371, 58.244238 ] ] ], [ [ [ -133.566113, 56.339209 ], [ -133.376611, 56.317773 ], [ -133.202979, 56.319824 ], [ -133.143701, 56.278564 ], [ -133.104492, 56.235107 ], [ -133.081738, 56.194189 ], [ -133.075439, 56.155859 ], [ -133.080127, 56.128711 ], [ -133.101221, 56.099805 ], [ -133.096631, 56.090039 ], [ -132.757568, 55.99502 ], [ -132.597607, 55.89502 ], [ -132.533789, 55.84248 ], [ -132.496973, 55.798096 ], [ -132.430176, 55.687012 ], [ -132.288867, 55.558105 ], [ -132.214746, 55.518848 ], [ -132.172705, 55.480615 ], [ -132.196338, 55.47915 ], [ -132.295898, 55.507471 ], [ -132.511279, 55.593945 ], [ -132.528857, 55.590479 ], [ -132.54834, 55.543701 ], [ -132.581738, 55.502637 ], [ -132.631299, 55.473193 ], [ -132.591602, 55.464355 ], [ -132.417871, 55.48291 ], [ -132.272021, 55.398633 ], [ -132.215283, 55.383545 ], [ -132.160254, 55.322998 ], [ -132.158398, 55.299805 ], [ -132.19043, 55.25498 ], [ -132.214893, 55.236768 ], [ -132.206689, 55.224414 ], [ -132.165967, 55.218018 ], [ -132.005078, 55.230615 ], [ -131.976416, 55.208594 ], [ -132.000391, 55.033838 ], [ -131.977588, 54.969482 ], [ -131.97793, 54.940234 ], [ -131.996582, 54.901416 ], [ -131.997217, 54.868604 ], [ -131.982715, 54.834912 ], [ -131.980859, 54.804834 ], [ -132.02168, 54.726318 ], [ -132.064746, 54.713135 ], [ -132.134326, 54.712549 ], [ -132.189258, 54.734863 ], [ -132.266309, 54.802344 ], [ -132.341309, 54.907227 ], [ -132.370215, 54.922217 ], [ -132.468652, 54.937939 ], [ -132.486475, 54.950391 ], [ -132.549365, 54.952588 ], [ -132.593848, 54.995752 ], [ -132.588477, 55.052344 ], [ -132.626953, 55.110059 ], [ -132.622168, 55.135937 ], [ -132.665332, 55.146777 ], [ -132.701758, 55.130518 ], [ -132.682861, 55.073926 ], [ -132.70415, 55.030078 ], [ -132.782324, 55.048486 ], [ -132.912598, 55.188477 ], [ -133.060596, 55.300928 ], [ -133.118555, 55.327637 ], [ -133.103027, 55.360254 ], [ -133.030029, 55.377539 ], [ -132.970801, 55.376172 ], [ -132.958887, 55.395557 ], [ -133.082471, 55.504102 ], [ -133.078418, 55.534912 ], [ -133.033398, 55.589697 ], [ -133.089648, 55.612598 ], [ -133.24375, 55.59541 ], [ -133.298242, 55.606885 ], [ -133.342822, 55.65083 ], [ -133.368994, 55.688965 ], [ -133.502734, 55.695898 ], [ -133.553271, 55.691162 ], [ -133.640479, 55.748779 ], [ -133.680176, 55.785156 ], [ -133.664404, 55.803809 ], [ -133.584082, 55.836523 ], [ -133.537158, 55.831934 ], [ -133.446973, 55.797021 ], [ -133.411719, 55.79834 ], [ -133.322119, 55.844629 ], [ -133.308496, 55.886475 ], [ -133.241504, 55.920801 ], [ -133.252148, 55.95708 ], [ -133.289209, 56.018701 ], [ -133.37124, 56.035889 ], [ -133.538623, 55.999268 ], [ -133.684229, 55.942773 ], [ -133.742529, 55.964844 ], [ -133.755176, 55.999463 ], [ -133.599219, 56.093652 ], [ -133.530859, 56.145654 ], [ -133.544092, 56.176514 ], [ -133.594434, 56.216357 ], [ -133.598633, 56.31626 ], [ -133.566113, 56.339209 ] ] ], [ [ [ -133.9896, 56.844971 ], [ -133.924805, 56.775684 ], [ -133.830859, 56.781299 ], [ -133.778125, 56.728906 ], [ -133.738379, 56.650439 ], [ -133.767285, 56.600098 ], [ -133.809033, 56.611328 ], [ -133.855273, 56.582178 ], [ -133.883594, 56.485498 ], [ -133.870459, 56.388672 ], [ -133.884619, 56.292139 ], [ -133.938525, 56.193652 ], [ -133.949707, 56.127734 ], [ -133.970801, 56.10791 ], [ -133.993994, 56.101123 ], [ -134.024023, 56.118994 ], [ -134.06748, 56.133008 ], [ -134.122412, 56.077393 ], [ -134.1896, 56.076953 ], [ -134.245068, 56.203271 ], [ -134.195459, 56.413525 ], [ -134.084375, 56.456348 ], [ -134.150488, 56.513477 ], [ -134.290234, 56.580029 ], [ -134.278369, 56.61709 ], [ -134.384424, 56.724023 ], [ -134.390625, 56.749463 ], [ -134.373682, 56.838672 ], [ -134.274414, 56.918164 ], [ -134.143262, 56.932324 ], [ -134.051807, 56.898291 ], [ -134.000586, 56.869189 ], [ -133.9896, 56.844971 ] ] ], [ [ [ -152.416943, 58.360205 ], [ -152.380762, 58.3521 ], [ -152.343018, 58.411621 ], [ -152.31626, 58.413477 ], [ -152.197949, 58.363086 ], [ -152.125244, 58.374268 ], [ -152.078516, 58.312354 ], [ -152.036621, 58.306689 ], [ -151.997754, 58.314209 ], [ -151.974365, 58.309863 ], [ -151.98252, 58.244336 ], [ -152.068896, 58.17793 ], [ -152.109082, 58.161133 ], [ -152.165479, 58.178271 ], [ -152.186523, 58.184668 ], [ -152.223584, 58.214014 ], [ -152.25166, 58.251123 ], [ -152.268359, 58.251709 ], [ -152.334375, 58.208057 ], [ -152.332666, 58.186523 ], [ -152.305225, 58.154053 ], [ -152.309229, 58.133887 ], [ -152.381152, 58.124268 ], [ -152.451611, 58.129248 ], [ -152.537646, 58.100977 ], [ -152.558203, 58.118604 ], [ -152.571338, 58.168213 ], [ -152.598242, 58.162598 ], [ -152.63877, 58.101807 ], [ -152.683057, 58.06333 ], [ -152.763867, 58.031396 ], [ -152.781543, 58.015918 ], [ -152.840723, 58.013818 ], [ -152.928418, 57.993701 ], [ -152.982568, 57.99707 ], [ -153.305469, 58.063086 ], [ -153.381348, 58.087207 ], [ -153.11582, 58.238525 ], [ -152.976123, 58.297021 ], [ -152.895361, 58.293848 ], [ -152.814551, 58.275635 ], [ -152.771875, 58.278564 ], [ -152.768701, 58.345605 ], [ -152.843945, 58.395605 ], [ -152.841113, 58.416406 ], [ -152.674658, 58.450586 ], [ -152.612305, 58.445703 ], [ -152.543555, 58.428174 ], [ -152.478467, 58.399707 ], [ -152.416943, 58.360205 ] ] ], [ [ [ -167.964355, 53.345117 ], [ -168.270703, 53.238037 ], [ -168.370117, 53.159766 ], [ -168.445996, 53.084424 ], [ -168.505615, 53.043164 ], [ -168.549023, 53.036084 ], [ -168.597412, 53.016113 ], [ -168.698535, 52.963428 ], [ -168.741016, 52.956885 ], [ -169.065918, 52.833936 ], [ -169.088916, 52.832031 ], [ -169.073096, 52.86416 ], [ -168.973877, 52.909668 ], [ -168.90918, 52.951172 ], [ -168.836084, 53.019727 ], [ -168.79585, 53.044922 ], [ -168.783008, 53.079346 ], [ -168.777783, 53.148779 ], [ -168.759619, 53.175049 ], [ -168.689844, 53.227246 ], [ -168.639014, 53.255762 ], [ -168.572168, 53.265625 ], [ -168.436621, 53.256885 ], [ -168.38042, 53.283447 ], [ -168.362988, 53.303564 ], [ -168.397266, 53.321924 ], [ -168.405322, 53.353809 ], [ -168.396436, 53.408789 ], [ -168.357227, 53.457568 ], [ -168.287695, 53.500146 ], [ -168.193066, 53.533301 ], [ -168.073291, 53.556982 ], [ -167.985693, 53.558203 ], [ -167.828076, 53.507959 ], [ -167.804688, 53.484961 ], [ -167.843115, 53.43457 ], [ -167.865137, 53.387305 ], [ -167.964355, 53.345117 ] ] ], [ [ [ -166.615332, 53.900928 ], [ -166.572168, 53.853467 ], [ -166.497461, 53.883545 ], [ -166.442773, 53.924805 ], [ -166.400049, 53.978125 ], [ -166.372314, 53.998975 ], [ -166.335645, 53.970898 ], [ -166.230859, 53.932617 ], [ -166.318994, 53.873779 ], [ -166.48877, 53.785498 ], [ -166.545605, 53.726465 ], [ -166.549219, 53.700977 ], [ -166.384717, 53.720508 ], [ -166.33877, 53.717676 ], [ -166.309473, 53.69751 ], [ -166.354541, 53.673535 ], [ -166.444189, 53.651807 ], [ -166.522021, 53.609668 ], [ -166.702197, 53.53667 ], [ -166.77041, 53.476025 ], [ -166.850977, 53.452881 ], [ -166.960742, 53.447363 ], [ -167.153662, 53.407861 ], [ -167.270801, 53.370605 ], [ -167.300439, 53.350488 ], [ -167.337256, 53.340967 ], [ -167.381299, 53.341992 ], [ -167.428809, 53.325684 ], [ -167.479834, 53.291992 ], [ -167.522461, 53.276221 ], [ -167.592187, 53.272705 ], [ -167.628613, 53.259424 ], [ -167.669434, 53.259961 ], [ -167.780859, 53.300244 ], [ -167.808789, 53.323779 ], [ -167.710107, 53.370898 ], [ -167.638721, 53.386572 ], [ -167.530176, 53.393701 ], [ -167.423535, 53.437256 ], [ -167.204102, 53.494971 ], [ -167.136084, 53.526465 ], [ -167.092334, 53.635937 ], [ -167.042432, 53.65459 ], [ -167.015723, 53.698389 ], [ -166.894141, 53.697119 ], [ -166.83833, 53.648047 ], [ -166.81875, 53.641357 ], [ -166.808984, 53.646143 ], [ -166.803662, 53.6854 ], [ -166.74126, 53.712939 ], [ -166.777246, 53.733154 ], [ -166.8896, 53.758594 ], [ -166.972949, 53.770557 ], [ -167.027246, 53.769141 ], [ -167.071484, 53.783398 ], [ -167.105615, 53.813379 ], [ -167.121143, 53.843115 ], [ -167.118164, 53.872607 ], [ -167.090479, 53.905664 ], [ -167.038086, 53.942187 ], [ -166.978076, 53.962939 ], [ -166.848682, 53.977881 ], [ -166.734033, 54.002197 ], [ -166.673291, 54.005957 ], [ -166.627393, 53.995654 ], [ -166.615332, 53.900928 ] ] ], [ [ [ -173.55332, 52.136279 ], [ -173.357227, 52.095654 ], [ -173.113281, 52.100391 ], [ -173.024316, 52.090527 ], [ -173.0229, 52.07915 ], [ -173.178857, 52.0625 ], [ -173.232227, 52.067969 ], [ -173.368408, 52.045605 ], [ -173.460986, 52.041553 ], [ -173.672559, 52.062646 ], [ -173.835791, 52.048193 ], [ -173.878955, 52.053662 ], [ -173.930225, 52.072168 ], [ -173.9896, 52.103613 ], [ -173.99248, 52.12334 ], [ -173.938916, 52.131299 ], [ -173.794092, 52.104297 ], [ -173.779004, 52.118359 ], [ -173.656836, 52.14375 ], [ -173.55332, 52.136279 ] ] ], [ [ [ -174.677393, 52.03501 ], [ -175.213867, 51.993896 ], [ -175.295557, 52.022168 ], [ -175.21416, 52.038232 ], [ -175.117676, 52.047119 ], [ -174.915918, 52.094189 ], [ -174.667773, 52.134961 ], [ -174.474268, 52.184033 ], [ -174.306152, 52.216162 ], [ -174.258838, 52.269043 ], [ -174.406494, 52.295996 ], [ -174.435547, 52.317236 ], [ -174.36543, 52.341943 ], [ -174.306885, 52.37793 ], [ -174.168896, 52.420166 ], [ -174.045605, 52.367236 ], [ -174.018359, 52.331787 ], [ -174.030078, 52.289795 ], [ -174.054883, 52.245996 ], [ -174.163232, 52.223389 ], [ -174.179395, 52.200342 ], [ -174.120654, 52.135205 ], [ -174.343555, 52.077783 ], [ -174.677393, 52.03501 ] ] ], [ [ [ -176.593311, 51.866699 ], [ -176.587939, 51.833203 ], [ -176.473389, 51.837402 ], [ -176.437451, 51.820117 ], [ -176.437354, 51.754297 ], [ -176.452344, 51.735693 ], [ -176.469775, 51.731152 ], [ -176.510986, 51.745605 ], [ -176.55752, 51.712061 ], [ -176.770947, 51.629932 ], [ -176.837109, 51.675879 ], [ -176.961621, 51.603662 ], [ -176.874414, 51.790479 ], [ -176.773633, 51.81875 ], [ -176.736426, 51.839941 ], [ -176.745117, 51.894678 ], [ -176.69834, 51.986035 ], [ -176.596826, 51.981787 ], [ -176.549902, 51.944043 ], [ -176.551611, 51.91958 ], [ -176.593311, 51.866699 ] ] ], [ [ [ -177.879053, 51.649707 ], [ -177.90127, 51.616406 ], [ -177.925342, 51.617383 ], [ -178.058887, 51.672607 ], [ -178.078467, 51.69126 ], [ -178.000049, 51.71748 ], [ -177.977246, 51.737793 ], [ -177.986377, 51.764258 ], [ -178.045117, 51.801074 ], [ -178.153467, 51.848242 ], [ -178.194531, 51.882227 ], [ -178.168262, 51.903027 ], [ -178.116602, 51.915869 ], [ -177.953809, 51.918457 ], [ -177.865869, 51.8604 ], [ -177.799609, 51.840039 ], [ -177.644482, 51.82627 ], [ -177.724951, 51.80166 ], [ -177.770654, 51.777881 ], [ -177.826953, 51.685889 ], [ -177.879053, 51.649707 ] ] ], [ [ [ 179.727734, 51.90542 ], [ 179.645215, 51.880225 ], [ 179.549609, 51.894043 ], [ 179.497656, 51.932812 ], [ 179.503906, 51.97959 ], [ 179.627148, 52.03042 ], [ 179.77998, 51.966846 ], [ 179.727734, 51.90542 ] ] ], [ [ [ 177.41543, 51.882812 ], [ 177.328516, 51.841064 ], [ 177.260645, 51.883691 ], [ 177.250293, 51.90293 ], [ 177.380664, 51.975781 ], [ 177.478418, 51.991602 ], [ 177.520508, 52.018213 ], [ 177.56377, 52.110498 ], [ 177.636523, 52.113818 ], [ 177.669629, 52.103027 ], [ 177.653027, 52.059766 ], [ 177.595996, 51.993848 ], [ 177.594141, 51.947559 ], [ 177.41543, 51.882812 ] ] ], [ [ [ 172.811816, 53.012988 ], [ 172.983984, 52.980273 ], [ 173.102148, 52.995605 ], [ 173.25166, 52.942676 ], [ 173.436035, 52.852051 ], [ 173.394727, 52.834766 ], [ 173.348242, 52.824854 ], [ 173.302539, 52.825928 ], [ 173.158691, 52.810791 ], [ 173.080273, 52.814453 ], [ 172.935156, 52.7521 ], [ 172.775586, 52.796924 ], [ 172.721777, 52.885547 ], [ 172.595117, 52.907422 ], [ 172.494824, 52.937891 ], [ 172.67793, 53.007568 ], [ 172.811816, 53.012988 ] ] ], [ [ [ -155.581348, 19.012012 ], [ -155.625635, 18.963916 ], [ -155.680762, 18.967676 ], [ -155.881299, 19.070508 ], [ -155.905615, 19.12583 ], [ -155.890723, 19.38252 ], [ -155.96582, 19.59082 ], [ -156.048682, 19.749951 ], [ -155.988428, 19.831592 ], [ -155.908887, 19.894727 ], [ -155.820312, 20.01416 ], [ -155.892773, 20.167383 ], [ -155.874268, 20.259814 ], [ -155.831641, 20.27583 ], [ -155.62207, 20.163428 ], [ -155.198779, 19.994385 ], [ -155.086084, 19.875635 ], [ -155.065918, 19.748193 ], [ -154.989014, 19.731982 ], [ -154.952588, 19.644629 ], [ -154.841357, 19.568164 ], [ -154.804199, 19.524463 ], [ -154.850293, 19.454102 ], [ -155.053467, 19.319189 ], [ -155.309619, 19.260156 ], [ -155.535254, 19.109082 ], [ -155.581348, 19.012012 ] ] ], [ [ [ -157.213623, 21.215381 ], [ -157.002295, 21.187939 ], [ -156.952344, 21.199707 ], [ -156.917188, 21.177295 ], [ -156.742188, 21.163525 ], [ -156.712158, 21.155078 ], [ -156.7479, 21.103564 ], [ -156.859863, 21.056348 ], [ -157.020898, 21.097803 ], [ -157.290332, 21.112598 ], [ -157.279492, 21.152344 ], [ -157.253809, 21.180566 ], [ -157.249951, 21.229785 ], [ -157.213623, 21.215381 ] ] ], [ [ [ -156.486816, 20.932568 ], [ -156.46084, 20.914746 ], [ -156.354395, 20.941455 ], [ -156.277539, 20.95127 ], [ -156.14834, 20.885498 ], [ -156.103516, 20.840332 ], [ -156.018652, 20.79209 ], [ -155.989844, 20.757129 ], [ -156.013574, 20.714795 ], [ -156.107129, 20.644775 ], [ -156.234766, 20.628613 ], [ -156.309961, 20.598779 ], [ -156.408789, 20.605176 ], [ -156.438232, 20.617871 ], [ -156.448877, 20.70625 ], [ -156.480078, 20.801221 ], [ -156.543848, 20.78999 ], [ -156.61543, 20.821826 ], [ -156.689697, 20.901416 ], [ -156.697754, 20.949072 ], [ -156.656885, 21.024512 ], [ -156.5854, 21.034326 ], [ -156.532324, 20.992676 ], [ -156.486816, 20.932568 ] ] ], [ [ [ -157.799365, 21.456641 ], [ -157.76499, 21.450928 ], [ -157.720898, 21.457715 ], [ -157.705518, 21.378076 ], [ -157.65415, 21.333936 ], [ -157.6354, 21.307617 ], [ -157.690869, 21.279736 ], [ -157.798779, 21.268604 ], [ -157.849316, 21.29082 ], [ -157.901758, 21.340576 ], [ -157.958447, 21.326904 ], [ -157.968311, 21.366895 ], [ -157.978418, 21.378516 ], [ -158.017285, 21.367725 ], [ -157.980957, 21.316113 ], [ -158.07915, 21.312256 ], [ -158.110352, 21.318604 ], [ -158.137842, 21.377148 ], [ -158.239111, 21.489355 ], [ -158.238672, 21.533057 ], [ -158.273145, 21.585254 ], [ -158.123096, 21.600244 ], [ -158.020361, 21.691797 ], [ -157.9625, 21.701367 ], [ -157.851514, 21.553369 ], [ -157.854346, 21.511914 ], [ -157.82959, 21.471436 ], [ -157.799365, 21.456641 ] ] ], [ [ [ -159.372754, 21.932373 ], [ -159.460693, 21.876123 ], [ -159.511865, 21.900391 ], [ -159.608838, 21.909521 ], [ -159.646387, 21.951758 ], [ -159.747998, 21.989844 ], [ -159.78916, 22.041797 ], [ -159.726611, 22.140186 ], [ -159.579199, 22.223145 ], [ -159.352051, 22.21958 ], [ -159.304785, 22.154053 ], [ -159.300684, 22.105273 ], [ -159.330176, 22.050684 ], [ -159.34375, 21.973633 ], [ -159.372754, 21.932373 ] ] ], [ [ [ -160.180029, 21.841064 ], [ -160.200244, 21.796875 ], [ -160.234717, 21.803662 ], [ -160.243457, 21.843066 ], [ -160.220898, 21.897266 ], [ -160.163867, 21.944043 ], [ -160.100635, 22.015234 ], [ -160.04873, 22.004639 ], [ -160.076709, 21.958105 ], [ -160.080029, 21.907422 ], [ -160.153418, 21.87876 ], [ -160.180029, 21.841064 ] ] ], [ [ [ -156.849609, 20.772656 ], [ -156.908887, 20.744482 ], [ -156.973389, 20.75752 ], [ -156.988428, 20.825684 ], [ -157.050586, 20.912451 ], [ -156.941797, 20.930029 ], [ -156.880566, 20.904834 ], [ -156.848291, 20.877783 ], [ -156.809375, 20.831152 ], [ -156.849609, 20.772656 ] ] ], [ [ [ -74.708887, 45.003857 ], [ -74.663232, 45.003906 ], [ -74.430371, 45.004199 ], [ -74.014258, 45.004687 ], [ -73.598145, 45.005176 ], [ -73.182031, 45.005615 ], [ -72.765918, 45.006104 ], [ -72.349756, 45.006592 ], [ -71.933643, 45.00708 ], [ -71.517529, 45.007568 ], [ -71.419043, 45.200342 ], [ -71.327295, 45.290088 ], [ -71.201611, 45.260352 ], [ -71.134668, 45.262842 ], [ -71.060254, 45.309131 ], [ -70.999902, 45.337256 ], [ -70.960156, 45.333105 ], [ -70.926221, 45.290723 ], [ -70.897998, 45.262451 ], [ -70.865039, 45.270703 ], [ -70.836816, 45.310693 ], [ -70.837793, 45.366162 ], [ -70.79917, 45.404785 ], [ -70.75332, 45.410693 ], [ -70.710938, 45.409473 ], [ -70.689795, 45.42832 ], [ -70.692139, 45.455371 ], [ -70.707422, 45.498926 ], [ -70.702246, 45.551367 ], [ -70.596387, 45.643994 ], [ -70.466602, 45.706836 ], [ -70.421094, 45.738232 ], [ -70.407861, 45.801904 ], [ -70.333447, 45.868066 ], [ -70.29624, 45.906104 ], [ -70.287158, 45.93916 ], [ -70.306445, 45.979834 ], [ -70.304492, 46.057373 ], [ -70.278906, 46.15 ], [ -70.248291, 46.250879 ], [ -70.179688, 46.341846 ], [ -70.067187, 46.441064 ], [ -70.038232, 46.571436 ], [ -70.007715, 46.708936 ], [ -69.871729, 46.84292 ], [ -69.717529, 46.994873 ], [ -69.629785, 47.081348 ], [ -69.471484, 47.238672 ], [ -69.358887, 47.350635 ], [ -69.302148, 47.402002 ], [ -69.242871, 47.462988 ], [ -69.146289, 47.444775 ], [ -69.050195, 47.426611 ], [ -69.064258, 47.338135 ], [ -69.048584, 47.273633 ], [ -69.003125, 47.236426 ], [ -68.937207, 47.21123 ], [ -68.887402, 47.202832 ], [ -68.828711, 47.20332 ], [ -68.668555, 47.253467 ], [ -68.480371, 47.285791 ], [ -68.376904, 47.316162 ], [ -68.358008, 47.344531 ], [ -68.310889, 47.354492 ], [ -68.235498, 47.345947 ], [ -68.096777, 47.274854 ], [ -67.934863, 47.167627 ], [ -67.806787, 47.082812 ], [ -67.802832, 46.935742 ], [ -67.800342, 46.779883 ], [ -67.797705, 46.615625 ], [ -67.795801, 46.498389 ], [ -67.792529, 46.337402 ], [ -67.789941, 46.209326 ], [ -67.786475, 46.042139 ], [ -67.784668, 45.952783 ], [ -67.767041, 45.927002 ], [ -67.777637, 45.891797 ], [ -67.782275, 45.87417 ], [ -67.781152, 45.860156 ], [ -67.774121, 45.842529 ], [ -67.775293, 45.817871 ], [ -67.791699, 45.795557 ], [ -67.799902, 45.769775 ], [ -67.802246, 45.727539 ], [ -67.784668, 45.701709 ], [ -67.755322, 45.686475 ], [ -67.730664, 45.686475 ], [ -67.698975, 45.671191 ], [ -67.65791, 45.644189 ], [ -67.595752, 45.620752 ], [ -67.531201, 45.612549 ], [ -67.486621, 45.618408 ], [ -67.432666, 45.603125 ], [ -67.413867, 45.565576 ], [ -67.424414, 45.53042 ], [ -67.454932, 45.513965 ], [ -67.487793, 45.501025 ], [ -67.493652, 45.474072 ], [ -67.477246, 45.445898 ], [ -67.45376, 45.42124 ], [ -67.42793, 45.37793 ], [ -67.438525, 45.340381 ], [ -67.461963, 45.308691 ], [ -67.472559, 45.275879 ], [ -67.452588, 45.247656 ], [ -67.399805, 45.210156 ], [ -67.366943, 45.173779 ], [ -67.315283, 45.153809 ], [ -67.290674, 45.16792 ], [ -67.270703, 45.186719 ], [ -67.249609, 45.200781 ], [ -67.213232, 45.192529 ], [ -67.170996, 45.181982 ], [ -67.124854, 45.169434 ], [ -67.130371, 45.139014 ], [ -67.102246, 45.087744 ], [ -67.080469, 44.98916 ], [ -67.113916, 44.944385 ], [ -67.106738, 44.885059 ], [ -67.014014, 44.867773 ], [ -66.991455, 44.849609 ], [ -66.987012, 44.827686 ], [ -67.19126, 44.675586 ], [ -67.364062, 44.696875 ], [ -67.457812, 44.656543 ], [ -67.556006, 44.644775 ], [ -67.599072, 44.576807 ], [ -67.652979, 44.562402 ], [ -67.726807, 44.566504 ], [ -67.790479, 44.585693 ], [ -67.839062, 44.57627 ], [ -67.907031, 44.453613 ], [ -67.962695, 44.464307 ], [ -67.984863, 44.420166 ], [ -68.013965, 44.400879 ], [ -68.056641, 44.384326 ], [ -68.093701, 44.438818 ], [ -68.117285, 44.490625 ], [ -68.152051, 44.502002 ], [ -68.198242, 44.515234 ], [ -68.245752, 44.514795 ], [ -68.277441, 44.507373 ], [ -68.316748, 44.473877 ], [ -68.37373, 44.445117 ], [ -68.416846, 44.469092 ], [ -68.450586, 44.507617 ], [ -68.479443, 44.445654 ], [ -68.521436, 44.380225 ], [ -68.514453, 44.303906 ], [ -68.53252, 44.258643 ], [ -68.572363, 44.27085 ], [ -68.612012, 44.310547 ], [ -68.723291, 44.342285 ], [ -68.811914, 44.339355 ], [ -68.793896, 44.381738 ], [ -68.710107, 44.442578 ], [ -68.735889, 44.454492 ], [ -68.777002, 44.446045 ], [ -68.794922, 44.454492 ], [ -68.765527, 44.509766 ], [ -68.762695, 44.570752 ], [ -68.800195, 44.549414 ], [ -68.847363, 44.485059 ], [ -68.961475, 44.433838 ], [ -68.956152, 44.348096 ], [ -69.063574, 44.172363 ], [ -69.068359, 44.097559 ], [ -69.137256, 44.037842 ], [ -69.226074, 43.986475 ], [ -69.344531, 44.000928 ], [ -69.434961, 43.956299 ], [ -69.480859, 43.905078 ], [ -69.520752, 43.897363 ], [ -69.541553, 43.962598 ], [ -69.556689, 43.982764 ], [ -69.58999, 43.886572 ], [ -69.623926, 43.880615 ], [ -69.636768, 43.948828 ], [ -69.652881, 43.993896 ], [ -69.699121, 43.955029 ], [ -69.729834, 43.852002 ], [ -69.762012, 43.860693 ], [ -69.772266, 43.899023 ], [ -69.795312, 43.910645 ], [ -69.803223, 43.866846 ], [ -69.791602, 43.805225 ], [ -69.80835, 43.772314 ], [ -69.840332, 43.789893 ], [ -69.87251, 43.819531 ], [ -69.925586, 43.797021 ], [ -69.974316, 43.787891 ], [ -69.974512, 43.818066 ], [ -69.965234, 43.855078 ], [ -70.062354, 43.834619 ], [ -70.178809, 43.766357 ], [ -70.269238, 43.671924 ], [ -70.237891, 43.656201 ], [ -70.202588, 43.626123 ], [ -70.359668, 43.480225 ], [ -70.520703, 43.348828 ], [ -70.642334, 43.134424 ], [ -70.691162, 43.109326 ], [ -70.733105, 43.07002 ], [ -70.777637, 42.940576 ], [ -70.829053, 42.825342 ], [ -70.800293, 42.774023 ], [ -70.781348, 42.72124 ], [ -70.735693, 42.669287 ], [ -70.696875, 42.6646 ], [ -70.654834, 42.673975 ], [ -70.623975, 42.671777 ], [ -70.60415, 42.649707 ], [ -70.612939, 42.623242 ], [ -70.661426, 42.61665 ], [ -70.751855, 42.570361 ], [ -70.831152, 42.552588 ], [ -70.870898, 42.496631 ], [ -70.930469, 42.431982 ], [ -71.046191, 42.331104 ], [ -70.996729, 42.3 ], [ -70.817969, 42.264941 ], [ -70.738281, 42.228857 ], [ -70.617676, 42.04043 ], [ -70.645215, 42.021582 ], [ -70.656152, 41.987061 ], [ -70.548926, 41.938623 ], [ -70.514697, 41.80332 ], [ -70.42666, 41.757275 ], [ -70.295459, 41.728955 ], [ -70.13501, 41.769873 ], [ -70.001416, 41.826172 ], [ -70.006104, 41.872314 ], [ -70.090039, 41.979687 ], [ -70.110254, 42.030127 ], [ -70.172559, 42.062793 ], [ -70.19624, 42.035107 ], [ -70.236523, 42.071045 ], [ -70.241064, 42.091211 ], [ -70.203516, 42.101025 ], [ -70.159863, 42.097119 ], [ -70.108936, 42.07832 ], [ -69.977881, 41.961279 ], [ -69.941602, 41.807861 ], [ -69.933838, 41.710449 ], [ -69.948633, 41.677148 ], [ -69.986768, 41.683984 ], [ -70.059521, 41.677344 ], [ -70.404687, 41.626904 ], [ -70.481348, 41.582471 ], [ -70.657129, 41.534229 ], [ -70.668066, 41.558301 ], [ -70.655371, 41.608105 ], [ -70.666455, 41.710107 ], [ -70.701123, 41.714844 ], [ -70.974219, 41.548535 ], [ -71.079785, 41.538086 ], [ -71.168555, 41.489404 ], [ -71.188428, 41.516406 ], [ -71.204297, 41.641113 ], [ -71.14873, 41.745703 ], [ -71.17832, 41.744043 ], [ -71.271094, 41.68125 ], [ -71.310742, 41.719873 ], [ -71.330615, 41.762256 ], [ -71.35918, 41.78623 ], [ -71.390137, 41.795312 ], [ -71.363672, 41.702734 ], [ -71.426562, 41.633301 ], [ -71.443799, 41.453711 ], [ -71.522852, 41.378955 ], [ -71.769287, 41.330908 ], [ -71.929932, 41.341064 ], [ -72.073877, 41.326123 ], [ -72.265283, 41.29165 ], [ -72.371045, 41.312158 ], [ -72.479395, 41.275781 ], [ -72.847168, 41.265869 ], [ -72.924707, 41.285156 ], [ -73.02373, 41.216455 ], [ -73.182275, 41.17583 ], [ -73.583008, 41.021875 ], [ -73.671387, 40.965869 ], [ -73.779004, 40.878418 ], [ -73.85127, 40.831396 ], [ -73.910693, 40.816113 ], [ -73.947217, 40.776953 ], [ -73.987109, 40.751367 ], [ -73.948584, 40.83877 ], [ -73.906738, 40.912451 ], [ -73.871973, 41.055176 ], [ -73.882227, 41.170605 ], [ -73.925342, 41.218066 ], [ -73.969922, 41.249707 ], [ -73.917676, 41.135791 ], [ -73.909229, 40.996094 ], [ -73.927197, 40.914258 ], [ -74.025488, 40.756396 ], [ -74.067334, 40.719629 ], [ -74.11626, 40.687305 ], [ -74.153125, 40.673242 ], [ -74.187158, 40.647998 ], [ -74.226709, 40.608008 ], [ -74.264209, 40.528613 ], [ -74.241504, 40.45625 ], [ -74.049854, 40.429834 ], [ -73.998437, 40.452148 ], [ -73.972266, 40.400342 ], [ -73.957617, 40.328369 ], [ -73.971973, 40.250537 ], [ -74.004004, 40.171338 ], [ -74.02832, 40.072998 ], [ -74.048926, 39.923047 ], [ -74.079932, 39.788135 ], [ -74.083984, 39.829102 ], [ -74.0646, 39.993115 ], [ -74.095996, 39.975977 ], [ -74.117627, 39.938135 ], [ -74.176123, 39.726611 ], [ -74.256543, 39.613867 ], [ -74.330615, 39.535889 ], [ -74.407031, 39.548779 ], [ -74.389844, 39.486816 ], [ -74.41084, 39.454541 ], [ -74.428809, 39.387207 ], [ -74.474365, 39.342578 ], [ -74.517187, 39.346875 ], [ -74.578711, 39.316113 ], [ -74.602979, 39.292578 ], [ -74.604785, 39.24751 ], [ -74.645947, 39.207861 ], [ -74.794482, 39.001904 ], [ -74.923437, 38.941113 ], [ -74.954297, 38.949951 ], [ -74.920312, 39.047168 ], [ -74.897021, 39.145459 ], [ -74.975293, 39.188232 ], [ -75.050195, 39.21084 ], [ -75.136133, 39.207861 ], [ -75.231055, 39.284277 ], [ -75.353418, 39.339844 ], [ -75.524219, 39.490186 ], [ -75.519238, 39.531885 ], [ -75.523535, 39.601855 ], [ -75.471631, 39.712402 ], [ -75.421875, 39.789697 ], [ -75.353174, 39.829736 ], [ -75.153809, 39.870508 ], [ -75.103809, 39.931836 ], [ -75.07417, 39.983496 ], [ -75.172949, 39.894775 ], [ -75.320898, 39.864697 ], [ -75.400635, 39.831592 ], [ -75.464404, 39.780957 ], [ -75.502148, 39.717383 ], [ -75.587598, 39.640771 ], [ -75.581592, 39.589453 ], [ -75.567285, 39.552979 ], [ -75.573877, 39.476953 ], [ -75.519824, 39.402832 ], [ -75.412646, 39.281396 ], [ -75.392187, 39.092773 ], [ -75.3104, 38.966553 ], [ -75.185059, 38.819385 ], [ -75.088672, 38.777539 ], [ -75.083984, 38.722803 ], [ -75.128467, 38.632422 ], [ -75.187109, 38.591113 ], [ -75.11084, 38.599365 ], [ -75.072852, 38.578711 ], [ -75.035889, 38.50332 ], [ -75.03877, 38.426367 ], [ -75.05127, 38.383008 ], [ -75.074365, 38.365723 ], [ -75.073389, 38.41001 ], [ -75.089746, 38.425391 ], [ -75.116748, 38.406201 ], [ -75.134229, 38.384326 ], [ -75.141504, 38.298145 ], [ -75.16001, 38.255078 ], [ -75.225439, 38.242285 ], [ -75.291797, 38.129199 ], [ -75.353516, 38.065039 ], [ -75.596387, 37.631201 ], [ -75.587109, 37.558691 ], [ -75.631543, 37.535352 ], [ -75.698828, 37.516357 ], [ -75.766895, 37.472998 ], [ -75.812061, 37.425195 ], [ -75.854004, 37.296631 ], [ -75.934375, 37.151904 ], [ -75.984521, 37.212207 ], [ -75.997363, 37.263818 ], [ -75.975049, 37.398438 ], [ -75.888135, 37.619141 ], [ -75.792383, 37.756348 ], [ -75.719336, 37.821387 ], [ -75.659277, 37.953955 ], [ -75.735156, 37.97373 ], [ -75.85083, 37.971582 ], [ -75.829053, 38.032764 ], [ -75.795312, 38.08667 ], [ -75.855615, 38.140381 ], [ -75.891309, 38.147217 ], [ -75.928076, 38.169238 ], [ -75.884961, 38.213965 ], [ -75.863916, 38.26123 ], [ -75.876758, 38.31875 ], [ -75.858691, 38.362061 ], [ -75.888818, 38.355518 ], [ -75.937256, 38.309668 ], [ -75.967383, 38.291357 ], [ -75.985742, 38.331934 ], [ -76.006689, 38.322754 ], [ -76.020312, 38.294873 ], [ -76.051221, 38.279541 ], [ -76.116504, 38.317676 ], [ -76.21167, 38.361328 ], [ -76.264648, 38.436426 ], [ -76.294873, 38.494629 ], [ -76.26416, 38.599951 ], [ -76.198389, 38.618652 ], [ -76.112939, 38.601562 ], [ -76.000928, 38.601709 ], [ -76.016943, 38.625098 ], [ -76.056934, 38.62124 ], [ -76.175, 38.706689 ], [ -76.212988, 38.758301 ], [ -76.27832, 38.772461 ], [ -76.308105, 38.722852 ], [ -76.341162, 38.709668 ], [ -76.300342, 38.818213 ], [ -76.246973, 38.822656 ], [ -76.168164, 38.852734 ], [ -76.191064, 38.915576 ], [ -76.24082, 38.943066 ], [ -76.330664, 38.908594 ], [ -76.32959, 38.952783 ], [ -76.312744, 39.009375 ], [ -76.24502, 39.00918 ], [ -76.185693, 38.990723 ], [ -76.135205, 39.082129 ], [ -76.132959, 39.122949 ], [ -76.216846, 39.063623 ], [ -76.235693, 39.191602 ], [ -76.153125, 39.315039 ], [ -76.074365, 39.368848 ], [ -75.975977, 39.367285 ], [ -75.875977, 39.375977 ], [ -75.938721, 39.398584 ], [ -76.003125, 39.41084 ], [ -75.954736, 39.459619 ], [ -75.913477, 39.468359 ], [ -75.872949, 39.510889 ], [ -75.97041, 39.50459 ], [ -75.958936, 39.585059 ], [ -76.006299, 39.568701 ], [ -76.062988, 39.561133 ], [ -76.085059, 39.527002 ], [ -76.080713, 39.470312 ], [ -76.097266, 39.433105 ], [ -76.141357, 39.403223 ], [ -76.21582, 39.379932 ], [ -76.223047, 39.420312 ], [ -76.247656, 39.438623 ], [ -76.256836, 39.352148 ], [ -76.276367, 39.322754 ], [ -76.330811, 39.403906 ], [ -76.347168, 39.387549 ], [ -76.345068, 39.364502 ], [ -76.358984, 39.324658 ], [ -76.405664, 39.303906 ], [ -76.402783, 39.252832 ], [ -76.420898, 39.225 ], [ -76.57041, 39.269336 ], [ -76.573926, 39.254297 ], [ -76.489355, 39.158691 ], [ -76.427588, 39.126025 ], [ -76.420068, 39.073877 ], [ -76.473096, 39.030615 ], [ -76.54624, 39.067969 ], [ -76.558545, 39.065234 ], [ -76.518799, 39.001172 ], [ -76.49375, 38.945215 ], [ -76.519531, 38.89834 ], [ -76.515527, 38.840625 ], [ -76.521094, 38.788281 ], [ -76.536865, 38.742627 ], [ -76.501318, 38.532178 ], [ -76.458496, 38.474951 ], [ -76.416406, 38.420215 ], [ -76.394092, 38.368994 ], [ -76.43877, 38.361523 ], [ -76.509912, 38.403662 ], [ -76.572412, 38.435791 ], [ -76.646875, 38.538525 ], [ -76.65918, 38.579541 ], [ -76.677344, 38.611963 ], [ -76.668555, 38.5375 ], [ -76.641992, 38.454346 ], [ -76.408789, 38.268262 ], [ -76.365723, 38.196875 ], [ -76.33291, 38.140771 ], [ -76.341162, 38.087012 ], [ -76.401953, 38.125049 ], [ -76.454395, 38.173535 ], [ -76.593604, 38.22832 ], [ -76.769141, 38.262939 ], [ -76.868115, 38.390283 ], [ -76.867773, 38.337158 ], [ -76.889746, 38.29209 ], [ -76.950244, 38.347021 ], [ -76.988379, 38.393896 ], [ -77.001172, 38.445264 ], [ -77.076709, 38.441748 ], [ -77.155908, 38.397119 ], [ -77.23252, 38.407715 ], [ -77.241602, 38.494824 ], [ -77.220898, 38.540967 ], [ -77.134912, 38.650098 ], [ -77.053906, 38.705811 ], [ -77.018164, 38.777734 ], [ -77.030371, 38.889258 ], [ -77.045605, 38.775781 ], [ -77.091895, 38.719531 ], [ -77.164648, 38.676562 ], [ -77.2604, 38.6 ], [ -77.283789, 38.529199 ], [ -77.313672, 38.396631 ], [ -77.273242, 38.351758 ], [ -77.231934, 38.340039 ], [ -77.109912, 38.370117 ], [ -77.046777, 38.356689 ], [ -76.906348, 38.19707 ], [ -76.644873, 38.133936 ], [ -76.549512, 38.094482 ], [ -76.471777, 38.011182 ], [ -76.354932, 37.963232 ], [ -76.264258, 37.893555 ], [ -76.261816, 37.848096 ], [ -76.293213, 37.794336 ], [ -76.305615, 37.721582 ], [ -76.344141, 37.675684 ], [ -76.436621, 37.67041 ], [ -76.49248, 37.682227 ], [ -76.792773, 37.937988 ], [ -76.828613, 37.961523 ], [ -76.93999, 38.095459 ], [ -77.070654, 38.167187 ], [ -77.111084, 38.165674 ], [ -76.925098, 38.033008 ], [ -76.84917, 37.940234 ], [ -76.71543, 37.810156 ], [ -76.619824, 37.755078 ], [ -76.549463, 37.669141 ], [ -76.484082, 37.628857 ], [ -76.305566, 37.571484 ], [ -76.367627, 37.530273 ], [ -76.268555, 37.495166 ], [ -76.254395, 37.430615 ], [ -76.263477, 37.357031 ], [ -76.400977, 37.386133 ], [ -76.405469, 37.331934 ], [ -76.393164, 37.299951 ], [ -76.453906, 37.273535 ], [ -76.538379, 37.309375 ], [ -76.757715, 37.50542 ], [ -76.755859, 37.479199 ], [ -76.738086, 37.448779 ], [ -76.610889, 37.322559 ], [ -76.497363, 37.246875 ], [ -76.401123, 37.212695 ], [ -76.326953, 37.149268 ], [ -76.300781, 37.110889 ], [ -76.283301, 37.052686 ], [ -76.338281, 37.013135 ], [ -76.400879, 36.991309 ], [ -76.462012, 37.030762 ], [ -76.506836, 37.072314 ], [ -76.602295, 37.142871 ], [ -76.630908, 37.221729 ], [ -76.703516, 37.217676 ], [ -77.006982, 37.317676 ], [ -77.250879, 37.329199 ], [ -77.227051, 37.309082 ], [ -77.196191, 37.295703 ], [ -77.001953, 37.271045 ], [ -76.925195, 37.225 ], [ -76.76543, 37.184131 ], [ -76.671875, 37.172949 ], [ -76.633936, 37.047412 ], [ -76.504639, 36.961035 ], [ -76.487842, 36.897021 ], [ -76.399561, 36.889844 ], [ -76.244238, 36.952637 ], [ -76.143994, 36.930615 ], [ -75.999414, 36.912646 ], [ -75.966357, 36.861963 ], [ -75.941553, 36.765527 ], [ -75.89043, 36.657031 ], [ -75.757861, 36.229248 ], [ -75.558691, 35.879346 ], [ -75.53418, 35.819092 ], [ -75.580469, 35.871973 ], [ -75.728223, 36.103711 ], [ -75.809766, 36.271045 ], [ -75.893555, 36.566504 ], [ -75.917871, 36.632666 ], [ -75.946484, 36.659082 ], [ -75.965332, 36.637598 ], [ -75.973437, 36.599951 ], [ -75.959766, 36.571045 ], [ -75.992773, 36.473779 ], [ -75.978467, 36.42915 ], [ -75.924854, 36.383008 ], [ -75.866602, 36.267871 ], [ -75.820068, 36.112842 ], [ -75.883008, 36.175684 ], [ -75.950195, 36.208984 ], [ -76.054736, 36.234521 ], [ -76.147852, 36.279297 ], [ -76.141064, 36.215088 ], [ -76.15, 36.145752 ], [ -76.221777, 36.166895 ], [ -76.270605, 36.189893 ], [ -76.227393, 36.116016 ], [ -76.321191, 36.138184 ], [ -76.383691, 36.133545 ], [ -76.424316, 36.067969 ], [ -76.478809, 36.028174 ], [ -76.559375, 36.015332 ], [ -76.678906, 36.075293 ], [ -76.717627, 36.148096 ], [ -76.733643, 36.22915 ], [ -76.740039, 36.133301 ], [ -76.71875, 36.033496 ], [ -76.726221, 35.957617 ], [ -76.611133, 35.943652 ], [ -76.503516, 35.956055 ], [ -76.358301, 35.952881 ], [ -76.263574, 35.96709 ], [ -76.206543, 35.991211 ], [ -76.069775, 35.970312 ], [ -76.060059, 35.878662 ], [ -76.075684, 35.787549 ], [ -76.083594, 35.690527 ], [ -76.045703, 35.691162 ], [ -76.001172, 35.722168 ], [ -75.978906, 35.895947 ], [ -75.853906, 35.960156 ], [ -75.812012, 35.955762 ], [ -75.772217, 35.899902 ], [ -75.758838, 35.843262 ], [ -75.744727, 35.765479 ], [ -75.773926, 35.646973 ], [ -75.965967, 35.508398 ], [ -76.103516, 35.380273 ], [ -76.173828, 35.35415 ], [ -76.275244, 35.369043 ], [ -76.390234, 35.40127 ], [ -76.446631, 35.407764 ], [ -76.489502, 35.397021 ], [ -76.515625, 35.436475 ], [ -76.532471, 35.508447 ], [ -76.577197, 35.532324 ], [ -76.611035, 35.529687 ], [ -76.634131, 35.453223 ], [ -76.741406, 35.431494 ], [ -76.887256, 35.463086 ], [ -77.03999, 35.527393 ], [ -76.974463, 35.458398 ], [ -76.595459, 35.329687 ], [ -76.552783, 35.305615 ], [ -76.512939, 35.27041 ], [ -76.565967, 35.215186 ], [ -76.60752, 35.152979 ], [ -76.613379, 35.10415 ], [ -76.628027, 35.07334 ], [ -76.77915, 34.990332 ], [ -76.861035, 35.00498 ], [ -77.070264, 35.154639 ], [ -76.974951, 35.025195 ], [ -76.898633, 34.970264 ], [ -76.744971, 34.940967 ], [ -76.456738, 34.989355 ], [ -76.362207, 34.936523 ], [ -76.439795, 34.84292 ], [ -76.516895, 34.777246 ], [ -76.618018, 34.769922 ], [ -76.70708, 34.752148 ], [ -76.733203, 34.706982 ], [ -76.79668, 34.70415 ], [ -76.895898, 34.701465 ], [ -77.049512, 34.697363 ], [ -77.133887, 34.70791 ], [ -77.251758, 34.615625 ], [ -77.29624, 34.60293 ], [ -77.358398, 34.620264 ], [ -77.384473, 34.694385 ], [ -77.412256, 34.730811 ], [ -77.412939, 34.592139 ], [ -77.402051, 34.554785 ], [ -77.379785, 34.526611 ], [ -77.517676, 34.451367 ], [ -77.649658, 34.35752 ], [ -77.696973, 34.331982 ], [ -77.750732, 34.284961 ], [ -77.86084, 34.14917 ], [ -77.888037, 34.050146 ], [ -77.927832, 33.939746 ], [ -77.932861, 33.989453 ], [ -77.926025, 34.073145 ], [ -77.953271, 34.168994 ], [ -77.970557, 33.993408 ], [ -78.01333, 33.911816 ], [ -78.405859, 33.917578 ], [ -78.577686, 33.873242 ], [ -78.841455, 33.724072 ], [ -78.920312, 33.658691 ], [ -79.138184, 33.405908 ], [ -79.193799, 33.244141 ], [ -79.238379, 33.312158 ], [ -79.227344, 33.363184 ], [ -79.226465, 33.404883 ], [ -79.281348, 33.31543 ], [ -79.229248, 33.185156 ], [ -79.276025, 33.1354 ], [ -79.419922, 33.042529 ], [ -79.498682, 33.027295 ], [ -79.587109, 33.000879 ], [ -79.614941, 32.909277 ], [ -79.73501, 32.824805 ], [ -79.80498, 32.787402 ], [ -79.933105, 32.810059 ], [ -79.893652, 32.728711 ], [ -79.940723, 32.667139 ], [ -80.021777, 32.619922 ], [ -80.122559, 32.589111 ], [ -80.180322, 32.592871 ], [ -80.229687, 32.576514 ], [ -80.268359, 32.537354 ], [ -80.362842, 32.500732 ], [ -80.460986, 32.521338 ], [ -80.572217, 32.533691 ], [ -80.63418, 32.511719 ], [ -80.530029, 32.475391 ], [ -80.474268, 32.422754 ], [ -80.485742, 32.351807 ], [ -80.513623, 32.324414 ], [ -80.579346, 32.287305 ], [ -80.608203, 32.292822 ], [ -80.62583, 32.32627 ], [ -80.647217, 32.395947 ], [ -80.677783, 32.381104 ], [ -80.683057, 32.348633 ], [ -80.709326, 32.337061 ], [ -80.802539, 32.448047 ], [ -80.7979, 32.363379 ], [ -80.765332, 32.29834 ], [ -80.733838, 32.265332 ], [ -80.702051, 32.245898 ], [ -80.694238, 32.215723 ], [ -80.758008, 32.142187 ], [ -80.79082, 32.12583 ], [ -80.849219, 32.113916 ], [ -80.88208, 32.068604 ], [ -80.872363, 32.02959 ], [ -80.923437, 31.944922 ], [ -81.045557, 31.892041 ], [ -81.082861, 31.894092 ], [ -81.113281, 31.878613 ], [ -81.095508, 31.840918 ], [ -81.065039, 31.813477 ], [ -81.066113, 31.787988 ], [ -81.098389, 31.753369 ], [ -81.162109, 31.743701 ], [ -81.1979, 31.704199 ], [ -81.186572, 31.666943 ], [ -81.165527, 31.646143 ], [ -81.169922, 31.610303 ], [ -81.242383, 31.574316 ], [ -81.259375, 31.538916 ], [ -81.223389, 31.528467 ], [ -81.195703, 31.538916 ], [ -81.175439, 31.531299 ], [ -81.218896, 31.472119 ], [ -81.25791, 31.436035 ], [ -81.294971, 31.371191 ], [ -81.380957, 31.353271 ], [ -81.377734, 31.332324 ], [ -81.32915, 31.31377 ], [ -81.288477, 31.263916 ], [ -81.364893, 31.171875 ], [ -81.412598, 31.179443 ], [ -81.441748, 31.199707 ], [ -81.460352, 31.127051 ], [ -81.453223, 31.088281 ], [ -81.471387, 31.009033 ], [ -81.500586, 30.91377 ], [ -81.52041, 30.874658 ], [ -81.516211, 30.801807 ], [ -81.503955, 30.731445 ], [ -81.457178, 30.640771 ], [ -81.385742, 30.269971 ], [ -81.337109, 30.141211 ], [ -81.249512, 29.793799 ], [ -81.104541, 29.456982 ], [ -80.9, 29.049854 ], [ -80.564307, 28.556396 ], [ -80.524121, 28.486084 ], [ -80.567822, 28.426465 ], [ -80.581152, 28.364697 ], [ -80.584961, 28.271582 ], [ -80.572852, 28.180859 ], [ -80.533154, 28.070068 ], [ -80.456885, 27.900684 ], [ -80.499561, 27.934473 ], [ -80.61001, 28.177588 ], [ -80.622852, 28.320361 ], [ -80.606934, 28.5229 ], [ -80.632861, 28.518018 ], [ -80.653906, 28.452197 ], [ -80.665479, 28.374902 ], [ -80.693506, 28.344971 ], [ -80.731738, 28.462891 ], [ -80.729053, 28.516211 ], [ -80.688477, 28.578516 ], [ -80.700244, 28.600928 ], [ -80.765918, 28.632812 ], [ -80.779883, 28.682959 ], [ -80.770996, 28.732471 ], [ -80.808691, 28.758936 ], [ -80.838184, 28.757666 ], [ -80.818408, 28.635596 ], [ -80.787207, 28.560645 ], [ -80.748633, 28.381006 ], [ -80.686377, 28.272168 ], [ -80.650098, 28.180908 ], [ -80.226123, 27.207031 ], [ -80.125781, 27.083008 ], [ -80.088672, 26.993945 ], [ -80.050049, 26.807715 ], [ -80.041309, 26.568604 ], [ -80.110596, 26.131592 ], [ -80.126367, 25.833496 ], [ -80.136279, 25.842627 ], [ -80.14292, 25.874023 ], [ -80.158936, 25.87832 ], [ -80.219092, 25.741748 ], [ -80.30083, 25.618555 ], [ -80.327734, 25.4271 ], [ -80.366943, 25.33125 ], [ -80.484668, 25.229834 ], [ -80.557617, 25.232422 ], [ -80.736523, 25.156348 ], [ -80.862207, 25.176172 ], [ -81.011963, 25.133252 ], [ -81.110498, 25.138037 ], [ -81.167383, 25.228516 ], [ -81.158691, 25.268994 ], [ -81.136035, 25.309668 ], [ -81.097656, 25.319141 ], [ -80.965381, 25.224316 ], [ -80.94043, 25.264209 ], [ -80.980371, 25.31167 ], [ -81.056836, 25.338135 ], [ -81.11333, 25.367236 ], [ -81.227148, 25.583398 ], [ -81.345068, 25.731836 ], [ -81.364941, 25.831055 ], [ -81.568262, 25.891553 ], [ -81.715479, 25.983154 ], [ -81.811475, 26.146094 ], [ -81.866553, 26.43501 ], [ -81.931494, 26.46748 ], [ -81.958936, 26.489941 ], [ -81.895508, 26.597168 ], [ -81.828662, 26.687061 ], [ -81.881543, 26.664697 ], [ -81.920557, 26.631445 ], [ -81.970166, 26.552051 ], [ -82.006396, 26.539844 ], [ -82.0396, 26.552051 ], [ -82.077881, 26.704346 ], [ -82.066943, 26.891553 ], [ -82.013281, 26.961572 ], [ -82.095703, 26.963428 ], [ -82.181104, 26.936768 ], [ -82.168604, 26.874365 ], [ -82.180664, 26.840088 ], [ -82.242871, 26.848877 ], [ -82.290039, 26.870801 ], [ -82.354053, 26.935742 ], [ -82.441357, 27.059668 ], [ -82.620459, 27.401074 ], [ -82.655371, 27.449219 ], [ -82.7146, 27.499609 ], [ -82.686719, 27.515283 ], [ -82.63584, 27.524561 ], [ -82.52085, 27.678271 ], [ -82.430518, 27.771143 ], [ -82.400537, 27.8354 ], [ -82.405762, 27.862891 ], [ -82.445703, 27.902832 ], [ -82.498145, 27.86792 ], [ -82.520605, 27.877881 ], [ -82.57959, 27.958447 ], [ -82.635937, 27.981201 ], [ -82.675195, 27.96377 ], [ -82.633789, 27.897754 ], [ -82.596582, 27.873242 ], [ -82.610986, 27.777246 ], [ -82.626025, 27.745996 ], [ -82.660889, 27.718408 ], [ -82.715332, 27.733105 ], [ -82.742871, 27.709375 ], [ -82.775293, 27.734375 ], [ -82.807568, 27.776562 ], [ -82.843506, 27.845996 ], [ -82.748535, 28.236816 ], [ -82.660645, 28.48584 ], [ -82.650586, 28.769922 ], [ -82.644043, 28.812012 ], [ -82.651465, 28.8875 ], [ -82.769336, 29.051562 ], [ -83.290479, 29.451904 ], [ -83.694385, 29.925977 ], [ -84.044238, 30.103809 ], [ -84.309668, 30.064746 ], [ -84.355615, 30.029004 ], [ -84.375342, 29.982275 ], [ -84.358691, 29.929395 ], [ -84.382812, 29.907373 ], [ -84.454053, 29.910156 ], [ -84.55, 29.897852 ], [ -84.800537, 29.773047 ], [ -84.888916, 29.777637 ], [ -84.969189, 29.745312 ], [ -85.029297, 29.721094 ], [ -85.186035, 29.70791 ], [ -85.318945, 29.680225 ], [ -85.376367, 29.695215 ], [ -85.413818, 29.767578 ], [ -85.413818, 29.84248 ], [ -85.383447, 29.785059 ], [ -85.336426, 29.740137 ], [ -85.314893, 29.758105 ], [ -85.306836, 29.797852 ], [ -85.353613, 29.875732 ], [ -85.504297, 29.975781 ], [ -85.675781, 30.121924 ], [ -85.623486, 30.11709 ], [ -85.610254, 30.148389 ], [ -85.663428, 30.189453 ], [ -85.640967, 30.236914 ], [ -85.603516, 30.286768 ], [ -85.675879, 30.279297 ], [ -85.74082, 30.244385 ], [ -85.742969, 30.20127 ], [ -85.755811, 30.166992 ], [ -85.790771, 30.171973 ], [ -85.855664, 30.214404 ], [ -86.175146, 30.33252 ], [ -86.454443, 30.399121 ], [ -86.240088, 30.429102 ], [ -86.123828, 30.405811 ], [ -86.137695, 30.441553 ], [ -86.165674, 30.464258 ], [ -86.257373, 30.493018 ], [ -86.37417, 30.48208 ], [ -86.447949, 30.495605 ], [ -86.523389, 30.46709 ], [ -86.606055, 30.424707 ], [ -86.679639, 30.402881 ], [ -86.967627, 30.372363 ], [ -87.201172, 30.339258 ], [ -87.163721, 30.374219 ], [ -87.123779, 30.39668 ], [ -86.985791, 30.430859 ], [ -86.965137, 30.501904 ], [ -86.997559, 30.570312 ], [ -87.033887, 30.553906 ], [ -87.072021, 30.500439 ], [ -87.118799, 30.538965 ], [ -87.170605, 30.53877 ], [ -87.184668, 30.453711 ], [ -87.251074, 30.39668 ], [ -87.281055, 30.339258 ], [ -87.475781, 30.294287 ], [ -87.500732, 30.309277 ], [ -87.44375, 30.363818 ], [ -87.448291, 30.394141 ], [ -87.513281, 30.368115 ], [ -87.622266, 30.264746 ], [ -88.005957, 30.230908 ], [ -87.98501, 30.254395 ], [ -87.904004, 30.259082 ], [ -87.790283, 30.291797 ], [ -87.813281, 30.346875 ], [ -87.857129, 30.407422 ], [ -87.897607, 30.41416 ], [ -87.924316, 30.449658 ], [ -87.922998, 30.561523 ], [ -87.948877, 30.626904 ], [ -88.011328, 30.694189 ], [ -88.032422, 30.68125 ], [ -88.078369, 30.566211 ], [ -88.116553, 30.415332 ], [ -88.135449, 30.366602 ], [ -88.249219, 30.363184 ], [ -88.349902, 30.373486 ], [ -88.69209, 30.355371 ], [ -88.819922, 30.406494 ], [ -88.872949, 30.416309 ], [ -88.905225, 30.415137 ], [ -89.054053, 30.368262 ], [ -89.223633, 30.332373 ], [ -89.263574, 30.343652 ], [ -89.320557, 30.345312 ], [ -89.443506, 30.223145 ], [ -89.588477, 30.165967 ], [ -89.954248, 30.26875 ], [ -90.045215, 30.351416 ], [ -90.125977, 30.369092 ], [ -90.225293, 30.379297 ], [ -90.331982, 30.277588 ], [ -90.413037, 30.140332 ], [ -90.284961, 30.065088 ], [ -90.175342, 30.029102 ], [ -89.994189, 30.059277 ], [ -89.894043, 30.125879 ], [ -89.812256, 30.123682 ], [ -89.773145, 30.137207 ], [ -89.737451, 30.171973 ], [ -89.667529, 30.144531 ], [ -89.665039, 30.117041 ], [ -89.714697, 30.07832 ], [ -89.777246, 30.045703 ], [ -89.815186, 30.007275 ], [ -89.743799, 29.929834 ], [ -89.631689, 29.903809 ], [ -89.589502, 29.915039 ], [ -89.563379, 30.0021 ], [ -89.494434, 30.058154 ], [ -89.400732, 30.046045 ], [ -89.414062, 30.010889 ], [ -89.400928, 29.977686 ], [ -89.357861, 29.920996 ], [ -89.362793, 29.839795 ], [ -89.354443, 29.820215 ], [ -89.45542, 29.784375 ], [ -89.530664, 29.772217 ], [ -89.590869, 29.725293 ], [ -89.559326, 29.698047 ], [ -89.620654, 29.674121 ], [ -89.662109, 29.683691 ], [ -89.682959, 29.674854 ], [ -89.689209, 29.646045 ], [ -89.720898, 29.619287 ], [ -89.674805, 29.538672 ], [ -89.580322, 29.486035 ], [ -89.513672, 29.420068 ], [ -89.245703, 29.333203 ], [ -89.180762, 29.335693 ], [ -89.116846, 29.248242 ], [ -89.065332, 29.218164 ], [ -89.015723, 29.202881 ], [ -89.021387, 29.142725 ], [ -89.109521, 29.098682 ], [ -89.13335, 29.046143 ], [ -89.155518, 29.016602 ], [ -89.195264, 29.054004 ], [ -89.236084, 29.081104 ], [ -89.330566, 28.998682 ], [ -89.376123, 28.981348 ], [ -89.353516, 29.070215 ], [ -89.389209, 29.105029 ], [ -89.443164, 29.194141 ], [ -89.521777, 29.249268 ], [ -89.577148, 29.267529 ], [ -89.620264, 29.302393 ], [ -89.672461, 29.316504 ], [ -89.716992, 29.312891 ], [ -89.792383, 29.333203 ], [ -89.797363, 29.380615 ], [ -89.818262, 29.416113 ], [ -89.877246, 29.458008 ], [ -90.159082, 29.537158 ], [ -90.160791, 29.504395 ], [ -90.14126, 29.479736 ], [ -90.100781, 29.46333 ], [ -90.052344, 29.431396 ], [ -90.052783, 29.336816 ], [ -90.07373, 29.296777 ], [ -90.082715, 29.239746 ], [ -90.101367, 29.181787 ], [ -90.13584, 29.136084 ], [ -90.212793, 29.104932 ], [ -90.246729, 29.131006 ], [ -90.301611, 29.255811 ], [ -90.379199, 29.295117 ], [ -90.50249, 29.299756 ], [ -90.58623, 29.271533 ], [ -90.67749, 29.150635 ], [ -90.751025, 29.130859 ], [ -91.002734, 29.193506 ], [ -91.290137, 29.288965 ], [ -91.282715, 29.320752 ], [ -91.2375, 29.330957 ], [ -91.150781, 29.31792 ], [ -91.155371, 29.350684 ], [ -91.243994, 29.457324 ], [ -91.260254, 29.505469 ], [ -91.248828, 29.564209 ], [ -91.277734, 29.562891 ], [ -91.330957, 29.513574 ], [ -91.514209, 29.555371 ], [ -91.564795, 29.605322 ], [ -91.672461, 29.746094 ], [ -91.824414, 29.750684 ], [ -91.893164, 29.836035 ], [ -92.017334, 29.800293 ], [ -92.080225, 29.760742 ], [ -92.135498, 29.699463 ], [ -92.113965, 29.667676 ], [ -92.058887, 29.617188 ], [ -92.084033, 29.592822 ], [ -92.26084, 29.556836 ], [ -92.671289, 29.59707 ], [ -92.791309, 29.634668 ], [ -92.952393, 29.71416 ], [ -93.175684, 29.778955 ], [ -93.283203, 29.789404 ], [ -93.388477, 29.776562 ], [ -93.694824, 29.769922 ], [ -93.765918, 29.752686 ], [ -93.826465, 29.725146 ], [ -93.865723, 29.755615 ], [ -93.883887, 29.81001 ], [ -93.84834, 29.818848 ], [ -93.808789, 29.85083 ], [ -93.773096, 29.914062 ], [ -93.769043, 29.952295 ], [ -93.793994, 29.977246 ], [ -93.841455, 29.979736 ], [ -93.946289, 29.81499 ], [ -93.886377, 29.722656 ], [ -93.890479, 29.689355 ], [ -94.099658, 29.67041 ], [ -94.574463, 29.484521 ], [ -94.759619, 29.384277 ], [ -94.750146, 29.418018 ], [ -94.52627, 29.547949 ], [ -94.605322, 29.567822 ], [ -94.732617, 29.535352 ], [ -94.778271, 29.547852 ], [ -94.724365, 29.655273 ], [ -94.741943, 29.75 ], [ -94.832324, 29.752588 ], [ -94.889893, 29.676953 ], [ -94.929883, 29.680176 ], [ -94.982275, 29.712598 ], [ -95.022852, 29.702344 ], [ -94.992822, 29.530957 ], [ -94.935889, 29.460449 ], [ -94.888281, 29.370557 ], [ -95.018311, 29.259473 ], [ -95.139062, 29.167822 ], [ -95.152148, 29.079248 ], [ -95.273486, 28.963867 ], [ -95.387646, 28.898438 ], [ -95.655859, 28.744629 ], [ -95.732373, 28.711719 ], [ -95.853418, 28.640332 ], [ -96.02041, 28.586816 ], [ -96.180518, 28.501855 ], [ -96.234521, 28.488965 ], [ -96.132275, 28.560889 ], [ -96.011035, 28.631934 ], [ -96.115039, 28.622217 ], [ -96.275342, 28.655127 ], [ -96.373437, 28.657031 ], [ -96.374121, 28.631104 ], [ -96.44873, 28.594482 ], [ -96.526025, 28.648291 ], [ -96.559717, 28.684473 ], [ -96.575684, 28.715723 ], [ -96.608496, 28.723291 ], [ -96.640039, 28.708789 ], [ -96.524658, 28.488721 ], [ -96.475488, 28.479199 ], [ -96.421094, 28.457324 ], [ -96.488818, 28.406055 ], [ -96.561719, 28.367139 ], [ -96.676367, 28.341309 ], [ -96.773535, 28.421631 ], [ -96.79458, 28.32085 ], [ -96.806885, 28.220215 ], [ -96.839502, 28.194385 ], [ -96.891602, 28.157568 ], [ -96.919873, 28.185352 ], [ -96.933301, 28.224268 ], [ -96.96665, 28.189551 ], [ -97.015479, 28.163477 ], [ -97.096045, 28.158252 ], [ -97.156494, 28.144336 ], [ -97.155078, 28.102637 ], [ -97.14126, 28.060742 ], [ -97.034326, 28.093848 ], [ -97.073096, 27.986084 ], [ -97.171436, 27.87959 ], [ -97.251562, 27.854443 ], [ -97.374121, 27.87002 ], [ -97.404395, 27.859326 ], [ -97.431494, 27.837207 ], [ -97.288721, 27.670605 ], [ -97.380469, 27.419336 ], [ -97.439111, 27.328271 ], [ -97.479785, 27.316602 ], [ -97.523877, 27.313965 ], [ -97.682129, 27.394922 ], [ -97.768457, 27.45752 ], [ -97.692383, 27.287158 ], [ -97.485107, 27.237402 ], [ -97.474512, 27.172949 ], [ -97.475684, 27.117871 ], [ -97.516504, 27.053223 ], [ -97.554688, 26.967334 ], [ -97.526514, 26.90752 ], [ -97.493799, 26.759619 ], [ -97.46582, 26.691748 ], [ -97.435059, 26.48584 ], [ -97.402344, 26.396533 ], [ -97.213916, 26.067871 ], [ -97.150391, 26.065332 ], [ -97.140186, 26.029736 ], [ -97.14624, 25.961475 ], [ -97.281787, 25.941602 ], [ -97.338672, 25.911182 ], [ -97.349756, 25.884766 ], [ -97.358154, 25.870508 ], [ -97.375635, 25.871826 ], [ -97.440283, 25.89082 ], [ -97.587256, 25.98418 ], [ -97.801416, 26.042041 ], [ -98.082812, 26.064453 ], [ -98.275049, 26.111182 ], [ -98.378125, 26.182373 ], [ -98.485889, 26.224561 ], [ -98.598291, 26.237842 ], [ -98.691406, 26.276465 ], [ -98.765234, 26.34043 ], [ -98.873193, 26.38125 ], [ -99.015283, 26.398975 ], [ -99.107764, 26.446924 ], [ -99.17207, 26.56416 ], [ -99.172363, 26.565918 ], [ -99.229932, 26.761914 ], [ -99.302441, 26.884717 ], [ -99.443555, 27.03667 ], [ -99.456494, 27.056641 ], [ -99.456543, 27.056689 ], [ -99.457715, 27.081689 ], [ -99.440234, 27.170117 ], [ -99.455127, 27.233691 ], [ -99.499805, 27.285498 ], [ -99.510059, 27.340332 ], [ -99.48584, 27.398047 ], [ -99.484277, 27.467383 ], [ -99.505322, 27.54834 ], [ -99.595312, 27.635889 ], [ -99.754248, 27.729932 ], [ -99.889648, 27.867285 ], [ -100.001416, 28.047852 ], [ -100.111963, 28.172949 ], [ -100.221289, 28.242627 ], [ -100.296045, 28.327686 ], [ -100.336279, 28.428125 ], [ -100.348145, 28.486426 ], [ -100.331738, 28.502539 ], [ -100.398926, 28.614209 ], [ -100.549707, 28.821338 ], [ -100.636328, 28.972803 ], [ -100.658643, 29.068555 ], [ -100.75459, 29.18252 ], [ -100.924121, 29.314697 ], [ -101.016309, 29.400684 ], [ -101.038623, 29.460303 ], [ -101.038965, 29.4604 ], [ -101.303516, 29.634082 ], [ -101.380371, 29.742578 ], [ -101.440381, 29.776855 ], [ -101.509277, 29.773145 ], [ -101.544629, 29.783545 ], [ -101.546387, 29.808057 ], [ -101.568701, 29.809229 ], [ -101.611621, 29.786963 ], [ -101.752344, 29.782471 ], [ -101.990918, 29.795703 ], [ -102.163086, 29.825244 ], [ -102.268945, 29.871191 ], [ -102.343066, 29.86499 ], [ -102.385645, 29.806641 ], [ -102.47627, 29.769092 ], [ -102.614941, 29.752344 ], [ -102.73418, 29.643945 ], [ -102.833984, 29.443945 ], [ -102.877832, 29.315332 ], [ -102.865674, 29.258008 ], [ -102.891992, 29.216406 ], [ -102.956836, 29.190381 ], [ -103.022852, 29.132227 ], [ -103.08999, 29.041895 ], [ -103.168311, 28.998193 ], [ -103.257715, 29.001123 ], [ -103.422949, 29.070703 ], [ -103.663965, 29.206885 ], [ -103.85293, 29.291064 ], [ -103.989746, 29.323145 ], [ -104.110596, 29.386133 ], [ -104.215527, 29.479883 ], [ -104.312207, 29.542432 ], [ -104.400635, 29.57373 ], [ -104.504004, 29.677686 ], [ -104.622217, 29.854297 ], [ -104.681348, 29.990527 ], [ -104.681348, 30.134375 ], [ -104.835889, 30.447656 ], [ -104.917871, 30.58335 ], [ -104.978809, 30.645947 ], [ -105.098145, 30.720557 ], [ -105.27583, 30.807275 ], [ -105.514014, 30.980762 ], [ -105.812695, 31.241016 ], [ -106.024072, 31.397754 ], [ -106.148047, 31.450928 ], [ -106.255713, 31.544678 ], [ -106.346973, 31.679004 ], [ -106.436035, 31.764453 ], [ -106.44541, 31.768408 ], [ -106.453223, 31.770166 ], [ -106.673047, 31.771338 ], [ -106.892871, 31.772461 ], [ -107.112695, 31.773633 ], [ -107.33252, 31.774756 ], [ -107.552344, 31.775879 ], [ -107.772217, 31.777051 ], [ -107.992041, 31.778174 ], [ -108.211816, 31.779346 ], [ -108.2125, 31.666846 ], [ -108.213184, 31.554395 ], [ -108.213818, 31.441895 ], [ -108.214453, 31.329443 ], [ -108.567871, 31.328809 ], [ -108.921338, 31.328125 ], [ -109.274756, 31.327441 ], [ -109.628223, 31.326807 ], [ -109.981641, 31.326172 ], [ -110.335107, 31.325537 ], [ -110.688525, 31.324854 ], [ -111.041992, 31.324219 ], [ -111.516211, 31.472266 ], [ -111.990479, 31.620215 ], [ -112.464746, 31.768262 ], [ -112.938965, 31.91626 ], [ -113.413184, 32.064307 ], [ -113.887451, 32.212305 ], [ -114.361719, 32.360303 ], [ -114.835938, 32.508301 ], [ -114.787988, 32.564795 ], [ -114.724756, 32.715332 ], [ -114.839062, 32.704736 ], [ -115.125195, 32.683301 ], [ -115.411377, 32.661865 ], [ -115.69751, 32.640479 ], [ -115.983691, 32.619043 ], [ -116.269824, 32.597607 ], [ -116.555957, 32.576221 ], [ -116.84209, 32.554785 ], [ -117.128271, 32.53335 ], [ -117.130469, 32.539746 ], [ -117.137402, 32.64917 ], [ -117.18374, 32.687891 ], [ -117.243457, 32.664014 ], [ -117.270703, 32.80625 ], [ -117.255762, 32.873389 ], [ -117.262988, 32.938867 ], [ -117.318848, 33.100049 ], [ -117.467432, 33.295508 ], [ -117.788525, 33.538477 ], [ -117.9521, 33.619629 ], [ -118.080518, 33.722168 ], [ -118.161914, 33.750684 ], [ -118.264404, 33.758594 ], [ -118.294189, 33.712305 ], [ -118.410449, 33.743945 ], [ -118.392969, 33.858301 ], [ -118.506201, 34.017383 ], [ -118.598828, 34.03501 ], [ -118.832031, 34.024463 ], [ -119.14375, 34.112012 ], [ -119.23584, 34.164111 ], [ -119.267676, 34.257422 ], [ -119.413672, 34.338574 ], [ -119.606055, 34.418018 ], [ -119.713184, 34.399658 ], [ -119.85332, 34.411963 ], [ -120.052979, 34.469287 ], [ -120.169531, 34.476465 ], [ -120.396484, 34.45957 ], [ -120.481201, 34.471631 ], [ -120.559814, 34.543896 ], [ -120.644678, 34.57998 ], [ -120.626709, 34.668945 ], [ -120.637598, 34.749365 ], [ -120.624902, 34.811963 ], [ -120.663037, 34.949268 ], [ -120.633594, 35.076465 ], [ -120.659082, 35.122412 ], [ -120.707031, 35.157666 ], [ -120.857373, 35.209668 ], [ -120.884863, 35.274951 ], [ -120.860303, 35.36543 ], [ -120.899609, 35.425098 ], [ -121.022852, 35.480762 ], [ -121.137939, 35.607129 ], [ -121.283838, 35.676318 ], [ -121.343848, 35.792236 ], [ -121.43374, 35.863867 ], [ -121.46499, 35.927393 ], [ -121.664355, 36.154053 ], [ -121.877393, 36.331055 ], [ -121.910156, 36.43291 ], [ -121.918652, 36.572363 ], [ -121.835156, 36.657471 ], [ -121.78999, 36.732275 ], [ -121.794531, 36.800977 ], [ -121.807422, 36.851221 ], [ -121.880664, 36.938916 ], [ -122.164209, 36.990967 ], [ -122.394922, 37.20752 ], [ -122.408447, 37.373145 ], [ -122.499219, 37.542627 ], [ -122.500439, 37.652783 ], [ -122.514209, 37.771973 ], [ -122.445605, 37.797998 ], [ -122.384082, 37.788525 ], [ -122.390283, 37.741064 ], [ -122.369727, 37.655859 ], [ -122.297607, 37.591846 ], [ -122.228662, 37.563916 ], [ -122.166016, 37.50166 ], [ -122.119043, 37.482812 ], [ -122.070508, 37.478271 ], [ -122.096533, 37.518213 ], [ -122.124121, 37.543799 ], [ -122.158057, 37.626465 ], [ -122.222217, 37.732031 ], [ -122.295996, 37.790332 ], [ -122.333447, 37.896582 ], [ -122.365479, 37.921191 ], [ -122.385449, 37.960596 ], [ -122.314258, 38.007324 ], [ -122.217041, 38.040625 ], [ -122.086719, 38.049609 ], [ -121.716846, 38.034082 ], [ -121.638086, 38.061279 ], [ -121.572998, 38.052393 ], [ -121.525342, 38.055908 ], [ -121.625732, 38.083936 ], [ -121.682227, 38.074805 ], [ -121.748633, 38.080469 ], [ -121.880762, 38.075 ], [ -121.93418, 38.086816 ], [ -121.993115, 38.120117 ], [ -122.031494, 38.123535 ], [ -122.15376, 38.065527 ], [ -122.208301, 38.072559 ], [ -122.337109, 38.135889 ], [ -122.393359, 38.144824 ], [ -122.483887, 38.108838 ], [ -122.494922, 37.953564 ], [ -122.466895, 37.838184 ], [ -122.521338, 37.826416 ], [ -122.58418, 37.874072 ], [ -122.680713, 37.902344 ], [ -122.7604, 37.945654 ], [ -122.872949, 38.026074 ], [ -122.931982, 38.055469 ], [ -122.998779, 37.988623 ], [ -123.001465, 38.019287 ], [ -122.968164, 38.097021 ], [ -122.977588, 38.227344 ], [ -122.876807, 38.12334 ], [ -122.908154, 38.196582 ], [ -122.986523, 38.2771 ], [ -123.046191, 38.305078 ], [ -123.121143, 38.449268 ], [ -123.289746, 38.53584 ], [ -123.424805, 38.675635 ], [ -123.701123, 38.907275 ], [ -123.719531, 39.110986 ], [ -123.820312, 39.368408 ], [ -123.777783, 39.514941 ], [ -123.783496, 39.618701 ], [ -123.83291, 39.775488 ], [ -123.884473, 39.860791 ], [ -124.108496, 40.094531 ], [ -124.324023, 40.251953 ], [ -124.356543, 40.371094 ], [ -124.37168, 40.491211 ], [ -124.324512, 40.598096 ], [ -124.283691, 40.710547 ], [ -124.253906, 40.740283 ], [ -124.242334, 40.727881 ], [ -124.250586, 40.703906 ], [ -124.22002, 40.696484 ], [ -124.208447, 40.746094 ], [ -124.190234, 40.771729 ], [ -124.22251, 40.775049 ], [ -124.219189, 40.790723 ], [ -124.199902, 40.82207 ], [ -124.133105, 40.969775 ], [ -124.140039, 41.155908 ], [ -124.068506, 41.38418 ], [ -124.071924, 41.459521 ], [ -124.117676, 41.621729 ], [ -124.163232, 41.718994 ], [ -124.244629, 41.787939 ], [ -124.20874, 41.888574 ], [ -124.21167, 41.984619 ], [ -124.355273, 42.1229 ], [ -124.41001, 42.304346 ], [ -124.420508, 42.381006 ], [ -124.406152, 42.583691 ], [ -124.443799, 42.670215 ], [ -124.539648, 42.812891 ], [ -124.498584, 42.936865 ], [ -124.454443, 43.012354 ], [ -124.346582, 43.34165 ], [ -124.320605, 43.368213 ], [ -124.275488, 43.367383 ], [ -124.196924, 43.42334 ], [ -124.233154, 43.436377 ], [ -124.287988, 43.409717 ], [ -124.239209, 43.540039 ], [ -124.184375, 43.651562 ], [ -124.14873, 43.691748 ], [ -124.130664, 44.055664 ], [ -124.09917, 44.333789 ], [ -124.047461, 44.425488 ], [ -124.06543, 44.520068 ], [ -124.044531, 44.648242 ], [ -124.05918, 44.777734 ], [ -123.948584, 45.40083 ], [ -123.963086, 45.476074 ], [ -123.929346, 45.576953 ], [ -123.96123, 45.842969 ], [ -123.947119, 46.140576 ], [ -123.975244, 46.17832 ], [ -123.989307, 46.219385 ], [ -123.962939, 46.225439 ], [ -123.91167, 46.182178 ], [ -123.673633, 46.182617 ], [ -123.521631, 46.222656 ], [ -123.466357, 46.209424 ], [ -123.402295, 46.15498 ], [ -123.321582, 46.143994 ], [ -123.220605, 46.153613 ], [ -123.251318, 46.167285 ], [ -123.298682, 46.17085 ], [ -123.404736, 46.220996 ], [ -123.464844, 46.271094 ], [ -123.650342, 46.267725 ], [ -123.688379, 46.299854 ], [ -123.895703, 46.267773 ], [ -123.959766, 46.300732 ], [ -124.072754, 46.279443 ], [ -124.045117, 46.3729 ], [ -124.050195, 46.490527 ], [ -124.044336, 46.605078 ], [ -124.016406, 46.521387 ], [ -123.946143, 46.432568 ], [ -123.912402, 46.53335 ], [ -123.88916, 46.66001 ], [ -123.957715, 46.708691 ], [ -124.07168, 46.744775 ], [ -124.112549, 46.862695 ], [ -123.842871, 46.963184 ], [ -123.986035, 46.984473 ], [ -124.042236, 47.029687 ], [ -124.111719, 47.035205 ], [ -124.116797, 47.000342 ], [ -124.139258, 46.954687 ], [ -124.163574, 47.015332 ], [ -124.170508, 47.08667 ], [ -124.198828, 47.208545 ], [ -124.309277, 47.40459 ], [ -124.376025, 47.658643 ], [ -124.460059, 47.784229 ], [ -124.621094, 47.90415 ], [ -124.663086, 47.974121 ], [ -124.70166, 48.15166 ], [ -124.67998, 48.285889 ], [ -124.709961, 48.380371 ], [ -124.632617, 48.375049 ], [ -124.429053, 48.300781 ], [ -124.175488, 48.242432 ], [ -124.098779, 48.2 ], [ -123.975781, 48.168457 ], [ -123.294434, 48.119531 ], [ -123.249902, 48.124219 ], [ -123.161865, 48.154541 ], [ -123.124414, 48.150928 ], [ -123.024219, 48.081592 ], [ -122.973877, 48.073291 ], [ -122.908887, 48.076904 ], [ -122.860889, 48.090039 ], [ -122.778613, 48.137598 ], [ -122.767529, 48.12002 ], [ -122.769092, 48.075977 ], [ -122.739746, 48.013232 ], [ -122.679492, 47.931787 ], [ -122.656641, 47.881152 ], [ -122.778418, 47.738428 ], [ -122.801758, 47.735352 ], [ -122.805371, 47.783643 ], [ -122.821387, 47.793164 ], [ -123.050635, 47.551953 ], [ -123.131055, 47.437744 ], [ -123.139062, 47.386084 ], [ -123.136328, 47.355811 ], [ -123.104199, 47.348389 ], [ -123.030908, 47.360205 ], [ -122.922168, 47.407666 ], [ -122.916895, 47.417969 ], [ -123.018213, 47.401074 ], [ -123.066797, 47.399658 ], [ -123.060156, 47.453662 ], [ -123.048633, 47.479346 ], [ -122.982471, 47.559375 ], [ -122.912891, 47.607373 ], [ -122.814063, 47.658545 ], [ -122.757129, 47.700537 ], [ -122.717871, 47.762109 ], [ -122.608154, 47.835498 ], [ -122.587891, 47.855957 ], [ -122.592676, 47.916406 ], [ -122.585742, 47.927881 ], [ -122.532813, 47.919727 ], [ -122.510791, 47.815723 ], [ -122.523926, 47.769336 ], [ -122.618408, 47.712793 ], [ -122.630176, 47.692822 ], [ -122.613623, 47.615625 ], [ -122.628271, 47.608154 ], [ -122.664307, 47.617236 ], [ -122.675488, 47.612354 ], [ -122.58584, 47.528418 ], [ -122.557422, 47.463184 ], [ -122.553564, 47.404932 ], [ -122.577881, 47.293164 ], [ -122.603906, 47.274609 ], [ -122.648633, 47.281445 ], [ -122.707715, 47.316406 ], [ -122.720898, 47.305127 ], [ -122.767773, 47.218359 ], [ -122.783301, 47.225977 ], [ -122.812549, 47.328955 ], [ -122.828467, 47.336572 ], [ -122.919531, 47.289648 ], [ -122.956201, 47.24458 ], [ -122.987646, 47.172559 ], [ -123.027588, 47.138916 ], [ -122.91416, 47.131494 ], [ -122.811963, 47.145996 ], [ -122.729883, 47.111816 ], [ -122.701953, 47.110889 ], [ -122.627051, 47.144238 ], [ -122.60415, 47.166992 ], [ -122.542187, 47.275586 ], [ -122.511084, 47.29502 ], [ -122.464844, 47.295801 ], [ -122.420117, 47.312109 ], [ -122.353809, 47.371582 ], [ -122.351123, 47.395215 ], [ -122.375244, 47.528369 ], [ -122.368359, 47.603906 ], [ -122.380762, 47.627832 ], [ -122.410498, 47.652637 ], [ -122.406787, 47.676758 ], [ -122.383643, 47.716455 ], [ -122.381982, 47.752344 ], [ -122.401807, 47.784277 ], [ -122.392871, 47.820557 ], [ -122.330322, 47.898633 ], [ -122.318457, 47.933057 ], [ -122.241992, 48.010742 ], [ -122.261279, 48.042041 ], [ -122.31748, 48.080176 ], [ -122.352979, 48.113818 ], [ -122.388672, 48.166357 ], [ -122.41582, 48.183936 ], [ -122.424707, 48.175928 ], [ -122.386621, 48.089941 ], [ -122.394775, 48.084131 ], [ -122.494043, 48.130469 ], [ -122.516992, 48.159668 ], [ -122.52915, 48.199316 ], [ -122.520312, 48.229102 ], [ -122.467041, 48.258496 ], [ -122.403369, 48.269189 ], [ -122.408545, 48.293896 ], [ -122.488428, 48.374316 ], [ -122.54165, 48.410937 ], [ -122.582568, 48.428662 ], [ -122.637793, 48.433301 ], [ -122.6625, 48.446387 ], [ -122.668994, 48.465234 ], [ -122.657275, 48.48999 ], [ -122.627979, 48.4979 ], [ -122.542676, 48.487988 ], [ -122.496777, 48.505566 ], [ -122.501074, 48.5375 ], [ -122.514795, 48.555176 ], [ -122.512744, 48.669434 ], [ -122.545117, 48.762305 ], [ -122.562012, 48.777979 ], [ -122.580176, 48.77959 ], [ -122.599414, 48.76709 ], [ -122.653027, 48.763867 ], [ -122.685937, 48.794287 ], [ -122.722461, 48.853027 ], [ -122.78877, 48.993018 ], [ -122.686377, 48.993018 ], [ -122.26001, 48.993018 ], [ -121.833594, 48.993018 ], [ -121.407227, 48.993018 ], [ -120.980859, 48.993018 ], [ -120.554492, 48.993018 ], [ -120.128076, 48.993018 ], [ -119.701709, 48.993018 ], [ -119.275342, 48.993066 ], [ -118.848926, 48.993066 ], [ -118.422559, 48.993066 ], [ -117.996191, 48.993066 ], [ -117.569775, 48.993066 ], [ -117.143408, 48.993066 ], [ -116.717041, 48.993066 ], [ -116.290625, 48.993066 ], [ -115.864258, 48.993066 ], [ -115.437891, 48.993066 ], [ -115.011523, 48.993066 ], [ -114.585107, 48.993066 ], [ -114.15874, 48.993066 ], [ -113.732373, 48.993066 ], [ -113.305957, 48.993066 ], [ -112.87959, 48.993066 ], [ -112.453223, 48.993066 ], [ -112.026807, 48.993066 ], [ -111.600439, 48.993066 ], [ -111.174072, 48.993066 ], [ -110.747656, 48.993066 ], [ -110.321289, 48.993066 ], [ -109.894922, 48.993066 ], [ -109.468555, 48.993066 ], [ -109.042139, 48.993115 ], [ -108.615771, 48.993115 ], [ -108.189404, 48.993115 ], [ -107.762988, 48.993115 ], [ -107.336621, 48.993115 ], [ -106.910254, 48.993115 ], [ -106.483838, 48.993115 ], [ -106.057471, 48.993115 ], [ -105.631104, 48.993115 ], [ -105.204687, 48.993115 ], [ -104.77832, 48.993115 ], [ -104.351953, 48.993115 ], [ -103.925586, 48.993115 ], [ -103.49917, 48.993115 ], [ -103.072803, 48.993115 ], [ -102.646436, 48.993115 ], [ -102.22002, 48.993115 ], [ -101.793652, 48.993115 ], [ -101.367285, 48.993115 ], [ -100.940869, 48.993115 ], [ -100.514502, 48.993115 ], [ -100.088135, 48.993115 ], [ -99.661719, 48.993115 ], [ -99.235352, 48.993115 ], [ -98.808984, 48.993164 ], [ -98.382617, 48.993164 ], [ -97.956201, 48.993164 ], [ -97.529834, 48.993164 ], [ -97.103467, 48.993164 ], [ -96.677051, 48.993164 ], [ -96.250684, 48.993164 ], [ -95.824316, 48.993164 ], [ -95.3979, 48.993164 ], [ -95.162061, 48.991748 ], [ -95.158252, 49.203076 ], [ -95.155273, 49.369678 ], [ -94.939355, 49.349414 ], [ -94.874805, 49.319043 ], [ -94.854346, 49.30459 ], [ -94.8604, 49.258594 ], [ -94.842578, 49.119189 ], [ -94.803467, 49.00293 ], [ -94.712793, 48.863428 ], [ -94.712549, 48.862988 ], [ -94.705078, 48.808496 ], [ -94.675342, 48.774414 ], [ -94.620898, 48.742627 ], [ -94.41416, 48.704102 ], [ -94.055176, 48.659033 ], [ -93.851611, 48.607275 ], [ -93.803564, 48.548926 ], [ -93.707715, 48.525439 ], [ -93.564258, 48.536914 ], [ -93.463623, 48.561279 ], [ -93.377881, 48.616553 ], [ -93.257959, 48.628857 ], [ -93.155225, 48.625342 ], [ -93.051709, 48.619873 ], [ -92.99624, 48.611816 ], [ -92.836719, 48.567773 ], [ -92.732666, 48.531836 ], [ -92.583252, 48.465088 ], [ -92.500586, 48.435352 ], [ -92.460889, 48.365869 ], [ -92.4146, 48.276611 ], [ -92.348437, 48.276611 ], [ -92.298682, 48.328906 ], [ -92.171777, 48.338379 ], [ -92.005176, 48.301855 ], [ -91.858398, 48.197559 ], [ -91.647314, 48.10459 ], [ -91.518311, 48.058301 ], [ -91.387207, 48.058545 ], [ -91.220654, 48.10459 ], [ -91.043457, 48.193701 ], [ -90.916064, 48.209131 ], [ -90.840332, 48.200537 ], [ -90.797314, 48.131055 ], [ -90.744385, 48.10459 ], [ -90.60708, 48.112598 ], [ -90.320117, 48.09917 ], [ -90.091797, 48.118115 ], [ -90.039941, 48.078174 ], [ -89.993652, 48.015332 ], [ -89.901025, 47.995459 ], [ -89.775391, 48.015332 ], [ -89.550586, 47.999902 ], [ -89.455664, 47.99624 ], [ -89.273193, 48.019971 ], [ -89.185645, 48.047412 ], [ -89.062598, 48.093799 ], [ -88.898682, 48.155713 ], [ -88.611768, 48.264014 ], [ -88.378174, 48.303076 ], [ -88.160645, 48.225391 ], [ -87.987451, 48.156885 ], [ -87.920508, 48.130371 ], [ -87.743896, 48.060547 ], [ -87.494238, 47.961768 ], [ -87.208008, 47.848486 ], [ -86.921826, 47.735205 ], [ -86.672168, 47.636426 ], [ -86.495557, 47.566602 ], [ -86.428564, 47.540088 ], [ -86.234473, 47.460059 ], [ -86.040381, 47.380029 ], [ -85.846338, 47.3 ], [ -85.652246, 47.219971 ], [ -85.458203, 47.139941 ], [ -85.264111, 47.059961 ], [ -85.070068, 46.979932 ], [ -84.875977, 46.899902 ], [ -84.827051, 46.766846 ], [ -84.779395, 46.637305 ], [ -84.665771, 46.543262 ], [ -84.561768, 46.457373 ], [ -84.501562, 46.461865 ], [ -84.440479, 46.498145 ], [ -84.401709, 46.515625 ], [ -84.336719, 46.518506 ], [ -84.192187, 46.549561 ], [ -84.149463, 46.542773 ], [ -84.125195, 46.527246 ], [ -84.123193, 46.50293 ], [ -84.128125, 46.483594 ], [ -84.150488, 46.444775 ], [ -84.115186, 46.370801 ], [ -84.107764, 46.288623 ], [ -84.088379, 46.226514 ], [ -84.029199, 46.147021 ], [ -83.977783, 46.084912 ], [ -83.913037, 46.0729 ], [ -83.763184, 46.109082 ], [ -83.669287, 46.122754 ], [ -83.615967, 46.116846 ], [ -83.524756, 46.058691 ], [ -83.480127, 46.02373 ], [ -83.469482, 45.994678 ], [ -83.592676, 45.817139 ], [ -83.397314, 45.729053 ], [ -83.179297, 45.632764 ], [ -82.919336, 45.517969 ], [ -82.7604, 45.447705 ], [ -82.551074, 45.347363 ], [ -82.515234, 45.204395 ], [ -82.485059, 45.08374 ], [ -82.446582, 44.915527 ], [ -82.407373, 44.743945 ], [ -82.368262, 44.572998 ], [ -82.326807, 44.391553 ], [ -82.28125, 44.192236 ], [ -82.240771, 44.015332 ], [ -82.196582, 43.822217 ], [ -82.137842, 43.570898 ], [ -82.190381, 43.474072 ], [ -82.304785, 43.263232 ], [ -82.408203, 43.072656 ], [ -82.417236, 43.017383 ], [ -82.48833, 42.739502 ], [ -82.545312, 42.624707 ], [ -82.645117, 42.558057 ], [ -82.744189, 42.493457 ], [ -82.867773, 42.385205 ], [ -83.003711, 42.331738 ], [ -83.073145, 42.300293 ], [ -83.109521, 42.250684 ], [ -83.149658, 42.141943 ], [ -83.141943, 41.975879 ], [ -83.02998, 41.832959 ], [ -82.866211, 41.753027 ], [ -82.690039, 41.675195 ], [ -82.439062, 41.674854 ], [ -82.21333, 41.778711 ], [ -81.97417, 41.888721 ], [ -81.760937, 41.986816 ], [ -81.507324, 42.103467 ], [ -81.277637, 42.20918 ], [ -81.028223, 42.247168 ], [ -80.682617, 42.299756 ], [ -80.247559, 42.366016 ], [ -80.035742, 42.441455 ], [ -79.762012, 42.538965 ], [ -79.44624, 42.651465 ], [ -79.17373, 42.748535 ], [ -79.036719, 42.802344 ], [ -78.939258, 42.863721 ], [ -78.915088, 42.909131 ], [ -78.92085, 42.935205 ], [ -78.945996, 42.961328 ], [ -78.980762, 42.980615 ], [ -79.01167, 42.997021 ], [ -79.026172, 43.017334 ], [ -79.029053, 43.061768 ], [ -79.047998, 43.087305 ], [ -79.066064, 43.106104 ], [ -79.059229, 43.278076 ], [ -79.083057, 43.331396 ], [ -79.171875, 43.466553 ], [ -79.00249, 43.527148 ], [ -78.845557, 43.58335 ], [ -78.72041, 43.624951 ], [ -78.458252, 43.631494 ], [ -78.214795, 43.630664 ], [ -77.879248, 43.629541 ], [ -77.596533, 43.628613 ], [ -77.266699, 43.62749 ], [ -77.07334, 43.626855 ], [ -76.819971, 43.628809 ], [ -76.696484, 43.784814 ], [ -76.586133, 43.924316 ], [ -76.4646, 44.057617 ], [ -76.248535, 44.214111 ], [ -76.185791, 44.242236 ], [ -76.151172, 44.303955 ], [ -76.020215, 44.362598 ], [ -75.875928, 44.416992 ], [ -75.819336, 44.468018 ], [ -75.791943, 44.49707 ], [ -75.40127, 44.772266 ], [ -75.179395, 44.899365 ], [ -74.996143, 44.970117 ], [ -74.856641, 45.003906 ], [ -74.762451, 44.999072 ], [ -74.708887, 45.003857 ] ] ], [ [ [ -72.509766, 40.986035 ], [ -72.580859, 40.921338 ], [ -72.516602, 40.914795 ], [ -72.461328, 40.933789 ], [ -72.408984, 40.972168 ], [ -72.287451, 41.024072 ], [ -72.183887, 41.046777 ], [ -72.15127, 41.051465 ], [ -72.101904, 41.015039 ], [ -72.003955, 41.044287 ], [ -71.903223, 41.060693 ], [ -72.338965, 40.894141 ], [ -72.428076, 40.875391 ], [ -72.555566, 40.825781 ], [ -72.676074, 40.790625 ], [ -72.762842, 40.777832 ], [ -73.194287, 40.654199 ], [ -73.228516, 40.651514 ], [ -73.265527, 40.663574 ], [ -73.620898, 40.599902 ], [ -73.766748, 40.592725 ], [ -73.899561, 40.570508 ], [ -73.801318, 40.621777 ], [ -73.79917, 40.640967 ], [ -73.822656, 40.655957 ], [ -73.875195, 40.651611 ], [ -73.929004, 40.598828 ], [ -74.014893, 40.581201 ], [ -74.032031, 40.638672 ], [ -74.003369, 40.683154 ], [ -73.964551, 40.725342 ], [ -73.879248, 40.79165 ], [ -73.757227, 40.833691 ], [ -73.695215, 40.87002 ], [ -73.652246, 40.838037 ], [ -73.642822, 40.88125 ], [ -73.609766, 40.906201 ], [ -73.573828, 40.919629 ], [ -73.487402, 40.919971 ], [ -73.440869, 40.926758 ], [ -73.407227, 40.941113 ], [ -73.372705, 40.943799 ], [ -73.278174, 40.924219 ], [ -73.18584, 40.929834 ], [ -73.111279, 40.956885 ], [ -73.033789, 40.965967 ], [ -72.828809, 40.97207 ], [ -72.625098, 40.991846 ], [ -72.543652, 41.027002 ], [ -72.372559, 41.125537 ], [ -72.274121, 41.153027 ], [ -72.427393, 41.038525 ], [ -72.509766, 40.986035 ] ] ], [ [ [ -68.187256, 44.332471 ], [ -68.245459, 44.312988 ], [ -68.309277, 44.321484 ], [ -68.307959, 44.268701 ], [ -68.315088, 44.249707 ], [ -68.385791, 44.276855 ], [ -68.411719, 44.294336 ], [ -68.409473, 44.364258 ], [ -68.347021, 44.430371 ], [ -68.299414, 44.456494 ], [ -68.238037, 44.438379 ], [ -68.190918, 44.364355 ], [ -68.187256, 44.332471 ] ] ], [ [ [ -74.188135, 40.522852 ], [ -74.235889, 40.518701 ], [ -74.188184, 40.6146 ], [ -74.100488, 40.658447 ], [ -74.06875, 40.649316 ], [ -74.067383, 40.61543 ], [ -74.079687, 40.586475 ], [ -74.138525, 40.541846 ], [ -74.188135, 40.522852 ] ] ], [ [ [ -70.509912, 41.376318 ], [ -70.785303, 41.327441 ], [ -70.829199, 41.358984 ], [ -70.760498, 41.373584 ], [ -70.67373, 41.448535 ], [ -70.616016, 41.457227 ], [ -70.525342, 41.414795 ], [ -70.509912, 41.376318 ] ] ], [ [ [ -71.241406, 41.491943 ], [ -71.290918, 41.4646 ], [ -71.34624, 41.469385 ], [ -71.318164, 41.506299 ], [ -71.307471, 41.560498 ], [ -71.280176, 41.62002 ], [ -71.264453, 41.638232 ], [ -71.232031, 41.654297 ], [ -71.241406, 41.491943 ] ] ], [ [ [ -69.97793, 41.265576 ], [ -70.055078, 41.249463 ], [ -70.233057, 41.286328 ], [ -70.086621, 41.317578 ], [ -70.062695, 41.328467 ], [ -70.043604, 41.374414 ], [ -70.041211, 41.397461 ], [ -69.985596, 41.298633 ], [ -69.97793, 41.265576 ] ] ], [ [ [ -75.635693, 35.855908 ], [ -75.650781, 35.835596 ], [ -75.717187, 35.946143 ], [ -75.648877, 35.9104 ], [ -75.63667, 35.880664 ], [ -75.635693, 35.855908 ] ] ], [ [ [ -75.544141, 35.240088 ], [ -75.678271, 35.212842 ], [ -75.690088, 35.221582 ], [ -75.536377, 35.278613 ], [ -75.487891, 35.479492 ], [ -75.48125, 35.572119 ], [ -75.504297, 35.7354 ], [ -75.503516, 35.769141 ], [ -75.478516, 35.716504 ], [ -75.456445, 35.56416 ], [ -75.464746, 35.448633 ], [ -75.509326, 35.280322 ], [ -75.544141, 35.240088 ] ] ], [ [ [ -75.781934, 35.190186 ], [ -75.963672, 35.118848 ], [ -75.98418, 35.123096 ], [ -75.864941, 35.174121 ], [ -75.781934, 35.190186 ] ] ], [ [ [ -76.503662, 34.642969 ], [ -76.528564, 34.631494 ], [ -76.437012, 34.756348 ], [ -76.256201, 34.914697 ], [ -76.207373, 34.938916 ], [ -76.357715, 34.803662 ], [ -76.503662, 34.642969 ] ] ], [ [ [ -82.037207, 26.453613 ], [ -82.072852, 26.427539 ], [ -82.144971, 26.44668 ], [ -82.184375, 26.480957 ], [ -82.201367, 26.548047 ], [ -82.138574, 26.477002 ], [ -82.116064, 26.460938 ], [ -82.037207, 26.453613 ] ] ], [ [ [ -82.083789, 26.552344 ], [ -82.085205, 26.493604 ], [ -82.135596, 26.591992 ], [ -82.169141, 26.700732 ], [ -82.121143, 26.665527 ], [ -82.083789, 26.552344 ] ] ], [ [ [ -80.381836, 25.142285 ], [ -80.580566, 24.954248 ], [ -80.558545, 25.001318 ], [ -80.481055, 25.101953 ], [ -80.456006, 25.149316 ], [ -80.403662, 25.179346 ], [ -80.354932, 25.233643 ], [ -80.35127, 25.296973 ], [ -80.280469, 25.34126 ], [ -80.25708, 25.347607 ], [ -80.381836, 25.142285 ] ] ], [ [ [ -91.793701, 29.500732 ], [ -91.830859, 29.486475 ], [ -91.99624, 29.573096 ], [ -92.006641, 29.610303 ], [ -91.925049, 29.643945 ], [ -91.875244, 29.640967 ], [ -91.796484, 29.596973 ], [ -91.767676, 29.584717 ], [ -91.754297, 29.566895 ], [ -91.761914, 29.539014 ], [ -91.793701, 29.500732 ] ] ], [ [ [ -97.014355, 27.901611 ], [ -97.036035, 27.89917 ], [ -96.987646, 27.981055 ], [ -96.978662, 28.013867 ], [ -96.899316, 28.11748 ], [ -96.857422, 28.13291 ], [ -96.839746, 28.088818 ], [ -96.921338, 28.016016 ], [ -97.014355, 27.901611 ] ] ], [ [ [ -96.764404, 28.152588 ], [ -96.801123, 28.148438 ], [ -96.755615, 28.202441 ], [ -96.681641, 28.229687 ], [ -96.519336, 28.333447 ], [ -96.453125, 28.340576 ], [ -96.418652, 28.376318 ], [ -96.403564, 28.381592 ], [ -96.41333, 28.337793 ], [ -96.543896, 28.275586 ], [ -96.764404, 28.152588 ] ] ], [ [ [ -97.353613, 27.300049 ], [ -97.384814, 27.242529 ], [ -97.376221, 27.328271 ], [ -97.29502, 27.523096 ], [ -97.130029, 27.77915 ], [ -97.060547, 27.822021 ], [ -97.250879, 27.541211 ], [ -97.353613, 27.300049 ] ] ], [ [ [ -95.039697, 29.145898 ], [ -95.089648, 29.136328 ], [ -94.87168, 29.290137 ], [ -94.825977, 29.341309 ], [ -94.767627, 29.339062 ], [ -94.864941, 29.252881 ], [ -95.039697, 29.145898 ] ] ], [ [ [ -97.170703, 26.159375 ], [ -97.184521, 26.112939 ], [ -97.267334, 26.329785 ], [ -97.4021, 26.820508 ], [ -97.407178, 27.100195 ], [ -97.385986, 27.196484 ], [ -97.351221, 26.801465 ], [ -97.202246, 26.299805 ], [ -97.170703, 26.159375 ] ] ], [ [ [ -120.306592, 34.024854 ], [ -120.359717, 34.022266 ], [ -120.441553, 34.03291 ], [ -120.412939, 34.056299 ], [ -120.367725, 34.073291 ], [ -120.35332, 34.060596 ], [ -120.306592, 34.024854 ] ] ], [ [ [ -119.438037, 33.217187 ], [ -119.48252, 33.215332 ], [ -119.543652, 33.224609 ], [ -119.575195, 33.27832 ], [ -119.525146, 33.282031 ], [ -119.478809, 33.274609 ], [ -119.442041, 33.232422 ], [ -119.438037, 33.217187 ] ] ], [ [ [ -118.350391, 32.827588 ], [ -118.408594, 32.818506 ], [ -118.473193, 32.838916 ], [ -118.528906, 32.935596 ], [ -118.590186, 33.011182 ], [ -118.55708, 33.032666 ], [ -118.507471, 32.959912 ], [ -118.383203, 32.849463 ], [ -118.350391, 32.827588 ] ] ], [ [ [ -120.043555, 33.918848 ], [ -120.113916, 33.904883 ], [ -120.167139, 33.918066 ], [ -120.251904, 34.013867 ], [ -120.071826, 34.026514 ], [ -119.994385, 33.984912 ], [ -119.983936, 33.97334 ], [ -120.043555, 33.918848 ] ] ], [ [ [ -119.882373, 34.079687 ], [ -119.678857, 34.028467 ], [ -119.569141, 34.052979 ], [ -119.549268, 34.028174 ], [ -119.562207, 34.006592 ], [ -119.80957, 33.967773 ], [ -119.885498, 33.994922 ], [ -119.892432, 34.032178 ], [ -119.918066, 34.067822 ], [ -119.882373, 34.079687 ] ] ], [ [ [ -118.347949, 33.385742 ], [ -118.297461, 33.312109 ], [ -118.370215, 33.32124 ], [ -118.446289, 33.31709 ], [ -118.469336, 33.357129 ], [ -118.492041, 33.412793 ], [ -118.507324, 33.427002 ], [ -118.559424, 33.431982 ], [ -118.56333, 33.437061 ], [ -118.569434, 33.46416 ], [ -118.554834, 33.4771 ], [ -118.391699, 33.415088 ], [ -118.347949, 33.385742 ] ] ], [ [ [ -122.782129, 48.672705 ], [ -122.768848, 48.650977 ], [ -122.808984, 48.629834 ], [ -122.837598, 48.626562 ], [ -122.883105, 48.660645 ], [ -122.903027, 48.664697 ], [ -122.887012, 48.612305 ], [ -122.892529, 48.594482 ], [ -122.985645, 48.626709 ], [ -123.002832, 48.652197 ], [ -122.97666, 48.67915 ], [ -122.918018, 48.706982 ], [ -122.897705, 48.710352 ], [ -122.782129, 48.672705 ] ] ], [ [ [ -123.013135, 48.500879 ], [ -122.986768, 48.468018 ], [ -123.094434, 48.489062 ], [ -123.139941, 48.507959 ], [ -123.153418, 48.526318 ], [ -123.16958, 48.586719 ], [ -123.162158, 48.606396 ], [ -123.11416, 48.613281 ], [ -123.02417, 48.538477 ], [ -123.013135, 48.500879 ] ] ], [ [ [ -122.572754, 48.156641 ], [ -122.523828, 48.025439 ], [ -122.502832, 48.080078 ], [ -122.366748, 47.985449 ], [ -122.366602, 47.938818 ], [ -122.383154, 47.923193 ], [ -122.411426, 47.917725 ], [ -122.437598, 47.931348 ], [ -122.461621, 47.964014 ], [ -122.492285, 47.981299 ], [ -122.55752, 47.99248 ], [ -122.591357, 48.029639 ], [ -122.603174, 48.055029 ], [ -122.606299, 48.128564 ], [ -122.622656, 48.151416 ], [ -122.657275, 48.156494 ], [ -122.690381, 48.173877 ], [ -122.741504, 48.225293 ], [ -122.74873, 48.239014 ], [ -122.724512, 48.280908 ], [ -122.668994, 48.351025 ], [ -122.628613, 48.384229 ], [ -122.603516, 48.380615 ], [ -122.572461, 48.35957 ], [ -122.535547, 48.321191 ], [ -122.542432, 48.293994 ], [ -122.692139, 48.241064 ], [ -122.697021, 48.228662 ], [ -122.624414, 48.21377 ], [ -122.597607, 48.200439 ], [ -122.572754, 48.156641 ] ] ], [ [ [ -71.365332, 41.485254 ], [ -71.393066, 41.466748 ], [ -71.403418, 41.515039 ], [ -71.383984, 41.570557 ], [ -71.364307, 41.571826 ], [ -71.354492, 41.542285 ], [ -71.365332, 41.485254 ] ] ], [ [ [ -74.133203, 39.680762 ], [ -74.250488, 39.529395 ], [ -74.253174, 39.558496 ], [ -74.106738, 39.746436 ], [ -74.133203, 39.680762 ] ] ], [ [ [ -75.333057, 37.888281 ], [ -75.378516, 37.87207 ], [ -75.225977, 38.072314 ], [ -75.137402, 38.240088 ], [ -75.0979, 38.298096 ], [ -75.13623, 38.180518 ], [ -75.203223, 38.072412 ], [ -75.333057, 37.888281 ] ] ], [ [ [ -76.54624, 34.654883 ], [ -76.568506, 34.652539 ], [ -76.607812, 34.663574 ], [ -76.661963, 34.684668 ], [ -76.673926, 34.700146 ], [ -76.622266, 34.694531 ], [ -76.54624, 34.654883 ] ] ], [ [ [ -81.334814, 24.650488 ], [ -81.364795, 24.629932 ], [ -81.379053, 24.636279 ], [ -81.379053, 24.66626 ], [ -81.42168, 24.732617 ], [ -81.420068, 24.75 ], [ -81.322314, 24.685059 ], [ -81.319824, 24.667627 ], [ -81.334814, 24.650488 ] ] ], [ [ [ -80.829395, 24.803662 ], [ -80.84834, 24.803662 ], [ -80.838867, 24.817871 ], [ -80.799414, 24.846289 ], [ -80.785205, 24.835254 ], [ -80.786768, 24.821045 ], [ -80.829395, 24.803662 ] ] ], [ [ [ -80.638281, 24.903174 ], [ -80.665137, 24.898438 ], [ -80.625684, 24.941113 ], [ -80.6146, 24.937939 ], [ -80.638281, 24.903174 ] ] ], [ [ [ -81.044189, 24.716797 ], [ -81.08999, 24.693115 ], [ -81.137354, 24.710498 ], [ -81.085254, 24.73418 ], [ -80.930469, 24.759473 ], [ -80.988916, 24.727881 ], [ -81.044189, 24.716797 ] ] ], [ [ [ -81.418994, 30.971436 ], [ -81.463477, 30.727783 ], [ -81.482715, 30.814062 ], [ -81.484619, 30.897852 ], [ -81.450928, 30.947412 ], [ -81.418994, 30.971436 ] ] ], [ [ [ -81.566699, 24.599902 ], [ -81.631494, 24.590039 ], [ -81.579248, 24.629395 ], [ -81.562305, 24.68916 ], [ -81.531641, 24.64248 ], [ -81.532227, 24.61416 ], [ -81.566699, 24.599902 ] ] ], [ [ [ -80.186768, 27.278418 ], [ -80.170508, 27.204785 ], [ -80.262451, 27.375586 ], [ -80.376074, 27.643408 ], [ -80.436914, 27.850537 ], [ -80.395752, 27.794531 ], [ -80.355518, 27.678613 ], [ -80.186768, 27.278418 ] ] ], [ [ [ -81.783838, 24.54458 ], [ -81.809229, 24.542334 ], [ -81.811426, 24.557812 ], [ -81.767676, 24.576709 ], [ -81.738672, 24.575439 ], [ -81.739746, 24.554492 ], [ -81.783838, 24.54458 ] ] ], [ [ [ -88.889307, 29.712598 ], [ -88.943604, 29.660254 ], [ -88.941113, 29.680225 ], [ -88.901172, 29.732617 ], [ -88.872656, 29.752979 ], [ -88.889307, 29.712598 ] ] ], [ [ [ -88.558105, 30.215918 ], [ -88.570654, 30.204785 ], [ -88.659229, 30.225586 ], [ -88.713086, 30.244922 ], [ -88.722852, 30.264258 ], [ -88.573975, 30.22915 ], [ -88.558105, 30.215918 ] ] ], [ [ [ -88.071338, 30.252344 ], [ -88.159326, 30.230908 ], [ -88.289746, 30.23291 ], [ -88.31626, 30.24043 ], [ -88.263916, 30.254736 ], [ -88.109375, 30.27373 ], [ -88.071338, 30.252344 ] ] ], [ [ [ -89.223975, 30.084082 ], [ -89.220459, 30.037598 ], [ -89.269434, 30.060742 ], [ -89.341992, 30.062842 ], [ -89.310059, 30.078711 ], [ -89.287646, 30.094189 ], [ -89.276465, 30.11084 ], [ -89.184668, 30.168652 ], [ -89.210693, 30.126221 ], [ -89.223975, 30.084082 ] ] ], [ [ [ -88.827441, 29.807715 ], [ -88.855664, 29.775879 ], [ -88.827979, 29.928369 ], [ -88.866895, 30.056738 ], [ -88.825879, 30.000391 ], [ -88.812598, 29.93335 ], [ -88.827441, 29.807715 ] ] ], [ [ [ -84.90791, 29.642627 ], [ -85.008252, 29.606641 ], [ -85.116748, 29.632812 ], [ -85.049316, 29.637793 ], [ -85.000537, 29.627197 ], [ -84.877002, 29.678662 ], [ -84.812207, 29.717627 ], [ -84.737158, 29.732422 ], [ -84.90791, 29.642627 ] ] ], [ [ [ -122.853076, 47.204736 ], [ -122.862598, 47.185059 ], [ -122.876758, 47.186133 ], [ -122.907959, 47.226123 ], [ -122.911914, 47.254346 ], [ -122.885107, 47.274707 ], [ -122.84917, 47.216309 ], [ -122.853076, 47.204736 ] ] ], [ [ [ -122.394141, 47.395264 ], [ -122.39873, 47.37251 ], [ -122.437109, 47.354785 ], [ -122.456982, 47.359326 ], [ -122.458203, 47.386133 ], [ -122.468555, 47.390234 ], [ -122.509912, 47.358008 ], [ -122.506836, 47.42168 ], [ -122.486475, 47.48877 ], [ -122.468604, 47.48999 ], [ -122.44209, 47.446143 ], [ -122.394141, 47.395264 ] ] ], [ [ [ -122.497266, 47.59458 ], [ -122.502637, 47.575439 ], [ -122.557812, 47.598291 ], [ -122.575928, 47.619482 ], [ -122.57373, 47.666846 ], [ -122.560107, 47.697754 ], [ -122.549756, 47.703955 ], [ -122.517236, 47.690576 ], [ -122.507861, 47.682666 ], [ -122.497266, 47.59458 ] ] ], [ [ [ -122.820898, 48.431348 ], [ -122.836572, 48.421533 ], [ -122.890039, 48.434668 ], [ -122.921631, 48.456934 ], [ -122.932275, 48.484766 ], [ -122.912207, 48.537988 ], [ -122.885498, 48.551611 ], [ -122.868896, 48.548633 ], [ -122.861914, 48.501855 ], [ -122.8146, 48.452344 ], [ -122.820898, 48.431348 ] ] ], [ [ [ -68.623193, 44.196045 ], [ -68.661182, 44.17627 ], [ -68.701709, 44.182666 ], [ -68.703027, 44.231982 ], [ -68.690771, 44.24873 ], [ -68.676758, 44.256201 ], [ -68.655957, 44.242334 ], [ -68.623193, 44.196045 ] ] ] ] } },
{ "type": "Feature", "properties": { "featurecla": "Admin-0 country", "scalerank": 4, "LABELRANK": 4, "SOVEREIGNT": "France", "SOV_A3": "FR1", "ADM0_DIF": 1, "LEVEL": 2, "TYPE": "Dependency", "TLC": "1", "ADMIN": "Saint Pierre and Miquelon", "ADM0_A3": "SPM", "GEOU_DIF": 0, "GEOUNIT": "Saint Pierre and Miquelon", "GU_A3": "SPM", "SU_DIF": 0, "SUBUNIT": "Saint Pierre and Miquelon", "SU_A3": "SPM", "BRK_DIFF": 0, "NAME": "St. Pierre and Miquelon", "NAME_LONG": "Saint Pierre and Miquelon", "BRK_A3": "SPM", "BRK_NAME": "St. Pierre and Miquelon", "BRK_GROUP": null, "ABBREV": "St. P.M.", "POSTAL": "PM", "FORMAL_EN": "Saint Pierre and Miquelon", "FORMAL_FR": null, "NAME_CIAWF": "Saint Pierre and Miquelon", "NOTE_ADM0": "Fr.", "NOTE_BRK": null, "NAME_SORT": "St. Pierre and Miquelon", "NAME_ALT": null, "MAPCOLOR7": 7, "MAPCOLOR8": 5, "MAPCOLOR9": 9, "MAPCOLOR13": 11, "POP_EST": 5997.0, "POP_RANK": 5, "POP_YEAR": 2017, "GDP_MD": 215, "GDP_YEAR": 2016, "ECONOMY": "2. Developed region: nonG7", "INCOME_GRP": "3. Upper middle income", "FIPS_10": "SB", "ISO_A2": "PM", "ISO_A2_EH": "PM", "ISO_A3": "SPM", "ISO_A3_EH": "SPM", "ISO_N3": "666", "ISO_N3_EH": "666", "UN_A3": "666", "WB_A2": "-99", "WB_A3": "-99", "WOE_ID": 23424939, "WOE_ID_EH": 23424939, "WOE_NOTE": "Exact WOE match as country", "ADM0_ISO": "SPM", "ADM0_DIFF": null, "ADM0_TLC": "SPM", "ADM0_A3_US": "SPM", "ADM0_A3_FR": "SPM", "ADM0_A3_RU": "SPM", "ADM0_A3_ES": "SPM", "ADM0_A3_CN": "SPM", "ADM0_A3_TW": "SPM", "ADM0_A3_IN": "SPM", "ADM0_A3_NP": "SPM", "ADM0_A3_PK": "SPM", "ADM0_A3_DE": "SPM", "ADM0_A3_GB": "SPM", "ADM0_A3_BR": "SPM", "ADM0_A3_IL": "SPM", "ADM0_A3_PS": "SPM", "ADM0_A3_SA": "SPM", "ADM0_A3_EG": "SPM", "ADM0_A3_MA": "SPM", "ADM0_A3_PT": "SPM", "ADM0_A3_AR": "SPM", "ADM0_A3_JP": "SPM", "ADM0_A3_KO": "SPM", "ADM0_A3_VN": "SPM", "ADM0_A3_TR": "SPM", "ADM0_A3_ID": "SPM", "ADM0_A3_PL": "SPM", "ADM0_A3_GR": "SPM", "ADM0_A3_IT": "SPM", "ADM0_A3_NL": "SPM", "ADM0_A3_SE": "SPM", "ADM0_A3_BD": "SPM", "ADM0_A3_UA": "SPM", "ADM0_A3_UN": -99, "ADM0_A3_WB": -99, "CONTINENT": "North America", "REGION_UN": "Americas", "SUBREGION": "Northern America", "REGION_WB": "North America", "NAME_LEN": 23, "LONG_LEN": 25, "ABBREV_LEN": 8, "TINY": 3, "HOMEPART": -99, "MIN_ZOOM": 0.0, "MIN_LABEL": 5.0, "MAX_LABEL": 10.0, "LABEL_X": -56.332352, "LABEL_Y": 47.040344, "NE_ID": 1159320647, "WIKIDATAID": "Q34617", "NAME_AR": "سان بيير وميكلون", "NAME_BN": "সাঁ পিয়ের ও মিকলোঁ", "NAME_DE": "Saint-Pierre und Miquelon", "NAME_EN": "Saint Pierre and Miquelon", "NAME_ES": "San Pedro y Miquelón", "NAME_FA": "سن پیر و میکلن", "NAME_FR": "Saint-Pierre-et-Miquelon", "NAME_EL": "Σαιν-Πιερ και Μικελόν", "NAME_HE": "סן-פייר ומיקלון", "NAME_HI": "सन्त पियर और मिकलान", "NAME_HU": "Saint-Pierre és Miquelon", "NAME_ID": "Saint Pierre dan Miquelon", "NAME_IT": "Saint-Pierre e Miquelon", "NAME_JA": "サンピエール島・ミクロン島", "NAME_KO": "생피에르 미클롱", "NAME_NL": "Saint-Pierre en Miquelon", "NAME_PL": "Saint-Pierre i Miquelon", "NAME_PT": "Saint-Pierre e Miquelon", "NAME_RU": "Сен-Пьер и Микелон", "NAME_SV": "Saint-Pierre och Miquelon", "NAME_TR": "Saint Pierre ve Miquelon", "NAME_UK": "Сен-П'єр і Мікелон", "NAME_UR": "سینٹ پیئر و میکیلون", "NAME_VI": "Saint-Pierre và Miquelon", "NAME_ZH": "圣皮埃尔和密克隆", "NAME_ZHT": "聖皮埃與密克隆群島", "FCLASS_ISO": "Admin-0 dependency", "TLC_DIFF": null, "FCLASS_TLC": "Admin-0 dependency", "FCLASS_US": null, "FCLASS_FR": null, "FCLASS_RU": null, "FCLASS_ES": null, "FCLASS_CN": null, "FCLASS_TW": null, "FCLASS_IN": null, "FCLASS_NP": null, "FCLASS_PK": null, "FCLASS_DE": null, "FCLASS_GB": null, "FCLASS_BR": null, "FCLASS_IL": null, "FCLASS_PS": null, "FCLASS_SA": null, "FCLASS_EG": null, "FCLASS_MA": null, "FCLASS_PT": null, "FCLASS_AR": null, "FCLASS_JP": null, "FCLASS_KO": null, "FCLASS_VN": null, "FCLASS_TR": null, "FCLASS_ID": null, "FCLASS_PL": null, "FCLASS_GR": null, "FCLASS_IT": null, "FCLASS_NL": null, "FCLASS_SE": null, "FCLASS_BD": null, "FCLASS_UA": null }, "geometry": { "type": "MultiPolygon", "coordinates": [ [ [ [ -56.150732, 46.762402 ], [ -56.17168, 46.752832 ], [ -56.243262, 46.767187 ], [ -56.20918, 46.798242 ], [ -56.185059, 46.807275 ], [ -56.152637, 46.811084 ], [ -56.137354, 46.801562 ], [ -56.139258, 46.778662 ], [ -56.150732, 46.762402 ] ] ], [ [ [ -56.26709, 46.838477 ], [ -56.354199, 46.795312 ], [ -56.384766, 46.819434 ], [ -56.377246, 46.847656 ], [ -56.332568, 46.915967 ], [ -56.333936, 46.935645 ], [ -56.386914, 47.067969 ], [ -56.37793, 47.089551 ], [ -56.364648, 47.098975 ], [ -56.287354, 47.070996 ], [ -56.278369, 47.03501 ], [ -56.314893, 46.953857 ], [ -56.289795, 46.899902 ], [ -56.255469, 46.860986 ], [ -56.26709, 46.838477 ] ] ] ] } },
{ "type": "Feature", "properties": { "featurecla": "Admin-0 country", "scalerank": 1, "LABELRANK": 3, "SOVEREIGNT": "Denmark", "SOV_A3": "DN1", "ADM0_DIF": 1, "LEVEL": 2, "TYPE": "Country", "TLC": "1", "ADMIN": "Greenland", "ADM0_A3": "GRL", "GEOU_DIF": 0, "GEOUNIT": "Greenland", "GU_A3": "GRL", "SU_DIF": 0, "SUBUNIT": "Greenland", "SU_A3": "GRL", "BRK_DIFF": 0, "NAME": "Greenland", "NAME_LONG": "Greenland", "BRK_A3": "GRL", "BRK_NAME": "Greenland", "BRK_GROUP": null, "ABBREV": "Grlnd.", "POSTAL": "GL", "FORMAL_EN": "Greenland", "FORMAL_FR": null, "NAME_CIAWF": "Greenland", "NOTE_ADM0": "Den.", "NOTE_BRK": null, "NAME_SORT": "Greenland", "NAME_ALT": null, "MAPCOLOR7": 4, "MAPCOLOR8": 1, "MAPCOLOR9": 3, "MAPCOLOR13": 12, "POP_EST": 56225.0, "POP_RANK": 8, "POP_YEAR": 2019, "GDP_MD": 3051, "GDP_YEAR": 2018, "ECONOMY": "2. Developed region: nonG7", "INCOME_GRP": "2. High income: nonOECD", "FIPS_10": "GL", "ISO_A2": "GL", "ISO_A2_EH": "GL", "ISO_A3": "GRL", "ISO_A3_EH": "GRL", "ISO_N3": "304", "ISO_N3_EH": "304", "UN_A3": "304", "WB_A2": "GL", "WB_A3": "GRL", "WOE_ID": 23424828, "WOE_ID_EH": 23424828, "WOE_NOTE": "Exact WOE match as country", "ADM0_ISO": "GRL", "ADM0_DIFF": null, "ADM0_TLC": "GRL", "ADM0_A3_US": "GRL", "ADM0_A3_FR": "GRL", "ADM0_A3_RU": "GRL", "ADM0_A3_ES": "GRL", "ADM0_A3_CN": "GRL", "ADM0_A3_TW": "GRL", "ADM0_A3_IN": "GRL", "ADM0_A3_NP": "GRL", "ADM0_A3_PK": "GRL", "ADM0_A3_DE": "GRL", "ADM0_A3_GB": "GRL", "ADM0_A3_BR": "GRL", "ADM0_A3_IL": "GRL", "ADM0_A3_PS": "GRL", "ADM0_A3_SA": "GRL", "ADM0_A3_EG": "GRL", "ADM0_A3_MA": "GRL", "ADM0_A3_PT": "GRL", "ADM0_A3_AR": "GRL", "ADM0_A3_JP": "GRL", "ADM0_A3_KO": "GRL", "ADM0_A3_VN": "GRL", "ADM0_A3_TR": "GRL", "ADM0_A3_ID": "GRL", "ADM0_A3_PL": "GRL", "ADM0_A3_GR": "GRL", "ADM0_A3_IT": "GRL", "ADM0_A3_NL": "GRL", "ADM0_A3_SE": "GRL", "ADM0_A3_BD": "GRL", "ADM0_A3_UA": "GRL", "ADM0_A3_UN": -99, "ADM0_A3_WB": -99, "CONTINENT": "North America", "REGION_UN": "Americas", "SUBREGION": "Northern America", "REGION_WB": "Europe & Central Asia", "NAME_LEN": 9, "LONG_LEN": 9, "ABBREV_LEN": 6, "TINY": -99, "HOMEPART": -99, "MIN_ZOOM": 0.0, "MIN_LABEL": 1.7, "MAX_LABEL": 6.7, "LABEL_X": -39.335251, "LABEL_Y": 74.319387, "NE_ID": 1159320551, "WIKIDATAID": "Q223", "NAME_AR": "جرينلاند", "NAME_BN": "গ্রিনল্যান্ড", "NAME_DE": "Grönland", "NAME_EN": "Greenland", "NAME_ES": "Groenlandia", "NAME_FA": "گرینلند", "NAME_FR": "Groenland", "NAME_EL": "Γροιλανδία", "NAME_HE": "גרינלנד", "NAME_HI": "ग्रीनलैण्ड", "NAME_HU": "Grönland", "NAME_ID": "Greenland", "NAME_IT": "Groenlandia", "NAME_JA": "グリーンランド", "NAME_KO": "그린란드", "NAME_NL": "Groenland", "NAME_PL": "Grenlandia", "NAME_PT": "Groenlândia", "NAME_RU": "Гренландия", "NAME_SV": "Grönland", "NAME_TR": "Grönland", "NAME_UK": "Гренландія", "NAME_UR": "گرین لینڈ", "NAME_VI": "Greenland", "NAME_ZH": "格陵兰", "NAME_ZHT": "格陵蘭", "FCLASS_ISO": "Admin-0 dependency", "TLC_DIFF": null, "FCLASS_TLC": "Admin-0 dependency", "FCLASS_US": null, "FCLASS_FR": null, "FCLASS_RU": null, "FCLASS_ES": null, "FCLASS_CN": null, "FCLASS_TW": null, "FCLASS_IN": null, "FCLASS_NP": null, "FCLASS_PK": null, "FCLASS_DE": null, "FCLASS_GB": null, "FCLASS_BR": null, "FCLASS_IL": null, "FCLASS_PS": null, "FCLASS_SA": null, "FCLASS_EG": null, "FCLASS_MA": null, "FCLASS_PT": null, "FCLASS_AR": null, "FCLASS_JP": null, "FCLASS_KO": null, "FCLASS_VN": null, "FCLASS_TR": null, "FCLASS_ID": null, "FCLASS_PL": null, "FCLASS_GR": null, "FCLASS_IT": null, "FCLASS_NL": null, "FCLASS_SE": null, "FCLASS_BD": null, "FCLASS_UA": null }, "geometry": { "type": "MultiPolygon", "coordinates": [ [ [ [ -29.952881, 83.564844 ], [ -28.991992, 83.504785 ], [ -28.483789, 83.434912 ], [ -28.377051, 83.437207 ], [ -27.688379, 83.4104 ], [ -27.034424, 83.376904 ], [ -25.947412, 83.289648 ], [ -25.795068, 83.260986 ], [ -25.912451, 83.2375 ], [ -26.182715, 83.221387 ], [ -27.571875, 83.192627 ], [ -30.091992, 83.157422 ], [ -31.533984, 83.088916 ], [ -31.992676, 83.085352 ], [ -32.032715, 82.983447 ], [ -31.836768, 82.977881 ], [ -31.515576, 82.99165 ], [ -30.386035, 83.093701 ], [ -29.963574, 83.110498 ], [ -29.175, 83.102002 ], [ -28.151465, 83.063721 ], [ -27.738525, 83.077197 ], [ -27.002051, 83.067188 ], [ -26.14082, 83.096436 ], [ -25.123389, 83.159619 ], [ -24.845166, 83.018555 ], [ -24.470312, 82.877393 ], [ -24.173633, 82.893018 ], [ -23.919531, 82.885107 ], [ -23.833545, 82.83877 ], [ -23.694629, 82.819141 ], [ -23.406934, 82.829688 ], [ -22.524902, 82.78916 ], [ -21.919678, 82.716406 ], [ -21.691797, 82.68252 ], [ -21.58252, 82.63418 ], [ -21.520654, 82.59541 ], [ -21.615771, 82.547705 ], [ -21.993945, 82.462793 ], [ -22.472559, 82.384717 ], [ -23.118066, 82.324707 ], [ -23.862207, 82.287061 ], [ -29.579395, 82.161182 ], [ -29.772754, 82.13125 ], [ -29.887402, 82.054834 ], [ -29.810986, 81.955469 ], [ -29.543848, 81.939941 ], [ -28.919434, 81.995898 ], [ -27.839502, 82.048877 ], [ -27.045947, 82.046338 ], [ -25.148828, 82.001123 ], [ -24.58916, 81.882812 ], [ -24.293066, 81.700977 ], [ -23.636523, 81.741846 ], [ -23.496143, 81.773047 ], [ -23.392969, 81.827197 ], [ -23.310547, 81.885303 ], [ -23.248779, 81.947266 ], [ -23.179834, 81.989453 ], [ -23.103711, 82.011816 ], [ -22.940088, 82.030518 ], [ -22.563379, 82.053027 ], [ -21.575537, 82.074951 ], [ -21.337988, 82.068701 ], [ -21.167383, 81.983838 ], [ -21.130322, 81.934229 ], [ -21.117969, 81.869629 ], [ -21.123437, 81.789941 ], [ -21.146582, 81.695166 ], [ -21.230518, 81.601367 ], [ -21.503906, 81.4375 ], [ -21.723633, 81.348242 ], [ -21.960742, 81.283936 ], [ -22.415283, 81.137109 ], [ -22.572754, 81.0979 ], [ -23.072461, 80.926709 ], [ -23.196387, 80.847363 ], [ -23.203662, 80.789258 ], [ -23.117725, 80.778174 ], [ -22.972852, 80.832813 ], [ -22.918945, 80.871826 ], [ -22.825684, 80.912646 ], [ -22.089404, 81.020215 ], [ -21.931348, 81.050195 ], [ -21.449756, 81.178174 ], [ -21.142432, 81.226172 ], [ -20.889746, 81.276367 ], [ -20.755859, 81.312012 ], [ -20.015723, 81.564355 ], [ -19.629932, 81.639893 ], [ -19.224756, 81.640039 ], [ -19.152979, 81.512207 ], [ -18.667383, 81.492432 ], [ -18.456543, 81.497949 ], [ -18.117871, 81.466846 ], [ -17.969385, 81.441162 ], [ -17.71665, 81.428174 ], [ -17.456055, 81.397705 ], [ -17.226221, 81.43042 ], [ -17.159033, 81.450928 ], [ -16.937061, 81.543896 ], [ -16.637109, 81.626221 ], [ -16.358984, 81.729053 ], [ -16.266797, 81.753955 ], [ -16.120703, 81.776611 ], [ -15.968896, 81.785498 ], [ -15.555518, 81.833594 ], [ -15.450635, 81.836963 ], [ -15.22749, 81.821777 ], [ -14.241992, 81.813867 ], [ -13.704492, 81.789062 ], [ -12.956006, 81.720215 ], [ -12.434424, 81.68252 ], [ -12.192871, 81.649121 ], [ -11.841113, 81.577539 ], [ -11.557471, 81.502637 ], [ -11.425537, 81.480615 ], [ -11.430664, 81.456836 ], [ -11.528809, 81.424023 ], [ -12.231348, 81.309229 ], [ -12.46123, 81.23252 ], [ -13.126221, 81.087793 ], [ -13.451172, 81.038086 ], [ -13.804297, 81.018604 ], [ -14.197363, 81.013916 ], [ -14.452344, 80.993115 ], [ -14.490137, 80.973291 ], [ -14.308496, 80.913232 ], [ -14.228564, 80.870459 ], [ -14.240186, 80.832422 ], [ -14.43125, 80.776074 ], [ -14.503564, 80.763281 ], [ -15.194238, 80.721436 ], [ -15.542676, 80.650391 ], [ -15.99751, 80.641699 ], [ -16.318945, 80.649805 ], [ -16.760596, 80.573389 ], [ -16.587793, 80.51123 ], [ -16.429443, 80.484229 ], [ -15.937256, 80.427637 ], [ -15.932617, 80.395117 ], [ -16.167773, 80.329395 ], [ -16.48877, 80.251953 ], [ -16.868408, 80.198242 ], [ -17.011133, 80.190186 ], [ -17.191162, 80.203662 ], [ -17.357227, 80.200781 ], [ -17.722852, 80.176025 ], [ -18.070947, 80.17207 ], [ -18.692578, 80.20708 ], [ -19.029004, 80.247607 ], [ -19.206006, 80.261621 ], [ -19.429199, 80.257715 ], [ -19.515039, 80.241406 ], [ -19.866797, 80.144727 ], [ -20.039502, 80.078711 ], [ -20.150146, 80.01123 ], [ -20.197412, 79.937646 ], [ -20.181348, 79.857959 ], [ -20.138477, 79.803369 ], [ -20.068848, 79.773779 ], [ -19.9854, 79.755859 ], [ -19.839307, 79.746484 ], [ -19.517871, 79.755371 ], [ -19.391504, 79.750342 ], [ -19.353027, 79.73418 ], [ -19.283594, 79.683154 ], [ -19.295996, 79.63501 ], [ -19.354199, 79.567334 ], [ -19.399316, 79.488379 ], [ -19.431201, 79.398145 ], [ -19.414014, 79.348828 ], [ -19.283984, 79.338037 ], [ -19.222949, 79.341602 ], [ -19.152197, 79.325391 ], [ -19.071777, 79.289453 ], [ -19.011328, 79.251465 ], [ -18.970801, 79.211377 ], [ -18.991992, 79.178369 ], [ -19.074951, 79.152344 ], [ -19.262207, 79.122998 ], [ -19.723047, 79.065039 ], [ -19.769824, 79.047363 ], [ -19.806055, 79.012109 ], [ -19.831592, 78.959131 ], [ -19.887207, 78.910938 ], [ -19.9729, 78.867627 ], [ -20.050488, 78.841797 ], [ -20.199902, 78.830322 ], [ -20.395703, 78.828809 ], [ -20.615576, 78.803906 ], [ -21.13374, 78.658643 ], [ -21.141455, 78.642529 ], [ -20.947461, 78.595898 ], [ -20.955664, 78.555029 ], [ -21.194775, 78.379834 ], [ -21.260205, 78.293018 ], [ -21.312012, 78.173975 ], [ -21.397266, 78.073584 ], [ -21.515967, 77.991846 ], [ -21.632666, 77.897461 ], [ -21.747559, 77.790625 ], [ -21.72959, 77.708545 ], [ -21.578906, 77.651367 ], [ -21.379687, 77.697559 ], [ -21.131885, 77.847217 ], [ -20.862598, 77.911865 ], [ -20.571826, 77.891553 ], [ -20.318604, 77.861963 ], [ -19.995117, 77.803418 ], [ -19.724316, 77.766943 ], [ -19.49043, 77.718896 ], [ -19.393994, 77.678369 ], [ -19.296875, 77.621289 ], [ -19.296094, 77.585254 ], [ -19.467529, 77.56582 ], [ -19.524121, 77.571973 ], [ -19.953223, 77.666357 ], [ -20.162061, 77.689844 ], [ -20.439209, 77.661621 ], [ -20.680811, 77.618994 ], [ -20.46377, 77.447314 ], [ -20.231934, 77.368408 ], [ -19.808643, 77.332373 ], [ -19.587598, 77.294434 ], [ -19.426416, 77.245996 ], [ -19.300293, 77.222363 ], [ -19.131006, 77.232764 ], [ -18.903418, 77.280469 ], [ -18.585889, 77.283057 ], [ -18.442627, 77.259375 ], [ -18.339014, 77.215283 ], [ -18.292383, 77.132861 ], [ -18.302734, 77.012109 ], [ -18.337256, 76.921191 ], [ -18.396045, 76.860059 ], [ -18.510303, 76.778174 ], [ -18.605762, 76.763281 ], [ -18.740283, 76.767725 ], [ -18.865332, 76.784521 ], [ -18.981006, 76.81377 ], [ -19.156348, 76.836572 ], [ -19.508789, 76.861084 ], [ -19.864941, 76.914404 ], [ -20.064355, 76.927588 ], [ -20.486719, 76.920801 ], [ -20.94209, 76.887012 ], [ -20.959912, 76.842676 ], [ -21.614697, 76.687891 ], [ -21.749023, 76.68999 ], [ -21.930811, 76.743164 ], [ -22.185254, 76.794092 ], [ -22.334326, 76.793701 ], [ -22.554541, 76.729248 ], [ -22.609326, 76.704297 ], [ -22.606641, 76.680762 ], [ -22.444434, 76.625049 ], [ -22.378613, 76.612207 ], [ -22.294873, 76.601465 ], [ -22.003711, 76.588086 ], [ -21.877344, 76.573486 ], [ -21.758105, 76.400537 ], [ -21.569092, 76.293701 ], [ -21.488232, 76.271875 ], [ -21.416846, 76.264014 ], [ -21.185449, 76.267969 ], [ -20.887402, 76.304004 ], [ -20.783301, 76.275146 ], [ -20.563818, 76.239844 ], [ -20.4354, 76.231055 ], [ -20.279297, 76.232471 ], [ -20.103613, 76.219092 ], [ -19.862891, 76.120654 ], [ -19.957715, 75.99668 ], [ -19.806885, 75.897363 ], [ -19.566016, 75.794971 ], [ -19.508984, 75.75752 ], [ -19.485693, 75.6896 ], [ -19.480273, 75.644775 ], [ -19.462158, 75.603857 ], [ -19.431445, 75.566895 ], [ -19.399512, 75.494434 ], [ -19.366455, 75.386426 ], [ -19.375293, 75.298193 ], [ -19.425977, 75.229834 ], [ -19.526367, 75.180225 ], [ -19.67627, 75.149365 ], [ -19.798486, 75.157471 ], [ -19.893164, 75.204541 ], [ -20.026562, 75.254688 ], [ -20.198682, 75.307959 ], [ -20.484961, 75.314258 ], [ -20.905859, 75.156934 ], [ -21.093848, 75.149072 ], [ -21.246533, 75.133398 ], [ -21.409424, 75.064795 ], [ -21.649316, 75.023438 ], [ -21.861035, 75.039844 ], [ -22.232861, 75.119727 ], [ -22.097754, 75.066357 ], [ -21.904346, 75.003906 ], [ -21.783936, 74.971484 ], [ -21.695117, 74.964453 ], [ -21.597656, 74.971973 ], [ -21.457324, 74.997559 ], [ -21.140576, 75.068555 ], [ -21.056689, 75.079395 ], [ -20.985791, 75.074365 ], [ -20.927783, 75.053418 ], [ -20.861084, 74.992578 ], [ -20.785693, 74.891748 ], [ -20.795312, 74.805957 ], [ -20.88999, 74.735205 ], [ -20.970996, 74.689844 ], [ -21.038281, 74.669873 ], [ -21.038477, 74.65415 ], [ -20.861572, 74.635937 ], [ -20.611133, 74.728223 ], [ -20.531738, 74.84292 ], [ -20.41709, 74.975195 ], [ -20.214258, 75.019238 ], [ -19.984912, 74.975195 ], [ -19.799707, 74.851709 ], [ -19.537793, 74.624561 ], [ -19.427344, 74.600928 ], [ -19.287012, 74.546387 ], [ -19.225098, 74.479492 ], [ -19.24165, 74.400195 ], [ -19.271582, 74.342627 ], [ -19.314941, 74.306787 ], [ -19.369141, 74.284033 ], [ -19.466748, 74.269482 ], [ -19.64624, 74.257959 ], [ -20.047559, 74.282275 ], [ -20.256445, 74.282813 ], [ -20.230566, 74.204639 ], [ -20.653125, 74.137354 ], [ -21.129443, 74.110889 ], [ -21.580566, 74.163477 ], [ -21.954932, 74.244287 ], [ -21.832031, 74.357275 ], [ -21.761963, 74.482764 ], [ -21.94292, 74.565723 ], [ -21.982617, 74.56748 ], [ -21.920166, 74.439209 ], [ -21.972705, 74.390039 ], [ -22.177197, 74.330176 ], [ -22.321582, 74.302539 ], [ -22.334326, 74.286377 ], [ -22.263525, 74.272412 ], [ -22.217334, 74.245508 ], [ -22.195654, 74.205713 ], [ -22.22002, 74.165527 ], [ -22.290576, 74.125 ], [ -22.328955, 74.090967 ], [ -22.335254, 74.063428 ], [ -22.270557, 74.029883 ], [ -22.134814, 73.990479 ], [ -21.987695, 73.970996 ], [ -21.298291, 73.962451 ], [ -21.022217, 73.94126 ], [ -20.367285, 73.848242 ], [ -20.337988, 73.819678 ], [ -20.448926, 73.653027 ], [ -20.509668, 73.492871 ], [ -20.636719, 73.463574 ], [ -21.325879, 73.456641 ], [ -21.547998, 73.431689 ], [ -21.872852, 73.358105 ], [ -22.185059, 73.269873 ], [ -22.346875, 73.269238 ], [ -22.9875, 73.34624 ], [ -23.233203, 73.397705 ], [ -23.760596, 73.543115 ], [ -24.157715, 73.764453 ], [ -24.339893, 73.672412 ], [ -24.45127, 73.628516 ], [ -24.566309, 73.605762 ], [ -24.677246, 73.602197 ], [ -24.78418, 73.61792 ], [ -24.905469, 73.652783 ], [ -25.108838, 73.733691 ], [ -25.351465, 73.813623 ], [ -25.521289, 73.851611 ], [ -25.527734, 73.84082 ], [ -25.427441, 73.793799 ], [ -25.280518, 73.7396 ], [ -24.908887, 73.580176 ], [ -24.77832, 73.539893 ], [ -24.79126, 73.511279 ], [ -25.025879, 73.485791 ], [ -25.310742, 73.431006 ], [ -25.450098, 73.390674 ], [ -25.66543, 73.292822 ], [ -25.740186, 73.277637 ], [ -26.062305, 73.253027 ], [ -26.168555, 73.259033 ], [ -26.406738, 73.312939 ], [ -26.765479, 73.348193 ], [ -26.976709, 73.379541 ], [ -27.27041, 73.436279 ], [ -27.169385, 73.37417 ], [ -26.603613, 73.279492 ], [ -26.541846, 73.248975 ], [ -26.657617, 73.192139 ], [ -26.728613, 73.171387 ], [ -26.86333, 73.166992 ], [ -27.061865, 73.178906 ], [ -27.264893, 73.176465 ], [ -27.472363, 73.159814 ], [ -27.561621, 73.138477 ], [ -27.532568, 73.112549 ], [ -27.483154, 73.088916 ], [ -27.41333, 73.067627 ], [ -27.348047, 73.067822 ], [ -27.189893, 73.132422 ], [ -27.07002, 73.137012 ], [ -26.753223, 73.121094 ], [ -26.432861, 73.171484 ], [ -26.202002, 73.193213 ], [ -26.02876, 73.198779 ], [ -25.399023, 73.275781 ], [ -25.268311, 73.361963 ], [ -25.057031, 73.396484 ], [ -24.587207, 73.422949 ], [ -24.132666, 73.409375 ], [ -23.898975, 73.398291 ], [ -23.709619, 73.316797 ], [ -23.455762, 73.259082 ], [ -23.244092, 73.193262 ], [ -22.996045, 73.171582 ], [ -22.852295, 73.083984 ], [ -22.450195, 72.986084 ], [ -22.194238, 72.965039 ], [ -22.036328, 72.918457 ], [ -22.023486, 72.720801 ], [ -22.006738, 72.635449 ], [ -22.074805, 72.399219 ], [ -22.280225, 72.344775 ], [ -22.239258, 72.220264 ], [ -22.293213, 72.119531 ], [ -22.49751, 72.157764 ], [ -22.706836, 72.223926 ], [ -23.208008, 72.326562 ], [ -23.674365, 72.392578 ], [ -23.855566, 72.452441 ], [ -24.069043, 72.49873 ], [ -24.358594, 72.687305 ], [ -24.547217, 72.921729 ], [ -24.62998, 73.037646 ], [ -24.788574, 73.044141 ], [ -24.99248, 73.013086 ], [ -25.170557, 72.980273 ], [ -25.255859, 72.924121 ], [ -25.86084, 72.846875 ], [ -26.080469, 72.793994 ], [ -26.205762, 72.795557 ], [ -26.657617, 72.71582 ], [ -26.476562, 72.677637 ], [ -26.39209, 72.672803 ], [ -26.209473, 72.694385 ], [ -26.099805, 72.721924 ], [ -25.687988, 72.797363 ], [ -25.357422, 72.810254 ], [ -25.2375, 72.842773 ], [ -24.984814, 72.889209 ], [ -24.81333, 72.901514 ], [ -24.789453, 72.889746 ], [ -24.771045, 72.868652 ], [ -24.65, 72.58252 ], [ -24.700684, 72.506348 ], [ -24.836914, 72.47334 ], [ -25.128027, 72.419189 ], [ -25.203711, 72.392969 ], [ -25.117871, 72.346973 ], [ -24.844189, 72.390332 ], [ -24.666846, 72.437354 ], [ -24.572363, 72.420215 ], [ -24.417187, 72.348242 ], [ -24.242285, 72.311328 ], [ -23.797705, 72.200732 ], [ -23.587109, 72.139795 ], [ -23.290918, 72.081006 ], [ -22.955762, 71.999414 ], [ -22.868506, 71.970654 ], [ -22.562158, 71.928271 ], [ -22.496875, 71.913818 ], [ -22.370215, 71.769824 ], [ -22.264502, 71.753809 ], [ -21.959668, 71.744678 ], [ -22.01333, 71.688818 ], [ -22.311035, 71.564551 ], [ -22.46499, 71.524902 ], [ -22.503223, 71.500439 ], [ -22.488574, 71.456689 ], [ -22.479639, 71.383447 ], [ -22.417578, 71.248682 ], [ -22.347754, 71.373486 ], [ -22.299023, 71.432324 ], [ -22.233789, 71.449951 ], [ -22.16958, 71.452539 ], [ -21.961426, 71.508203 ], [ -21.752246, 71.47832 ], [ -21.697949, 71.337451 ], [ -21.671191, 71.205957 ], [ -21.689648, 71.092383 ], [ -21.666602, 70.915869 ], [ -21.674512, 70.856299 ], [ -21.625146, 70.804639 ], [ -21.573926, 70.590479 ], [ -21.522656, 70.526221 ], [ -21.625537, 70.468555 ], [ -21.943506, 70.443457 ], [ -22.069287, 70.471875 ], [ -22.384131, 70.462402 ], [ -22.384521, 70.513135 ], [ -22.399854, 70.571289 ], [ -22.401123, 70.611914 ], [ -22.422119, 70.648682 ], [ -22.437012, 70.86001 ], [ -22.526074, 70.807812 ], [ -22.531348, 70.76499 ], [ -22.555029, 70.721436 ], [ -22.609668, 70.493311 ], [ -22.690674, 70.437305 ], [ -22.942578, 70.450781 ], [ -23.190625, 70.44248 ], [ -23.327832, 70.450977 ], [ -23.791797, 70.555176 ], [ -23.971387, 70.649463 ], [ -24.130371, 70.791064 ], [ -24.228516, 70.923389 ], [ -24.265723, 71.046338 ], [ -24.377002, 71.146387 ], [ -24.562207, 71.223535 ], [ -24.781006, 71.286084 ], [ -25.033398, 71.333936 ], [ -25.25498, 71.395703 ], [ -25.445801, 71.47124 ], [ -25.655859, 71.530029 ], [ -25.885156, 71.571924 ], [ -26.211426, 71.589941 ], [ -26.688525, 71.58335 ], [ -27.010645, 71.630566 ], [ -27.087207, 71.626563 ], [ -27.162305, 71.602197 ], [ -27.107031, 71.532666 ], [ -26.737207, 71.500781 ], [ -26.452002, 71.493506 ], [ -26.074072, 71.498047 ], [ -25.842725, 71.480176 ], [ -25.757812, 71.439941 ], [ -25.699414, 71.368311 ], [ -25.667578, 71.265332 ], [ -25.742236, 71.183594 ], [ -26.014111, 71.092822 ], [ -26.15752, 71.050293 ], [ -26.575977, 70.968701 ], [ -26.71792, 70.950488 ], [ -27.067334, 70.944922 ], [ -27.335693, 70.952783 ], [ -27.68877, 70.993457 ], [ -27.888916, 71.001709 ], [ -28.303125, 71.007178 ], [ -28.398438, 70.99292 ], [ -28.291553, 70.949316 ], [ -28.115869, 70.924609 ], [ -27.992188, 70.895215 ], [ -27.979297, 70.839502 ], [ -28.023877, 70.756787 ], [ -28.069873, 70.699023 ], [ -28.145654, 70.655664 ], [ -28.41748, 70.573535 ], [ -28.530078, 70.547559 ], [ -29.036816, 70.461523 ], [ -29.07207, 70.444971 ], [ -28.953467, 70.447217 ], [ -28.633105, 70.477783 ], [ -28.540918, 70.476904 ], [ -28.015039, 70.402246 ], [ -27.596094, 70.406689 ], [ -26.747266, 70.475537 ], [ -26.67749, 70.474219 ], [ -26.621777, 70.463379 ], [ -26.56543, 70.437549 ], [ -26.508398, 70.396631 ], [ -26.576807, 70.35708 ], [ -26.770654, 70.318896 ], [ -27.07251, 70.281201 ], [ -27.203223, 70.255713 ], [ -27.328125, 70.217139 ], [ -27.56084, 70.124463 ], [ -27.628857, 70.028223 ], [ -27.38418, 69.991602 ], [ -27.274219, 70.037939 ], [ -27.144482, 70.14082 ], [ -27.027734, 70.201221 ], [ -26.752148, 70.242188 ], [ -26.415674, 70.221338 ], [ -26.155713, 70.245605 ], [ -25.624854, 70.346973 ], [ -25.529883, 70.353174 ], [ -24.748828, 70.295068 ], [ -24.041016, 70.181201 ], [ -23.667334, 70.139307 ], [ -23.173242, 70.1146 ], [ -22.284473, 70.12583 ], [ -22.206592, 70.10791 ], [ -22.235449, 70.067578 ], [ -22.287061, 70.033398 ], [ -22.435107, 69.985742 ], [ -22.614941, 69.954248 ], [ -22.726221, 69.945361 ], [ -22.820898, 69.922852 ], [ -23.033643, 69.90083 ], [ -23.088232, 69.882959 ], [ -23.014551, 69.804834 ], [ -23.049561, 69.792725 ], [ -23.236963, 69.791455 ], [ -23.552539, 69.740527 ], [ -23.811621, 69.744189 ], [ -23.865723, 69.736719 ], [ -23.816553, 69.717822 ], [ -23.764258, 69.681348 ], [ -23.708984, 69.627246 ], [ -23.739404, 69.588623 ], [ -23.855566, 69.565576 ], [ -23.943652, 69.558057 ], [ -24.24751, 69.590381 ], [ -24.29668, 69.585547 ], [ -24.252295, 69.562354 ], [ -24.227051, 69.526953 ], [ -24.220898, 69.479297 ], [ -24.295557, 69.439307 ], [ -24.451074, 69.40708 ], [ -24.740576, 69.318408 ], [ -24.866602, 69.293066 ], [ -25.13252, 69.272119 ], [ -25.188574, 69.260547 ], [ -25.080469, 69.19248 ], [ -25.092432, 69.165186 ], [ -25.272217, 69.091602 ], [ -25.544043, 69.045703 ], [ -25.581152, 69.020947 ], [ -25.606348, 68.954443 ], [ -25.626123, 68.927979 ], [ -25.697998, 68.889893 ], [ -25.955859, 68.817285 ], [ -26.138623, 68.781152 ], [ -26.229248, 68.751563 ], [ -26.341406, 68.702148 ], [ -26.48291, 68.675928 ], [ -26.653711, 68.672852 ], [ -26.815332, 68.654346 ], [ -27.081152, 68.601807 ], [ -27.26626, 68.584326 ], [ -27.851221, 68.493506 ], [ -28.126465, 68.479004 ], [ -28.364551, 68.446533 ], [ -28.854346, 68.359814 ], [ -29.087695, 68.331934 ], [ -29.249512, 68.298779 ], [ -29.426221, 68.289307 ], [ -29.713574, 68.31084 ], [ -29.868506, 68.311572 ], [ -29.96377, 68.298535 ], [ -30.051123, 68.271924 ], [ -30.195508, 68.198975 ], [ -30.318115, 68.193311 ], [ -30.72002, 68.251172 ], [ -30.711865, 68.224951 ], [ -30.605664, 68.162354 ], [ -30.610742, 68.11792 ], [ -30.849756, 68.072852 ], [ -30.978564, 68.061328 ], [ -31.168457, 68.079834 ], [ -31.419482, 68.128467 ], [ -31.741992, 68.22998 ], [ -32.137256, 68.384912 ], [ -32.327441, 68.437305 ], [ -32.313672, 68.387598 ], [ -32.269629, 68.339014 ], [ -32.195215, 68.29165 ], [ -32.180127, 68.257275 ], [ -32.224219, 68.235986 ], [ -32.282373, 68.225244 ], [ -32.35459, 68.225098 ], [ -32.366846, 68.213037 ], [ -32.248926, 68.139111 ], [ -32.155957, 68.063184 ], [ -32.164551, 67.991113 ], [ -32.274805, 67.922852 ], [ -32.369531, 67.882764 ], [ -32.44873, 67.870947 ], [ -32.918018, 67.700684 ], [ -33.04873, 67.679248 ], [ -33.108154, 67.658203 ], [ -33.156982, 67.626709 ], [ -33.293604, 67.485742 ], [ -33.348877, 67.442725 ], [ -33.458496, 67.386719 ], [ -33.504443, 67.377002 ], [ -33.517578, 67.354199 ], [ -33.497754, 67.318164 ], [ -33.527979, 67.258154 ], [ -33.608203, 67.174219 ], [ -33.881348, 66.942285 ], [ -34.10166, 66.725928 ], [ -34.198242, 66.655078 ], [ -34.268896, 66.625049 ], [ -34.313623, 66.635791 ], [ -34.422852, 66.630176 ], [ -34.475879, 66.592139 ], [ -34.523926, 66.52334 ], [ -34.57627, 66.470898 ], [ -34.632812, 66.434766 ], [ -35.074658, 66.27915 ], [ -35.188574, 66.250293 ], [ -35.290869, 66.268555 ], [ -35.411719, 66.261523 ], [ -35.662061, 66.34375 ], [ -35.705469, 66.373975 ], [ -35.867236, 66.441406 ], [ -35.861865, 66.40625 ], [ -35.834717, 66.386865 ], [ -35.812109, 66.358398 ], [ -35.755518, 66.323535 ], [ -35.630078, 66.139941 ], [ -35.729297, 66.102246 ], [ -35.81792, 66.059229 ], [ -36.044189, 65.986621 ], [ -36.288721, 65.864844 ], [ -36.379199, 65.830811 ], [ -36.399219, 65.930078 ], [ -36.388965, 65.959717 ], [ -36.527246, 66.007715 ], [ -36.522754, 65.973145 ], [ -36.537012, 65.940869 ], [ -36.637256, 65.812305 ], [ -36.665186, 65.790088 ], [ -36.714502, 65.795068 ], [ -36.822168, 65.771338 ], [ -36.932422, 65.782568 ], [ -37.025879, 65.841113 ], [ -37.062793, 65.871436 ], [ -37.233203, 65.788086 ], [ -37.316016, 65.790234 ], [ -37.329834, 65.720166 ], [ -37.410059, 65.656348 ], [ -37.516064, 65.628711 ], [ -37.66377, 65.630859 ], [ -37.754199, 65.593066 ], [ -37.954785, 65.633594 ], [ -38.00127, 65.709619 ], [ -37.842285, 65.813818 ], [ -37.797363, 65.856787 ], [ -37.826514, 65.909668 ], [ -37.787842, 65.977979 ], [ -37.484473, 66.194629 ], [ -37.278711, 66.304395 ], [ -37.290674, 66.323926 ], [ -37.569922, 66.347852 ], [ -37.813916, 66.385498 ], [ -38.05166, 66.398438 ], [ -38.156641, 66.385596 ], [ -37.98916, 66.322656 ], [ -37.752344, 66.261523 ], [ -37.868896, 66.203125 ], [ -37.969434, 66.141113 ], [ -38.073437, 65.972559 ], [ -38.139941, 65.903516 ], [ -38.398145, 65.982861 ], [ -38.520361, 66.009668 ], [ -38.442676, 65.92168 ], [ -38.216357, 65.83833 ], [ -38.201855, 65.810889 ], [ -38.203369, 65.711719 ], [ -38.636719, 65.624365 ], [ -39.088965, 65.611133 ], [ -39.413379, 65.586279 ], [ -39.960938, 65.556201 ], [ -40.173535, 65.556152 ], [ -40.191553, 65.52251 ], [ -39.655957, 65.368896 ], [ -39.57793, 65.340771 ], [ -39.652539, 65.287842 ], [ -39.763184, 65.254932 ], [ -39.937256, 65.141602 ], [ -40.028027, 65.102539 ], [ -40.253125, 65.048877 ], [ -40.667578, 65.10874 ], [ -40.880566, 65.081982 ], [ -41.084424, 65.10083 ], [ -41.088672, 65.035352 ], [ -41.027734, 64.987549 ], [ -40.966016, 64.868848 ], [ -40.829297, 64.878076 ], [ -40.655469, 64.915332 ], [ -40.521094, 64.825488 ], [ -40.432715, 64.673193 ], [ -40.278418, 64.595947 ], [ -40.209863, 64.536279 ], [ -40.182227, 64.479932 ], [ -40.278467, 64.423828 ], [ -40.477637, 64.344434 ], [ -40.698535, 64.329736 ], [ -40.686426, 64.266943 ], [ -40.781738, 64.221777 ], [ -40.98457, 64.23501 ], [ -41.079395, 64.266504 ], [ -41.177734, 64.281445 ], [ -41.581006, 64.29834 ], [ -41.175, 64.177393 ], [ -41.030566, 64.121045 ], [ -40.966309, 64.154443 ], [ -40.825684, 64.162549 ], [ -40.617773, 64.131738 ], [ -40.652344, 63.927734 ], [ -40.561279, 63.762354 ], [ -40.550391, 63.725244 ], [ -40.771533, 63.626172 ], [ -40.775195, 63.533643 ], [ -40.906836, 63.507861 ], [ -41.04873, 63.513818 ], [ -41.056152, 63.412256 ], [ -41.152246, 63.348926 ], [ -41.135205, 63.309277 ], [ -41.107715, 63.273779 ], [ -41.195459, 63.209229 ], [ -41.274707, 63.130664 ], [ -41.387891, 63.061865 ], [ -41.447852, 63.068945 ], [ -41.62793, 63.064502 ], [ -41.844482, 63.070264 ], [ -42.019727, 63.159619 ], [ -42.092383, 63.189355 ], [ -42.174512, 63.208789 ], [ -42.142969, 63.151318 ], [ -42.093994, 63.116748 ], [ -41.932275, 63.052246 ], [ -41.634473, 62.972461 ], [ -41.643604, 62.915869 ], [ -41.723242, 62.89126 ], [ -41.908984, 62.737109 ], [ -41.974902, 62.733789 ], [ -42.058252, 62.693994 ], [ -42.315625, 62.707324 ], [ -42.42373, 62.723145 ], [ -42.741113, 62.713037 ], [ -42.849072, 62.72666 ], [ -42.94165, 62.720215 ], [ -42.855273, 62.676709 ], [ -42.673682, 62.6375 ], [ -42.467139, 62.598193 ], [ -42.152979, 62.568457 ], [ -42.164355, 62.512207 ], [ -42.243164, 62.466064 ], [ -42.197949, 62.397119 ], [ -42.233105, 62.347705 ], [ -42.248145, 62.289062 ], [ -42.321484, 62.152734 ], [ -42.236133, 62.05918 ], [ -42.143066, 62.013525 ], [ -42.153857, 61.953418 ], [ -42.110205, 61.857227 ], [ -42.249707, 61.771387 ], [ -42.36543, 61.774609 ], [ -42.53042, 61.755322 ], [ -42.585303, 61.71748 ], [ -42.323633, 61.681738 ], [ -42.347363, 61.617432 ], [ -42.41875, 61.537012 ], [ -42.49375, 61.362793 ], [ -42.645996, 61.064111 ], [ -42.717041, 60.76748 ], [ -43.044092, 60.523682 ], [ -43.159961, 60.516943 ], [ -43.189063, 60.507275 ], [ -43.34834, 60.519775 ], [ -43.59834, 60.576025 ], [ -43.791992, 60.59458 ], [ -43.922705, 60.595361 ], [ -43.939551, 60.567383 ], [ -43.831152, 60.521973 ], [ -43.665479, 60.502979 ], [ -43.533057, 60.472998 ], [ -43.295654, 60.444971 ], [ -43.212988, 60.390674 ], [ -43.156494, 60.332861 ], [ -43.164844, 60.301025 ], [ -43.165332, 60.263428 ], [ -43.1229, 60.06123 ], [ -43.234814, 59.991309 ], [ -43.320117, 59.928125 ], [ -43.616895, 59.936914 ], [ -43.668506, 59.958936 ], [ -43.955029, 60.025488 ], [ -43.937402, 59.994238 ], [ -43.730127, 59.90376 ], [ -43.65791, 59.858643 ], [ -43.706201, 59.849316 ], [ -43.789844, 59.845947 ], [ -43.906543, 59.815479 ], [ -44.116992, 59.831934 ], [ -44.10542, 59.877734 ], [ -44.065479, 59.924805 ], [ -44.161719, 59.916797 ], [ -44.268945, 59.89292 ], [ -44.33125, 59.901709 ], [ -44.383594, 59.899072 ], [ -44.412939, 59.922607 ], [ -44.453467, 60.014551 ], [ -44.404932, 60.060791 ], [ -44.231348, 60.180273 ], [ -44.176123, 60.244385 ], [ -44.224365, 60.273535 ], [ -44.34834, 60.204785 ], [ -44.476367, 60.095508 ], [ -44.533154, 60.029492 ], [ -44.613281, 60.01665 ], [ -44.812207, 60.049902 ], [ -45.379248, 60.20293 ], [ -45.362354, 60.295947 ], [ -45.367773, 60.372949 ], [ -45.20249, 60.382715 ], [ -45.082275, 60.416211 ], [ -44.974707, 60.457227 ], [ -44.853516, 60.531934 ], [ -44.742432, 60.655273 ], [ -44.756738, 60.6646 ], [ -45.082715, 60.507178 ], [ -45.283301, 60.454541 ], [ -45.380518, 60.444922 ], [ -45.428857, 60.468262 ], [ -45.590283, 60.518848 ], [ -45.695215, 60.541846 ], [ -45.934326, 60.579443 ], [ -45.976514, 60.599707 ], [ -46.046631, 60.615723 ], [ -46.141943, 60.776514 ], [ -46.018652, 60.971777 ], [ -45.93374, 61.028418 ], [ -45.879883, 61.094141 ], [ -45.849414, 61.181152 ], [ -45.870215, 61.218311 ], [ -45.942285, 61.205566 ], [ -45.975684, 61.175781 ], [ -45.97041, 61.129199 ], [ -46.011719, 61.096826 ], [ -46.29668, 61.022363 ], [ -46.582422, 60.962061 ], [ -46.717773, 60.904932 ], [ -46.805664, 60.860303 ], [ -46.874463, 60.816406 ], [ -46.979687, 60.820361 ], [ -47.124854, 60.811328 ], [ -47.224414, 60.782861 ], [ -47.369727, 60.800342 ], [ -47.464648, 60.842627 ], [ -47.579053, 60.847461 ], [ -47.707471, 60.8271 ], [ -47.79624, 60.828857 ], [ -47.788867, 60.800146 ], [ -47.729932, 60.729492 ], [ -47.82793, 60.724756 ], [ -48.013965, 60.721973 ], [ -48.10752, 60.742432 ], [ -48.180811, 60.769238 ], [ -48.241943, 60.806836 ], [ -48.205176, 60.855908 ], [ -47.905957, 60.945752 ], [ -47.770312, 60.997754 ], [ -47.858789, 61.015674 ], [ -48.146143, 60.999463 ], [ -48.193945, 61.012939 ], [ -48.386426, 61.004736 ], [ -48.378125, 61.138477 ], [ -48.424951, 61.17168 ], [ -48.428174, 61.187402 ], [ -48.494824, 61.224707 ], [ -48.55791, 61.233984 ], [ -48.597168, 61.247412 ], [ -48.92207, 61.277441 ], [ -48.964502, 61.352002 ], [ -48.987207, 61.428711 ], [ -49.049219, 61.523877 ], [ -49.204736, 61.548682 ], [ -49.289062, 61.589941 ], [ -49.222266, 61.632129 ], [ -49.193115, 61.685645 ], [ -49.265234, 61.710059 ], [ -49.31123, 61.747803 ], [ -49.304492, 61.772314 ], [ -49.362891, 61.838525 ], [ -49.380273, 61.890186 ], [ -49.313477, 61.938623 ], [ -49.129785, 61.993408 ], [ -49.070557, 62.015479 ], [ -49.039648, 62.039355 ], [ -48.828711, 62.079687 ], [ -49.008154, 62.108203 ], [ -49.120459, 62.112598 ], [ -49.202295, 62.099316 ], [ -49.27793, 62.045752 ], [ -49.348535, 62.010205 ], [ -49.623779, 61.998584 ], [ -49.664258, 62.016943 ], [ -49.683398, 62.092578 ], [ -49.667725, 62.150879 ], [ -49.553467, 62.232715 ], [ -49.685254, 62.27334 ], [ -49.806055, 62.286523 ], [ -49.943359, 62.324463 ], [ -50.070215, 62.364502 ], [ -50.17915, 62.411133 ], [ -50.285205, 62.466211 ], [ -50.319238, 62.473193 ], [ -50.280908, 62.530762 ], [ -50.259326, 62.578076 ], [ -50.256006, 62.679785 ], [ -50.29873, 62.721973 ], [ -50.20376, 62.808789 ], [ -50.076025, 62.90376 ], [ -49.793115, 63.044629 ], [ -50.092236, 62.976758 ], [ -50.33833, 62.82876 ], [ -50.390088, 62.822021 ], [ -50.408203, 62.848828 ], [ -50.501563, 62.944922 ], [ -50.572021, 62.971143 ], [ -50.603516, 63.000049 ], [ -50.743506, 63.05127 ], [ -50.804297, 63.090771 ], [ -50.890479, 63.166943 ], [ -51.013086, 63.257568 ], [ -51.187598, 63.436426 ], [ -51.468848, 63.642285 ], [ -51.538184, 63.758008 ], [ -51.451074, 63.904785 ], [ -51.54751, 64.006104 ], [ -51.280078, 64.052979 ], [ -50.897559, 64.105566 ], [ -50.699365, 64.149268 ], [ -50.58501, 64.162354 ], [ -50.341895, 64.170361 ], [ -50.260693, 64.214258 ], [ -50.395947, 64.203174 ], [ -50.486621, 64.208887 ], [ -50.492285, 64.229346 ], [ -50.45874, 64.26582 ], [ -50.437061, 64.312842 ], [ -50.483398, 64.304346 ], [ -50.721045, 64.22334 ], [ -51.072314, 64.159033 ], [ -51.34668, 64.123096 ], [ -51.391113, 64.125 ], [ -51.487109, 64.103271 ], [ -51.542285, 64.097021 ], [ -51.584912, 64.103174 ], [ -51.682031, 64.164746 ], [ -51.707861, 64.205078 ], [ -51.533789, 64.314209 ], [ -51.40376, 64.463184 ], [ -51.231543, 64.560596 ], [ -51.109912, 64.572803 ], [ -50.906543, 64.567578 ], [ -50.834912, 64.558984 ], [ -50.857715, 64.616797 ], [ -50.849219, 64.644678 ], [ -50.684326, 64.678174 ], [ -50.49209, 64.693164 ], [ -50.355127, 64.682568 ], [ -50.268945, 64.614746 ], [ -50.158203, 64.489551 ], [ -50.008984, 64.447266 ], [ -50.015527, 64.507422 ], [ -50.092969, 64.584912 ], [ -50.121631, 64.70376 ], [ -50.219922, 64.753857 ], [ -50.298877, 64.778564 ], [ -50.516992, 64.766504 ], [ -50.648145, 64.85332 ], [ -50.677881, 64.885205 ], [ -50.681299, 64.927539 ], [ -50.812158, 65.051855 ], [ -50.854248, 65.113965 ], [ -50.92373, 65.196729 ], [ -50.960645, 65.201123 ], [ -50.913721, 65.096973 ], [ -50.852344, 65.023682 ], [ -50.764844, 64.862549 ], [ -50.721582, 64.797607 ], [ -50.780176, 64.746143 ], [ -50.891064, 64.695215 ], [ -50.989062, 64.664844 ], [ -51.220605, 64.628467 ], [ -51.17085, 64.707764 ], [ -51.138965, 64.785742 ], [ -51.255371, 64.758105 ], [ -51.363623, 64.701562 ], [ -51.400928, 64.623096 ], [ -51.470459, 64.551807 ], [ -51.676758, 64.377051 ], [ -51.758105, 64.279932 ], [ -51.834961, 64.231982 ], [ -51.922607, 64.21875 ], [ -51.998682, 64.256787 ], [ -52.063184, 64.346094 ], [ -52.093408, 64.415918 ], [ -52.097021, 64.59707 ], [ -52.088867, 64.681543 ], [ -52.124023, 64.79541 ], [ -52.235449, 65.060547 ], [ -52.259033, 65.154932 ], [ -52.447607, 65.205127 ], [ -52.450342, 65.221338 ], [ -52.499707, 65.275049 ], [ -52.537695, 65.328809 ], [ -52.50625, 65.348486 ], [ -52.461426, 65.362695 ], [ -52.17959, 65.441943 ], [ -51.970703, 65.530713 ], [ -51.721094, 65.669922 ], [ -51.619141, 65.713184 ], [ -51.25293, 65.746484 ], [ -51.090381, 65.751025 ], [ -51.091895, 65.775781 ], [ -51.146387, 65.785645 ], [ -51.393799, 65.77915 ], [ -51.723437, 65.723486 ], [ -51.779883, 65.703418 ], [ -51.924121, 65.616797 ], [ -52.035352, 65.569482 ], [ -52.348242, 65.461328 ], [ -52.55127, 65.461377 ], [ -52.760937, 65.59082 ], [ -52.994922, 65.566016 ], [ -53.15293, 65.574561 ], [ -53.198975, 65.594043 ], [ -53.23374, 65.77085 ], [ -53.106348, 65.977148 ], [ -53.24375, 65.979053 ], [ -53.272217, 65.987402 ], [ -53.344727, 66.034375 ], [ -53.392041, 66.04834 ], [ -53.356934, 66.073291 ], [ -53.017871, 66.170898 ], [ -52.510889, 66.362402 ], [ -52.292627, 66.437646 ], [ -52.15791, 66.470117 ], [ -52.056104, 66.507324 ], [ -51.932178, 66.587891 ], [ -51.891211, 66.623145 ], [ -51.822119, 66.651562 ], [ -51.676367, 66.683594 ], [ -51.51709, 66.732031 ], [ -51.258594, 66.841211 ], [ -51.225, 66.881543 ], [ -51.281055, 66.890967 ], [ -51.401953, 66.85376 ], [ -51.647705, 66.754004 ], [ -51.823047, 66.697852 ], [ -52.42124, 66.44668 ], [ -52.675879, 66.355225 ], [ -52.814453, 66.296875 ], [ -52.921924, 66.241113 ], [ -53.035791, 66.201416 ], [ -53.156055, 66.177734 ], [ -53.412744, 66.159961 ], [ -53.53877, 66.139355 ], [ -53.614697, 66.154492 ], [ -53.648096, 66.273535 ], [ -53.622607, 66.344043 ], [ -53.634717, 66.413672 ], [ -53.570703, 66.513281 ], [ -53.475684, 66.583838 ], [ -53.435791, 66.622168 ], [ -53.41875, 66.648535 ], [ -53.222705, 66.721436 ], [ -53.114648, 66.753809 ], [ -53.038281, 66.826807 ], [ -52.603125, 66.852734 ], [ -52.491064, 66.850146 ], [ -52.431445, 66.859912 ], [ -52.386865, 66.881152 ], [ -52.429736, 66.897559 ], [ -52.560107, 66.909082 ], [ -52.906689, 66.906885 ], [ -53.226953, 66.919385 ], [ -53.373096, 66.931934 ], [ -53.443604, 66.924658 ], [ -53.56001, 66.945947 ], [ -53.687158, 66.986475 ], [ -53.884424, 67.135547 ], [ -53.805469, 67.326904 ], [ -53.798584, 67.418164 ], [ -53.5479, 67.498193 ], [ -53.413867, 67.524707 ], [ -53.223584, 67.584961 ], [ -52.969531, 67.687256 ], [ -52.666455, 67.749707 ], [ -52.512012, 67.761279 ], [ -52.383594, 67.752344 ], [ -51.909082, 67.663721 ], [ -51.665039, 67.646387 ], [ -51.450586, 67.667725 ], [ -51.181445, 67.636523 ], [ -50.705371, 67.508887 ], [ -50.613477, 67.52793 ], [ -50.640137, 67.558838 ], [ -51.171045, 67.693604 ], [ -51.167969, 67.733838 ], [ -51.03208, 67.744385 ], [ -50.887012, 67.783545 ], [ -50.968848, 67.806641 ], [ -51.321484, 67.786572 ], [ -51.423242, 67.754492 ], [ -51.765234, 67.737842 ], [ -51.943848, 67.765186 ], [ -52.104199, 67.778711 ], [ -52.344824, 67.836914 ], [ -52.546191, 67.81792 ], [ -52.673242, 67.794971 ], [ -52.89834, 67.773242 ], [ -52.97959, 67.757764 ], [ -53.418799, 67.574561 ], [ -53.603613, 67.536475 ], [ -53.735205, 67.549023 ], [ -53.642822, 67.668262 ], [ -53.616211, 67.715332 ], [ -53.616357, 67.766602 ], [ -53.577979, 67.836816 ], [ -53.35293, 67.970508 ], [ -53.211377, 68.116943 ], [ -53.151562, 68.207764 ], [ -53.040967, 68.21792 ], [ -52.889844, 68.204541 ], [ -52.436084, 68.145654 ], [ -52.058496, 68.075488 ], [ -51.77998, 68.056738 ], [ -51.596875, 68.054785 ], [ -51.518359, 68.077148 ], [ -51.456494, 68.116064 ], [ -51.432666, 68.143018 ], [ -51.414697, 68.198193 ], [ -51.393701, 68.217773 ], [ -51.33252, 68.241846 ], [ -51.207275, 68.325537 ], [ -51.169141, 68.385205 ], [ -51.210156, 68.419922 ], [ -51.293457, 68.416357 ], [ -51.456104, 68.393506 ], [ -51.478027, 68.383984 ], [ -51.475049, 68.365381 ], [ -51.632422, 68.273047 ], [ -51.804004, 68.251807 ], [ -52.198535, 68.220801 ], [ -52.378516, 68.218604 ], [ -52.698389, 68.261523 ], [ -52.746777, 68.278369 ], [ -52.780029, 68.309863 ], [ -53.17251, 68.302734 ], [ -53.289844, 68.293262 ], [ -53.383154, 68.297363 ], [ -53.337402, 68.352148 ], [ -53.213281, 68.412988 ], [ -53.039453, 68.610889 ], [ -52.893848, 68.661523 ], [ -52.60459, 68.70874 ], [ -52.302783, 68.701123 ], [ -51.780664, 68.548193 ], [ -51.623145, 68.534814 ], [ -51.478711, 68.547168 ], [ -51.133301, 68.598438 ], [ -51.069922, 68.619189 ], [ -50.945703, 68.682666 ], [ -50.800635, 68.79126 ], [ -50.807715, 68.816992 ], [ -51.030225, 68.756299 ], [ -51.148877, 68.739941 ], [ -51.249414, 68.739941 ], [ -51.156055, 68.938428 ], [ -51.119727, 69.090527 ], [ -51.084863, 69.128271 ], [ -50.792285, 69.116846 ], [ -50.392676, 69.137402 ], [ -50.297363, 69.170605 ], [ -50.298877, 69.185352 ], [ -50.459375, 69.205518 ], [ -50.536621, 69.247852 ], [ -50.671045, 69.234473 ], [ -50.851074, 69.20625 ], [ -51.076953, 69.209473 ], [ -51.057812, 69.274805 ], [ -50.892236, 69.411768 ], [ -50.875195, 69.474219 ], [ -50.810596, 69.599023 ], [ -50.804102, 69.663037 ], [ -50.720264, 69.725342 ], [ -50.459082, 69.769727 ], [ -50.349463, 69.79624 ], [ -50.343457, 69.825244 ], [ -50.5, 69.935791 ], [ -50.460254, 69.966309 ], [ -50.3375, 69.994141 ], [ -50.291699, 70.014453 ], [ -50.322949, 70.027148 ], [ -50.436084, 70.039355 ], [ -50.609863, 70.014941 ], [ -50.802344, 70.003223 ], [ -50.972705, 70.039893 ], [ -51.105713, 70.057422 ], [ -51.189941, 70.051904 ], [ -51.418848, 69.989209 ], [ -51.499072, 69.987158 ], [ -51.598096, 70.004541 ], [ -52.254639, 70.058936 ], [ -52.336035, 70.078125 ], [ -52.57124, 70.172119 ], [ -52.765039, 70.234131 ], [ -53.023047, 70.301904 ], [ -53.35752, 70.35332 ], [ -53.768506, 70.388525 ], [ -54.014453, 70.42168 ], [ -54.135645, 70.468408 ], [ -54.343311, 70.571191 ], [ -54.501172, 70.656885 ], [ -54.530762, 70.699268 ], [ -54.437988, 70.751611 ], [ -54.343555, 70.789209 ], [ -54.16582, 70.820117 ], [ -53.85918, 70.809912 ], [ -53.694434, 70.796094 ], [ -53.513086, 70.766602 ], [ -53.376025, 70.761035 ], [ -53.091309, 70.769385 ], [ -52.801953, 70.750586 ], [ -52.63042, 70.729932 ], [ -52.405225, 70.686768 ], [ -51.783789, 70.503223 ], [ -51.524463, 70.439453 ], [ -51.411719, 70.431787 ], [ -50.946875, 70.363623 ], [ -50.872363, 70.364893 ], [ -50.682129, 70.396875 ], [ -50.663281, 70.417578 ], [ -50.727539, 70.437988 ], [ -50.932666, 70.453857 ], [ -51.17334, 70.529102 ], [ -51.322852, 70.58877 ], [ -51.339893, 70.687549 ], [ -51.32041, 70.742871 ], [ -51.282813, 70.768018 ], [ -51.256592, 70.852686 ], [ -51.396094, 70.903027 ], [ -51.493555, 70.918896 ], [ -51.752686, 70.992236 ], [ -51.774316, 71.010449 ], [ -51.650098, 71.019043 ], [ -51.528418, 71.014014 ], [ -51.26709, 70.976855 ], [ -51.130078, 70.971729 ], [ -51.03042, 70.986279 ], [ -51.018945, 71.001318 ], [ -51.177783, 71.043457 ], [ -51.37666, 71.119043 ], [ -51.791895, 71.130127 ], [ -52.061377, 71.121631 ], [ -52.233594, 71.147559 ], [ -52.416895, 71.189697 ], [ -52.53457, 71.200439 ], [ -52.775, 71.174023 ], [ -52.89668, 71.170703 ], [ -53.007568, 71.17998 ], [ -53.117041, 71.312891 ], [ -53.087891, 71.352734 ], [ -53.0021, 71.369971 ], [ -52.937305, 71.412842 ], [ -52.891846, 71.457666 ], [ -52.749414, 71.501514 ], [ -51.967285, 71.599121 ], [ -51.769922, 71.671729 ], [ -51.778613, 71.68291 ], [ -51.911719, 71.669434 ], [ -52.081934, 71.636719 ], [ -52.195801, 71.62998 ], [ -52.656299, 71.672266 ], [ -52.728076, 71.662646 ], [ -52.914551, 71.601904 ], [ -53.167529, 71.535938 ], [ -53.284082, 71.539941 ], [ -53.440088, 71.579004 ], [ -53.464844, 71.606787 ], [ -53.476025, 71.640186 ], [ -53.304736, 71.685889 ], [ -53.249707, 71.710156 ], [ -53.138867, 71.775195 ], [ -53.144531, 71.807422 ], [ -53.333691, 71.789746 ], [ -53.35835, 71.819629 ], [ -53.355273, 71.870898 ], [ -53.373633, 71.935742 ], [ -53.420117, 71.999756 ], [ -53.575391, 72.098047 ], [ -53.639795, 72.12334 ], [ -53.692871, 72.159668 ], [ -53.809863, 72.292578 ], [ -53.775977, 72.32583 ], [ -53.672021, 72.351025 ], [ -53.652148, 72.362646 ], [ -53.900537, 72.341748 ], [ -53.927734, 72.318799 ], [ -53.880908, 72.284961 ], [ -53.847461, 72.239844 ], [ -53.827539, 72.183447 ], [ -53.792871, 72.134082 ], [ -53.70293, 72.080029 ], [ -53.630957, 72.051514 ], [ -53.513672, 71.97627 ], [ -53.4625, 71.893555 ], [ -53.477588, 71.849951 ], [ -53.568652, 71.805566 ], [ -53.71543, 71.757666 ], [ -53.759863, 71.718018 ], [ -53.779687, 71.678516 ], [ -53.894092, 71.641992 ], [ -53.964355, 71.655664 ], [ -54.019922, 71.657861 ], [ -53.954297, 71.592676 ], [ -53.912061, 71.525928 ], [ -53.962988, 71.458984 ], [ -54.098926, 71.418506 ], [ -54.172705, 71.417285 ], [ -54.317725, 71.384473 ], [ -54.689062, 71.367236 ], [ -54.818311, 71.375293 ], [ -55.055371, 71.408594 ], [ -55.336426, 71.426758 ], [ -55.4479, 71.471777 ], [ -55.594043, 71.553516 ], [ -55.667822, 71.626758 ], [ -55.669336, 71.691504 ], [ -55.629785, 71.738623 ], [ -55.549219, 71.768262 ], [ -55.452441, 71.957666 ], [ -55.315576, 72.110693 ], [ -54.970898, 72.268408 ], [ -54.872607, 72.325439 ], [ -54.840137, 72.356104 ], [ -54.840625, 72.379395 ], [ -54.896338, 72.394189 ], [ -55.320117, 72.199561 ], [ -55.581445, 72.178857 ], [ -55.659473, 72.222607 ], [ -55.63584, 72.300439 ], [ -55.589307, 72.318506 ], [ -55.37793, 72.311133 ], [ -55.295703, 72.354395 ], [ -55.427979, 72.419873 ], [ -55.56875, 72.437012 ], [ -55.601709, 72.453467 ], [ -55.456787, 72.503271 ], [ -55.121875, 72.499609 ], [ -55.04624, 72.534424 ], [ -54.924951, 72.571973 ], [ -54.790381, 72.641602 ], [ -54.740039, 72.700195 ], [ -54.728711, 72.750488 ], [ -54.757715, 72.791064 ], [ -54.76084, 72.831738 ], [ -54.737939, 72.87251 ], [ -54.773096, 72.917578 ], [ -54.866211, 72.966846 ], [ -55.073096, 73.015137 ], [ -55.133984, 72.960645 ], [ -55.198437, 72.938232 ], [ -55.288916, 72.933203 ], [ -55.372412, 72.956152 ], [ -55.459521, 72.964404 ], [ -55.545117, 72.984912 ], [ -55.633984, 72.991406 ], [ -55.668555, 73.00791 ], [ -55.69082, 73.054102 ], [ -55.692773, 73.112842 ], [ -55.592285, 73.140283 ], [ -55.452344, 73.161914 ], [ -55.358691, 73.20293 ], [ -55.297168, 73.262305 ], [ -55.288281, 73.3271 ], [ -55.332031, 73.397363 ], [ -55.445703, 73.460498 ], [ -55.656201, 73.399072 ], [ -55.738867, 73.383984 ], [ -55.75791, 73.42793 ], [ -55.787061, 73.460498 ], [ -55.875537, 73.504639 ], [ -55.991992, 73.536816 ], [ -56.104053, 73.558154 ], [ -56.10918, 73.590771 ], [ -56.082617, 73.62749 ], [ -56.033008, 73.670312 ], [ -55.968408, 73.75957 ], [ -55.897314, 73.751611 ], [ -55.838281, 73.759717 ], [ -55.872412, 73.833447 ], [ -55.929492, 73.89541 ], [ -55.996533, 73.930615 ], [ -55.998926, 73.945947 ], [ -56.014453, 73.963867 ], [ -56.066211, 74.007275 ], [ -56.124219, 74.039062 ], [ -56.225391, 74.129102 ], [ -56.298486, 74.163428 ], [ -56.392187, 74.181201 ], [ -56.493164, 74.182178 ], [ -56.655176, 74.158545 ], [ -56.954297, 74.131201 ], [ -57.191113, 74.118213 ], [ -57.230566, 74.125293 ], [ -57.112109, 74.159473 ], [ -56.9375, 74.195068 ], [ -56.706348, 74.219189 ], [ -56.638965, 74.278369 ], [ -56.663916, 74.32959 ], [ -56.654297, 74.378125 ], [ -56.717676, 74.429248 ], [ -56.656006, 74.457568 ], [ -56.445557, 74.486084 ], [ -56.350293, 74.490479 ], [ -56.255469, 74.526807 ], [ -56.52207, 74.614307 ], [ -56.801318, 74.67168 ], [ -56.871143, 74.694971 ], [ -56.932568, 74.73335 ], [ -56.985547, 74.786768 ], [ -57.07168, 74.840234 ], [ -57.190869, 74.89375 ], [ -57.364795, 74.945459 ], [ -57.813184, 75.03999 ], [ -57.96709, 75.105176 ], [ -58.108838, 75.204932 ], [ -58.179688, 75.247461 ], [ -58.25332, 75.278955 ], [ -58.565527, 75.352734 ], [ -58.603467, 75.385303 ], [ -58.281201, 75.47207 ], [ -58.249658, 75.506689 ], [ -58.381299, 75.612012 ], [ -58.516211, 75.689063 ], [ -58.663086, 75.716406 ], [ -58.881445, 75.730469 ], [ -59.081592, 75.764697 ], [ -59.263623, 75.818896 ], [ -59.445312, 75.858594 ], [ -59.717432, 75.896289 ], [ -60.172754, 75.993311 ], [ -60.874609, 76.097168 ], [ -61.188232, 76.157861 ], [ -61.374805, 76.17998 ], [ -61.62085, 76.185645 ], [ -62.09668, 76.242334 ], [ -62.496191, 76.260449 ], [ -62.742871, 76.252148 ], [ -62.823437, 76.261523 ], [ -63.005811, 76.319092 ], [ -63.291309, 76.352051 ], [ -63.438867, 76.339453 ], [ -63.621973, 76.277881 ], [ -63.843066, 76.217139 ], [ -63.960352, 76.208936 ], [ -64.135205, 76.264502 ], [ -64.223193, 76.30332 ], [ -64.307275, 76.316504 ], [ -64.387305, 76.304004 ], [ -64.543408, 76.253076 ], [ -64.69209, 76.21626 ], [ -64.911963, 76.17251 ], [ -65.087646, 76.151514 ], [ -65.313232, 76.146387 ], [ -65.369922, 76.130566 ], [ -65.456787, 76.129834 ], [ -65.57373, 76.144238 ], [ -65.683301, 76.172705 ], [ -65.785449, 76.215332 ], [ -65.875732, 76.23833 ], [ -65.954053, 76.241699 ], [ -66.134033, 76.219629 ], [ -66.361768, 76.154785 ], [ -66.465771, 76.13916 ], [ -66.553223, 76.145947 ], [ -66.659961, 76.166162 ], [ -66.874023, 76.217871 ], [ -66.992578, 76.212939 ], [ -67.078711, 76.194824 ], [ -67.054785, 76.151855 ], [ -66.853906, 76.05 ], [ -66.674805, 75.977393 ], [ -66.826172, 75.968799 ], [ -68.14873, 76.067041 ], [ -68.317285, 76.090771 ], [ -68.560645, 76.150195 ], [ -68.763086, 76.186621 ], [ -69.107568, 76.280859 ], [ -69.3729, 76.331885 ], [ -69.460889, 76.371729 ], [ -69.484082, 76.39917 ], [ -69.399658, 76.436279 ], [ -68.86499, 76.561377 ], [ -68.660742, 76.586621 ], [ -68.24541, 76.616748 ], [ -68.147217, 76.635645 ], [ -68.114258, 76.650635 ], [ -68.223389, 76.677686 ], [ -68.767383, 76.668018 ], [ -69.252051, 76.686133 ], [ -69.673828, 76.735889 ], [ -69.747217, 76.752393 ], [ -69.818652, 76.782764 ], [ -69.888086, 76.827051 ], [ -69.872217, 76.876611 ], [ -69.771045, 76.931445 ], [ -69.711719, 76.969043 ], [ -69.694238, 76.989453 ], [ -70.224463, 76.85459 ], [ -70.441309, 76.807373 ], [ -70.613135, 76.821826 ], [ -70.733691, 76.844189 ], [ -70.792822, 76.869092 ], [ -70.790625, 76.896484 ], [ -70.77124, 76.916504 ], [ -70.734668, 76.929004 ], [ -71.015039, 76.984863 ], [ -71.141455, 77.028662 ], [ -71.154883, 77.073877 ], [ -71.055469, 77.120508 ], [ -70.958105, 77.154346 ], [ -70.862842, 77.175439 ], [ -70.603711, 77.193848 ], [ -69.656543, 77.229004 ], [ -68.97832, 77.195312 ], [ -68.747461, 77.306934 ], [ -68.591602, 77.342529 ], [ -68.135547, 77.37959 ], [ -67.433789, 77.384668 ], [ -66.937988, 77.364209 ], [ -66.705762, 77.338037 ], [ -66.389453, 77.280273 ], [ -66.371289, 77.297705 ], [ -66.447656, 77.349805 ], [ -66.453076, 77.393066 ], [ -66.325293, 77.468213 ], [ -66.266455, 77.515381 ], [ -66.306445, 77.564502 ], [ -66.445361, 77.615674 ], [ -66.691211, 77.681201 ], [ -66.823535, 77.686621 ], [ -66.970654, 77.67085 ], [ -67.147363, 77.634521 ], [ -67.514648, 77.54292 ], [ -67.688086, 77.523779 ], [ -67.977344, 77.518896 ], [ -68.137305, 77.530469 ], [ -68.291895, 77.544189 ], [ -68.533496, 77.592773 ], [ -68.621533, 77.601855 ], [ -68.728223, 77.580566 ], [ -68.853662, 77.528857 ], [ -68.974561, 77.492627 ], [ -69.090918, 77.471924 ], [ -69.199658, 77.462939 ], [ -69.351367, 77.467139 ], [ -69.976758, 77.547656 ], [ -70.118164, 77.583496 ], [ -70.126367, 77.637793 ], [ -70.318311, 77.690381 ], [ -70.5354, 77.699561 ], [ -70.561914, 77.717187 ], [ -70.286621, 77.798242 ], [ -70.081494, 77.831396 ], [ -70.114453, 77.841357 ], [ -70.412402, 77.843115 ], [ -70.613525, 77.8 ], [ -70.728711, 77.792725 ], [ -70.993604, 77.791553 ], [ -71.271631, 77.813135 ], [ -71.389844, 77.832031 ], [ -71.512402, 77.875391 ], [ -71.649902, 77.899805 ], [ -72.064941, 77.936816 ], [ -72.158545, 77.956934 ], [ -72.247266, 77.99043 ], [ -72.586328, 78.085205 ], [ -72.791504, 78.154883 ], [ -72.818066, 78.194336 ], [ -72.581299, 78.279102 ], [ -72.570947, 78.29873 ], [ -72.672461, 78.335303 ], [ -72.714795, 78.362305 ], [ -72.679736, 78.399561 ], [ -72.47251, 78.482031 ], [ -72.395605, 78.504346 ], [ -72.023682, 78.552783 ], [ -71.651318, 78.623145 ], [ -71.515625, 78.638965 ], [ -71.394775, 78.642627 ], [ -70.905762, 78.638477 ], [ -70.754102, 78.655811 ], [ -70.625391, 78.690137 ], [ -70.414209, 78.724902 ], [ -69.973535, 78.777686 ], [ -68.993457, 78.857422 ], [ -68.929639, 78.866797 ], [ -68.923926, 78.881934 ], [ -69.011963, 78.923047 ], [ -69.030518, 78.942871 ], [ -68.829834, 78.979736 ], [ -68.377051, 79.037842 ], [ -68.067529, 79.06582 ], [ -67.868359, 79.067871 ], [ -67.707764, 79.080371 ], [ -67.482227, 79.116895 ], [ -67.354541, 79.12334 ], [ -66.58374, 79.137695 ], [ -66.242773, 79.117822 ], [ -66.075342, 79.118213 ], [ -65.967871, 79.132373 ], [ -65.825537, 79.17373 ], [ -65.559766, 79.276465 ], [ -65.419873, 79.340234 ], [ -65.287793, 79.437305 ], [ -65.116943, 79.589014 ], [ -64.989258, 79.736963 ], [ -64.904639, 79.88125 ], [ -64.838965, 79.969189 ], [ -64.792285, 80.000635 ], [ -64.632422, 80.040576 ], [ -64.465723, 80.07168 ], [ -64.17915, 80.099268 ], [ -64.205273, 80.112109 ], [ -64.326807, 80.133594 ], [ -64.439941, 80.141846 ], [ -64.544629, 80.136914 ], [ -64.735254, 80.104443 ], [ -64.982227, 80.082471 ], [ -65.222119, 80.085938 ], [ -65.394922, 80.077734 ], [ -65.553418, 80.047998 ], [ -65.810449, 80.024072 ], [ -65.981934, 80.029492 ], [ -66.291504, 80.072266 ], [ -66.447705, 80.080273 ], [ -66.843652, 80.076221 ], [ -66.959473, 80.092041 ], [ -67.060645, 80.123145 ], [ -67.141309, 80.166455 ], [ -67.201465, 80.222168 ], [ -67.193164, 80.280078 ], [ -67.050635, 80.384521 ], [ -66.995898, 80.412988 ], [ -66.610059, 80.52959 ], [ -66.372314, 80.58418 ], [ -66.135693, 80.625 ], [ -65.963281, 80.648975 ], [ -65.800977, 80.659717 ], [ -65.645215, 80.685059 ], [ -65.358203, 80.766504 ], [ -65.062158, 80.836328 ], [ -64.693799, 80.966016 ], [ -64.515527, 81.0 ], [ -63.891553, 81.056445 ], [ -63.721973, 81.057324 ], [ -63.578027, 81.043262 ], [ -63.441699, 81.013867 ], [ -63.058594, 80.885596 ], [ -63.028662, 80.889551 ], [ -63.095459, 80.938086 ], [ -63.235205, 81.08335 ], [ -63.2125, 81.143115 ], [ -62.993262, 81.206982 ], [ -62.903369, 81.218359 ], [ -62.671924, 81.214111 ], [ -62.298877, 81.194385 ], [ -62.049414, 81.172754 ], [ -61.860352, 81.137598 ], [ -61.635596, 81.115723 ], [ -61.519092, 81.116797 ], [ -61.435986, 81.133594 ], [ -61.316992, 81.188477 ], [ -61.162061, 81.281494 ], [ -61.1, 81.396094 ], [ -61.130762, 81.532324 ], [ -61.175977, 81.631885 ], [ -61.235693, 81.69458 ], [ -61.20293, 81.746875 ], [ -61.015039, 81.80957 ], [ -60.842871, 81.855371 ], [ -60.432373, 81.920166 ], [ -60.099463, 81.937354 ], [ -59.901904, 81.933008 ], [ -59.642285, 81.902637 ], [ -59.281934, 81.884033 ], [ -58.956787, 81.825195 ], [ -58.429785, 81.690039 ], [ -58.079932, 81.622217 ], [ -57.790332, 81.591748 ], [ -57.504883, 81.539893 ], [ -57.082861, 81.429932 ], [ -56.862061, 81.382715 ], [ -56.730664, 81.365625 ], [ -56.615137, 81.362891 ], [ -56.658154, 81.394287 ], [ -56.859668, 81.459961 ], [ -57.168408, 81.532178 ], [ -57.853027, 81.662012 ], [ -58.230078, 81.753662 ], [ -58.568213, 81.858203 ], [ -58.816748, 81.92041 ], [ -59.268018, 81.98208 ], [ -59.261816, 82.006641 ], [ -58.717383, 82.093066 ], [ -57.716895, 82.168311 ], [ -56.589355, 82.227148 ], [ -56.211963, 82.221143 ], [ -55.548682, 82.245752 ], [ -55.48623, 82.282861 ], [ -55.343604, 82.299561 ], [ -54.725879, 82.351367 ], [ -54.548877, 82.350635 ], [ -54.277051, 82.326074 ], [ -53.987305, 82.279248 ], [ -53.853223, 82.236865 ], [ -53.671338, 82.164062 ], [ -53.582031, 82.061572 ], [ -53.595508, 81.738037 ], [ -53.590771, 81.676855 ], [ -53.555664, 81.653271 ], [ -53.430127, 81.688379 ], [ -53.27998, 81.753613 ], [ -53.14502, 81.799756 ], [ -53.041211, 81.870996 ], [ -52.968506, 81.967139 ], [ -52.925537, 82.038379 ], [ -53.101953, 82.118945 ], [ -53.110742, 82.251221 ], [ -53.022559, 82.321729 ], [ -52.775586, 82.321729 ], [ -51.754004, 82.078223 ], [ -51.351855, 82.025635 ], [ -50.894434, 81.895215 ], [ -50.360059, 81.909082 ], [ -49.867041, 81.893018 ], [ -49.648828, 81.897803 ], [ -49.541064, 81.918066 ], [ -49.694287, 81.972119 ], [ -50.394824, 82.120703 ], [ -50.713135, 82.237354 ], [ -50.935547, 82.382812 ], [ -50.989941, 82.460156 ], [ -50.819531, 82.474072 ], [ -50.037109, 82.472412 ], [ -48.861182, 82.40542 ], [ -47.357422, 82.173633 ], [ -46.617334, 82.096973 ], [ -45.291064, 81.828809 ], [ -44.890967, 81.788281 ], [ -44.729492, 81.779834 ], [ -44.607617, 81.812939 ], [ -44.532422, 81.848926 ], [ -44.526904, 81.896826 ], [ -44.591016, 81.956689 ], [ -44.627734, 82.025879 ], [ -44.637109, 82.104443 ], [ -44.54707, 82.260059 ], [ -44.333203, 82.310791 ], [ -44.238867, 82.368164 ], [ -44.326562, 82.471729 ], [ -44.577246, 82.542627 ], [ -45.552441, 82.725244 ], [ -45.556543, 82.747021 ], [ -45.359619, 82.770947 ], [ -45.067432, 82.784961 ], [ -42.650732, 82.741455 ], [ -42.232959, 82.725488 ], [ -42.054639, 82.709814 ], [ -41.976562, 82.68916 ], [ -41.876465, 82.680322 ], [ -41.357275, 82.70498 ], [ -41.369629, 82.75 ], [ -41.434424, 82.778613 ], [ -44.239209, 82.856787 ], [ -44.761963, 82.883545 ], [ -45.02793, 82.885596 ], [ -45.302979, 82.865088 ], [ -45.87334, 82.854883 ], [ -46.136816, 82.858838 ], [ -46.478174, 82.951904 ], [ -46.169043, 83.063867 ], [ -45.908887, 83.061328 ], [ -45.4146, 83.017676 ], [ -45.121777, 83.078662 ], [ -44.656934, 83.129053 ], [ -44.197314, 83.146826 ], [ -43.19458, 83.255127 ], [ -43.009277, 83.2646 ], [ -42.775537, 83.258789 ], [ -42.259521, 83.231982 ], [ -42.05459, 83.205176 ], [ -41.819775, 83.147754 ], [ -41.683496, 83.130029 ], [ -41.521973, 83.126758 ], [ -41.300146, 83.100781 ], [ -40.979395, 83.184863 ], [ -40.689453, 83.275195 ], [ -40.356836, 83.332178 ], [ -39.886328, 83.298926 ], [ -39.588428, 83.255566 ], [ -39.316016, 83.203906 ], [ -38.931104, 83.175342 ], [ -38.278369, 82.998877 ], [ -38.15625, 82.998633 ], [ -38.098584, 83.013574 ], [ -38.037012, 83.046289 ], [ -38.014893, 83.094824 ], [ -37.934766, 83.160742 ], [ -37.992773, 83.185107 ], [ -38.539551, 83.258154 ], [ -38.64292, 83.286279 ], [ -38.747803, 83.332568 ], [ -38.749561, 83.37085 ], [ -38.648242, 83.401025 ], [ -38.541455, 83.414795 ], [ -38.187939, 83.402295 ], [ -38.071094, 83.412109 ], [ -37.96084, 83.437646 ], [ -37.828027, 83.485547 ], [ -37.72334, 83.497754 ], [ -37.486914, 83.499121 ], [ -37.122998, 83.468408 ], [ -36.804492, 83.46582 ], [ -36.6896, 83.479932 ], [ -36.672119, 83.509912 ], [ -36.644434, 83.528955 ], [ -36.606494, 83.536963 ], [ -35.451855, 83.538623 ], [ -35.165527, 83.545752 ], [ -34.94165, 83.568457 ], [ -34.667773, 83.571143 ], [ -34.42832, 83.557568 ], [ -34.131934, 83.528662 ], [ -33.837354, 83.52998 ], [ -33.39834, 83.577246 ], [ -32.984424, 83.599609 ], [ -30.70293, 83.593408 ], [ -29.952881, 83.564844 ] ] ], [ [ [ -52.731152, 69.944727 ], [ -52.398242, 69.863428 ], [ -52.045312, 69.807227 ], [ -52.010791, 69.781543 ], [ -51.983398, 69.742676 ], [ -51.977051, 69.722412 ], [ -51.985107, 69.703613 ], [ -52.007471, 69.686279 ], [ -51.981689, 69.663965 ], [ -51.907764, 69.63667 ], [ -51.900195, 69.604785 ], [ -51.988428, 69.55 ], [ -52.112598, 69.489111 ], [ -52.770459, 69.363916 ], [ -53.003125, 69.342627 ], [ -53.578418, 69.256641 ], [ -53.754346, 69.260156 ], [ -53.793164, 69.264209 ], [ -53.902051, 69.302002 ], [ -54.051172, 69.337158 ], [ -54.121045, 69.364404 ], [ -54.182715, 69.403516 ], [ -54.158154, 69.427783 ], [ -54.047363, 69.437305 ], [ -53.8896, 69.43667 ], [ -53.658301, 69.465137 ], [ -53.722266, 69.490723 ], [ -53.783057, 69.506299 ], [ -53.825, 69.540332 ], [ -53.921484, 69.533691 ], [ -53.99375, 69.553174 ], [ -54.133203, 69.56543 ], [ -54.496973, 69.577197 ], [ -54.734131, 69.610547 ], [ -54.804102, 69.630518 ], [ -54.865771, 69.665039 ], [ -54.919141, 69.713623 ], [ -54.84126, 69.901904 ], [ -54.787891, 69.949854 ], [ -54.6646, 69.965674 ], [ -54.363086, 69.923828 ], [ -54.322607, 69.941895 ], [ -54.652441, 70.011182 ], [ -54.773633, 70.052539 ], [ -54.809326, 70.085107 ], [ -54.830762, 70.132959 ], [ -54.830469, 70.161084 ], [ -54.815576, 70.189404 ], [ -54.78623, 70.217773 ], [ -54.705957, 70.256152 ], [ -54.371631, 70.317285 ], [ -54.007227, 70.296436 ], [ -53.375146, 70.221289 ], [ -53.296729, 70.205371 ], [ -53.10293, 70.140869 ], [ -52.731152, 69.944727 ] ] ], [ [ [ -51.013672, 69.55249 ], [ -51.17041, 69.517139 ], [ -51.202051, 69.525 ], [ -51.233984, 69.551855 ], [ -51.314893, 69.674072 ], [ -51.338867, 69.732031 ], [ -51.318945, 69.804053 ], [ -51.350293, 69.854785 ], [ -51.208887, 69.913916 ], [ -51.09458, 69.92417 ], [ -50.940234, 69.908691 ], [ -50.679004, 69.848535 ], [ -50.6979, 69.829053 ], [ -50.754395, 69.797656 ], [ -50.911719, 69.756689 ], [ -50.967236, 69.664258 ], [ -50.977881, 69.617822 ], [ -50.97041, 69.583008 ], [ -51.013672, 69.55249 ] ] ], [ [ [ -53.535205, 71.04082 ], [ -53.628809, 71.034277 ], [ -53.897559, 71.085156 ], [ -53.941162, 71.104297 ], [ -53.957812, 71.127734 ], [ -53.947461, 71.155518 ], [ -53.861865, 71.207227 ], [ -53.700977, 71.283008 ], [ -53.584473, 71.29707 ], [ -53.512354, 71.249609 ], [ -53.441406, 71.18584 ], [ -53.432129, 71.153418 ], [ -53.436914, 71.115234 ], [ -53.455469, 71.08291 ], [ -53.487793, 71.056299 ], [ -53.535205, 71.04082 ] ] ], [ [ [ -55.016895, 72.791113 ], [ -55.158203, 72.723291 ], [ -55.273584, 72.684326 ], [ -55.523633, 72.568408 ], [ -55.566602, 72.564355 ], [ -55.634131, 72.579443 ], [ -55.686523, 72.609912 ], [ -55.781006, 72.617236 ], [ -55.813916, 72.636475 ], [ -55.827148, 72.652148 ], [ -55.869043, 72.662109 ], [ -55.935693, 72.668359 ], [ -56.042676, 72.656445 ], [ -56.140869, 72.668457 ], [ -56.214795, 72.719189 ], [ -56.078076, 72.753223 ], [ -55.993555, 72.782275 ], [ -55.666455, 72.793701 ], [ -55.574219, 72.780371 ], [ -55.51626, 72.780713 ], [ -55.42793, 72.788623 ], [ -55.234668, 72.824805 ], [ -55.205811, 72.84165 ], [ -55.033008, 72.820508 ], [ -55.016895, 72.791113 ] ] ], [ [ [ -71.667334, 77.325293 ], [ -72.023535, 77.316455 ], [ -72.374414, 77.35542 ], [ -72.494922, 77.385547 ], [ -72.489551, 77.431641 ], [ -72.436426, 77.447559 ], [ -72.246777, 77.463525 ], [ -72.089062, 77.46709 ], [ -71.982764, 77.459961 ], [ -71.73291, 77.431641 ], [ -71.552148, 77.403271 ], [ -71.433447, 77.394385 ], [ -71.46709, 77.353662 ], [ -71.667334, 77.325293 ] ] ], [ [ [ -44.864551, 82.083643 ], [ -45.067432, 82.066016 ], [ -45.490771, 82.171826 ], [ -46.161035, 82.277686 ], [ -46.751904, 82.348193 ], [ -47.30752, 82.533398 ], [ -47.351221, 82.599219 ], [ -47.272266, 82.656934 ], [ -46.787207, 82.665723 ], [ -46.39917, 82.692139 ], [ -45.411377, 82.577539 ], [ -44.91748, 82.480518 ], [ -44.749902, 82.401123 ], [ -44.776367, 82.242383 ], [ -44.864551, 82.083643 ] ] ], [ [ [ -25.432324, 70.921338 ], [ -25.397217, 70.862451 ], [ -25.393652, 70.834668 ], [ -25.401367, 70.811279 ], [ -25.420801, 70.79458 ], [ -25.467773, 70.779687 ], [ -25.380127, 70.740576 ], [ -25.35166, 70.714307 ], [ -25.346338, 70.693311 ], [ -25.402246, 70.652686 ], [ -25.800586, 70.598926 ], [ -25.911328, 70.573047 ], [ -26.049707, 70.509131 ], [ -26.217871, 70.454053 ], [ -26.273877, 70.454346 ], [ -26.33916, 70.511426 ], [ -26.604687, 70.553369 ], [ -27.104785, 70.531494 ], [ -27.690039, 70.478662 ], [ -27.897998, 70.454004 ], [ -28.003027, 70.467139 ], [ -28.035254, 70.486816 ], [ -28.036816, 70.514355 ], [ -27.967529, 70.594824 ], [ -27.939551, 70.615283 ], [ -27.805273, 70.642041 ], [ -27.714209, 70.712793 ], [ -27.743994, 70.789746 ], [ -27.708936, 70.897119 ], [ -27.617236, 70.91377 ], [ -27.3875, 70.875635 ], [ -27.238867, 70.867578 ], [ -26.975586, 70.862695 ], [ -26.621777, 70.875635 ], [ -26.337451, 70.919238 ], [ -25.818896, 71.043652 ], [ -25.726807, 71.042041 ], [ -25.66084, 70.997949 ], [ -25.612305, 70.976318 ], [ -25.458252, 70.942529 ], [ -25.432324, 70.921338 ] ] ], [ [ [ -18.664746, 81.846484 ], [ -18.767676, 81.814307 ], [ -19.031445, 81.827197 ], [ -19.369287, 81.917285 ], [ -19.594482, 81.99126 ], [ -19.610547, 82.078125 ], [ -19.494727, 82.116699 ], [ -19.314551, 82.123193 ], [ -19.066895, 82.04917 ], [ -18.812695, 81.949463 ], [ -18.664746, 81.846484 ] ] ], [ [ [ -17.6125, 79.825879 ], [ -18.03584, 79.71123 ], [ -18.662012, 79.72002 ], [ -19.032422, 79.772949 ], [ -19.138281, 79.852344 ], [ -18.997168, 79.940479 ], [ -18.547363, 80.011084 ], [ -17.98291, 80.055176 ], [ -17.471387, 80.028711 ], [ -17.40083, 79.940479 ], [ -17.6125, 79.825879 ] ] ], [ [ [ -18.997168, 77.973779 ], [ -19.129492, 77.938525 ], [ -19.217627, 78.044336 ], [ -19.297021, 78.185449 ], [ -19.314697, 78.344189 ], [ -19.111816, 78.423584 ], [ -19.005957, 78.441211 ], [ -18.9354, 78.423584 ], [ -18.953027, 78.352979 ], [ -18.953027, 78.211914 ], [ -18.882471, 78.114893 ], [ -18.997168, 77.973779 ] ] ], [ [ [ -18.582617, 76.042334 ], [ -18.697266, 76.015869 ], [ -19.085352, 76.430371 ], [ -19.085352, 76.580273 ], [ -19.058887, 76.694971 ], [ -18.882471, 76.703809 ], [ -18.732617, 76.642041 ], [ -18.662012, 76.403906 ], [ -18.582617, 76.042334 ] ] ], [ [ [ -18.000537, 75.407324 ], [ -17.921191, 75.301514 ], [ -17.885889, 75.204443 ], [ -17.762402, 75.142773 ], [ -17.497852, 75.151514 ], [ -17.391992, 75.036914 ], [ -17.586035, 74.992773 ], [ -18.35332, 75.010449 ], [ -18.670801, 75.00166 ], [ -18.891309, 75.072168 ], [ -18.882471, 75.195654 ], [ -18.856055, 75.319141 ], [ -18.635547, 75.389648 ], [ -18.450342, 75.327979 ], [ -18.229883, 75.37207 ], [ -18.000537, 75.407324 ] ] ], [ [ [ -17.953711, 77.642334 ], [ -18.147998, 77.642334 ], [ -18.22002, 77.668359 ], [ -18.174023, 77.714355 ], [ -17.903711, 77.862598 ], [ -17.813574, 77.874609 ], [ -17.681445, 77.858594 ], [ -17.641357, 77.782471 ], [ -17.729492, 77.706396 ], [ -17.953711, 77.642334 ] ] ], [ [ [ -37.03125, 65.531982 ], [ -37.186816, 65.531348 ], [ -37.238428, 65.609863 ], [ -37.2229, 65.695459 ], [ -37.04751, 65.722266 ], [ -36.953076, 65.66333 ], [ -36.986914, 65.575586 ], [ -37.03125, 65.531982 ] ] ], [ [ [ -46.266699, 60.781396 ], [ -46.381543, 60.660303 ], [ -46.496338, 60.68667 ], [ -46.553125, 60.740771 ], [ -46.666211, 60.765918 ], [ -46.788086, 60.758398 ], [ -46.78999, 60.779834 ], [ -46.393896, 60.908789 ], [ -46.205225, 60.943506 ], [ -46.218604, 60.88916 ], [ -46.254492, 60.841553 ], [ -46.266699, 60.781396 ] ] ], [ [ [ -51.675146, 70.855225 ], [ -51.808691, 70.852539 ], [ -52.119385, 70.870654 ], [ -52.144189, 70.882275 ], [ -52.148047, 70.904395 ], [ -52.106738, 70.968018 ], [ -51.969824, 70.976465 ], [ -51.806934, 70.94165 ], [ -51.631348, 70.892139 ], [ -51.606934, 70.868848 ], [ -51.675146, 70.855225 ] ] ] ] } },
{ "type": "Feature", "properties": { "featurecla": "Admin-0 country", "scalerank": 1, "LABELRANK": 2, "SOVEREIGNT": "Canada", "SOV_A3": "CAN", "ADM0_DIF": 0, "LEVEL": 2, "TYPE": "Sovereign country", "TLC": "1", "ADMIN": "Canada", "ADM0_A3": "CAN", "GEOU_DIF": 0, "GEOUNIT": "Canada", "GU_A3": "CAN", "SU_DIF": 0, "SUBUNIT": "Canada", "SU_A3": "CAN", "BRK_DIFF": 0, "NAME": "Canada", "NAME_LONG": "Canada", "BRK_A3": "CAN", "BRK_NAME": "Canada", "BRK_GROUP": null, "ABBREV": "Can.", "POSTAL": "CA", "FORMAL_EN": "Canada", "FORMAL_FR": null, "NAME_CIAWF": "Canada", "NOTE_ADM0": null, "NOTE_BRK": null, "NAME_SORT": "Canada", "NAME_ALT": null, "MAPCOLOR7": 6, "MAPCOLOR8": 6, "MAPCOLOR9": 2, "MAPCOLOR13": 2, "POP_EST": 37589262.0, "POP_RANK": 15, "POP_YEAR": 2019, "GDP_MD": 1736425, "GDP_YEAR": 2019, "ECONOMY": "1. Developed region: G7", "INCOME_GRP": "1. High income: OECD", "FIPS_10": "CA", "ISO_A2": "CA", "ISO_A2_EH": "CA", "ISO_A3": "CAN", "ISO_A3_EH": "CAN", "ISO_N3": "124", "ISO_N3_EH": "124", "UN_A3": "124", "WB_A2": "CA", "WB_A3": "CAN", "WOE_ID": 23424775, "WOE_ID_EH": 23424775, "WOE_NOTE": "Exact WOE match as country", "ADM0_ISO": "CAN", "ADM0_DIFF": null, "ADM0_TLC": "CAN", "ADM0_A3_US": "CAN", "ADM0_A3_FR": "CAN", "ADM0_A3_RU": "CAN", "ADM0_A3_ES": "CAN", "ADM0_A3_CN": "CAN", "ADM0_A3_TW": "CAN", "ADM0_A3_IN": "CAN", "ADM0_A3_NP": "CAN", "ADM0_A3_PK": "CAN", "ADM0_A3_DE": "CAN", "ADM0_A3_GB": "CAN", "ADM0_A3_BR": "CAN", "ADM0_A3_IL": "CAN", "ADM0_A3_PS": "CAN", "ADM0_A3_SA": "CAN", "ADM0_A3_EG": "CAN", "ADM0_A3_MA": "CAN", "ADM0_A3_PT": "CAN", "ADM0_A3_AR": "CAN", "ADM0_A3_JP": "CAN", "ADM0_A3_KO": "CAN", "ADM0_A3_VN": "CAN", "ADM0_A3_TR": "CAN", "ADM0_A3_ID": "CAN", "ADM0_A3_PL": "CAN", "ADM0_A3_GR": "CAN", "ADM0_A3_IT": "CAN", "ADM0_A3_NL": "CAN", "ADM0_A3_SE": "CAN", "ADM0_A3_BD": "CAN", "ADM0_A3_UA": "CAN", "ADM0_A3_UN": -99, "ADM0_A3_WB": -99, "CONTINENT": "North America", "REGION_UN": "Americas", "SUBREGION": "Northern America", "REGION_WB": "North America", "NAME_LEN": 6, "LONG_LEN": 6, "ABBREV_LEN": 4, "TINY": -99, "HOMEPART": 1, "MIN_ZOOM": 0.0, "MIN_LABEL": 1.7, "MAX_LABEL": 5.7, "LABEL_X": -101.9107, "LABEL_Y": 60.324287, "NE_ID": 1159320467, "WIKIDATAID": "Q16", "NAME_AR": "كندا", "NAME_BN": "কানাডা", "NAME_DE": "Kanada", "NAME_EN": "Canada", "NAME_ES": "Canadá", "NAME_FA": "کانادا", "NAME_FR": "Canada", "NAME_EL": "Καναδάς", "NAME_HE": "קנדה", "NAME_HI": "कनाडा", "NAME_HU": "Kanada", "NAME_ID": "Kanada", "NAME_IT": "Canada", "NAME_JA": "カナダ", "NAME_KO": "캐나다", "NAME_NL": "Canada", "NAME_PL": "Kanada", "NAME_PT": "Canadá", "NAME_RU": "Канада", "NAME_SV": "Kanada", "NAME_TR": "Kanada", "NAME_UK": "Канада", "NAME_UR": "کینیڈا", "NAME_VI": "Canada", "NAME_ZH": "加拿大", "NAME_ZHT": "加拿大", "FCLASS_ISO": "Admin-0 country", "TLC_DIFF": null, "FCLASS_TLC": "Admin-0 country", "FCLASS_US": null, "FCLASS_FR": null, "FCLASS_RU": null, "FCLASS_ES": null, "FCLASS_CN": null, "FCLASS_TW": null, "FCLASS_IN": null, "FCLASS_NP": null, "FCLASS_PK": null, "FCLASS_DE": null, "FCLASS_GB": null, "FCLASS_BR": null, "FCLASS_IL": null, "FCLASS_PS": null, "FCLASS_SA": null, "FCLASS_EG": null, "FCLASS_MA": null, "FCLASS_PT": null, "FCLASS_AR": null, "FCLASS_JP": null, "FCLASS_KO": null, "FCLASS_VN": null, "FCLASS_TR": null, "FCLASS_ID": null, "FCLASS_PL": null, "FCLASS_GR": null, "FCLASS_IT": null, "FCLASS_NL": null, "FCLASS_SE": null, "FCLASS_BD": null, "FCLASS_UA": null }, "geometry": { "type": "MultiPolygon", "coordinates": [ [ [ [ -132.655518, 54.12749 ], [ -132.564063, 54.068652 ], [ -132.344434, 54.106055 ], [ -132.303369, 54.098877 ], [ -132.261621, 54.076318 ], [ -132.215918, 54.028418 ], [ -132.166113, 53.955225 ], [ -132.155127, 53.875195 ], [ -132.175098, 53.846533 ], [ -132.214502, 53.814746 ], [ -132.564893, 53.687646 ], [ -132.574121, 53.675391 ], [ -132.567139, 53.663965 ], [ -132.534668, 53.651709 ], [ -132.464404, 53.65332 ], [ -132.186963, 53.684814 ], [ -132.17168, 53.706836 ], [ -132.152246, 53.806982 ], [ -132.114014, 53.860156 ], [ -132.110596, 53.900293 ], [ -132.135889, 53.99585 ], [ -132.134424, 54.034277 ], [ -131.94082, 54.041992 ], [ -131.819629, 54.077344 ], [ -131.695947, 54.143164 ], [ -131.667627, 54.141357 ], [ -131.6854, 54.022803 ], [ -131.702539, 53.986377 ], [ -131.821143, 53.841504 ], [ -131.88916, 53.713965 ], [ -131.922314, 53.587891 ], [ -131.928076, 53.379199 ], [ -131.957422, 53.308691 ], [ -132.011328, 53.265186 ], [ -132.347266, 53.189209 ], [ -132.520459, 53.194043 ], [ -132.674805, 53.263184 ], [ -132.74751, 53.310498 ], [ -132.692578, 53.367871 ], [ -132.654785, 53.370557 ], [ -132.54624, 53.359277 ], [ -132.462402, 53.337891 ], [ -132.425, 53.336963 ], [ -132.431348, 53.350439 ], [ -132.670166, 53.458594 ], [ -132.84502, 53.507715 ], [ -132.897998, 53.562695 ], [ -132.899561, 53.605371 ], [ -132.913379, 53.629199 ], [ -133.052246, 53.778125 ], [ -133.079492, 53.837012 ], [ -133.097656, 53.920264 ], [ -133.097949, 54.005615 ], [ -133.063867, 54.144043 ], [ -133.048389, 54.158936 ], [ -132.991455, 54.157812 ], [ -132.893066, 54.140771 ], [ -132.655518, 54.12749 ] ] ], [ [ [ -131.753711, 53.195557 ], [ -131.652344, 53.102979 ], [ -131.622168, 53.020068 ], [ -131.634668, 52.922168 ], [ -131.795264, 52.885059 ], [ -131.879687, 52.914648 ], [ -131.916357, 52.909131 ], [ -131.971777, 52.879834 ], [ -131.904395, 52.866699 ], [ -131.810059, 52.818701 ], [ -131.727295, 52.756396 ], [ -131.610596, 52.745215 ], [ -131.455225, 52.701709 ], [ -131.572803, 52.62334 ], [ -131.590576, 52.578223 ], [ -131.443896, 52.45332 ], [ -131.42998, 52.422119 ], [ -131.383008, 52.415723 ], [ -131.273633, 52.42583 ], [ -131.259717, 52.415918 ], [ -131.259961, 52.390039 ], [ -131.327051, 52.317529 ], [ -131.319922, 52.303076 ], [ -131.25918, 52.29165 ], [ -131.142627, 52.291113 ], [ -131.116162, 52.219092 ], [ -131.221533, 52.153613 ], [ -131.421875, 52.237988 ], [ -131.511133, 52.32207 ], [ -131.562061, 52.399951 ], [ -131.623682, 52.443994 ], [ -131.809668, 52.541699 ], [ -132.092236, 52.752783 ], [ -132.165088, 52.783301 ], [ -132.238574, 52.866797 ], [ -132.259961, 52.906982 ], [ -132.258105, 52.933887 ], [ -132.229541, 52.948096 ], [ -132.144922, 52.957471 ], [ -132.14375, 52.999316 ], [ -132.468701, 53.071875 ], [ -132.504834, 53.086719 ], [ -132.546777, 53.1375 ], [ -132.524219, 53.144922 ], [ -132.34541, 53.136084 ], [ -132.153906, 53.160498 ], [ -132.035937, 53.17915 ], [ -131.989502, 53.201953 ], [ -131.893115, 53.231445 ], [ -131.853467, 53.229736 ], [ -131.753711, 53.195557 ] ] ], [ [ [ -127.197314, 50.640381 ], [ -126.700928, 50.515527 ], [ -126.203857, 50.453857 ], [ -125.83916, 50.380811 ], [ -125.615234, 50.358545 ], [ -125.534326, 50.34248 ], [ -125.48208, 50.316797 ], [ -125.420459, 50.254639 ], [ -125.313965, 50.106689 ], [ -125.233203, 50.012207 ], [ -125.066406, 49.848193 ], [ -124.934668, 49.731641 ], [ -124.904639, 49.685352 ], [ -124.932422, 49.670459 ], [ -124.930664, 49.643164 ], [ -124.830615, 49.530078 ], [ -124.642871, 49.428662 ], [ -124.495947, 49.380273 ], [ -124.185889, 49.300586 ], [ -123.995801, 49.224023 ], [ -123.937158, 49.170801 ], [ -123.854492, 49.119189 ], [ -123.82002, 49.083496 ], [ -123.752295, 48.951221 ], [ -123.626563, 48.824023 ], [ -123.497021, 48.58208 ], [ -123.472852, 48.602295 ], [ -123.457959, 48.674414 ], [ -123.443066, 48.690479 ], [ -123.415479, 48.698193 ], [ -123.389893, 48.670215 ], [ -123.366309, 48.606445 ], [ -123.283789, 48.455176 ], [ -123.310645, 48.411035 ], [ -123.334521, 48.406494 ], [ -123.445898, 48.427246 ], [ -123.48457, 48.400098 ], [ -123.536475, 48.344971 ], [ -123.573145, 48.322803 ], [ -123.594629, 48.333545 ], [ -123.916943, 48.386572 ], [ -124.115234, 48.436426 ], [ -124.376221, 48.515234 ], [ -124.689404, 48.597314 ], [ -124.868262, 48.653613 ], [ -125.017236, 48.711475 ], [ -125.120703, 48.760791 ], [ -125.140283, 48.802637 ], [ -125.135693, 48.822412 ], [ -124.934766, 48.956348 ], [ -124.849658, 49.028271 ], [ -124.817041, 49.083301 ], [ -124.800244, 49.141553 ], [ -124.812646, 49.212646 ], [ -124.820752, 49.207129 ], [ -124.838721, 49.139062 ], [ -124.868311, 49.078516 ], [ -124.904443, 49.031006 ], [ -124.927344, 49.014209 ], [ -125.168213, 48.991016 ], [ -125.362744, 48.998242 ], [ -125.460303, 48.941064 ], [ -125.489453, 48.933789 ], [ -125.543115, 48.952832 ], [ -125.660498, 49.02915 ], [ -125.828516, 49.091846 ], [ -125.811963, 49.107227 ], [ -125.702295, 49.139209 ], [ -125.644238, 49.185791 ], [ -125.654639, 49.193213 ], [ -125.693701, 49.190381 ], [ -125.728027, 49.199854 ], [ -125.796387, 49.260205 ], [ -125.835449, 49.27666 ], [ -125.918359, 49.249512 ], [ -125.95166, 49.248047 ], [ -125.983838, 49.287891 ], [ -125.937695, 49.379785 ], [ -125.9354, 49.401465 ], [ -126.020312, 49.368018 ], [ -126.04834, 49.379004 ], [ -126.074902, 49.408789 ], [ -126.099854, 49.421289 ], [ -126.168848, 49.415186 ], [ -126.243604, 49.442676 ], [ -126.269727, 49.431885 ], [ -126.279639, 49.392187 ], [ -126.304492, 49.382031 ], [ -126.418604, 49.449023 ], [ -126.444531, 49.451123 ], [ -126.499854, 49.399951 ], [ -126.519141, 49.396777 ], [ -126.548535, 49.418945 ], [ -126.563721, 49.543262 ], [ -126.557471, 49.578613 ], [ -126.541895, 49.590479 ], [ -126.442773, 49.619287 ], [ -126.157813, 49.650146 ], [ -126.134082, 49.672314 ], [ -126.347559, 49.66084 ], [ -126.403174, 49.677734 ], [ -126.462793, 49.720215 ], [ -126.525244, 49.71958 ], [ -126.558252, 49.733398 ], [ -126.592871, 49.764111 ], [ -126.683105, 49.876465 ], [ -126.744629, 49.904932 ], [ -126.849365, 49.922803 ], [ -126.90332, 49.944141 ], [ -126.926074, 49.934717 ], [ -126.947949, 49.902686 ], [ -126.9771, 49.882812 ], [ -127.04873, 49.871533 ], [ -127.114307, 49.879736 ], [ -127.165527, 49.910449 ], [ -127.195898, 49.94917 ], [ -127.20752, 49.992432 ], [ -127.179102, 50.050293 ], [ -127.179639, 50.073145 ], [ -127.192334, 50.099902 ], [ -127.215674, 50.121484 ], [ -127.249805, 50.137988 ], [ -127.268408, 50.129346 ], [ -127.271533, 50.095557 ], [ -127.290039, 50.07085 ], [ -127.349414, 50.051953 ], [ -127.3979, 50.08501 ], [ -127.429785, 50.130859 ], [ -127.467139, 50.163428 ], [ -127.674854, 50.16333 ], [ -127.770459, 50.121143 ], [ -127.816309, 50.117725 ], [ -127.863916, 50.127734 ], [ -127.872998, 50.150098 ], [ -127.828174, 50.211426 ], [ -127.83916, 50.293213 ], [ -127.85083, 50.313721 ], [ -127.94668, 50.326221 ], [ -127.962939, 50.345996 ], [ -127.905859, 50.445215 ], [ -127.874023, 50.463965 ], [ -127.831543, 50.471045 ], [ -127.641406, 50.479102 ], [ -127.578125, 50.464941 ], [ -127.486523, 50.404639 ], [ -127.489355, 50.427344 ], [ -127.524023, 50.495752 ], [ -127.529004, 50.536768 ], [ -127.465918, 50.583105 ], [ -127.526221, 50.59668 ], [ -127.751465, 50.607373 ], [ -127.749707, 50.577734 ], [ -127.731152, 50.535742 ], [ -127.864697, 50.498877 ], [ -127.963672, 50.492627 ], [ -128.05835, 50.498486 ], [ -128.135645, 50.520557 ], [ -128.267432, 50.609277 ], [ -128.349902, 50.696582 ], [ -128.346045, 50.744238 ], [ -128.30083, 50.794141 ], [ -128.241553, 50.828174 ], [ -128.101318, 50.857764 ], [ -127.918066, 50.860547 ], [ -127.713037, 50.820752 ], [ -127.197314, 50.640381 ] ] ], [ [ [ -130.025098, 55.888232 ], [ -130.014062, 55.950537 ], [ -130.0229, 56.014502 ], [ -130.055957, 56.065234 ], [ -130.097852, 56.109277 ], [ -130.214697, 56.082812 ], [ -130.413135, 56.12251 ], [ -130.4771, 56.230566 ], [ -130.649072, 56.263672 ], [ -130.741699, 56.34082 ], [ -130.930225, 56.378613 ], [ -131.08291, 56.404834 ], [ -131.199414, 56.449219 ], [ -131.335791, 56.501221 ], [ -131.471875, 56.556738 ], [ -131.575098, 56.598828 ], [ -131.651514, 56.596094 ], [ -131.824268, 56.58999 ], [ -131.833105, 56.684814 ], [ -131.885986, 56.742139 ], [ -131.866162, 56.792822 ], [ -131.9625, 56.818701 ], [ -132.104297, 56.856787 ], [ -132.062891, 56.953369 ], [ -132.031543, 57.026562 ], [ -132.157031, 57.048193 ], [ -132.337988, 57.079443 ], [ -132.279395, 57.145361 ], [ -132.232178, 57.198535 ], [ -132.30166, 57.276318 ], [ -132.44248, 57.406738 ], [ -132.550488, 57.499902 ], [ -132.691504, 57.645117 ], [ -132.815527, 57.772705 ], [ -132.916846, 57.877002 ], [ -133.001416, 57.948975 ], [ -133.12041, 58.077734 ], [ -133.275293, 58.222852 ], [ -133.422559, 58.337061 ], [ -133.401123, 58.410889 ], [ -133.546387, 58.503467 ], [ -133.673926, 58.597168 ], [ -133.820752, 58.705029 ], [ -133.965723, 58.757861 ], [ -134.069189, 58.795508 ], [ -134.218506, 58.849902 ], [ -134.296973, 58.898486 ], [ -134.329639, 58.939697 ], [ -134.363525, 58.96875 ], [ -134.393066, 59.00918 ], [ -134.410205, 59.05625 ], [ -134.440771, 59.085352 ], [ -134.621973, 59.155322 ], [ -134.677246, 59.199268 ], [ -134.802393, 59.25 ], [ -134.907227, 59.271191 ], [ -134.94375, 59.288281 ], [ -135.071289, 59.441455 ], [ -135.05083, 59.496045 ], [ -135.03667, 59.550684 ], [ -135.051025, 59.578662 ], [ -135.260791, 59.69502 ], [ -135.367871, 59.743311 ], [ -135.475928, 59.793262 ], [ -135.702588, 59.72876 ], [ -135.934668, 59.662646 ], [ -136.097168, 59.638379 ], [ -136.321826, 59.604834 ], [ -136.247119, 59.53291 ], [ -136.277979, 59.480322 ], [ -136.347852, 59.456055 ], [ -136.466357, 59.459082 ], [ -136.466748, 59.279932 ], [ -136.57876, 59.152246 ], [ -136.813281, 59.150049 ], [ -136.939307, 59.106104 ], [ -137.126221, 59.040967 ], [ -137.277539, 58.988184 ], [ -137.438574, 58.903125 ], [ -137.520898, 58.915381 ], [ -137.48418, 58.991211 ], [ -137.543701, 59.119434 ], [ -137.593311, 59.22627 ], [ -137.696631, 59.281152 ], [ -137.870557, 59.373584 ], [ -138.001123, 59.44292 ], [ -138.187451, 59.541943 ], [ -138.317627, 59.611133 ], [ -138.453613, 59.683398 ], [ -138.632275, 59.778271 ], [ -138.705469, 59.901318 ], [ -138.86875, 59.945752 ], [ -139.043457, 59.993262 ], [ -139.185156, 60.083594 ], [ -139.136963, 60.172705 ], [ -139.079248, 60.279443 ], [ -139.079248, 60.343701 ], [ -139.234766, 60.339746 ], [ -139.467969, 60.333691 ], [ -139.676318, 60.32832 ], [ -139.830664, 60.252881 ], [ -139.973291, 60.183154 ], [ -140.196924, 60.2375 ], [ -140.452832, 60.299707 ], [ -140.525439, 60.218359 ], [ -140.762744, 60.259131 ], [ -141.002148, 60.300244 ], [ -141.002148, 60.592432 ], [ -141.002148, 60.884668 ], [ -141.002148, 61.176855 ], [ -141.002148, 61.469043 ], [ -141.002148, 61.761279 ], [ -141.002148, 62.053467 ], [ -141.002148, 62.345703 ], [ -141.002148, 62.637891 ], [ -141.002148, 62.930078 ], [ -141.002148, 63.222266 ], [ -141.002148, 63.514453 ], [ -141.002148, 63.806689 ], [ -141.002148, 64.098877 ], [ -141.002148, 64.391113 ], [ -141.002148, 64.683301 ], [ -141.002148, 64.975537 ], [ -141.002148, 65.267725 ], [ -141.002148, 65.559912 ], [ -141.002148, 65.852148 ], [ -141.002148, 66.144336 ], [ -141.002148, 66.436523 ], [ -141.002148, 66.72876 ], [ -141.002148, 67.020947 ], [ -141.002148, 67.313135 ], [ -141.002148, 67.605371 ], [ -141.002148, 67.897559 ], [ -141.002148, 68.189746 ], [ -141.002148, 68.481982 ], [ -141.002148, 68.77417 ], [ -141.002148, 69.066357 ], [ -141.002148, 69.358594 ], [ -141.002148, 69.650781 ], [ -140.86001, 69.635254 ], [ -140.405127, 69.60249 ], [ -139.976611, 69.621729 ], [ -139.181543, 69.515527 ], [ -138.689893, 69.316797 ], [ -138.291016, 69.219043 ], [ -138.128369, 69.151953 ], [ -137.869434, 69.092822 ], [ -137.259961, 68.964111 ], [ -137.07041, 68.950879 ], [ -136.717334, 68.88916 ], [ -136.498682, 68.897314 ], [ -136.122363, 68.882227 ], [ -135.86665, 68.832617 ], [ -135.362158, 68.696436 ], [ -135.258838, 68.684326 ], [ -135.231201, 68.694287 ], [ -135.406934, 68.828955 ], [ -135.43457, 68.841992 ], [ -135.637988, 68.892236 ], [ -135.876318, 68.916992 ], [ -135.894727, 68.926709 ], [ -135.939014, 68.97417 ], [ -135.924756, 68.992627 ], [ -135.872852, 69.001025 ], [ -135.695215, 69.000635 ], [ -135.58999, 69.008252 ], [ -135.575537, 69.026953 ], [ -135.65127, 69.031299 ], [ -135.742627, 69.049414 ], [ -135.849707, 69.081396 ], [ -135.910205, 69.111475 ], [ -135.691455, 69.311182 ], [ -135.614941, 69.291016 ], [ -135.499561, 69.337158 ], [ -135.292822, 69.307861 ], [ -135.25498, 69.323828 ], [ -135.229785, 69.425195 ], [ -135.199023, 69.449609 ], [ -135.14082, 69.467822 ], [ -134.852881, 69.485889 ], [ -134.493848, 69.46792 ], [ -134.456836, 69.477637 ], [ -134.491211, 69.545313 ], [ -134.495361, 69.571924 ], [ -134.473682, 69.632812 ], [ -134.451465, 69.665479 ], [ -134.408936, 69.681787 ], [ -134.242041, 69.668848 ], [ -134.189893, 69.638818 ], [ -134.134033, 69.587256 ], [ -134.07749, 69.557861 ], [ -133.899951, 69.528223 ], [ -133.879785, 69.507715 ], [ -133.947461, 69.429492 ], [ -134.018408, 69.388477 ], [ -134.165039, 69.280566 ], [ -134.174316, 69.252832 ], [ -133.948047, 69.301318 ], [ -133.694043, 69.368408 ], [ -133.475928, 69.405371 ], [ -133.293652, 69.412158 ], [ -133.163135, 69.433887 ], [ -133.084424, 69.470654 ], [ -133.028271, 69.508252 ], [ -132.915332, 69.629639 ], [ -132.840332, 69.650684 ], [ -132.526807, 69.643262 ], [ -132.452344, 69.646924 ], [ -132.403906, 69.65874 ], [ -132.412744, 69.674072 ], [ -132.478955, 69.692871 ], [ -132.568359, 69.698145 ], [ -132.570605, 69.706689 ], [ -132.537549, 69.726563 ], [ -132.488477, 69.738086 ], [ -132.333984, 69.751807 ], [ -132.232422, 69.708154 ], [ -132.163428, 69.70498 ], [ -131.934131, 69.753467 ], [ -131.581836, 69.882129 ], [ -131.440918, 69.91792 ], [ -131.318945, 69.92417 ], [ -131.215869, 69.900781 ], [ -131.136377, 69.906885 ], [ -131.031836, 69.979492 ], [ -130.990625, 70.018115 ], [ -130.926172, 70.051611 ], [ -130.665479, 70.127051 ], [ -130.498437, 70.143164 ], [ -130.396387, 70.129248 ], [ -130.274951, 70.097998 ], [ -130.174951, 70.085889 ], [ -130.043311, 70.095068 ], [ -129.944971, 70.090918 ], [ -129.898047, 70.106152 ], [ -129.730078, 70.19209 ], [ -129.675635, 70.192969 ], [ -129.622998, 70.167627 ], [ -129.538428, 70.105176 ], [ -129.538184, 70.073926 ], [ -129.648291, 69.997754 ], [ -130.458838, 69.77998 ], [ -130.708545, 69.685986 ], [ -130.83208, 69.651465 ], [ -130.960107, 69.632031 ], [ -131.207959, 69.615771 ], [ -131.306348, 69.596631 ], [ -131.472949, 69.579492 ], [ -131.862793, 69.549365 ], [ -131.937793, 69.534717 ], [ -131.98877, 69.517627 ], [ -132.12876, 69.402344 ], [ -132.196826, 69.364697 ], [ -132.330762, 69.307959 ], [ -132.481201, 69.273145 ], [ -132.686719, 69.259863 ], [ -132.81748, 69.205762 ], [ -132.967969, 69.101416 ], [ -133.089453, 69.02876 ], [ -133.228223, 68.967139 ], [ -133.378955, 68.88667 ], [ -133.418311, 68.844287 ], [ -133.373389, 68.788477 ], [ -133.348389, 68.769873 ], [ -133.196826, 68.739844 ], [ -133.138037, 68.746582 ], [ -133.192187, 68.776514 ], [ -133.319531, 68.819727 ], [ -133.33667, 68.835254 ], [ -133.304004, 68.847412 ], [ -132.706006, 68.814893 ], [ -132.577637, 68.847803 ], [ -132.532666, 68.875635 ], [ -132.542236, 68.889941 ], [ -132.704346, 68.895898 ], [ -132.739111, 68.922461 ], [ -132.764697, 68.972461 ], [ -132.770117, 69.012158 ], [ -132.755469, 69.041602 ], [ -132.718945, 69.079199 ], [ -132.545166, 69.140625 ], [ -132.358057, 69.166943 ], [ -132.213965, 69.20166 ], [ -132.134375, 69.234473 ], [ -131.919629, 69.290527 ], [ -131.833398, 69.335986 ], [ -131.786914, 69.371289 ], [ -131.781055, 69.388867 ], [ -131.820166, 69.401611 ], [ -131.788379, 69.431982 ], [ -131.631787, 69.459082 ], [ -131.562939, 69.461377 ], [ -131.34292, 69.4354 ], [ -131.303027, 69.415088 ], [ -131.324707, 69.361182 ], [ -131.293896, 69.363721 ], [ -131.209033, 69.432178 ], [ -131.161719, 69.45498 ], [ -131.112842, 69.459473 ], [ -131.063428, 69.450684 ], [ -131.013428, 69.428711 ], [ -130.986279, 69.362891 ], [ -130.981982, 69.253271 ], [ -130.970654, 69.209082 ], [ -130.914307, 69.284863 ], [ -130.875049, 69.32002 ], [ -130.660693, 69.481299 ], [ -130.515967, 69.569678 ], [ -130.353613, 69.655811 ], [ -130.117627, 69.720068 ], [ -129.572119, 69.826709 ], [ -129.264844, 69.85542 ], [ -129.109131, 69.881934 ], [ -129.03291, 69.90498 ], [ -128.984326, 69.933447 ], [ -128.898926, 69.966162 ], [ -128.883691, 69.963477 ], [ -128.916797, 69.894873 ], [ -128.938623, 69.875 ], [ -129.13833, 69.83252 ], [ -129.15791, 69.800098 ], [ -129.13623, 69.750049 ], [ -129.101709, 69.717041 ], [ -129.054346, 69.701074 ], [ -128.971436, 69.712402 ], [ -128.853027, 69.751025 ], [ -128.705518, 69.810156 ], [ -128.386719, 69.960156 ], [ -128.35918, 69.987598 ], [ -128.278613, 70.108105 ], [ -128.09585, 70.161328 ], [ -127.764941, 70.221875 ], [ -127.683789, 70.260352 ], [ -127.974023, 70.29292 ], [ -128.03418, 70.315332 ], [ -128.043652, 70.32876 ], [ -127.988916, 70.363135 ], [ -128.121484, 70.397363 ], [ -128.170117, 70.418457 ], [ -128.168066, 70.479785 ], [ -128.127295, 70.523828 ], [ -128.040479, 70.566406 ], [ -127.991016, 70.573828 ], [ -127.861621, 70.549072 ], [ -127.752832, 70.517139 ], [ -127.376855, 70.36875 ], [ -127.225977, 70.296143 ], [ -127.138477, 70.239355 ], [ -126.926807, 70.061719 ], [ -126.833496, 69.959082 ], [ -126.758691, 69.853369 ], [ -126.684912, 69.7771 ], [ -126.612158, 69.730322 ], [ -126.250439, 69.545264 ], [ -126.063818, 69.46709 ], [ -125.907422, 69.418555 ], [ -125.727783, 69.37998 ], [ -125.524951, 69.351563 ], [ -125.386768, 69.349219 ], [ -125.171875, 69.427979 ], [ -125.166846, 69.479785 ], [ -125.261572, 69.566162 ], [ -125.356934, 69.625977 ], [ -125.345508, 69.662451 ], [ -125.219385, 69.732373 ], [ -125.227881, 69.756738 ], [ -125.201172, 69.828809 ], [ -125.114014, 69.815039 ], [ -125.07959, 69.817822 ], [ -125.031006, 69.844287 ], [ -124.968262, 69.894385 ], [ -124.88916, 69.935791 ], [ -124.793652, 69.968506 ], [ -124.76792, 69.990039 ], [ -124.862598, 70.005518 ], [ -124.92002, 70.005566 ], [ -124.962598, 70.012598 ], [ -124.990381, 70.026611 ], [ -124.952441, 70.041748 ], [ -124.745117, 70.080176 ], [ -124.706348, 70.116992 ], [ -124.639941, 70.141455 ], [ -124.555029, 70.151221 ], [ -124.502588, 70.141113 ], [ -124.444482, 70.110596 ], [ -124.441504, 70.061914 ], [ -124.467187, 69.982568 ], [ -124.471924, 69.918506 ], [ -124.406934, 69.767432 ], [ -124.349365, 69.734521 ], [ -124.124609, 69.68999 ], [ -124.138477, 69.653174 ], [ -124.398389, 69.493848 ], [ -124.453906, 69.454834 ], [ -124.481348, 69.425146 ], [ -124.47207, 69.400049 ], [ -124.426172, 69.379443 ], [ -124.338086, 69.364844 ], [ -124.111719, 69.358887 ], [ -124.049658, 69.372852 ], [ -123.609131, 69.377441 ], [ -123.528418, 69.389355 ], [ -123.460449, 69.42002 ], [ -123.361475, 69.496631 ], [ -123.248975, 69.52002 ], [ -123.213672, 69.541504 ], [ -123.144482, 69.632471 ], [ -123.1104, 69.738135 ], [ -123.076611, 69.782471 ], [ -123.025781, 69.81001 ], [ -122.956689, 69.818848 ], [ -122.7854, 69.808447 ], [ -122.704883, 69.817383 ], [ -122.3875, 69.808447 ], [ -122.070068, 69.816162 ], [ -121.741846, 69.79751 ], [ -121.531104, 69.775781 ], [ -121.33623, 69.741553 ], [ -120.962451, 69.6604 ], [ -120.814648, 69.616846 ], [ -120.292529, 69.420557 ], [ -120.13999, 69.380566 ], [ -119.852832, 69.342334 ], [ -118.868701, 69.257178 ], [ -118.744873, 69.234277 ], [ -118.485596, 69.144873 ], [ -118.306982, 69.092725 ], [ -118.095215, 69.04292 ], [ -117.830322, 68.999902 ], [ -117.311279, 68.934912 ], [ -117.226953, 68.913428 ], [ -117.131738, 68.907129 ], [ -117.025732, 68.915967 ], [ -116.549951, 68.878809 ], [ -116.424561, 68.880615 ], [ -116.334082, 68.873633 ], [ -116.222705, 68.846826 ], [ -116.059473, 68.837012 ], [ -116.065234, 68.85542 ], [ -116.251611, 68.95791 ], [ -116.243408, 68.974072 ], [ -116.166748, 68.975342 ], [ -115.936084, 68.958105 ], [ -115.883252, 68.987305 ], [ -115.806348, 68.986621 ], [ -115.631152, 68.972559 ], [ -115.442285, 68.940918 ], [ -115.239844, 68.891846 ], [ -114.99375, 68.850049 ], [ -114.620166, 68.746094 ], [ -114.413867, 68.65957 ], [ -114.218164, 68.552051 ], [ -114.11084, 68.477344 ], [ -114.092041, 68.4354 ], [ -114.051123, 68.414648 ], [ -113.988184, 68.41499 ], [ -113.964404, 68.399072 ], [ -114.020801, 68.306494 ], [ -114.053223, 68.283398 ], [ -114.095947, 68.266797 ], [ -114.274756, 68.247852 ], [ -114.765283, 68.270215 ], [ -114.852197, 68.195264 ], [ -115.127051, 68.132031 ], [ -115.175928, 68.104395 ], [ -115.186768, 68.08418 ], [ -115.16709, 68.018555 ], [ -115.201855, 67.998438 ], [ -115.426855, 67.923535 ], [ -115.434473, 67.902344 ], [ -115.288477, 67.87168 ], [ -115.133203, 67.819189 ], [ -115.011182, 67.806396 ], [ -114.856738, 67.813574 ], [ -114.662891, 67.795215 ], [ -114.429395, 67.751221 ], [ -114.267041, 67.731152 ], [ -114.175732, 67.73501 ], [ -114.051074, 67.726904 ], [ -113.893213, 67.706885 ], [ -113.681934, 67.699951 ], [ -113.21499, 67.701758 ], [ -113.074951, 67.68667 ], [ -112.879443, 67.679883 ], [ -112.503027, 67.681934 ], [ -112.435156, 67.684766 ], [ -112.314551, 67.71958 ], [ -112.236719, 67.731104 ], [ -112.101318, 67.731738 ], [ -111.710889, 67.757324 ], [ -111.575732, 67.756836 ], [ -111.450684, 67.776172 ], [ -111.29082, 67.815234 ], [ -111.192187, 67.822559 ], [ -111.154785, 67.798242 ], [ -111.087402, 67.787646 ], [ -110.990039, 67.79082 ], [ -110.804883, 67.832324 ], [ -110.371973, 67.954199 ], [ -110.21626, 67.954004 ], [ -110.101953, 67.992236 ], [ -110.073926, 67.99292 ], [ -110.04248, 67.977197 ], [ -109.936523, 67.887891 ], [ -109.904248, 67.873535 ], [ -109.831348, 67.86582 ], [ -109.760156, 67.820117 ], [ -109.686035, 67.751758 ], [ -109.630371, 67.732715 ], [ -109.224316, 67.729785 ], [ -109.08125, 67.710742 ], [ -109.038037, 67.691162 ], [ -108.994482, 67.637109 ], [ -108.967676, 67.532373 ], [ -108.949902, 67.493945 ], [ -108.890967, 67.438086 ], [ -108.852002, 67.421973 ], [ -108.815186, 67.4375 ], [ -108.715137, 67.582812 ], [ -108.680225, 67.606201 ], [ -108.61333, 67.598047 ], [ -108.59292, 67.590869 ], [ -108.491504, 67.483301 ], [ -108.346973, 67.403418 ], [ -107.988721, 67.256396 ], [ -107.930518, 67.20249 ], [ -107.90918, 67.162549 ], [ -107.929443, 67.126807 ], [ -107.991309, 67.095166 ], [ -108.088428, 67.069775 ], [ -108.220801, 67.050586 ], [ -108.344336, 67.05752 ], [ -108.459082, 67.09043 ], [ -108.496045, 67.092285 ], [ -108.455273, 67.062988 ], [ -108.218164, 66.94126 ], [ -108.157666, 66.892627 ], [ -108.101465, 66.860352 ], [ -108.049609, 66.844336 ], [ -108.001758, 66.818018 ], [ -107.957959, 66.781299 ], [ -107.760937, 66.683691 ], [ -107.704883, 66.637109 ], [ -107.480322, 66.491797 ], [ -107.373682, 66.434668 ], [ -107.291357, 66.401807 ], [ -107.259473, 66.398535 ], [ -107.278076, 66.424902 ], [ -107.564453, 66.618506 ], [ -107.710352, 66.740039 ], [ -107.730859, 66.769189 ], [ -107.740234, 66.81377 ], [ -107.745996, 66.961475 ], [ -107.725098, 66.984131 ], [ -107.626172, 67.003125 ], [ -107.499219, 66.936182 ], [ -107.45127, 66.926758 ], [ -107.418848, 66.930713 ], [ -107.4021, 66.947998 ], [ -107.329199, 66.931982 ], [ -107.200195, 66.882568 ], [ -107.156494, 66.881738 ], [ -107.25376, 66.976367 ], [ -107.32334, 67.022559 ], [ -107.347852, 67.054785 ], [ -107.283154, 67.103271 ], [ -107.318457, 67.127783 ], [ -107.482373, 67.199121 ], [ -107.56748, 67.273047 ], [ -107.644043, 67.384766 ], [ -107.650928, 67.428223 ], [ -107.638379, 67.474219 ], [ -107.649902, 67.511279 ], [ -107.753027, 67.586865 ], [ -107.865088, 67.639209 ], [ -107.954053, 67.7 ], [ -107.972119, 67.732031 ], [ -107.958398, 67.818604 ], [ -107.890918, 67.856348 ], [ -107.763086, 67.906836 ], [ -107.728613, 67.958838 ], [ -107.787451, 68.0125 ], [ -107.798291, 68.036914 ], [ -107.761035, 68.032178 ], [ -107.509375, 68.059131 ], [ -107.446191, 68.049658 ], [ -107.351123, 68.061182 ], [ -107.224121, 68.093799 ], [ -107.124805, 68.108447 ], [ -106.993652, 68.106299 ], [ -106.922559, 68.11416 ], [ -106.835645, 68.128613 ], [ -106.790723, 68.144824 ], [ -106.710986, 68.206787 ], [ -106.668408, 68.216016 ], [ -106.534863, 68.209277 ], [ -106.459473, 68.195654 ], [ -106.424268, 68.200586 ], [ -106.429492, 68.288477 ], [ -106.404395, 68.319336 ], [ -106.27124, 68.383203 ], [ -106.132129, 68.389893 ], [ -106.039307, 68.407324 ], [ -105.933057, 68.443115 ], [ -105.856934, 68.475146 ], [ -105.781201, 68.526563 ], [ -105.750195, 68.592285 ], [ -105.774316, 68.611133 ], [ -105.932227, 68.636523 ], [ -106.027148, 68.62334 ], [ -106.237305, 68.576563 ], [ -106.458057, 68.516455 ], [ -106.543311, 68.460596 ], [ -106.56665, 68.388965 ], [ -106.608496, 68.357373 ], [ -106.78042, 68.387305 ], [ -106.853711, 68.386816 ], [ -106.945801, 68.374365 ], [ -107.043311, 68.346826 ], [ -107.146191, 68.304199 ], [ -107.298145, 68.296436 ], [ -107.499121, 68.323535 ], [ -107.619336, 68.331055 ], [ -107.741504, 68.285742 ], [ -107.734229, 68.252051 ], [ -107.677637, 68.20293 ], [ -107.73418, 68.17373 ], [ -108.027197, 68.162939 ], [ -108.10459, 68.169287 ], [ -108.261035, 68.149902 ], [ -108.322803, 68.154102 ], [ -108.36792, 68.177539 ], [ -108.686572, 68.277344 ], [ -108.718115, 68.297461 ], [ -108.640918, 68.378516 ], [ -108.345752, 68.597803 ], [ -108.313477, 68.610791 ], [ -107.766357, 68.648926 ], [ -107.435938, 68.688867 ], [ -106.830664, 68.809473 ], [ -106.713477, 68.819482 ], [ -106.324268, 68.899463 ], [ -106.164453, 68.919873 ], [ -106.015674, 68.906055 ], [ -105.797949, 68.864795 ], [ -105.685596, 68.828174 ], [ -105.606055, 68.782422 ], [ -105.539844, 68.718652 ], [ -105.456934, 68.578076 ], [ -105.428613, 68.458252 ], [ -105.377441, 68.413818 ], [ -105.194971, 68.330371 ], [ -105.101318, 68.297998 ], [ -105.043604, 68.287891 ], [ -104.993799, 68.307422 ], [ -104.959814, 68.310547 ], [ -104.936719, 68.303027 ], [ -104.911963, 68.250488 ], [ -104.879443, 68.245264 ], [ -104.769629, 68.251758 ], [ -104.653174, 68.230078 ], [ -104.636377, 68.213916 ], [ -104.661133, 68.148779 ], [ -104.628174, 68.121484 ], [ -104.486816, 68.063184 ], [ -104.350732, 68.041211 ], [ -104.193555, 68.031201 ], [ -103.901563, 68.041064 ], [ -103.657227, 68.069092 ], [ -103.474121, 68.115039 ], [ -103.323242, 68.063818 ], [ -103.021777, 67.940234 ], [ -102.841553, 67.852734 ], [ -102.691992, 67.811572 ], [ -102.389111, 67.762207 ], [ -102.320361, 67.735645 ], [ -102.209766, 67.732715 ], [ -102.057227, 67.75332 ], [ -101.883643, 67.745313 ], [ -101.688867, 67.708643 ], [ -101.55498, 67.693164 ], [ -101.096387, 67.762354 ], [ -101.026416, 67.765674 ], [ -100.855615, 67.798975 ], [ -100.745605, 67.809082 ], [ -100.616113, 67.808252 ], [ -100.519629, 67.818408 ], [ -100.456104, 67.839453 ], [ -100.212939, 67.838574 ], [ -99.772949, 67.814844 ], [ -99.472266, 67.784082 ], [ -99.293555, 67.745313 ], [ -99.146875, 67.723633 ], [ -99.032178, 67.718848 ], [ -98.920459, 67.725781 ], [ -98.811719, 67.744434 ], [ -98.697266, 67.779736 ], [ -98.452783, 67.7979 ], [ -98.412109, 67.807178 ], [ -98.417139, 67.826465 ], [ -98.467822, 67.855811 ], [ -98.606494, 67.911426 ], [ -98.703564, 67.965723 ], [ -98.722217, 68.000195 ], [ -98.720068, 68.041992 ], [ -98.689844, 68.066113 ], [ -98.631543, 68.072559 ], [ -98.539844, 68.046631 ], [ -98.414795, 67.988428 ], [ -98.062549, 67.769678 ], [ -97.977637, 67.738623 ], [ -97.930762, 67.710791 ], [ -97.607422, 67.631055 ], [ -97.454932, 67.616992 ], [ -97.274268, 67.66626 ], [ -97.194434, 67.696924 ], [ -97.15542, 67.726416 ], [ -97.157178, 67.754834 ], [ -97.139844, 67.79624 ], [ -97.158057, 67.821924 ], [ -97.206543, 67.855078 ], [ -97.336133, 67.901367 ], [ -97.546631, 67.960742 ], [ -97.739111, 67.978174 ], [ -97.91333, 67.953564 ], [ -98.110498, 67.903027 ], [ -98.192529, 67.922998 ], [ -98.438379, 68.064697 ], [ -98.500293, 68.117676 ], [ -98.500244, 68.132275 ], [ -98.386084, 68.115332 ], [ -98.380859, 68.132471 ], [ -98.44917, 68.200781 ], [ -98.49126, 68.223633 ], [ -98.633008, 68.331152 ], [ -98.650488, 68.363525 ], [ -98.562256, 68.37085 ], [ -98.522217, 68.383398 ], [ -98.468555, 68.382129 ], [ -98.218555, 68.317432 ], [ -98.090527, 68.346338 ], [ -97.794238, 68.387598 ], [ -97.911035, 68.449512 ], [ -97.938867, 68.510449 ], [ -97.925098, 68.523682 ], [ -97.828564, 68.532764 ], [ -97.639551, 68.481982 ], [ -97.548047, 68.474951 ], [ -97.481104, 68.495166 ], [ -97.410352, 68.496533 ], [ -97.335791, 68.47915 ], [ -97.265918, 68.45293 ], [ -97.135986, 68.377979 ], [ -97.071777, 68.332861 ], [ -96.999561, 68.264941 ], [ -96.976709, 68.25542 ], [ -96.628174, 68.250293 ], [ -96.430664, 68.310596 ], [ -96.434961, 68.290088 ], [ -96.480225, 68.242822 ], [ -96.725146, 68.06123 ], [ -96.72207, 68.03877 ], [ -96.592188, 68.048437 ], [ -96.531299, 68.063135 ], [ -96.493701, 68.084961 ], [ -96.461182, 68.13584 ], [ -96.439355, 68.150879 ], [ -96.075586, 68.236523 ], [ -95.970312, 68.249121 ], [ -96.036035, 68.157764 ], [ -96.171338, 67.831689 ], [ -96.198828, 67.717822 ], [ -96.228467, 67.679199 ], [ -96.371387, 67.553857 ], [ -96.369141, 67.509766 ], [ -96.212842, 67.404297 ], [ -96.18501, 67.375586 ], [ -96.169238, 67.288965 ], [ -96.141455, 67.271826 ], [ -96.012598, 67.270898 ], [ -95.879102, 67.298486 ], [ -95.719922, 67.316797 ], [ -95.695166, 67.29873 ], [ -95.78252, 67.193799 ], [ -95.777686, 67.184619 ], [ -95.626416, 67.211572 ], [ -95.557031, 67.215283 ], [ -95.528711, 67.20918 ], [ -95.415918, 67.155566 ], [ -95.40459, 67.115576 ], [ -95.406982, 67.056104 ], [ -95.418896, 67.013232 ], [ -95.456982, 66.989453 ], [ -95.502246, 66.979883 ], [ -95.559375, 66.972754 ], [ -95.610645, 66.975684 ], [ -95.768652, 66.966699 ], [ -95.861816, 66.978174 ], [ -95.954053, 67.010889 ], [ -96.019531, 67.01875 ], [ -96.095459, 66.993555 ], [ -96.215576, 66.997705 ], [ -96.350439, 67.07002 ], [ -96.404248, 67.063232 ], [ -96.422559, 67.051758 ], [ -96.420264, 67.036182 ], [ -96.359521, 66.989404 ], [ -95.885303, 66.741357 ], [ -95.813281, 66.690137 ], [ -95.797363, 66.616553 ], [ -95.787549, 66.616797 ], [ -95.743164, 66.69043 ], [ -95.772119, 66.726074 ], [ -96.016113, 66.870459 ], [ -96.045361, 66.923145 ], [ -96.036865, 66.9375 ], [ -95.972363, 66.952246 ], [ -95.625049, 66.91626 ], [ -95.490381, 66.924121 ], [ -95.399658, 66.949463 ], [ -95.354102, 66.980713 ], [ -95.321094, 67.15249 ], [ -95.25874, 67.262549 ], [ -95.295605, 67.361035 ], [ -95.389551, 67.517822 ], [ -95.463379, 67.610205 ], [ -95.633691, 67.703857 ], [ -95.650488, 67.737451 ], [ -95.460693, 68.021387 ], [ -95.426514, 68.045264 ], [ -95.384082, 68.055566 ], [ -95.234717, 68.059717 ], [ -95.125879, 68.083301 ], [ -94.955225, 68.050293 ], [ -94.861035, 68.04165 ], [ -94.744434, 68.070898 ], [ -94.485303, 68.190088 ], [ -94.383838, 68.227002 ], [ -94.254785, 68.296826 ], [ -94.098145, 68.399414 ], [ -93.927734, 68.473828 ], [ -93.651709, 68.543115 ], [ -93.483008, 68.598877 ], [ -93.448926, 68.618896 ], [ -93.605811, 68.623682 ], [ -93.643945, 68.633105 ], [ -93.676172, 68.685986 ], [ -93.659863, 68.78374 ], [ -93.662793, 68.838184 ], [ -93.681445, 68.887256 ], [ -93.715771, 68.931055 ], [ -93.765723, 68.96958 ], [ -93.811328, 68.992676 ], [ -93.852441, 69.000342 ], [ -93.880713, 68.996826 ], [ -93.896094, 68.982178 ], [ -93.938086, 68.889063 ], [ -93.991553, 68.820605 ], [ -94.064893, 68.784766 ], [ -94.216943, 68.760547 ], [ -94.47832, 68.742773 ], [ -94.586768, 68.775537 ], [ -94.600439, 68.803223 ], [ -94.562549, 68.91167 ], [ -94.475635, 68.958154 ], [ -94.236621, 69.049756 ], [ -94.083643, 69.123096 ], [ -94.081152, 69.13584 ], [ -94.221826, 69.136377 ], [ -94.255371, 69.151465 ], [ -94.284961, 69.241602 ], [ -94.276758, 69.275244 ], [ -94.254736, 69.31377 ], [ -94.156348, 69.341748 ], [ -93.854395, 69.376367 ], [ -93.619482, 69.416992 ], [ -93.612646, 69.402832 ], [ -93.800977, 69.280908 ], [ -93.820459, 69.252637 ], [ -93.748535, 69.226123 ], [ -93.56748, 69.296875 ], [ -93.450586, 69.355176 ], [ -93.430957, 69.375049 ], [ -93.537061, 69.382324 ], [ -93.542871, 69.406445 ], [ -93.522412, 69.450684 ], [ -93.532275, 69.480908 ], [ -93.649805, 69.519043 ], [ -93.794385, 69.497852 ], [ -93.915088, 69.457666 ], [ -94.015283, 69.446729 ], [ -94.163184, 69.445947 ], [ -94.270801, 69.455127 ], [ -94.338135, 69.474268 ], [ -94.419189, 69.517041 ], [ -94.513916, 69.583447 ], [ -94.633838, 69.649658 ], [ -94.67627, 69.656885 ], [ -94.712695, 69.649414 ], [ -94.789258, 69.585449 ], [ -94.82251, 69.577783 ], [ -95.29209, 69.667383 ], [ -95.49126, 69.717627 ], [ -95.587598, 69.755713 ], [ -95.707422, 69.778223 ], [ -95.850684, 69.785107 ], [ -95.964941, 69.802783 ], [ -96.050146, 69.831152 ], [ -96.119092, 69.871875 ], [ -96.171777, 69.924951 ], [ -96.269385, 69.991797 ], [ -96.492383, 70.124902 ], [ -96.551367, 70.210303 ], [ -96.55957, 70.243018 ], [ -96.545605, 70.327246 ], [ -96.336572, 70.470166 ], [ -96.297705, 70.511377 ], [ -96.226416, 70.541699 ], [ -96.122754, 70.56123 ], [ -96.048145, 70.56709 ], [ -95.878613, 70.548975 ], [ -95.980176, 70.593213 ], [ -95.988184, 70.616846 ], [ -95.886328, 70.694287 ], [ -95.906396, 70.697754 ], [ -96.186426, 70.638281 ], [ -96.258008, 70.642285 ], [ -96.358887, 70.678662 ], [ -96.548926, 70.80874 ], [ -96.551074, 70.889746 ], [ -96.491309, 71.002344 ], [ -96.47041, 71.069727 ], [ -96.524756, 71.127051 ], [ -96.504443, 71.143164 ], [ -96.445459, 71.159229 ], [ -96.420752, 71.176465 ], [ -96.446582, 71.239893 ], [ -96.405664, 71.273633 ], [ -96.271338, 71.339111 ], [ -96.139648, 71.396387 ], [ -96.062012, 71.413867 ], [ -95.994434, 71.410645 ], [ -95.924072, 71.393066 ], [ -95.850879, 71.361084 ], [ -95.725391, 71.328174 ], [ -95.632568, 71.318799 ], [ -95.564258, 71.336768 ], [ -95.44751, 71.460059 ], [ -95.40625, 71.49165 ], [ -95.44541, 71.505371 ], [ -95.674219, 71.504053 ], [ -95.773389, 71.514258 ], [ -95.830371, 71.526074 ], [ -95.872314, 71.573145 ], [ -95.837744, 71.598242 ], [ -95.615918, 71.6854 ], [ -95.51167, 71.776807 ], [ -95.201221, 71.903711 ], [ -94.886963, 71.963379 ], [ -94.734863, 71.982959 ], [ -94.611133, 71.986865 ], [ -94.55708, 71.978955 ], [ -94.491064, 71.915527 ], [ -94.478809, 71.848584 ], [ -94.30835, 71.764893 ], [ -94.17124, 71.758447 ], [ -94.085986, 71.771143 ], [ -93.810205, 71.76626 ], [ -93.746289, 71.742822 ], [ -93.750879, 71.71665 ], [ -93.781641, 71.674316 ], [ -93.762842, 71.638037 ], [ -93.575879, 71.568701 ], [ -93.407471, 71.520703 ], [ -93.256348, 71.46084 ], [ -93.031299, 71.335693 ], [ -92.982568, 71.300342 ], [ -92.948682, 71.262109 ], [ -92.890186, 71.122363 ], [ -92.882715, 71.069336 ], [ -92.904199, 70.916064 ], [ -92.921973, 70.887109 ], [ -92.981445, 70.852246 ], [ -92.960889, 70.838135 ], [ -92.783008, 70.798145 ], [ -92.641699, 70.718799 ], [ -92.56748, 70.693213 ], [ -92.388477, 70.650439 ], [ -92.355811, 70.634277 ], [ -92.315381, 70.60752 ], [ -92.214453, 70.49292 ], [ -92.049121, 70.389648 ], [ -92.037207, 70.367383 ], [ -92.072607, 70.31875 ], [ -92.047363, 70.30332 ], [ -91.983545, 70.285547 ], [ -91.926221, 70.294775 ], [ -91.875537, 70.331152 ], [ -91.82041, 70.34165 ], [ -91.76084, 70.32627 ], [ -91.715625, 70.299219 ], [ -91.654053, 70.232959 ], [ -91.564062, 70.178271 ], [ -91.571631, 70.161572 ], [ -91.616113, 70.147852 ], [ -91.858594, 70.132666 ], [ -91.994971, 70.143213 ], [ -92.121045, 70.169922 ], [ -92.208643, 70.19751 ], [ -92.290332, 70.239844 ], [ -92.320508, 70.235352 ], [ -92.363281, 70.20083 ], [ -92.454687, 70.150439 ], [ -92.511865, 70.103857 ], [ -92.445752, 70.083154 ], [ -92.127002, 70.084521 ], [ -92.057715, 70.071436 ], [ -91.976709, 70.038672 ], [ -92.069043, 69.983984 ], [ -92.284766, 69.892139 ], [ -92.750928, 69.713916 ], [ -92.887793, 69.668213 ], [ -92.854541, 69.654883 ], [ -92.802637, 69.651465 ], [ -92.642822, 69.659277 ], [ -92.493457, 69.683203 ], [ -92.31167, 69.6729 ], [ -92.230762, 69.653369 ], [ -92.258301, 69.634326 ], [ -92.209082, 69.60332 ], [ -91.911963, 69.53125 ], [ -91.724121, 69.545605 ], [ -91.532373, 69.615039 ], [ -91.384229, 69.649463 ], [ -91.201807, 69.644775 ], [ -91.150879, 69.637158 ], [ -91.170312, 69.620313 ], [ -91.305029, 69.581299 ], [ -91.426855, 69.537939 ], [ -91.439941, 69.525684 ], [ -91.288135, 69.543213 ], [ -90.950195, 69.515479 ], [ -90.785742, 69.508594 ], [ -90.66665, 69.515527 ], [ -90.554932, 69.504492 ], [ -90.450537, 69.475439 ], [ -90.415576, 69.456982 ], [ -90.513281, 69.445117 ], [ -90.605566, 69.445312 ], [ -90.683984, 69.427734 ], [ -90.748535, 69.39248 ], [ -90.79458, 69.346729 ], [ -90.822119, 69.290479 ], [ -90.892285, 69.267285 ], [ -91.00498, 69.2771 ], [ -91.049219, 69.293018 ], [ -91.024854, 69.315234 ], [ -91.057764, 69.318408 ], [ -91.147852, 69.302588 ], [ -91.217969, 69.3021 ], [ -91.237207, 69.285547 ], [ -90.744775, 69.105908 ], [ -90.587305, 68.946875 ], [ -90.479004, 68.881152 ], [ -90.468359, 68.86377 ], [ -90.538965, 68.81958 ], [ -90.542529, 68.785986 ], [ -90.510156, 68.688867 ], [ -90.525244, 68.611279 ], [ -90.573633, 68.474707 ], [ -90.52832, 68.432227 ], [ -90.423047, 68.394727 ], [ -90.360059, 68.346729 ], [ -90.317236, 68.330322 ], [ -90.285254, 68.29165 ], [ -90.247754, 68.267432 ], [ -90.204785, 68.257471 ], [ -90.174414, 68.270215 ], [ -90.156836, 68.305518 ], [ -90.116406, 68.338574 ], [ -90.005322, 68.398047 ], [ -89.897705, 68.490771 ], [ -89.879492, 68.521533 ], [ -89.896582, 68.594385 ], [ -89.884229, 68.625586 ], [ -89.783105, 68.735938 ], [ -89.75083, 68.812451 ], [ -89.720166, 68.931592 ], [ -89.666602, 69.0146 ], [ -89.552002, 69.084912 ], [ -89.351904, 69.227002 ], [ -89.279541, 69.255469 ], [ -89.198486, 69.269482 ], [ -89.056738, 69.266113 ], [ -88.953516, 69.22041 ], [ -88.814551, 69.135889 ], [ -88.637744, 69.058838 ], [ -88.315527, 68.954443 ], [ -88.223535, 68.915039 ], [ -88.041357, 68.811719 ], [ -87.964355, 68.709277 ], [ -87.911523, 68.564697 ], [ -87.865967, 68.477637 ], [ -87.827734, 68.448096 ], [ -87.810303, 68.40415 ], [ -87.813574, 68.345703 ], [ -87.82793, 68.299951 ], [ -87.853271, 68.266895 ], [ -87.892676, 68.248145 ], [ -87.990967, 68.242041 ], [ -88.111133, 68.251172 ], [ -88.145801, 68.266016 ], [ -88.209082, 68.334863 ], [ -88.235254, 68.339063 ], [ -88.346973, 68.288281 ], [ -88.360693, 68.259863 ], [ -88.319629, 68.165771 ], [ -88.325098, 67.98877 ], [ -88.313818, 67.950342 ], [ -88.195898, 67.76582 ], [ -87.997168, 67.625684 ], [ -87.499121, 67.355322 ], [ -87.470801, 67.324609 ], [ -87.41792, 67.21416 ], [ -87.391943, 67.191064 ], [ -87.359375, 67.177246 ], [ -87.320264, 67.172852 ], [ -87.26626, 67.183838 ], [ -87.083203, 67.267773 ], [ -86.923926, 67.35625 ], [ -86.812793, 67.402393 ], [ -86.749854, 67.406104 ], [ -86.682031, 67.422314 ], [ -86.609375, 67.45083 ], [ -86.560791, 67.482129 ], [ -86.536426, 67.516162 ], [ -86.503516, 67.649463 ], [ -86.475537, 67.713135 ], [ -86.398047, 67.800098 ], [ -86.369678, 67.824805 ], [ -85.984473, 68.045361 ], [ -85.952588, 68.072461 ], [ -85.788867, 68.328027 ], [ -85.731104, 68.44502 ], [ -85.722803, 68.515479 ], [ -85.744873, 68.578271 ], [ -85.733838, 68.630127 ], [ -85.689795, 68.670947 ], [ -85.643164, 68.699707 ], [ -85.562451, 68.728809 ], [ -85.517773, 68.769824 ], [ -85.491064, 68.773975 ], [ -85.425049, 68.774268 ], [ -85.338086, 68.746289 ], [ -85.275098, 68.741357 ], [ -84.867578, 68.77334 ], [ -84.86748, 68.790381 ], [ -85.106641, 68.844043 ], [ -85.104346, 68.870947 ], [ -85.083398, 68.90791 ], [ -85.008301, 68.949219 ], [ -84.916064, 68.962256 ], [ -84.895312, 68.988525 ], [ -84.892725, 69.020996 ], [ -84.862207, 69.073975 ], [ -84.890039, 69.092773 ], [ -85.113525, 69.165869 ], [ -85.242627, 69.162744 ], [ -85.275488, 69.172314 ], [ -85.386768, 69.231885 ], [ -85.427539, 69.318408 ], [ -85.431934, 69.353857 ], [ -85.416406, 69.410889 ], [ -85.402246, 69.426758 ], [ -85.40918, 69.45249 ], [ -85.437207, 69.488232 ], [ -85.439502, 69.519922 ], [ -85.415967, 69.547754 ], [ -85.430127, 69.580664 ], [ -85.482031, 69.61875 ], [ -85.502441, 69.651514 ], [ -85.4479, 69.748145 ], [ -85.446094, 69.777783 ], [ -85.497461, 69.819043 ], [ -85.534814, 69.835059 ], [ -85.507373, 69.845264 ], [ -85.415137, 69.849512 ], [ -85.30498, 69.836133 ], [ -85.176807, 69.805127 ], [ -85.019824, 69.804785 ], [ -84.833984, 69.835059 ], [ -84.645117, 69.849707 ], [ -84.318799, 69.843701 ], [ -84.24165, 69.83501 ], [ -83.917187, 69.745361 ], [ -83.665332, 69.699707 ], [ -83.551709, 69.703955 ], [ -82.991357, 69.685889 ], [ -82.745605, 69.695117 ], [ -82.618359, 69.691064 ], [ -82.37417, 69.641797 ], [ -82.390234, 69.600879 ], [ -82.495703, 69.532227 ], [ -82.633301, 69.518115 ], [ -82.754834, 69.494385 ], [ -82.642041, 69.458398 ], [ -82.309863, 69.41001 ], [ -82.231836, 69.332568 ], [ -82.208154, 69.297021 ], [ -82.246777, 69.26499 ], [ -82.227539, 69.248877 ], [ -82.150537, 69.248877 ], [ -81.951807, 69.276074 ], [ -81.732178, 69.258105 ], [ -81.412305, 69.198145 ], [ -81.377832, 69.185645 ], [ -81.321582, 69.138916 ], [ -81.328662, 69.119922 ], [ -81.611426, 69.003027 ], [ -81.75835, 68.956738 ], [ -81.95166, 68.909082 ], [ -81.95791, 68.883643 ], [ -81.686914, 68.878955 ], [ -81.476025, 68.865576 ], [ -81.380908, 68.850049 ], [ -81.331299, 68.827979 ], [ -81.263525, 68.780615 ], [ -81.25249, 68.743164 ], [ -81.259131, 68.692432 ], [ -81.281543, 68.657227 ], [ -81.526855, 68.555957 ], [ -81.639502, 68.524365 ], [ -81.831396, 68.486865 ], [ -81.914844, 68.458789 ], [ -82.006494, 68.462646 ], [ -82.106348, 68.498535 ], [ -82.210156, 68.50625 ], [ -82.397217, 68.477588 ], [ -82.49873, 68.478613 ], [ -82.548633, 68.468604 ], [ -82.552686, 68.446484 ], [ -82.46416, 68.382422 ], [ -82.412988, 68.357178 ], [ -82.392871, 68.33833 ], [ -82.430664, 68.306592 ], [ -82.422705, 68.296582 ], [ -82.392529, 68.285254 ], [ -82.222412, 68.145264 ], [ -82.186572, 68.134424 ], [ -82.151318, 68.139697 ], [ -82.077637, 68.179688 ], [ -82.033887, 68.195947 ], [ -82.0125, 68.193896 ], [ -82.013379, 68.173389 ], [ -82.091895, 68.051465 ], [ -82.102148, 68.018896 ], [ -82.100488, 67.989844 ], [ -82.062549, 67.928174 ], [ -81.976465, 67.862012 ], [ -81.869336, 67.80249 ], [ -81.708594, 67.722363 ], [ -81.492773, 67.636914 ], [ -81.412305, 67.595361 ], [ -81.294336, 67.497412 ], [ -81.270117, 67.459912 ], [ -81.301074, 67.356982 ], [ -81.387207, 67.188574 ], [ -81.442725, 67.092871 ], [ -81.467578, 67.069873 ], [ -81.630078, 67.002002 ], [ -81.722363, 66.986084 ], [ -81.874463, 66.987939 ], [ -81.925537, 66.974707 ], [ -82.005078, 66.92041 ], [ -82.113184, 66.825098 ], [ -82.19834, 66.764648 ], [ -82.260547, 66.739111 ], [ -82.374756, 66.709424 ], [ -82.553662, 66.621387 ], [ -82.641504, 66.5875 ], [ -82.948877, 66.55083 ], [ -83.198779, 66.431494 ], [ -83.298389, 66.392139 ], [ -83.406445, 66.37124 ], [ -83.523096, 66.36875 ], [ -83.590283, 66.387842 ], [ -83.628369, 66.460693 ], [ -83.651074, 66.484619 ], [ -83.739209, 66.534375 ], [ -83.920215, 66.679053 ], [ -83.998047, 66.728516 ], [ -84.05, 66.739502 ], [ -84.154443, 66.731689 ], [ -84.208008, 66.736328 ], [ -84.324365, 66.781787 ], [ -84.36626, 66.811133 ], [ -84.361084, 66.822559 ], [ -84.272559, 66.839209 ], [ -84.310352, 66.862744 ], [ -84.466064, 66.927441 ], [ -84.530664, 66.961328 ], [ -84.538477, 66.972803 ], [ -84.692578, 67.016602 ], [ -84.845752, 67.028711 ], [ -85.040039, 66.956055 ], [ -85.113721, 66.906934 ], [ -85.111279, 66.890918 ], [ -85.018262, 66.87207 ], [ -84.977979, 66.88125 ], [ -84.899023, 66.926563 ], [ -84.857373, 66.940674 ], [ -84.737744, 66.933594 ], [ -84.638574, 66.902344 ], [ -84.602539, 66.875146 ], [ -84.589502, 66.856641 ], [ -84.318945, 66.711816 ], [ -84.223047, 66.682471 ], [ -84.183105, 66.647852 ], [ -84.152734, 66.590234 ], [ -84.094238, 66.526221 ], [ -83.964209, 66.420557 ], [ -83.82583, 66.28999 ], [ -83.797559, 66.238477 ], [ -83.869043, 66.213574 ], [ -83.905078, 66.211768 ], [ -84.01167, 66.231201 ], [ -84.293066, 66.291797 ], [ -84.324268, 66.290674 ], [ -84.398437, 66.25874 ], [ -84.459375, 66.18623 ], [ -84.478418, 66.179297 ], [ -84.628076, 66.207715 ], [ -84.908398, 66.271338 ], [ -85.096191, 66.325342 ], [ -85.191504, 66.369678 ], [ -85.306836, 66.440332 ], [ -85.442236, 66.537354 ], [ -85.603857, 66.568262 ], [ -85.791748, 66.532959 ], [ -86.063232, 66.520361 ], [ -86.633203, 66.531348 ], [ -86.708154, 66.523047 ], [ -86.737109, 66.510889 ], [ -86.688623, 66.457471 ], [ -86.700146, 66.442773 ], [ -86.738379, 66.432861 ], [ -86.746973, 66.41709 ], [ -86.685107, 66.3604 ], [ -86.584766, 66.321924 ], [ -86.301025, 66.269922 ], [ -86.113086, 66.225293 ], [ -86.00083, 66.186816 ], [ -85.964258, 66.154443 ], [ -85.95874, 66.119043 ], [ -86.012256, 66.048486 ], [ -86.042871, 66.022559 ], [ -86.701953, 65.670557 ], [ -86.953174, 65.528271 ], [ -87.081104, 65.44082 ], [ -87.193799, 65.383057 ], [ -87.291455, 65.354834 ], [ -87.452881, 65.338965 ], [ -87.678125, 65.335352 ], [ -87.969971, 65.348926 ], [ -88.120996, 65.39458 ], [ -88.394873, 65.516211 ], [ -88.586719, 65.587646 ], [ -88.672461, 65.611572 ], [ -88.743945, 65.67876 ], [ -88.808496, 65.69165 ], [ -88.946143, 65.703027 ], [ -89.087744, 65.738965 ], [ -89.420361, 65.860791 ], [ -89.592676, 65.909326 ], [ -89.749414, 65.936035 ], [ -89.890479, 65.94082 ], [ -89.943994, 65.933594 ], [ -89.847754, 65.872266 ], [ -89.889697, 65.868555 ], [ -90.003809, 65.882568 ], [ -90.116602, 65.882422 ], [ -90.31626, 65.926367 ], [ -90.513281, 65.920508 ], [ -90.655469, 65.929346 ], [ -90.825732, 65.953857 ], [ -91.009521, 65.965723 ], [ -91.305469, 65.964551 ], [ -91.411523, 65.959375 ], [ -91.427246, 65.9479 ], [ -91.285156, 65.894434 ], [ -91.041113, 65.829834 ], [ -91.073633, 65.885547 ], [ -91.064941, 65.899902 ], [ -90.983447, 65.919238 ], [ -90.596826, 65.884814 ], [ -90.158643, 65.812695 ], [ -90.047559, 65.805615 ], [ -89.924072, 65.780273 ], [ -89.787988, 65.736719 ], [ -89.600391, 65.647754 ], [ -89.241748, 65.446387 ], [ -89.126562, 65.395605 ], [ -88.974023, 65.348291 ], [ -88.197803, 65.279883 ], [ -87.929541, 65.280322 ], [ -87.391943, 65.260547 ], [ -87.108008, 65.224805 ], [ -87.027539, 65.198096 ], [ -87.002686, 65.108594 ], [ -87.028516, 65.063623 ], [ -87.18291, 64.926807 ], [ -87.280518, 64.826172 ], [ -87.88501, 64.400439 ], [ -87.963574, 64.30249 ], [ -87.997559, 64.243945 ], [ -88.105615, 64.183301 ], [ -88.378955, 64.089258 ], [ -88.653027, 64.009375 ], [ -88.817725, 63.992236 ], [ -88.964404, 64.01123 ], [ -89.059619, 64.034424 ], [ -89.200635, 64.11377 ], [ -89.209424, 64.10542 ], [ -89.107666, 63.981104 ], [ -89.131543, 63.968506 ], [ -89.214551, 63.984131 ], [ -89.403516, 64.03999 ], [ -89.464746, 64.029687 ], [ -89.500928, 64.014502 ], [ -89.551318, 64.014795 ], [ -89.61582, 64.030615 ], [ -89.732715, 64.076953 ], [ -89.763818, 64.099512 ], [ -89.79209, 64.168262 ], [ -89.811328, 64.180566 ], [ -90.04165, 64.140869 ], [ -90.080029, 64.127734 ], [ -89.985596, 64.100195 ], [ -89.953564, 64.080615 ], [ -89.860596, 63.978809 ], [ -89.855713, 63.956982 ], [ -89.921875, 63.943555 ], [ -90.141895, 63.981982 ], [ -90.168164, 63.97876 ], [ -90.059619, 63.87749 ], [ -90.017969, 63.829346 ], [ -90.013428, 63.804297 ], [ -90.154736, 63.689648 ], [ -90.245313, 63.641895 ], [ -90.368848, 63.624414 ], [ -90.44624, 63.636182 ], [ -90.533496, 63.66543 ], [ -90.596387, 63.661279 ], [ -90.63501, 63.623779 ], [ -90.706836, 63.596924 ], [ -90.811914, 63.580908 ], [ -90.945654, 63.587842 ], [ -91.108057, 63.617822 ], [ -91.538818, 63.725586 ], [ -91.674658, 63.742236 ], [ -91.926025, 63.75708 ], [ -91.956006, 63.772314 ], [ -91.953809, 63.786816 ], [ -91.919434, 63.800586 ], [ -91.928906, 63.812451 ], [ -91.982227, 63.822412 ], [ -92.037598, 63.813037 ], [ -92.094873, 63.784424 ], [ -92.195215, 63.775977 ], [ -92.338428, 63.787646 ], [ -92.550098, 63.829541 ], [ -92.970215, 63.937646 ], [ -93.429688, 64.028809 ], [ -93.696338, 64.147168 ], [ -93.596729, 64.040576 ], [ -93.604883, 64.004492 ], [ -93.655811, 63.972803 ], [ -93.66416, 63.941406 ], [ -93.559814, 63.865283 ], [ -93.415576, 63.837988 ], [ -93.270215, 63.840869 ], [ -93.266211, 63.85332 ], [ -93.326855, 63.872266 ], [ -93.380273, 63.900049 ], [ -93.405859, 63.941211 ], [ -93.378516, 63.948486 ], [ -93.250439, 63.926904 ], [ -93.165918, 63.901758 ], [ -92.529248, 63.76123 ], [ -92.339209, 63.734912 ], [ -92.196484, 63.707812 ], [ -92.156885, 63.691699 ], [ -92.205029, 63.656787 ], [ -92.461035, 63.569434 ], [ -92.465088, 63.555078 ], [ -92.289551, 63.562988 ], [ -92.076611, 63.63999 ], [ -91.956836, 63.675635 ], [ -91.841846, 63.697559 ], [ -91.686035, 63.659717 ], [ -91.489307, 63.562207 ], [ -91.330078, 63.506836 ], [ -91.103076, 63.475879 ], [ -90.970068, 63.442773 ], [ -90.746582, 63.351563 ], [ -90.711279, 63.304053 ], [ -90.690723, 63.110547 ], [ -90.698584, 63.063867 ], [ -90.727637, 63.01748 ], [ -90.777881, 62.971631 ], [ -90.871191, 62.945947 ], [ -91.007715, 62.94043 ], [ -91.114893, 62.921582 ], [ -91.349463, 62.818896 ], [ -91.448975, 62.804053 ], [ -91.869629, 62.834717 ], [ -92.034229, 62.863428 ], [ -92.110059, 62.861719 ], [ -92.1521, 62.839063 ], [ -92.196143, 62.828809 ], [ -92.361279, 62.819385 ], [ -92.388135, 62.800879 ], [ -92.377734, 62.772412 ], [ -92.345264, 62.733838 ], [ -92.305176, 62.71167 ], [ -92.243164, 62.683643 ], [ -92.149121, 62.665283 ], [ -91.955859, 62.644775 ], [ -91.93584, 62.592383 ], [ -91.944434, 62.575488 ], [ -92.007861, 62.540527 ], [ -92.081152, 62.544092 ], [ -92.207227, 62.585352 ], [ -92.269531, 62.586963 ], [ -92.324072, 62.5646 ], [ -92.4, 62.557227 ], [ -92.497363, 62.564844 ], [ -92.551416, 62.546729 ], [ -92.562207, 62.502881 ], [ -92.594971, 62.470068 ], [ -92.707422, 62.418213 ], [ -92.767969, 62.37998 ], [ -92.765967, 62.349951 ], [ -92.701465, 62.328223 ], [ -92.627441, 62.279053 ], [ -92.544043, 62.202295 ], [ -92.527979, 62.168408 ], [ -92.579199, 62.177344 ], [ -92.648096, 62.207764 ], [ -92.734766, 62.259717 ], [ -92.86582, 62.306201 ], [ -93.154443, 62.366846 ], [ -93.205371, 62.364941 ], [ -93.179248, 62.349561 ], [ -92.987793, 62.285937 ], [ -92.914453, 62.244971 ], [ -92.905518, 62.215137 ], [ -93.065869, 62.149756 ], [ -93.070264, 62.127832 ], [ -93.027734, 62.108643 ], [ -93.01626, 62.092676 ], [ -93.073389, 62.060547 ], [ -93.16748, 62.033643 ], [ -93.349756, 62.029785 ], [ -93.366357, 62.014551 ], [ -93.296875, 61.981592 ], [ -93.273437, 61.961084 ], [ -93.333057, 61.93291 ], [ -93.372021, 61.928955 ], [ -93.581787, 61.942041 ], [ -93.526709, 61.871631 ], [ -93.494238, 61.846924 ], [ -93.429932, 61.812109 ], [ -93.314404, 61.779785 ], [ -93.312012, 61.767285 ], [ -93.352344, 61.739551 ], [ -93.420605, 61.705811 ], [ -93.709668, 61.602539 ], [ -93.912744, 61.481445 ], [ -93.940869, 61.443652 ], [ -93.889258, 61.364062 ], [ -93.888818, 61.344043 ], [ -93.941992, 61.308008 ], [ -94.060742, 61.317822 ], [ -94.083447, 61.303662 ], [ -94.055225, 61.266162 ], [ -94.049951, 61.211279 ], [ -94.067773, 61.138867 ], [ -94.154053, 61.025439 ], [ -94.308691, 60.870996 ], [ -94.427197, 60.730713 ], [ -94.509375, 60.604541 ], [ -94.568896, 60.541992 ], [ -94.67876, 60.537695 ], [ -94.761719, 60.498242 ], [ -94.705273, 60.477539 ], [ -94.670654, 60.45332 ], [ -94.646777, 60.416406 ], [ -94.67041, 60.301074 ], [ -94.741602, 60.107373 ], [ -94.785791, 59.95332 ], [ -94.77666, 59.478125 ], [ -94.788281, 59.267871 ], [ -94.819531, 59.151318 ], [ -94.870264, 59.087988 ], [ -94.957324, 59.068848 ], [ -94.846582, 59.050342 ], [ -94.776172, 59.020605 ], [ -94.74375, 58.975439 ], [ -94.713379, 58.90332 ], [ -94.673389, 58.870117 ], [ -94.62373, 58.875732 ], [ -94.579199, 58.868457 ], [ -94.539697, 58.848389 ], [ -94.419238, 58.745508 ], [ -94.287061, 58.716016 ], [ -94.280811, 58.658936 ], [ -94.332617, 58.339111 ], [ -94.332227, 58.297363 ], [ -94.272168, 58.378027 ], [ -94.208936, 58.626367 ], [ -94.123193, 58.736719 ], [ -94.055762, 58.76001 ], [ -93.780029, 58.772559 ], [ -93.486182, 58.744482 ], [ -93.375049, 58.741016 ], [ -93.278125, 58.756396 ], [ -93.17876, 58.725635 ], [ -93.15459, 58.69458 ], [ -93.126514, 58.564404 ], [ -93.100195, 58.489844 ], [ -92.925146, 58.224512 ], [ -92.841748, 58.075879 ], [ -92.739844, 57.844043 ], [ -92.70166, 57.777783 ], [ -92.489648, 57.468604 ], [ -92.449414, 57.384863 ], [ -92.432812, 57.320312 ], [ -92.439795, 57.275049 ], [ -92.478369, 57.205273 ], [ -92.548486, 57.110937 ], [ -92.614111, 57.039014 ], [ -92.675244, 56.989551 ], [ -92.737988, 56.952637 ], [ -92.802393, 56.92832 ], [ -92.798145, 56.921973 ], [ -92.725293, 56.933545 ], [ -92.650977, 56.958301 ], [ -92.510303, 57.022314 ], [ -92.456299, 57.036719 ], [ -92.303369, 57.04585 ], [ -92.298291, 57.022754 ], [ -92.372119, 56.975146 ], [ -92.355713, 56.970605 ], [ -92.249023, 57.008984 ], [ -92.018018, 57.06377 ], [ -91.111279, 57.241211 ], [ -90.897461, 57.256934 ], [ -90.592187, 57.224463 ], [ -90.344824, 57.149072 ], [ -90.075195, 57.051904 ], [ -89.79082, 56.981348 ], [ -89.342334, 56.91543 ], [ -89.211572, 56.883838 ], [ -88.948486, 56.851318 ], [ -88.826465, 56.814258 ], [ -88.679883, 56.725049 ], [ -88.44707, 56.608691 ], [ -88.271338, 56.535693 ], [ -88.075098, 56.467285 ], [ -87.878125, 56.341602 ], [ -87.560889, 56.056348 ], [ -87.482422, 56.021289 ], [ -87.286865, 55.974658 ], [ -86.919385, 55.914551 ], [ -86.376953, 55.773242 ], [ -86.138672, 55.717871 ], [ -85.984473, 55.695898 ], [ -85.830518, 55.656934 ], [ -85.67666, 55.601074 ], [ -85.559326, 55.540186 ], [ -85.478467, 55.474268 ], [ -85.407275, 55.431152 ], [ -85.282715, 55.383301 ], [ -85.218018, 55.348975 ], [ -85.212012, 55.297461 ], [ -85.362012, 55.095459 ], [ -85.365283, 55.079297 ], [ -85.213574, 55.224365 ], [ -85.128857, 55.266211 ], [ -85.060938, 55.285645 ], [ -84.919922, 55.28335 ], [ -84.705762, 55.259229 ], [ -84.517969, 55.258887 ], [ -84.356494, 55.28252 ], [ -84.218945, 55.293115 ], [ -84.105371, 55.29082 ], [ -84.022998, 55.297803 ], [ -83.971777, 55.31416 ], [ -83.910596, 55.314648 ], [ -83.667676, 55.264502 ], [ -83.569482, 55.261816 ], [ -83.214355, 55.2146 ], [ -82.986279, 55.231396 ], [ -82.947021, 55.222217 ], [ -82.867773, 55.160693 ], [ -82.800684, 55.155908 ], [ -82.6875, 55.165527 ], [ -82.577441, 55.14873 ], [ -82.393262, 55.067822 ], [ -82.308252, 54.998145 ], [ -82.226611, 54.855908 ], [ -82.219385, 54.813477 ], [ -82.370605, 54.483496 ], [ -82.418066, 54.355811 ], [ -82.42417, 54.24458 ], [ -82.394141, 54.180469 ], [ -82.263574, 54.072998 ], [ -82.239893, 54.044824 ], [ -82.162646, 53.885693 ], [ -82.141455, 53.817627 ], [ -82.15, 53.739551 ], [ -82.190625, 53.610937 ], [ -82.180371, 53.512842 ], [ -82.146191, 53.3646 ], [ -82.15918, 53.26416 ], [ -82.219238, 53.211475 ], [ -82.259912, 53.159814 ], [ -82.291602, 53.066113 ], [ -82.291553, 53.030713 ], [ -82.260449, 52.961133 ], [ -82.202686, 52.92168 ], [ -82.107959, 52.877393 ], [ -82.02002, 52.811621 ], [ -81.859277, 52.651416 ], [ -81.742334, 52.563623 ], [ -81.599414, 52.432617 ], [ -81.57168, 52.367285 ], [ -81.611523, 52.324072 ], [ -81.66123, 52.293896 ], [ -81.776367, 52.253613 ], [ -81.827881, 52.224219 ], [ -81.814551, 52.217188 ], [ -81.647998, 52.239063 ], [ -81.549512, 52.236768 ], [ -81.466211, 52.204492 ], [ -81.398096, 52.142236 ], [ -81.285059, 52.089209 ], [ -81.127197, 52.04541 ], [ -80.968506, 51.972217 ], [ -80.705518, 51.79834 ], [ -80.657959, 51.75835 ], [ -80.588037, 51.667236 ], [ -80.49585, 51.525098 ], [ -80.447607, 51.432227 ], [ -80.443311, 51.388574 ], [ -80.495508, 51.344678 ], [ -80.672705, 51.264746 ], [ -80.851221, 51.125 ], [ -80.794971, 51.131836 ], [ -80.677246, 51.190869 ], [ -80.47832, 51.307324 ], [ -80.367969, 51.329883 ], [ -80.265674, 51.316357 ], [ -80.103564, 51.282861 ], [ -79.9604, 51.235156 ], [ -79.83623, 51.17334 ], [ -79.651514, 51.007813 ], [ -79.456152, 50.875586 ], [ -79.3479, 50.762646 ], [ -79.380713, 50.834521 ], [ -79.452637, 50.917285 ], [ -79.636182, 51.049023 ], [ -79.714453, 51.117578 ], [ -79.731396, 51.150488 ], [ -79.737451, 51.186279 ], [ -79.723242, 51.25166 ], [ -79.688818, 51.346582 ], [ -79.642969, 51.413525 ], [ -79.585742, 51.452441 ], [ -79.547461, 51.493848 ], [ -79.528027, 51.537695 ], [ -79.497559, 51.569922 ], [ -79.338672, 51.628174 ], [ -79.296973, 51.622803 ], [ -79.264258, 51.552002 ], [ -79.226123, 51.537305 ], [ -79.152734, 51.526221 ], [ -79.090869, 51.501709 ], [ -79.040527, 51.46377 ], [ -79.005029, 51.425342 ], [ -78.984326, 51.386377 ], [ -78.936914, 51.259131 ], [ -78.903174, 51.200293 ], [ -78.89751, 51.27168 ], [ -78.858008, 51.383936 ], [ -78.827441, 51.42998 ], [ -78.731348, 51.497461 ], [ -78.736426, 51.526611 ], [ -78.776318, 51.565771 ], [ -78.977734, 51.733789 ], [ -78.981641, 51.774561 ], [ -78.927881, 51.798828 ], [ -78.891113, 51.845117 ], [ -78.87124, 51.913428 ], [ -78.828223, 51.962988 ], [ -78.702002, 52.032715 ], [ -78.593311, 52.139697 ], [ -78.537354, 52.213281 ], [ -78.49165, 52.2521 ], [ -78.448096, 52.261377 ], [ -78.513086, 52.291113 ], [ -78.526074, 52.310693 ], [ -78.529102, 52.39917 ], [ -78.55708, 52.491895 ], [ -78.600586, 52.535107 ], [ -78.723779, 52.627734 ], [ -78.744141, 52.655371 ], [ -78.765771, 52.760059 ], [ -78.753613, 52.812402 ], [ -78.72168, 52.856445 ], [ -78.739844, 52.898975 ], [ -78.854102, 52.976074 ], [ -78.898242, 53.043359 ], [ -78.947119, 53.206201 ], [ -78.992041, 53.410352 ], [ -79.043115, 53.560498 ], [ -79.100342, 53.656641 ], [ -79.113135, 53.717188 ], [ -79.081445, 53.742285 ], [ -79.040332, 53.817969 ], [ -79.003174, 53.836572 ], [ -78.945703, 53.831592 ], [ -78.944385, 53.840234 ], [ -79.032031, 53.881055 ], [ -79.075146, 53.932373 ], [ -79.073291, 53.951416 ], [ -78.996045, 54.00249 ], [ -79.009912, 54.023975 ], [ -79.067139, 54.051953 ], [ -79.241797, 54.098877 ], [ -79.178809, 54.116943 ], [ -79.138818, 54.157227 ], [ -79.146729, 54.169238 ], [ -79.215967, 54.185693 ], [ -79.295654, 54.216846 ], [ -79.356152, 54.263379 ], [ -79.430566, 54.336621 ], [ -79.475977, 54.394775 ], [ -79.520654, 54.491553 ], [ -79.597949, 54.60166 ], [ -79.631738, 54.629102 ], [ -79.67041, 54.646826 ], [ -79.713965, 54.65498 ], [ -79.712354, 54.671826 ], [ -79.665527, 54.697461 ], [ -78.909229, 54.881494 ], [ -78.84624, 54.908008 ], [ -78.475049, 55.011035 ], [ -78.303613, 55.068555 ], [ -78.128857, 55.151318 ], [ -77.891113, 55.236426 ], [ -77.775293, 55.29126 ], [ -77.702148, 55.344189 ], [ -77.324951, 55.555518 ], [ -77.165088, 55.663525 ], [ -77.072559, 55.756299 ], [ -76.938086, 55.867236 ], [ -76.761816, 55.996436 ], [ -76.650488, 56.107227 ], [ -76.604053, 56.199561 ], [ -76.546387, 56.358789 ], [ -76.529834, 56.499951 ], [ -76.519629, 56.706982 ], [ -76.525586, 56.891797 ], [ -76.572852, 57.181201 ], [ -76.601416, 57.272266 ], [ -76.65542, 57.380566 ], [ -76.786279, 57.598584 ], [ -76.809814, 57.657959 ], [ -76.890918, 57.758105 ], [ -77.156787, 58.018896 ], [ -77.48916, 58.195313 ], [ -77.552441, 58.2396 ], [ -77.684082, 58.291357 ], [ -77.884131, 58.350732 ], [ -78.013574, 58.39917 ], [ -78.351709, 58.580664 ], [ -78.462988, 58.602441 ], [ -78.505908, 58.649121 ], [ -78.515088, 58.682373 ], [ -78.502295, 58.769092 ], [ -78.482617, 58.829102 ], [ -78.458691, 58.873291 ], [ -78.430518, 58.901758 ], [ -78.244434, 59.035059 ], [ -78.140234, 59.141748 ], [ -78.067676, 59.200195 ], [ -77.987646, 59.245508 ], [ -77.842822, 59.305029 ], [ -77.760693, 59.380029 ], [ -77.779443, 59.4104 ], [ -77.844678, 59.443506 ], [ -77.859033, 59.475781 ], [ -77.749023, 59.558154 ], [ -77.733496, 59.580957 ], [ -77.74751, 59.658496 ], [ -77.726172, 59.675879 ], [ -77.59043, 59.680518 ], [ -77.39668, 59.569238 ], [ -77.349072, 59.578955 ], [ -77.411035, 59.609619 ], [ -77.485303, 59.68457 ], [ -77.474561, 59.715674 ], [ -77.331641, 59.796631 ], [ -77.327637, 59.833398 ], [ -77.368408, 59.884375 ], [ -77.372949, 59.925098 ], [ -77.289209, 60.022021 ], [ -77.311816, 60.042383 ], [ -77.547168, 60.061133 ], [ -77.585889, 60.088184 ], [ -77.572168, 60.100977 ], [ -77.461377, 60.133496 ], [ -77.452881, 60.145801 ], [ -77.648633, 60.3625 ], [ -77.681445, 60.4271 ], [ -77.598145, 60.506738 ], [ -77.503564, 60.542725 ], [ -77.515576, 60.563184 ], [ -77.639453, 60.566895 ], [ -77.71499, 60.577783 ], [ -77.79082, 60.639844 ], [ -77.76123, 60.679053 ], [ -77.734229, 60.696973 ], [ -77.660645, 60.789502 ], [ -77.589551, 60.808594 ], [ -77.603027, 60.825195 ], [ -77.871533, 60.78584 ], [ -77.998145, 60.818213 ], [ -78.122461, 60.809619 ], [ -78.181348, 60.819141 ], [ -78.159668, 60.852197 ], [ -77.93418, 61.002637 ], [ -77.830127, 61.084033 ], [ -77.765039, 61.15752 ], [ -77.730615, 61.206396 ], [ -77.726807, 61.230664 ], [ -77.749609, 61.393018 ], [ -77.736182, 61.437354 ], [ -77.648877, 61.478662 ], [ -77.514355, 61.556299 ], [ -77.698438, 61.626416 ], [ -77.81377, 61.694775 ], [ -77.889893, 61.728711 ], [ -77.947559, 61.761865 ], [ -78.021387, 61.83208 ], [ -78.07749, 61.923389 ], [ -78.137158, 62.107373 ], [ -78.146973, 62.208691 ], [ -78.133398, 62.282275 ], [ -78.108594, 62.318115 ], [ -78.068115, 62.35542 ], [ -77.899902, 62.426563 ], [ -77.603955, 62.531396 ], [ -77.372412, 62.57251 ], [ -77.205273, 62.549951 ], [ -76.879395, 62.525391 ], [ -76.616357, 62.465674 ], [ -75.816895, 62.315869 ], [ -75.675537, 62.249512 ], [ -75.809229, 62.193408 ], [ -75.789844, 62.17959 ], [ -75.488818, 62.286426 ], [ -75.409229, 62.30708 ], [ -75.341211, 62.312109 ], [ -75.114014, 62.270752 ], [ -75.022754, 62.264453 ], [ -74.907568, 62.230029 ], [ -74.632568, 62.115674 ], [ -74.612891, 62.125195 ], [ -74.689893, 62.183447 ], [ -74.645801, 62.211133 ], [ -74.429199, 62.271826 ], [ -74.205469, 62.321387 ], [ -74.046484, 62.37002 ], [ -73.877832, 62.434375 ], [ -73.763965, 62.46875 ], [ -73.705078, 62.473145 ], [ -73.62998, 62.454199 ], [ -73.428369, 62.368848 ], [ -73.298975, 62.325049 ], [ -73.195166, 62.27915 ], [ -73.049365, 62.198242 ], [ -72.992383, 62.18042 ], [ -72.881836, 62.125391 ], [ -72.734961, 62.131104 ], [ -72.686963, 62.124561 ], [ -72.670801, 62.113867 ], [ -72.645996, 62.076611 ], [ -72.633105, 62.052783 ], [ -72.632129, 62.027246 ], [ -72.666016, 61.955322 ], [ -72.771631, 61.84043 ], [ -72.727393, 61.838623 ], [ -72.660645, 61.863232 ], [ -72.573877, 61.907129 ], [ -72.505566, 61.922656 ], [ -72.360742, 61.887793 ], [ -72.226123, 61.831592 ], [ -72.178467, 61.801807 ], [ -72.126123, 61.753223 ], [ -72.081445, 61.728271 ], [ -72.040039, 61.680273 ], [ -72.042969, 61.664697 ], [ -72.082031, 61.641406 ], [ -72.24707, 61.602051 ], [ -72.215869, 61.587256 ], [ -72.023096, 61.611963 ], [ -71.964404, 61.636279 ], [ -71.922266, 61.676953 ], [ -71.866113, 61.688525 ], [ -71.638281, 61.617188 ], [ -71.604785, 61.592383 ], [ -71.619434, 61.5729 ], [ -71.656201, 61.550928 ], [ -71.755762, 61.526758 ], [ -71.841016, 61.466016 ], [ -71.854395, 61.439795 ], [ -71.793652, 61.421191 ], [ -71.645312, 61.413135 ], [ -71.646436, 61.39873 ], [ -71.732129, 61.37207 ], [ -71.743457, 61.337256 ], [ -71.551514, 61.213281 ], [ -71.422705, 61.158936 ], [ -71.348437, 61.148975 ], [ -71.175146, 61.146533 ], [ -71.034961, 61.125537 ], [ -70.723242, 61.055176 ], [ -70.540771, 61.04248 ], [ -70.383643, 61.063965 ], [ -70.279297, 61.068652 ], [ -70.187207, 61.040527 ], [ -70.157959, 61.020654 ], [ -70.144141, 60.981104 ], [ -70.145898, 60.921826 ], [ -70.095312, 60.880273 ], [ -69.992432, 60.856494 ], [ -69.909229, 60.860107 ], [ -69.800439, 60.906689 ], [ -69.708398, 60.914648 ], [ -69.677588, 60.949561 ], [ -69.650439, 61.01416 ], [ -69.623633, 61.049512 ], [ -69.556982, 61.059668 ], [ -69.50332, 61.04043 ], [ -69.471924, 61.010938 ], [ -69.414355, 60.922461 ], [ -69.39834, 60.882861 ], [ -69.404736, 60.846777 ], [ -69.433447, 60.814258 ], [ -69.489941, 60.77959 ], [ -69.574219, 60.742725 ], [ -69.640479, 60.689795 ], [ -69.721387, 60.567432 ], [ -69.75127, 60.487451 ], [ -69.759473, 60.440234 ], [ -69.755908, 60.388525 ], [ -69.740576, 60.332275 ], [ -69.708496, 60.285938 ], [ -69.633105, 60.220361 ], [ -69.62876, 60.198584 ], [ -69.623145, 60.145459 ], [ -69.629785, 60.122119 ], [ -69.67373, 60.075879 ], [ -69.795654, 60.029736 ], [ -69.962842, 60.017822 ], [ -70.509326, 60.015186 ], [ -70.654834, 60.026221 ], [ -70.619727, 59.984277 ], [ -70.46665, 59.97085 ], [ -70.326855, 59.971387 ], [ -69.805664, 59.944873 ], [ -69.733936, 59.918018 ], [ -69.673437, 59.870752 ], [ -69.630225, 59.821826 ], [ -69.587402, 59.722314 ], [ -69.579395, 59.675098 ], [ -69.602344, 59.622705 ], [ -69.656201, 59.565088 ], [ -69.692383, 59.488428 ], [ -69.710889, 59.392529 ], [ -69.681885, 59.341748 ], [ -69.4, 59.337793 ], [ -69.344043, 59.303076 ], [ -69.350439, 59.277197 ], [ -69.450488, 59.180029 ], [ -69.459766, 59.152441 ], [ -69.414111, 59.086865 ], [ -69.420313, 59.068213 ], [ -69.448096, 59.04917 ], [ -69.474658, 59.0 ], [ -69.500098, 58.920654 ], [ -69.531641, 58.869238 ], [ -69.608203, 58.829492 ], [ -69.648389, 58.820801 ], [ -69.677344, 58.831348 ], [ -69.753027, 58.9396 ], [ -69.78418, 58.955713 ], [ -69.813672, 58.945557 ], [ -69.828516, 58.92876 ], [ -69.828613, 58.905371 ], [ -69.841602, 58.881152 ], [ -69.867578, 58.856152 ], [ -69.97915, 58.816357 ], [ -70.159961, 58.789404 ], [ -70.154346, 58.760596 ], [ -70.033008, 58.745166 ], [ -69.878564, 58.696973 ], [ -69.789893, 58.689307 ], [ -69.650537, 58.728271 ], [ -69.381836, 58.850732 ], [ -69.271094, 58.883936 ], [ -69.173486, 58.896631 ], [ -69.063623, 58.898242 ], [ -68.941504, 58.888916 ], [ -68.698193, 58.904541 ], [ -68.637305, 58.892871 ], [ -68.562891, 58.865918 ], [ -68.474902, 58.823486 ], [ -68.414307, 58.782715 ], [ -68.381152, 58.743506 ], [ -68.326465, 58.59541 ], [ -68.252979, 58.556641 ], [ -68.235156, 58.528174 ], [ -68.229395, 58.48457 ], [ -68.233887, 58.399219 ], [ -68.314697, 58.226904 ], [ -68.356543, 58.163232 ], [ -68.468164, 58.076318 ], [ -68.596875, 58.036865 ], [ -68.825781, 57.999854 ], [ -68.945312, 57.968799 ], [ -69.035449, 57.926025 ], [ -69.04082, 57.90249 ], [ -68.780957, 57.97583 ], [ -68.495068, 58.01167 ], [ -68.413574, 58.051758 ], [ -68.351855, 58.090723 ], [ -68.289111, 58.177686 ], [ -68.175537, 58.402588 ], [ -68.111035, 58.47334 ], [ -68.021045, 58.485303 ], [ -67.981152, 58.46123 ], [ -67.887793, 58.329395 ], [ -67.888281, 58.295752 ], [ -67.911426, 58.267236 ], [ -68.063867, 58.138965 ], [ -68.008984, 58.152051 ], [ -67.855859, 58.272607 ], [ -67.82334, 58.310254 ], [ -67.805225, 58.365479 ], [ -67.755957, 58.40459 ], [ -67.737061, 58.385449 ], [ -67.689697, 58.243799 ], [ -67.688184, 58.140234 ], [ -67.680566, 58.107031 ], [ -67.697656, 58.00874 ], [ -67.678271, 57.991113 ], [ -67.632227, 58.076123 ], [ -67.617187, 58.140332 ], [ -67.596338, 58.186133 ], [ -67.569629, 58.213477 ], [ -67.381982, 58.3 ], [ -67.162842, 58.370361 ], [ -67.019434, 58.43291 ], [ -66.900391, 58.462793 ], [ -66.722168, 58.491016 ], [ -66.60791, 58.548926 ], [ -66.557715, 58.636621 ], [ -66.515039, 58.697314 ], [ -66.47998, 58.730908 ], [ -66.362402, 58.791162 ], [ -66.298535, 58.794531 ], [ -66.237402, 58.772266 ], [ -66.168213, 58.7271 ], [ -66.090918, 58.659033 ], [ -66.044629, 58.605615 ], [ -66.029541, 58.566797 ], [ -66.017041, 58.430811 ], [ -66.002393, 58.431201 ], [ -65.93125, 58.535059 ], [ -65.9229, 58.571973 ], [ -65.92793, 58.610938 ], [ -65.949658, 58.649854 ], [ -66.021289, 58.734766 ], [ -66.049365, 58.787891 ], [ -66.043066, 58.820654 ], [ -65.967041, 58.839209 ], [ -65.854834, 58.846631 ], [ -65.835937, 58.860498 ], [ -65.918408, 58.895605 ], [ -65.920703, 58.914648 ], [ -65.841406, 58.977051 ], [ -65.794824, 58.980469 ], [ -65.703564, 58.970605 ], [ -65.721924, 59.002588 ], [ -65.720996, 59.023779 ], [ -65.695264, 59.032031 ], [ -65.543994, 59.011865 ], [ -65.526318, 59.03623 ], [ -65.39624, 59.038428 ], [ -65.383545, 59.060205 ], [ -65.495996, 59.091309 ], [ -65.60625, 59.110742 ], [ -65.639844, 59.127734 ], [ -65.665625, 59.152783 ], [ -65.7, 59.21333 ], [ -65.691699, 59.229395 ], [ -65.660742, 59.229688 ], [ -65.607129, 59.213135 ], [ -65.578027, 59.244971 ], [ -65.545313, 59.319727 ], [ -65.512793, 59.350391 ], [ -65.411719, 59.31499 ], [ -65.407275, 59.330225 ], [ -65.489355, 59.447754 ], [ -65.475098, 59.470312 ], [ -65.349707, 59.478809 ], [ -65.273779, 59.46416 ], [ -65.074316, 59.378027 ], [ -65.038232, 59.387891 ], [ -65.068848, 59.411475 ], [ -65.170947, 59.462256 ], [ -65.263184, 59.495459 ], [ -65.345508, 59.511035 ], [ -65.407422, 59.539355 ], [ -65.475195, 59.616797 ], [ -65.486475, 59.648682 ], [ -65.480859, 59.690234 ], [ -65.433398, 59.776514 ], [ -65.406152, 59.795215 ], [ -65.35791, 59.809082 ], [ -65.28877, 59.818066 ], [ -65.212256, 59.809521 ], [ -65.054492, 59.752783 ], [ -65.028174, 59.770703 ], [ -65.113281, 59.801611 ], [ -65.159229, 59.830127 ], [ -65.181396, 59.86665 ], [ -65.171729, 59.908008 ], [ -65.104883, 59.993408 ], [ -65.073389, 60.062207 ], [ -64.93125, 60.252002 ], [ -64.889551, 60.286523 ], [ -64.84502, 60.308301 ], [ -64.817334, 60.331055 ], [ -64.705859, 60.336133 ], [ -64.499414, 60.268262 ], [ -64.436328, 60.228125 ], [ -64.41958, 60.171387 ], [ -64.527734, 60.094531 ], [ -64.713281, 60.037158 ], [ -64.768457, 60.012109 ], [ -64.732568, 59.997559 ], [ -64.55918, 60.043408 ], [ -64.407715, 60.064795 ], [ -64.283496, 60.064062 ], [ -64.182861, 59.972949 ], [ -64.168799, 59.846533 ], [ -64.226318, 59.741211 ], [ -64.150684, 59.793604 ], [ -64.056055, 59.822559 ], [ -63.978711, 59.753711 ], [ -63.969482, 59.697607 ], [ -63.928809, 59.644922 ], [ -63.84126, 59.574414 ], [ -63.750195, 59.512598 ], [ -63.850391, 59.447803 ], [ -63.970703, 59.409082 ], [ -63.945459, 59.380176 ], [ -63.780859, 59.349268 ], [ -63.758594, 59.318652 ], [ -63.775879, 59.277148 ], [ -63.752002, 59.277344 ], [ -63.6375, 59.341455 ], [ -63.539893, 59.332861 ], [ -63.415137, 59.194385 ], [ -63.506201, 59.115186 ], [ -63.645508, 59.078906 ], [ -63.756396, 59.063477 ], [ -63.910498, 59.065576 ], [ -63.971143, 59.053809 ], [ -63.941016, 59.027393 ], [ -63.793652, 59.027002 ], [ -63.567871, 59.047021 ], [ -63.398975, 59.079639 ], [ -63.325537, 59.081592 ], [ -63.248437, 59.068311 ], [ -63.22251, 59.057178 ], [ -63.303711, 59.034424 ], [ -63.309863, 59.026465 ], [ -63.279443, 59.003174 ], [ -63.216406, 58.927979 ], [ -63.221924, 58.911035 ], [ -63.282129, 58.867383 ], [ -63.185352, 58.857764 ], [ -63.050293, 58.878174 ], [ -63.00835, 58.85542 ], [ -62.926074, 58.765039 ], [ -62.873877, 58.672461 ], [ -63.102344, 58.545752 ], [ -63.218652, 58.519531 ], [ -63.389941, 58.452539 ], [ -63.437939, 58.398828 ], [ -63.537061, 58.329932 ], [ -63.473633, 58.330664 ], [ -63.296484, 58.441211 ], [ -63.209961, 58.466943 ], [ -63.145508, 58.460449 ], [ -63.119531, 58.441748 ], [ -63.132129, 58.41084 ], [ -63.075684, 58.414795 ], [ -62.837402, 58.479395 ], [ -62.737305, 58.492188 ], [ -62.607861, 58.496387 ], [ -62.593848, 58.474023 ], [ -62.674316, 58.319189 ], [ -62.812061, 58.200391 ], [ -63.062793, 58.1271 ], [ -63.15166, 58.08418 ], [ -63.261523, 58.014697 ], [ -63.22002, 58.002148 ], [ -62.980908, 58.093311 ], [ -62.817529, 58.129248 ], [ -62.588086, 58.158105 ], [ -62.48623, 58.154053 ], [ -62.305664, 57.972266 ], [ -62.201514, 57.954639 ], [ -62.117432, 57.964111 ], [ -61.958643, 57.911768 ], [ -61.899072, 57.861328 ], [ -61.914062, 57.825049 ], [ -61.967773, 57.80332 ], [ -61.994922, 57.769434 ], [ -61.93125, 57.668555 ], [ -61.967969, 57.611914 ], [ -62.083984, 57.561914 ], [ -62.166895, 57.536572 ], [ -62.253613, 57.52876 ], [ -62.338574, 57.484521 ], [ -62.377148, 57.477979 ], [ -62.495557, 57.489209 ], [ -62.45498, 57.461963 ], [ -62.396484, 57.448193 ], [ -62.303223, 57.440674 ], [ -62.194238, 57.45459 ], [ -62.088086, 57.452832 ], [ -61.921143, 57.420801 ], [ -61.851074, 57.381299 ], [ -61.849805, 57.37041 ], [ -61.88584, 57.347852 ], [ -61.938867, 57.274365 ], [ -61.977441, 57.247949 ], [ -61.944531, 57.228125 ], [ -61.86084, 57.197559 ], [ -61.79834, 57.18623 ], [ -61.716309, 57.196191 ], [ -61.628516, 57.183154 ], [ -61.33374, 57.010596 ], [ -61.345752, 56.921582 ], [ -61.390479, 56.852979 ], [ -61.372803, 56.77583 ], [ -61.371631, 56.680811 ], [ -61.531689, 56.65459 ], [ -62.0625, 56.699072 ], [ -62.366113, 56.766992 ], [ -62.381738, 56.787695 ], [ -62.295801, 56.832812 ], [ -62.372021, 56.836182 ], [ -62.460205, 56.818457 ], [ -62.497266, 56.801709 ], [ -62.395508, 56.730029 ], [ -62.116504, 56.666846 ], [ -61.991602, 56.59082 ], [ -61.854932, 56.584277 ], [ -61.813379, 56.570508 ], [ -61.737744, 56.526025 ], [ -61.760059, 56.510742 ], [ -61.899414, 56.50542 ], [ -62.009668, 56.453857 ], [ -61.94043, 56.423584 ], [ -61.69248, 56.39707 ], [ -61.5146, 56.390332 ], [ -61.425293, 56.360645 ], [ -61.498682, 56.327588 ], [ -61.707129, 56.288721 ], [ -61.713086, 56.230957 ], [ -61.558594, 56.207813 ], [ -61.421094, 56.221826 ], [ -61.364697, 56.216016 ], [ -61.324414, 56.076221 ], [ -61.301123, 56.047168 ], [ -61.448926, 56.022363 ], [ -61.449512, 55.995703 ], [ -61.35127, 55.973682 ], [ -61.187891, 55.955371 ], [ -61.133887, 55.930273 ], [ -61.122998, 55.888574 ], [ -61.089355, 55.866357 ], [ -60.995752, 55.862354 ], [ -60.892676, 55.914209 ], [ -60.831836, 55.957861 ], [ -60.743262, 55.941455 ], [ -60.736621, 55.886963 ], [ -60.630957, 55.825 ], [ -60.592578, 55.814844 ], [ -60.562109, 55.727002 ], [ -60.47583, 55.805127 ], [ -60.412598, 55.788574 ], [ -60.341016, 55.784668 ], [ -60.36543, 55.709082 ], [ -60.408301, 55.649561 ], [ -60.351953, 55.612354 ], [ -60.308301, 55.556982 ], [ -60.192383, 55.480908 ], [ -60.224023, 55.444385 ], [ -60.360937, 55.366309 ], [ -60.433105, 55.242773 ], [ -60.450098, 55.199951 ], [ -60.520508, 55.129004 ], [ -60.617139, 55.060205 ], [ -60.556543, 55.06748 ], [ -60.340771, 55.193945 ], [ -60.212549, 55.236426 ], [ -59.930322, 55.259424 ], [ -59.862109, 55.294873 ], [ -59.758789, 55.30957 ], [ -59.695508, 55.269141 ], [ -59.689062, 55.196338 ], [ -59.605469, 55.17334 ], [ -59.517676, 55.197363 ], [ -59.437891, 55.175928 ], [ -59.48584, 55.130176 ], [ -59.741699, 54.942578 ], [ -59.816406, 54.867236 ], [ -59.837793, 54.813965 ], [ -59.749902, 54.887012 ], [ -59.428564, 55.055518 ], [ -59.394189, 55.080713 ], [ -59.32417, 55.152832 ], [ -59.25957, 55.199951 ], [ -59.086328, 55.183252 ], [ -58.997119, 55.149463 ], [ -58.955811, 55.055078 ], [ -58.885791, 54.952246 ], [ -58.780176, 54.838379 ], [ -58.499902, 54.783105 ], [ -58.398145, 54.774121 ], [ -58.222852, 54.812695 ], [ -58.195264, 54.865918 ], [ -58.058496, 54.882227 ], [ -57.962451, 54.875732 ], [ -57.929297, 54.773145 ], [ -57.826855, 54.718652 ], [ -57.724902, 54.67373 ], [ -57.626611, 54.650342 ], [ -57.483008, 54.640283 ], [ -57.404492, 54.590869 ], [ -57.404443, 54.57041 ], [ -57.485352, 54.51748 ], [ -57.563232, 54.44043 ], [ -57.699268, 54.386572 ], [ -57.889111, 54.384082 ], [ -58.151367, 54.350439 ], [ -58.161914, 54.319971 ], [ -58.219727, 54.286475 ], [ -58.359131, 54.25332 ], [ -58.435205, 54.228125 ], [ -58.558398, 54.102979 ], [ -58.633203, 54.049561 ], [ -58.719434, 54.039404 ], [ -58.84082, 54.044482 ], [ -58.920215, 54.033105 ], [ -58.978467, 54.010254 ], [ -59.012646, 53.97627 ], [ -59.038818, 53.963623 ], [ -59.201416, 53.929102 ], [ -59.496533, 53.83418 ], [ -59.652686, 53.83125 ], [ -59.749463, 53.842285 ], [ -59.823047, 53.834424 ], [ -59.87334, 53.807764 ], [ -60.01416, 53.761572 ], [ -60.056543, 53.73335 ], [ -60.081348, 53.701025 ], [ -60.100488, 53.634229 ], [ -60.117285, 53.610107 ], [ -60.144922, 53.596143 ], [ -60.26333, 53.610059 ], [ -60.39541, 53.65332 ], [ -60.369531, 53.607471 ], [ -60.160254, 53.52998 ], [ -60.100293, 53.486963 ], [ -60.157129, 53.449805 ], [ -60.290283, 53.391455 ], [ -60.305762, 53.360107 ], [ -60.251172, 53.343555 ], [ -60.272705, 53.31709 ], [ -60.345703, 53.289014 ], [ -60.3375, 53.277441 ], [ -60.329492, 53.266113 ], [ -60.14834, 53.306543 ], [ -59.987109, 53.392822 ], [ -59.881738, 53.480078 ], [ -59.829053, 53.504541 ], [ -59.621094, 53.536816 ], [ -59.498145, 53.574756 ], [ -59.322266, 53.64375 ], [ -59.129395, 53.743945 ], [ -58.91958, 53.875293 ], [ -58.652051, 53.977881 ], [ -58.326709, 54.051807 ], [ -58.088086, 54.089502 ], [ -57.935986, 54.091162 ], [ -57.928271, 54.103564 ], [ -58.064844, 54.126758 ], [ -58.177441, 54.131299 ], [ -58.31748, 54.114453 ], [ -58.360791, 54.154492 ], [ -58.356152, 54.171924 ], [ -58.309961, 54.20166 ], [ -58.19209, 54.228174 ], [ -57.614941, 54.191113 ], [ -57.416064, 54.162744 ], [ -57.198877, 53.924365 ], [ -57.148975, 53.847705 ], [ -57.134961, 53.791846 ], [ -57.156934, 53.756885 ], [ -57.243994, 53.715479 ], [ -57.489453, 53.633105 ], [ -57.524072, 53.611426 ], [ -57.527344, 53.599902 ], [ -57.420215, 53.583252 ], [ -57.386133, 53.560547 ], [ -57.331738, 53.469092 ], [ -57.221387, 53.528516 ], [ -57.012158, 53.672607 ], [ -56.840869, 53.739453 ], [ -56.696582, 53.757666 ], [ -56.524316, 53.766455 ], [ -56.46499, 53.765039 ], [ -56.444336, 53.718311 ], [ -56.354004, 53.624463 ], [ -56.270215, 53.600098 ], [ -56.110156, 53.587598 ], [ -55.966113, 53.471143 ], [ -55.91123, 53.39082 ], [ -55.859375, 53.343896 ], [ -55.863379, 53.312256 ], [ -55.854785, 53.28584 ], [ -55.816895, 53.245752 ], [ -55.797949, 53.211963 ], [ -55.808203, 53.134668 ], [ -55.892334, 53.000439 ], [ -55.829883, 52.878418 ], [ -55.85791, 52.823389 ], [ -55.87251, 52.735693 ], [ -55.818652, 52.677148 ], [ -55.802832, 52.643164 ], [ -55.848437, 52.62334 ], [ -56.166992, 52.574756 ], [ -56.292383, 52.573779 ], [ -56.324902, 52.544531 ], [ -56.228418, 52.535986 ], [ -56.052588, 52.537402 ], [ -55.840186, 52.507617 ], [ -55.746484, 52.474561 ], [ -55.705957, 52.428271 ], [ -55.716211, 52.391504 ], [ -55.777148, 52.364258 ], [ -55.89668, 52.36958 ], [ -56.011719, 52.394482 ], [ -56.004639, 52.37041 ], [ -55.833643, 52.3104 ], [ -55.783496, 52.279932 ], [ -55.691064, 52.241602 ], [ -55.672803, 52.190137 ], [ -55.695215, 52.137793 ], [ -56.01748, 51.929297 ], [ -56.282568, 51.79707 ], [ -56.548584, 51.681006 ], [ -56.975977, 51.457666 ], [ -57.018262, 51.446777 ], [ -57.095605, 51.442529 ], [ -57.299219, 51.478271 ], [ -57.46167, 51.469092 ], [ -57.76958, 51.425928 ], [ -57.85376, 51.399512 ], [ -58.022656, 51.32207 ], [ -58.089404, 51.310986 ], [ -58.270459, 51.295215 ], [ -58.442285, 51.305908 ], [ -58.510352, 51.295068 ], [ -58.593262, 51.257129 ], [ -58.614746, 51.237061 ], [ -58.637598, 51.17168 ], [ -59.054932, 50.879102 ], [ -59.165381, 50.779883 ], [ -59.378027, 50.675439 ], [ -59.611914, 50.49209 ], [ -59.815332, 50.418262 ], [ -59.886328, 50.316406 ], [ -60.080176, 50.25459 ], [ -60.438086, 50.238867 ], [ -60.608203, 50.221143 ], [ -60.807227, 50.249805 ], [ -60.956299, 50.20542 ], [ -61.180713, 50.191504 ], [ -61.289746, 50.201953 ], [ -61.724854, 50.104053 ], [ -61.835352, 50.196973 ], [ -61.919531, 50.232861 ], [ -62.165234, 50.238916 ], [ -62.36167, 50.277295 ], [ -62.540918, 50.284521 ], [ -62.71543, 50.30166 ], [ -62.830225, 50.301465 ], [ -62.949756, 50.291357 ], [ -63.135645, 50.293799 ], [ -63.238623, 50.242578 ], [ -63.58667, 50.258203 ], [ -63.733594, 50.304639 ], [ -63.853955, 50.314355 ], [ -64.01582, 50.303955 ], [ -64.17041, 50.269434 ], [ -64.508936, 50.308936 ], [ -64.867871, 50.275488 ], [ -65.180908, 50.2979 ], [ -65.268604, 50.32002 ], [ -65.762451, 50.259277 ], [ -65.955371, 50.294141 ], [ -66.125537, 50.201025 ], [ -66.242187, 50.220361 ], [ -66.368848, 50.206641 ], [ -66.411084, 50.224268 ], [ -66.495508, 50.211865 ], [ -66.550049, 50.161182 ], [ -66.621729, 50.15542 ], [ -66.740869, 50.065527 ], [ -66.941162, 49.993701 ], [ -67.234375, 49.601758 ], [ -67.261914, 49.451172 ], [ -67.372021, 49.348438 ], [ -67.469238, 49.334619 ], [ -67.549268, 49.332275 ], [ -68.05625, 49.256787 ], [ -68.281934, 49.197168 ], [ -68.220605, 49.149658 ], [ -68.294531, 49.114355 ], [ -68.414404, 49.099512 ], [ -68.543848, 49.056152 ], [ -68.627881, 49.007178 ], [ -68.669043, 48.939502 ], [ -68.929053, 48.828955 ], [ -69.230762, 48.573633 ], [ -69.374951, 48.386426 ], [ -69.550098, 48.250781 ], [ -69.673877, 48.19917 ], [ -69.761914, 48.191162 ], [ -69.851709, 48.207373 ], [ -70.001025, 48.270947 ], [ -70.110645, 48.277979 ], [ -70.383691, 48.366504 ], [ -71.018262, 48.455615 ], [ -70.922607, 48.422314 ], [ -70.83877, 48.367383 ], [ -70.671094, 48.353223 ], [ -70.500635, 48.354346 ], [ -70.145312, 48.243555 ], [ -69.971191, 48.205762 ], [ -69.865527, 48.172266 ], [ -69.775, 48.098096 ], [ -69.839844, 47.952588 ], [ -69.905566, 47.832227 ], [ -69.994434, 47.739893 ], [ -70.300098, 47.503027 ], [ -70.448047, 47.423438 ], [ -70.705859, 47.139795 ], [ -70.972705, 47.006689 ], [ -71.115625, 46.924951 ], [ -71.267773, 46.795947 ], [ -71.624756, 46.698389 ], [ -71.757275, 46.673584 ], [ -71.87959, 46.686816 ], [ -72.028467, 46.607422 ], [ -72.204639, 46.558887 ], [ -72.256641, 46.485059 ], [ -72.680127, 46.287305 ], [ -72.842676, 46.262402 ], [ -72.981006, 46.209717 ], [ -73.021924, 46.120264 ], [ -73.14541, 46.066309 ], [ -73.179687, 46.025 ], [ -73.283545, 45.899854 ], [ -73.476611, 45.738232 ], [ -73.711865, 45.711182 ], [ -73.797852, 45.654932 ], [ -73.897412, 45.56416 ], [ -74.037842, 45.501855 ], [ -74.315088, 45.531055 ], [ -74.247656, 45.492871 ], [ -73.999609, 45.43335 ], [ -73.973828, 45.345117 ], [ -74.098096, 45.324023 ], [ -74.358301, 45.206396 ], [ -74.708887, 45.003857 ], [ -74.762451, 44.999072 ], [ -74.856641, 45.003906 ], [ -74.996143, 44.970117 ], [ -75.179395, 44.899365 ], [ -75.40127, 44.772266 ], [ -75.791943, 44.49707 ], [ -75.819336, 44.468018 ], [ -75.875928, 44.416992 ], [ -76.020215, 44.362598 ], [ -76.151172, 44.303955 ], [ -76.185791, 44.242236 ], [ -76.248535, 44.214111 ], [ -76.4646, 44.057617 ], [ -76.586133, 43.924316 ], [ -76.696484, 43.784814 ], [ -76.819971, 43.628809 ], [ -77.07334, 43.626855 ], [ -77.266699, 43.62749 ], [ -77.596533, 43.628613 ], [ -77.879248, 43.629541 ], [ -78.214795, 43.630664 ], [ -78.458252, 43.631494 ], [ -78.72041, 43.624951 ], [ -78.845557, 43.58335 ], [ -79.00249, 43.527148 ], [ -79.171875, 43.466553 ], [ -79.083057, 43.331396 ], [ -79.059229, 43.278076 ], [ -79.066064, 43.106104 ], [ -79.047998, 43.087305 ], [ -79.029053, 43.061768 ], [ -79.026172, 43.017334 ], [ -79.01167, 42.997021 ], [ -78.980762, 42.980615 ], [ -78.945996, 42.961328 ], [ -78.92085, 42.935205 ], [ -78.915088, 42.909131 ], [ -78.939258, 42.863721 ], [ -79.036719, 42.802344 ], [ -79.17373, 42.748535 ], [ -79.44624, 42.651465 ], [ -79.762012, 42.538965 ], [ -80.035742, 42.441455 ], [ -80.247559, 42.366016 ], [ -80.682617, 42.299756 ], [ -81.028223, 42.247168 ], [ -81.277637, 42.20918 ], [ -81.507324, 42.103467 ], [ -81.760937, 41.986816 ], [ -81.97417, 41.888721 ], [ -82.21333, 41.778711 ], [ -82.439062, 41.674854 ], [ -82.690039, 41.675195 ], [ -82.866211, 41.753027 ], [ -83.02998, 41.832959 ], [ -83.141943, 41.975879 ], [ -83.149658, 42.141943 ], [ -83.109521, 42.250684 ], [ -83.073145, 42.300293 ], [ -83.003711, 42.331738 ], [ -82.867773, 42.385205 ], [ -82.744189, 42.493457 ], [ -82.645117, 42.558057 ], [ -82.545312, 42.624707 ], [ -82.48833, 42.739502 ], [ -82.417236, 43.017383 ], [ -82.408203, 43.072656 ], [ -82.304785, 43.263232 ], [ -82.190381, 43.474072 ], [ -82.137842, 43.570898 ], [ -82.196582, 43.822217 ], [ -82.240771, 44.015332 ], [ -82.28125, 44.192236 ], [ -82.326807, 44.391553 ], [ -82.368262, 44.572998 ], [ -82.407373, 44.743945 ], [ -82.446582, 44.915527 ], [ -82.485059, 45.08374 ], [ -82.515234, 45.204395 ], [ -82.551074, 45.347363 ], [ -82.7604, 45.447705 ], [ -82.919336, 45.517969 ], [ -83.179297, 45.632764 ], [ -83.397314, 45.729053 ], [ -83.592676, 45.817139 ], [ -83.469482, 45.994678 ], [ -83.480127, 46.02373 ], [ -83.524756, 46.058691 ], [ -83.615967, 46.116846 ], [ -83.669287, 46.122754 ], [ -83.763184, 46.109082 ], [ -83.913037, 46.0729 ], [ -83.977783, 46.084912 ], [ -84.029199, 46.147021 ], [ -84.088379, 46.226514 ], [ -84.107764, 46.288623 ], [ -84.115186, 46.370801 ], [ -84.150488, 46.444775 ], [ -84.128125, 46.483594 ], [ -84.123193, 46.50293 ], [ -84.125195, 46.527246 ], [ -84.149463, 46.542773 ], [ -84.192187, 46.549561 ], [ -84.336719, 46.518506 ], [ -84.401709, 46.515625 ], [ -84.440479, 46.498145 ], [ -84.501562, 46.461865 ], [ -84.561768, 46.457373 ], [ -84.665771, 46.543262 ], [ -84.779395, 46.637305 ], [ -84.827051, 46.766846 ], [ -84.875977, 46.899902 ], [ -85.070068, 46.979932 ], [ -85.264111, 47.059961 ], [ -85.458203, 47.139941 ], [ -85.652246, 47.219971 ], [ -85.846338, 47.3 ], [ -86.040381, 47.380029 ], [ -86.234473, 47.460059 ], [ -86.428564, 47.540088 ], [ -86.495557, 47.566602 ], [ -86.672168, 47.636426 ], [ -86.921826, 47.735205 ], [ -87.208008, 47.848486 ], [ -87.494238, 47.961768 ], [ -87.743896, 48.060547 ], [ -87.920508, 48.130371 ], [ -87.987451, 48.156885 ], [ -88.160645, 48.225391 ], [ -88.378174, 48.303076 ], [ -88.611768, 48.264014 ], [ -88.898682, 48.155713 ], [ -89.062598, 48.093799 ], [ -89.185645, 48.047412 ], [ -89.273193, 48.019971 ], [ -89.455664, 47.99624 ], [ -89.550586, 47.999902 ], [ -89.775391, 48.015332 ], [ -89.901025, 47.995459 ], [ -89.993652, 48.015332 ], [ -90.039941, 48.078174 ], [ -90.091797, 48.118115 ], [ -90.320117, 48.09917 ], [ -90.60708, 48.112598 ], [ -90.744385, 48.10459 ], [ -90.797314, 48.131055 ], [ -90.840332, 48.200537 ], [ -90.916064, 48.209131 ], [ -91.043457, 48.193701 ], [ -91.220654, 48.10459 ], [ -91.387207, 48.058545 ], [ -91.518311, 48.058301 ], [ -91.647314, 48.10459 ], [ -91.858398, 48.197559 ], [ -92.005176, 48.301855 ], [ -92.171777, 48.338379 ], [ -92.298682, 48.328906 ], [ -92.348437, 48.276611 ], [ -92.4146, 48.276611 ], [ -92.460889, 48.365869 ], [ -92.500586, 48.435352 ], [ -92.583252, 48.465088 ], [ -92.732666, 48.531836 ], [ -92.836719, 48.567773 ], [ -92.99624, 48.611816 ], [ -93.051709, 48.619873 ], [ -93.155225, 48.625342 ], [ -93.257959, 48.628857 ], [ -93.377881, 48.616553 ], [ -93.463623, 48.561279 ], [ -93.564258, 48.536914 ], [ -93.707715, 48.525439 ], [ -93.803564, 48.548926 ], [ -93.851611, 48.607275 ], [ -94.055176, 48.659033 ], [ -94.41416, 48.704102 ], [ -94.620898, 48.742627 ], [ -94.675342, 48.774414 ], [ -94.705078, 48.808496 ], [ -94.712549, 48.862988 ], [ -94.712793, 48.863428 ], [ -94.803467, 49.00293 ], [ -94.842578, 49.119189 ], [ -94.8604, 49.258594 ], [ -94.854346, 49.30459 ], [ -94.874805, 49.319043 ], [ -94.939355, 49.349414 ], [ -95.155273, 49.369678 ], [ -95.158252, 49.203076 ], [ -95.162061, 48.991748 ], [ -95.3979, 48.993164 ], [ -95.824316, 48.993164 ], [ -96.250684, 48.993164 ], [ -96.677051, 48.993164 ], [ -97.103467, 48.993164 ], [ -97.529834, 48.993164 ], [ -97.956201, 48.993164 ], [ -98.382617, 48.993164 ], [ -98.808984, 48.993164 ], [ -99.235352, 48.993115 ], [ -99.661719, 48.993115 ], [ -100.088135, 48.993115 ], [ -100.514502, 48.993115 ], [ -100.940869, 48.993115 ], [ -101.367285, 48.993115 ], [ -101.793652, 48.993115 ], [ -102.22002, 48.993115 ], [ -102.646436, 48.993115 ], [ -103.072803, 48.993115 ], [ -103.49917, 48.993115 ], [ -103.925586, 48.993115 ], [ -104.351953, 48.993115 ], [ -104.77832, 48.993115 ], [ -105.204687, 48.993115 ], [ -105.631104, 48.993115 ], [ -106.057471, 48.993115 ], [ -106.483838, 48.993115 ], [ -106.910254, 48.993115 ], [ -107.336621, 48.993115 ], [ -107.762988, 48.993115 ], [ -108.189404, 48.993115 ], [ -108.615771, 48.993115 ], [ -109.042139, 48.993115 ], [ -109.468555, 48.993066 ], [ -109.894922, 48.993066 ], [ -110.321289, 48.993066 ], [ -110.747656, 48.993066 ], [ -111.174072, 48.993066 ], [ -111.600439, 48.993066 ], [ -112.026807, 48.993066 ], [ -112.453223, 48.993066 ], [ -112.87959, 48.993066 ], [ -113.305957, 48.993066 ], [ -113.732373, 48.993066 ], [ -114.15874, 48.993066 ], [ -114.585107, 48.993066 ], [ -115.011523, 48.993066 ], [ -115.437891, 48.993066 ], [ -115.864258, 48.993066 ], [ -116.290625, 48.993066 ], [ -116.717041, 48.993066 ], [ -117.143408, 48.993066 ], [ -117.569775, 48.993066 ], [ -117.996191, 48.993066 ], [ -118.422559, 48.993066 ], [ -118.848926, 48.993066 ], [ -119.275342, 48.993066 ], [ -119.701709, 48.993018 ], [ -120.128076, 48.993018 ], [ -120.554492, 48.993018 ], [ -120.980859, 48.993018 ], [ -121.407227, 48.993018 ], [ -121.833594, 48.993018 ], [ -122.26001, 48.993018 ], [ -122.686377, 48.993018 ], [ -122.78877, 48.993018 ], [ -122.826709, 49.028418 ], [ -122.92417, 49.074658 ], [ -122.962695, 49.074609 ], [ -123.002295, 49.060889 ], [ -123.027246, 49.038525 ], [ -123.049219, 48.993018 ], [ -123.063281, 48.977734 ], [ -123.077295, 48.980225 ], [ -123.086426, 48.993018 ], [ -123.117627, 49.056348 ], [ -123.109326, 49.084619 ], [ -123.077295, 49.118359 ], [ -123.079541, 49.130615 ], [ -123.150146, 49.121045 ], [ -123.181885, 49.129492 ], [ -123.196338, 49.147705 ], [ -123.191064, 49.219531 ], [ -123.229443, 49.260498 ], [ -123.183936, 49.277734 ], [ -123.067285, 49.291553 ], [ -122.947656, 49.293262 ], [ -122.912988, 49.323193 ], [ -122.879102, 49.398926 ], [ -122.964453, 49.329346 ], [ -123.015527, 49.322168 ], [ -123.174268, 49.348193 ], [ -123.276758, 49.343945 ], [ -123.290527, 49.359473 ], [ -123.286279, 49.374951 ], [ -123.264063, 49.390479 ], [ -123.247705, 49.443018 ], [ -123.222998, 49.590479 ], [ -123.190674, 49.644287 ], [ -123.17959, 49.673535 ], [ -123.1875, 49.680322 ], [ -123.325, 49.577686 ], [ -123.33667, 49.545117 ], [ -123.322412, 49.516992 ], [ -123.335645, 49.45918 ], [ -123.398975, 49.441895 ], [ -123.436963, 49.451318 ], [ -123.508203, 49.402441 ], [ -123.530566, 49.397314 ], [ -123.858936, 49.482861 ], [ -123.891846, 49.494727 ], [ -123.948389, 49.534717 ], [ -124.028613, 49.602881 ], [ -124.053809, 49.661719 ], [ -124.024023, 49.711328 ], [ -123.992627, 49.736182 ], [ -123.959521, 49.736182 ], [ -123.922754, 49.717529 ], [ -123.847119, 49.63667 ], [ -123.817187, 49.586572 ], [ -123.739062, 49.593555 ], [ -123.612744, 49.657568 ], [ -123.582471, 49.68125 ], [ -123.708301, 49.656934 ], [ -123.762695, 49.658496 ], [ -123.818018, 49.685156 ], [ -123.874414, 49.736816 ], [ -123.903809, 49.795459 ], [ -123.904248, 49.981152 ], [ -123.884961, 50.017041 ], [ -123.823828, 50.043701 ], [ -123.784668, 50.087988 ], [ -123.787695, 50.106738 ], [ -123.825439, 50.144238 ], [ -123.880127, 50.173633 ], [ -123.933594, 50.188281 ], [ -123.945898, 50.183936 ], [ -123.863037, 50.102588 ], [ -123.865723, 50.07207 ], [ -123.957422, 49.992773 ], [ -123.971387, 49.969531 ], [ -123.972119, 49.892041 ], [ -123.984912, 49.875586 ], [ -124.058789, 49.853662 ], [ -124.141602, 49.792676 ], [ -124.28125, 49.772119 ], [ -124.412598, 49.778125 ], [ -124.483252, 49.808203 ], [ -124.702295, 49.957666 ], [ -124.782373, 50.020117 ], [ -124.784277, 50.072803 ], [ -124.93418, 50.258057 ], [ -124.93335, 50.2979 ], [ -124.985596, 50.355615 ], [ -125.043604, 50.36377 ], [ -125.056689, 50.418652 ], [ -124.936816, 50.537402 ], [ -124.862646, 50.637305 ], [ -124.854248, 50.668652 ], [ -124.85752, 50.717334 ], [ -124.875439, 50.825635 ], [ -124.859863, 50.872412 ], [ -124.933594, 50.810596 ], [ -124.949268, 50.764697 ], [ -124.931055, 50.718408 ], [ -124.942529, 50.665674 ], [ -124.9854, 50.591943 ], [ -125.058789, 50.513867 ], [ -125.209863, 50.476318 ], [ -125.476318, 50.497168 ], [ -125.507178, 50.507275 ], [ -125.525977, 50.534131 ], [ -125.539355, 50.649023 ], [ -125.555566, 50.634863 ], [ -125.58584, 50.573633 ], [ -125.610156, 50.486035 ], [ -125.641309, 50.466211 ], [ -125.697559, 50.464551 ], [ -125.741211, 50.478564 ], [ -125.772412, 50.508203 ], [ -125.8396, 50.510645 ], [ -125.965039, 50.487354 ], [ -126.024121, 50.496729 ], [ -126.094336, 50.497607 ], [ -126.236572, 50.523291 ], [ -126.404492, 50.529883 ], [ -126.449951, 50.549707 ], [ -126.447461, 50.587744 ], [ -126.416113, 50.606982 ], [ -126.238916, 50.623828 ], [ -126.067236, 50.664307 ], [ -125.897607, 50.684375 ], [ -125.904102, 50.704932 ], [ -125.980713, 50.711377 ], [ -126.370313, 50.666748 ], [ -126.492969, 50.672119 ], [ -126.514355, 50.679395 ], [ -126.517334, 50.724463 ], [ -126.472217, 50.767285 ], [ -126.397119, 50.80708 ], [ -126.374609, 50.837354 ], [ -126.418213, 50.850195 ], [ -126.488184, 50.841846 ], [ -126.521777, 50.866064 ], [ -126.484619, 50.960498 ], [ -126.517334, 51.056836 ], [ -126.562891, 50.965479 ], [ -126.631787, 50.915137 ], [ -126.9604, 50.893701 ], [ -127.014062, 50.866797 ], [ -127.057568, 50.867529 ], [ -127.26748, 50.916064 ], [ -127.356934, 50.945557 ], [ -127.441211, 50.989404 ], [ -127.590869, 51.087549 ], [ -127.708105, 51.151172 ], [ -127.714307, 51.268652 ], [ -127.68916, 51.343457 ], [ -127.632715, 51.427295 ], [ -127.419678, 51.608057 ], [ -127.346582, 51.642383 ], [ -127.280664, 51.654102 ], [ -126.968115, 51.669922 ], [ -126.7354, 51.692627 ], [ -126.691455, 51.703418 ], [ -127.034082, 51.716699 ], [ -127.338721, 51.707373 ], [ -127.442725, 51.678955 ], [ -127.575732, 51.562939 ], [ -127.60957, 51.514063 ], [ -127.644873, 51.478467 ], [ -127.668701, 51.477588 ], [ -127.714063, 51.490186 ], [ -127.728711, 51.505518 ], [ -127.74751, 51.543555 ], [ -127.818945, 51.603906 ], [ -127.850537, 51.673193 ], [ -127.869141, 51.775244 ], [ -127.863232, 51.820801 ], [ -127.82998, 51.879004 ], [ -127.727637, 51.993213 ], [ -127.858789, 51.990283 ], [ -127.843311, 52.086475 ], [ -127.795361, 52.191016 ], [ -127.67334, 52.25293 ], [ -127.549707, 52.297607 ], [ -127.437939, 52.356152 ], [ -127.242236, 52.395117 ], [ -127.175732, 52.314844 ], [ -127.007959, 52.290674 ], [ -126.959473, 52.254541 ], [ -126.9, 52.18833 ], [ -126.826318, 52.125146 ], [ -126.738574, 52.064941 ], [ -126.713965, 52.060693 ], [ -126.752637, 52.112354 ], [ -126.895215, 52.225488 ], [ -126.901416, 52.265332 ], [ -126.938184, 52.308594 ], [ -127.127051, 52.370947 ], [ -127.160596, 52.394873 ], [ -127.193994, 52.457666 ], [ -127.208252, 52.498242 ], [ -127.187109, 52.537695 ], [ -126.995215, 52.65791 ], [ -126.951318, 52.72124 ], [ -126.951367, 52.751025 ], [ -126.966406, 52.784668 ], [ -127.008252, 52.842578 ], [ -127.019336, 52.84248 ], [ -127.006396, 52.75459 ], [ -127.013232, 52.719971 ], [ -127.034863, 52.681738 ], [ -127.066211, 52.652686 ], [ -127.10708, 52.632812 ], [ -127.519238, 52.359277 ], [ -127.560303, 52.343213 ], [ -127.713379, 52.318506 ], [ -127.791895, 52.289355 ], [ -127.834326, 52.250977 ], [ -127.902197, 52.150879 ], [ -127.99541, 51.950537 ], [ -128.102246, 51.788428 ], [ -128.193555, 51.998291 ], [ -128.357617, 52.158887 ], [ -128.0375, 52.318164 ], [ -128.02915, 52.34248 ], [ -128.060303, 52.427539 ], [ -128.051562, 52.45332 ], [ -128.021289, 52.490674 ], [ -127.940234, 52.545166 ], [ -127.943359, 52.550732 ], [ -128.038232, 52.531152 ], [ -128.183984, 52.40791 ], [ -128.240967, 52.368262 ], [ -128.271533, 52.362988 ], [ -128.275146, 52.435498 ], [ -128.196777, 52.623291 ], [ -128.132373, 52.805811 ], [ -128.108789, 52.858057 ], [ -128.053271, 52.910693 ], [ -128.105957, 52.906885 ], [ -128.365039, 52.825781 ], [ -128.451953, 52.876611 ], [ -128.524707, 53.140674 ], [ -128.652344, 53.243848 ], [ -128.868555, 53.328125 ], [ -129.080908, 53.367285 ], [ -129.129541, 53.442285 ], [ -129.171582, 53.533594 ], [ -129.114453, 53.641113 ], [ -129.021436, 53.692139 ], [ -128.935596, 53.715186 ], [ -128.85459, 53.704541 ], [ -128.850439, 53.665186 ], [ -128.905615, 53.559326 ], [ -128.833057, 53.549414 ], [ -128.542139, 53.420654 ], [ -128.478613, 53.410303 ], [ -128.358057, 53.459814 ], [ -128.291064, 53.457861 ], [ -128.132715, 53.417773 ], [ -128.079199, 53.369434 ], [ -127.927832, 53.274707 ], [ -127.950049, 53.329834 ], [ -128.115137, 53.445947 ], [ -128.207227, 53.483203 ], [ -128.369141, 53.490381 ], [ -128.469629, 53.470898 ], [ -128.511768, 53.476562 ], [ -128.600342, 53.506104 ], [ -128.675537, 53.55459 ], [ -128.750781, 53.66084 ], [ -128.767871, 53.710205 ], [ -128.763672, 53.746875 ], [ -128.745947, 53.780176 ], [ -128.714746, 53.81001 ], [ -128.652881, 53.831641 ], [ -128.560449, 53.845068 ], [ -128.532129, 53.858105 ], [ -128.650879, 53.918848 ], [ -128.704785, 53.918604 ], [ -128.890186, 53.829785 ], [ -128.927832, 53.822803 ], [ -128.943994, 53.840039 ], [ -128.959375, 53.841455 ], [ -129.013965, 53.797461 ], [ -129.056396, 53.777783 ], [ -129.208105, 53.641602 ], [ -129.231738, 53.576416 ], [ -129.240332, 53.479053 ], [ -129.257861, 53.417969 ], [ -129.284277, 53.393164 ], [ -129.462402, 53.346582 ], [ -129.563721, 53.251465 ], [ -129.686719, 53.333545 ], [ -129.821777, 53.412744 ], [ -129.911865, 53.551367 ], [ -130.074365, 53.575635 ], [ -130.263281, 53.65415 ], [ -130.335254, 53.723926 ], [ -130.232861, 53.867432 ], [ -130.085938, 53.975781 ], [ -130.063525, 54.105664 ], [ -130.043311, 54.133545 ], [ -129.790771, 54.165771 ], [ -129.626025, 54.230273 ], [ -129.794971, 54.236133 ], [ -129.898437, 54.226367 ], [ -130.084229, 54.181396 ], [ -130.290332, 54.270361 ], [ -130.396777, 54.35166 ], [ -130.430273, 54.420996 ], [ -130.393457, 54.479639 ], [ -130.388623, 54.539355 ], [ -130.37002, 54.62002 ], [ -130.350488, 54.655322 ], [ -130.307227, 54.700293 ], [ -130.218945, 54.730273 ], [ -130.140869, 54.822754 ], [ -130.108643, 54.887256 ], [ -129.948535, 55.081055 ], [ -129.890137, 55.164648 ], [ -129.780762, 55.280469 ], [ -129.560645, 55.462549 ], [ -129.630127, 55.452246 ], [ -129.66665, 55.43667 ], [ -129.701318, 55.438574 ], [ -129.73418, 55.458008 ], [ -129.765479, 55.498242 ], [ -129.795166, 55.55957 ], [ -129.811914, 55.532617 ], [ -129.815625, 55.417578 ], [ -129.837744, 55.319092 ], [ -129.877148, 55.250635 ], [ -129.985205, 55.111475 ], [ -130.048486, 55.057275 ], [ -130.091797, 55.107764 ], [ -130.058398, 55.194775 ], [ -129.99585, 55.264063 ], [ -129.985156, 55.358838 ], [ -130.044043, 55.471924 ], [ -130.07998, 55.562891 ], [ -130.092969, 55.631836 ], [ -130.094678, 55.694775 ], [ -130.085107, 55.751709 ], [ -130.060352, 55.813721 ], [ -130.020312, 55.880762 ], [ -130.025098, 55.888232 ] ] ], [ [ [ -109.815967, 78.650391 ], [ -109.640967, 78.59209 ], [ -109.580859, 78.593262 ], [ -109.50415, 78.582471 ], [ -109.467285, 78.567188 ], [ -109.362207, 78.492871 ], [ -109.342139, 78.456006 ], [ -109.336035, 78.408447 ], [ -109.3521, 78.368652 ], [ -109.390527, 78.33667 ], [ -109.484473, 78.316406 ], [ -109.708789, 78.30376 ], [ -110.021875, 78.322803 ], [ -110.293457, 78.298193 ], [ -110.418359, 78.294971 ], [ -110.755078, 78.310742 ], [ -110.840039, 78.322314 ], [ -111.026758, 78.367627 ], [ -111.169189, 78.386279 ], [ -111.229004, 78.376318 ], [ -111.300488, 78.336572 ], [ -111.435059, 78.287354 ], [ -111.51748, 78.274707 ], [ -111.759717, 78.282959 ], [ -112.13125, 78.366064 ], [ -112.557812, 78.341504 ], [ -112.999902, 78.29292 ], [ -113.17251, 78.283789 ], [ -113.223047, 78.2979 ], [ -113.292578, 78.334375 ], [ -113.281689, 78.352783 ], [ -113.149951, 78.408398 ], [ -112.855859, 78.466846 ], [ -112.64082, 78.499805 ], [ -112.214014, 78.547803 ], [ -111.708789, 78.574707 ], [ -111.519873, 78.603223 ], [ -111.400342, 78.644043 ], [ -111.071484, 78.708398 ], [ -110.877588, 78.735059 ], [ -110.618066, 78.757812 ], [ -110.407812, 78.756641 ], [ -110.140479, 78.704443 ], [ -109.940869, 78.678467 ], [ -109.815967, 78.650391 ] ] ], [ [ [ -110.458057, 78.103223 ], [ -109.656885, 78.079248 ], [ -109.622266, 78.074756 ], [ -109.619043, 78.056836 ], [ -109.679395, 77.999316 ], [ -109.771777, 77.957422 ], [ -110.199512, 77.904834 ], [ -110.751123, 77.857227 ], [ -110.865625, 77.834131 ], [ -110.856543, 77.820361 ], [ -110.811621, 77.803174 ], [ -110.719385, 77.781445 ], [ -110.292187, 77.786377 ], [ -110.189209, 77.777002 ], [ -110.152734, 77.762939 ], [ -110.130859, 77.742383 ], [ -110.117578, 77.715576 ], [ -110.116895, 77.624707 ], [ -110.139453, 77.572119 ], [ -110.198486, 77.524512 ], [ -110.371533, 77.490625 ], [ -110.682861, 77.445898 ], [ -110.893994, 77.425977 ], [ -111.060449, 77.433154 ], [ -111.226221, 77.428516 ], [ -111.951953, 77.344189 ], [ -112.176514, 77.34375 ], [ -112.372656, 77.364111 ], [ -112.643799, 77.443701 ], [ -112.925635, 77.474951 ], [ -113.046045, 77.510742 ], [ -113.164355, 77.530273 ], [ -113.197119, 77.558838 ], [ -113.208545, 77.580176 ], [ -113.188623, 77.599756 ], [ -113.137402, 77.617529 ], [ -113.120654, 77.632617 ], [ -113.167773, 77.676465 ], [ -113.189502, 77.718311 ], [ -113.271289, 77.778418 ], [ -113.283447, 77.813037 ], [ -113.282959, 77.835645 ], [ -113.269336, 77.860059 ], [ -113.215186, 77.903516 ], [ -113.187061, 77.912354 ], [ -113.021631, 77.919141 ], [ -112.804541, 77.941602 ], [ -112.30459, 78.006787 ], [ -111.206592, 78.088135 ], [ -110.873242, 78.080615 ], [ -110.727344, 78.096582 ], [ -110.458057, 78.103223 ] ] ], [ [ [ -115.55127, 77.363281 ], [ -115.475586, 77.324316 ], [ -115.470215, 77.308643 ], [ -115.506641, 77.292139 ], [ -115.623926, 77.265918 ], [ -116.213721, 77.178223 ], [ -116.329199, 77.137061 ], [ -116.285742, 77.10166 ], [ -116.073096, 77.02998 ], [ -115.856836, 76.969238 ], [ -115.810059, 76.939111 ], [ -115.912891, 76.908447 ], [ -116.109766, 76.918213 ], [ -116.183252, 76.915576 ], [ -116.252734, 76.901416 ], [ -116.233984, 76.874316 ], [ -116.016211, 76.784521 ], [ -115.94458, 76.73623 ], [ -115.946289, 76.711279 ], [ -115.984814, 76.686914 ], [ -116.076221, 76.653516 ], [ -116.220459, 76.611084 ], [ -116.467627, 76.577148 ], [ -116.999219, 76.531592 ], [ -117.016797, 76.496094 ], [ -117.013281, 76.469092 ], [ -117.026172, 76.403516 ], [ -117.044482, 76.373096 ], [ -117.107764, 76.321924 ], [ -117.153906, 76.297998 ], [ -117.233594, 76.281543 ], [ -117.346924, 76.272559 ], [ -117.492383, 76.272705 ], [ -117.732422, 76.316748 ], [ -117.841406, 76.344824 ], [ -117.992969, 76.405811 ], [ -118.020215, 76.446533 ], [ -118.00542, 76.49668 ], [ -117.96543, 76.574023 ], [ -117.899512, 76.653076 ], [ -117.807617, 76.733936 ], [ -117.780469, 76.784277 ], [ -117.81792, 76.804102 ], [ -117.880811, 76.805078 ], [ -118.076416, 76.772363 ], [ -118.202783, 76.760498 ], [ -118.300586, 76.73667 ], [ -118.369873, 76.700977 ], [ -118.409131, 76.662305 ], [ -118.431006, 76.587988 ], [ -118.468164, 76.547363 ], [ -118.573682, 76.525195 ], [ -118.731543, 76.525586 ], [ -118.791406, 76.512988 ], [ -118.820752, 76.48584 ], [ -118.799561, 76.46377 ], [ -118.643896, 76.417529 ], [ -118.624512, 76.365869 ], [ -118.643408, 76.334668 ], [ -118.811572, 76.2771 ], [ -118.851123, 76.257812 ], [ -118.955469, 76.167676 ], [ -118.993945, 76.144873 ], [ -119.080713, 76.124072 ], [ -119.168213, 76.126514 ], [ -119.249268, 76.159473 ], [ -119.36792, 76.221777 ], [ -119.447803, 76.275391 ], [ -119.488818, 76.320312 ], [ -119.52373, 76.340283 ], [ -119.580371, 76.326514 ], [ -119.648926, 76.279883 ], [ -119.650781, 76.243701 ], [ -119.63584, 76.189893 ], [ -119.639648, 76.156689 ], [ -119.739648, 76.117725 ], [ -119.725195, 76.099951 ], [ -119.549707, 76.052051 ], [ -119.527148, 76.030566 ], [ -119.526123, 75.997217 ], [ -119.537744, 75.982178 ], [ -119.607959, 75.98457 ], [ -119.667139, 75.945996 ], [ -119.734814, 75.91543 ], [ -119.912891, 75.858838 ], [ -120.160547, 75.851953 ], [ -120.365381, 75.824756 ], [ -120.408887, 75.825635 ], [ -120.458301, 75.870166 ], [ -120.513818, 75.95835 ], [ -120.563281, 76.008447 ], [ -120.637158, 76.034033 ], [ -120.728662, 76.134082 ], [ -120.771582, 76.166309 ], [ -120.813379, 76.179297 ], [ -120.848389, 76.182666 ], [ -120.900098, 76.163428 ], [ -121.019287, 76.020264 ], [ -121.213477, 75.983691 ], [ -121.320166, 75.977002 ], [ -121.427979, 75.981104 ], [ -121.694531, 76.020313 ], [ -121.908203, 76.034766 ], [ -122.057422, 76.018213 ], [ -122.302734, 75.959814 ], [ -122.400488, 75.944238 ], [ -122.533057, 75.950928 ], [ -122.591113, 75.972998 ], [ -122.640479, 76.009082 ], [ -122.645947, 76.031006 ], [ -122.607373, 76.038672 ], [ -122.54624, 76.080518 ], [ -122.548193, 76.097314 ], [ -122.608643, 76.121436 ], [ -122.609473, 76.140283 ], [ -122.587891, 76.152979 ], [ -122.592725, 76.162061 ], [ -122.623926, 76.16748 ], [ -122.684668, 76.162402 ], [ -122.902783, 76.134717 ], [ -122.878271, 76.164795 ], [ -122.774023, 76.227686 ], [ -122.519385, 76.353174 ], [ -122.423047, 76.390088 ], [ -122.365381, 76.401221 ], [ -121.61377, 76.441455 ], [ -121.561133, 76.453467 ], [ -121.203906, 76.622168 ], [ -121.102002, 76.660742 ], [ -120.997607, 76.691455 ], [ -120.485352, 76.793213 ], [ -120.437598, 76.816455 ], [ -120.357666, 76.886914 ], [ -120.310937, 76.90459 ], [ -120.200342, 76.931348 ], [ -119.831152, 77.073877 ], [ -119.494824, 77.176904 ], [ -119.323975, 77.240674 ], [ -119.090186, 77.305078 ], [ -118.82002, 77.332715 ], [ -118.005176, 77.381201 ], [ -117.418604, 77.317383 ], [ -117.279102, 77.313379 ], [ -117.210791, 77.331445 ], [ -117.148975, 77.36084 ], [ -117.061377, 77.348486 ], [ -116.843555, 77.339551 ], [ -116.795312, 77.346582 ], [ -116.703613, 77.379932 ], [ -116.76626, 77.398242 ], [ -117.029785, 77.431885 ], [ -117.045752, 77.448975 ], [ -117.039746, 77.465137 ], [ -116.947168, 77.503857 ], [ -116.835303, 77.528857 ], [ -116.511328, 77.547607 ], [ -116.362598, 77.542822 ], [ -116.208887, 77.516016 ], [ -116.008008, 77.460645 ], [ -115.55127, 77.363281 ] ] ], [ [ [ -108.292383, 76.057129 ], [ -108.166309, 76.054297 ], [ -108.01875, 76.065234 ], [ -107.852295, 76.057715 ], [ -107.776855, 76.035303 ], [ -107.723486, 75.99541 ], [ -107.721289, 75.974023 ], [ -107.731836, 75.955615 ], [ -107.755176, 75.940283 ], [ -107.97041, 75.8396 ], [ -108.020703, 75.804785 ], [ -107.951074, 75.796289 ], [ -107.917529, 75.802148 ], [ -107.702588, 75.877588 ], [ -107.540918, 75.901172 ], [ -107.418262, 75.906592 ], [ -107.216211, 75.891553 ], [ -107.135693, 75.878564 ], [ -107.08042, 75.863184 ], [ -107.050391, 75.84541 ], [ -106.970947, 75.773096 ], [ -106.913525, 75.679639 ], [ -106.904199, 75.689258 ], [ -106.902783, 75.74165 ], [ -106.891699, 75.782422 ], [ -106.693115, 75.809961 ], [ -106.688086, 75.819043 ], [ -106.759375, 75.841602 ], [ -106.820068, 75.872412 ], [ -106.862061, 75.930078 ], [ -106.845654, 75.951562 ], [ -106.804102, 75.974658 ], [ -106.677002, 76.02373 ], [ -106.528613, 76.053027 ], [ -106.396582, 76.060107 ], [ -105.904834, 76.008984 ], [ -105.711328, 75.966992 ], [ -105.632666, 75.945361 ], [ -105.604443, 75.929932 ], [ -105.563281, 75.880664 ], [ -105.480908, 75.745654 ], [ -105.481445, 75.702246 ], [ -105.519482, 75.632373 ], [ -105.678418, 75.501367 ], [ -105.702637, 75.4125 ], [ -105.862598, 75.191553 ], [ -105.971973, 75.131494 ], [ -106.092627, 75.089453 ], [ -106.588232, 75.01543 ], [ -106.961133, 74.940088 ], [ -107.055615, 74.928174 ], [ -107.153418, 74.927148 ], [ -107.461914, 74.952148 ], [ -107.820068, 75.000049 ], [ -108.023633, 74.986475 ], [ -108.226611, 74.951904 ], [ -108.354443, 74.942627 ], [ -108.474756, 74.947217 ], [ -108.594189, 74.95957 ], [ -108.751318, 74.991943 ], [ -108.670264, 75.006738 ], [ -108.633301, 75.023291 ], [ -108.666016, 75.040332 ], [ -108.831299, 75.064893 ], [ -109.002539, 75.010303 ], [ -109.503125, 74.882764 ], [ -110.175781, 74.83999 ], [ -110.386719, 74.813965 ], [ -110.543408, 74.780371 ], [ -110.624756, 74.752686 ], [ -110.749316, 74.687695 ], [ -110.940869, 74.638721 ], [ -111.287549, 74.585156 ], [ -111.728711, 74.501953 ], [ -112.519336, 74.416846 ], [ -113.016895, 74.401904 ], [ -113.514062, 74.430078 ], [ -113.671582, 74.453027 ], [ -113.836816, 74.488965 ], [ -114.174756, 74.57373 ], [ -114.268262, 74.604346 ], [ -114.376953, 74.67085 ], [ -114.312695, 74.715088 ], [ -114.132471, 74.766113 ], [ -113.862891, 74.812549 ], [ -113.324316, 74.875293 ], [ -112.835986, 74.975586 ], [ -112.663037, 74.994434 ], [ -112.192822, 75.009766 ], [ -111.955762, 75.000391 ], [ -111.784229, 75.005664 ], [ -111.671094, 75.019434 ], [ -111.503271, 75.055615 ], [ -111.257959, 75.127734 ], [ -111.078906, 75.195215 ], [ -111.033496, 75.226758 ], [ -111.093457, 75.256299 ], [ -111.181201, 75.260449 ], [ -111.473926, 75.191113 ], [ -111.62085, 75.167773 ], [ -111.780859, 75.166162 ], [ -112.000488, 75.142432 ], [ -112.21416, 75.13291 ], [ -112.255518, 75.133691 ], [ -112.478076, 75.2 ], [ -112.59707, 75.21167 ], [ -112.652393, 75.204688 ], [ -112.703125, 75.187158 ], [ -112.799609, 75.138184 ], [ -112.855322, 75.120605 ], [ -112.951367, 75.107812 ], [ -113.339648, 75.093262 ], [ -113.711768, 75.068604 ], [ -113.794629, 75.083838 ], [ -113.844971, 75.112207 ], [ -113.855371, 75.129492 ], [ -113.860937, 75.187744 ], [ -113.886035, 75.210938 ], [ -113.85332, 75.259375 ], [ -113.810889, 75.296338 ], [ -113.758789, 75.321729 ], [ -113.503027, 75.39668 ], [ -113.46709, 75.416113 ], [ -113.588965, 75.412109 ], [ -113.878516, 75.375439 ], [ -113.916357, 75.388184 ], [ -113.984131, 75.430078 ], [ -114.016504, 75.434277 ], [ -114.053418, 75.416895 ], [ -114.074902, 75.392383 ], [ -114.124658, 75.291211 ], [ -114.168457, 75.239502 ], [ -114.284961, 75.249951 ], [ -114.429004, 75.281152 ], [ -114.482812, 75.2854 ], [ -114.513818, 75.275488 ], [ -114.503955, 75.258008 ], [ -114.357764, 75.171289 ], [ -114.356104, 75.140967 ], [ -114.451758, 75.087891 ], [ -114.85918, 74.999756 ], [ -115.020117, 74.976172 ], [ -115.077051, 74.985303 ], [ -115.12832, 75.009473 ], [ -115.173828, 75.048828 ], [ -115.279639, 75.101562 ], [ -115.342627, 75.113379 ], [ -115.413184, 75.11499 ], [ -115.478076, 75.104102 ], [ -115.537305, 75.080713 ], [ -115.574072, 75.055859 ], [ -115.608984, 75.00957 ], [ -115.683154, 74.97417 ], [ -115.728857, 74.968115 ], [ -116.142627, 75.041553 ], [ -116.476074, 75.171777 ], [ -116.841016, 75.151514 ], [ -117.004834, 75.156104 ], [ -117.501953, 75.203857 ], [ -117.565234, 75.23335 ], [ -117.600098, 75.27168 ], [ -117.596729, 75.292529 ], [ -117.576074, 75.314063 ], [ -117.513135, 75.356787 ], [ -117.387793, 75.421484 ], [ -117.335547, 75.442334 ], [ -117.257617, 75.459521 ], [ -117.154199, 75.472998 ], [ -116.890771, 75.480518 ], [ -116.212744, 75.482959 ], [ -116.077148, 75.492969 ], [ -115.335352, 75.618066 ], [ -115.250684, 75.638574 ], [ -115.141846, 75.678516 ], [ -115.117236, 75.69502 ], [ -115.121875, 75.705811 ], [ -116.034326, 75.606689 ], [ -116.425635, 75.585352 ], [ -117.025195, 75.601514 ], [ -117.137939, 75.617139 ], [ -117.163623, 75.644873 ], [ -117.038574, 75.718408 ], [ -116.972656, 75.745752 ], [ -116.802148, 75.771582 ], [ -116.389648, 75.808203 ], [ -115.838086, 75.840576 ], [ -115.476855, 75.841309 ], [ -115.17373, 75.866992 ], [ -114.991504, 75.896338 ], [ -115.602246, 75.894824 ], [ -116.337891, 75.881055 ], [ -116.444238, 75.890625 ], [ -116.654297, 75.929297 ], [ -116.664551, 75.957568 ], [ -116.580469, 75.991553 ], [ -116.549658, 76.016846 ], [ -116.609766, 76.07373 ], [ -116.591309, 76.095801 ], [ -116.454248, 76.143213 ], [ -116.209863, 76.194434 ], [ -116.059131, 76.201709 ], [ -115.768262, 76.184229 ], [ -114.939404, 76.166113 ], [ -114.778613, 76.172607 ], [ -114.880176, 76.194873 ], [ -115.024561, 76.211475 ], [ -115.664453, 76.239844 ], [ -115.796875, 76.252539 ], [ -115.822168, 76.27002 ], [ -115.831738, 76.295801 ], [ -115.825586, 76.329834 ], [ -115.779297, 76.364697 ], [ -115.580664, 76.4375 ], [ -114.998486, 76.497461 ], [ -114.766846, 76.505713 ], [ -114.534766, 76.501758 ], [ -114.298975, 76.474805 ], [ -114.193945, 76.451465 ], [ -114.14126, 76.422656 ], [ -114.115771, 76.39585 ], [ -114.112793, 76.349463 ], [ -114.101465, 76.331201 ], [ -114.058838, 76.300732 ], [ -113.923291, 76.22915 ], [ -113.823486, 76.206836 ], [ -113.362988, 76.248437 ], [ -113.171289, 76.257764 ], [ -112.978467, 76.244678 ], [ -112.697607, 76.201709 ], [ -112.333887, 76.071875 ], [ -111.865234, 75.939307 ], [ -111.867627, 75.910742 ], [ -112.047168, 75.866406 ], [ -112.080908, 75.847412 ], [ -112.056689, 75.834229 ], [ -111.877393, 75.825537 ], [ -111.709375, 75.83208 ], [ -111.549121, 75.822119 ], [ -111.513232, 75.810693 ], [ -111.454443, 75.762158 ], [ -111.372754, 75.676465 ], [ -111.275684, 75.6125 ], [ -111.163281, 75.570215 ], [ -111.052686, 75.548535 ], [ -110.8896, 75.546924 ], [ -110.725586, 75.559521 ], [ -110.459375, 75.555322 ], [ -109.086377, 75.506494 ], [ -109.005029, 75.51499 ], [ -108.947168, 75.541797 ], [ -108.912598, 75.586963 ], [ -108.899512, 75.624072 ], [ -108.918213, 75.674756 ], [ -108.944775, 75.698975 ], [ -109.796045, 75.863037 ], [ -109.870508, 75.929053 ], [ -109.454639, 76.02124 ], [ -109.424756, 76.042529 ], [ -109.416602, 76.071826 ], [ -109.430371, 76.109131 ], [ -109.486816, 76.144678 ], [ -109.710156, 76.212451 ], [ -109.907812, 76.222656 ], [ -110.200781, 76.289453 ], [ -110.247021, 76.306348 ], [ -110.284863, 76.332959 ], [ -110.314453, 76.369385 ], [ -110.309473, 76.397412 ], [ -110.27002, 76.416992 ], [ -109.981592, 76.484766 ], [ -109.864844, 76.522363 ], [ -109.505029, 76.69165 ], [ -109.338525, 76.759961 ], [ -109.219531, 76.791992 ], [ -109.098242, 76.811865 ], [ -108.831641, 76.821143 ], [ -108.553906, 76.758057 ], [ -108.492383, 76.754199 ], [ -108.466992, 76.737598 ], [ -108.477783, 76.708252 ], [ -108.512451, 76.680273 ], [ -108.611816, 76.629736 ], [ -108.635156, 76.608545 ], [ -108.627637, 76.586719 ], [ -108.559521, 76.536328 ], [ -108.538623, 76.503125 ], [ -108.523535, 76.447168 ], [ -108.5125, 76.438916 ], [ -108.345459, 76.39165 ], [ -108.193555, 76.330078 ], [ -108.123193, 76.233447 ], [ -108.17793, 76.200049 ], [ -108.305811, 76.154053 ], [ -108.381885, 76.115723 ], [ -108.406152, 76.085059 ], [ -108.386816, 76.066553 ], [ -108.292383, 76.057129 ] ] ], [ [ [ -114.521533, 72.59292 ], [ -114.458105, 72.580371 ], [ -114.342432, 72.590771 ], [ -114.174463, 72.624072 ], [ -113.957813, 72.651465 ], [ -113.692432, 72.672803 ], [ -113.622168, 72.646826 ], [ -113.578076, 72.6521 ], [ -113.500049, 72.694434 ], [ -113.486133, 72.722266 ], [ -113.495898, 72.753662 ], [ -113.491406, 72.82207 ], [ -113.449854, 72.863232 ], [ -113.292383, 72.949805 ], [ -113.208008, 72.981006 ], [ -113.073535, 72.995264 ], [ -112.753613, 72.986035 ], [ -112.45376, 72.936621 ], [ -112.048096, 72.888037 ], [ -111.45542, 72.765918 ], [ -111.269727, 72.713721 ], [ -111.250391, 72.668555 ], [ -111.355518, 72.572119 ], [ -111.610889, 72.435596 ], [ -111.816016, 72.386328 ], [ -111.895166, 72.356104 ], [ -111.761621, 72.335254 ], [ -111.675098, 72.300146 ], [ -111.543555, 72.350928 ], [ -111.447363, 72.407715 ], [ -111.311182, 72.454834 ], [ -111.264795, 72.459033 ], [ -111.253418, 72.449072 ], [ -111.277148, 72.424854 ], [ -111.287256, 72.401123 ], [ -111.28374, 72.377979 ], [ -111.268066, 72.363867 ], [ -111.184619, 72.356641 ], [ -111.139893, 72.365332 ], [ -110.958984, 72.431982 ], [ -110.781543, 72.533887 ], [ -110.512549, 72.599707 ], [ -110.439307, 72.63335 ], [ -110.205127, 72.661279 ], [ -110.207959, 72.681055 ], [ -110.197168, 72.758887 ], [ -110.279102, 72.792041 ], [ -110.553613, 72.861426 ], [ -110.689404, 72.944531 ], [ -110.66084, 73.008203 ], [ -110.509277, 72.998926 ], [ -110.094629, 72.992139 ], [ -110.008447, 72.983643 ], [ -109.609961, 72.875684 ], [ -109.469092, 72.808447 ], [ -109.357129, 72.775049 ], [ -109.121924, 72.726416 ], [ -109.043018, 72.686865 ], [ -108.987402, 72.670801 ], [ -108.968164, 72.654102 ], [ -108.9854, 72.636816 ], [ -108.994434, 72.595996 ], [ -108.950781, 72.582861 ], [ -108.797852, 72.567529 ], [ -108.75498, 72.551074 ], [ -108.698291, 72.499268 ], [ -108.627734, 72.412012 ], [ -108.566357, 72.317334 ], [ -108.46958, 72.13877 ], [ -108.276416, 71.900391 ], [ -108.2104, 71.751172 ], [ -108.188232, 71.723779 ], [ -108.144678, 71.704932 ], [ -108.020801, 71.67749 ], [ -107.925342, 71.638672 ], [ -107.812842, 71.626172 ], [ -107.785449, 71.629688 ], [ -107.757471, 71.663037 ], [ -107.687256, 71.716113 ], [ -107.346924, 71.819238 ], [ -107.329297, 71.835254 ], [ -107.369434, 71.858984 ], [ -107.381787, 71.875146 ], [ -107.376855, 71.886084 ], [ -107.306006, 71.894678 ], [ -107.542627, 72.025342 ], [ -107.69585, 72.149316 ], [ -107.794043, 72.302637 ], [ -107.809033, 72.347461 ], [ -107.82373, 72.442773 ], [ -107.855615, 72.467822 ], [ -107.909814, 72.490771 ], [ -107.93252, 72.52041 ], [ -107.923682, 72.556641 ], [ -107.934375, 72.587744 ], [ -107.997168, 72.652686 ], [ -108.238232, 73.105811 ], [ -108.237402, 73.149902 ], [ -108.20415, 73.183057 ], [ -108.118311, 73.202051 ], [ -107.979932, 73.206738 ], [ -107.936182, 73.217139 ], [ -107.987061, 73.233105 ], [ -108.07749, 73.281396 ], [ -108.089404, 73.303711 ], [ -108.029053, 73.34873 ], [ -107.72002, 73.329053 ], [ -107.496289, 73.288379 ], [ -107.113477, 73.192139 ], [ -107.074414, 73.197412 ], [ -107.03252, 73.245312 ], [ -106.950781, 73.276025 ], [ -106.828369, 73.265918 ], [ -106.482129, 73.196191 ], [ -106.081641, 73.071924 ], [ -105.812695, 73.010645 ], [ -105.62417, 72.92749 ], [ -105.495947, 72.848975 ], [ -105.415137, 72.78833 ], [ -105.41167, 72.764648 ], [ -105.430078, 72.740381 ], [ -105.411084, 72.70874 ], [ -105.354541, 72.669727 ], [ -105.323193, 72.634814 ], [ -105.297559, 72.560449 ], [ -105.246924, 72.463574 ], [ -105.234082, 72.415088 ], [ -104.87832, 71.97998 ], [ -104.810303, 71.903174 ], [ -104.766992, 71.867578 ], [ -104.518311, 71.699219 ], [ -104.385937, 71.576953 ], [ -104.373145, 71.495117 ], [ -104.355371, 71.47168 ], [ -104.349561, 71.433984 ], [ -104.355811, 71.38208 ], [ -104.384863, 71.337549 ], [ -104.436816, 71.300293 ], [ -104.487061, 71.2479 ], [ -104.563086, 71.132422 ], [ -104.56958, 71.104053 ], [ -104.514795, 71.064258 ], [ -104.166846, 70.927197 ], [ -103.953467, 70.762646 ], [ -103.853467, 70.733789 ], [ -103.58457, 70.630859 ], [ -103.294678, 70.572461 ], [ -103.197168, 70.547314 ], [ -103.10498, 70.510254 ], [ -103.077197, 70.508838 ], [ -103.021191, 70.51582 ], [ -103.005176, 70.525928 ], [ -103.001221, 70.540967 ], [ -103.082812, 70.619092 ], [ -103.088574, 70.649707 ], [ -103.049561, 70.655078 ], [ -102.750488, 70.521875 ], [ -102.58916, 70.468848 ], [ -102.36875, 70.413232 ], [ -101.989844, 70.285059 ], [ -101.937207, 70.274561 ], [ -101.732227, 70.286377 ], [ -101.676318, 70.278271 ], [ -101.641162, 70.265576 ], [ -101.626807, 70.24834 ], [ -101.618457, 70.172412 ], [ -101.562402, 70.13501 ], [ -101.23916, 70.150977 ], [ -101.148535, 70.147607 ], [ -101.090771, 70.135693 ], [ -101.042676, 70.110791 ], [ -100.97334, 70.029492 ], [ -100.909082, 69.869189 ], [ -100.905713, 69.811719 ], [ -100.935107, 69.715332 ], [ -100.982373, 69.679883 ], [ -101.043701, 69.668701 ], [ -101.216211, 69.679639 ], [ -101.337256, 69.710254 ], [ -101.400098, 69.749268 ], [ -101.456738, 69.833887 ], [ -101.483838, 69.850195 ], [ -101.508398, 69.833154 ], [ -101.565088, 69.755664 ], [ -101.60249, 69.721289 ], [ -101.647656, 69.698535 ], [ -101.733594, 69.70415 ], [ -101.860254, 69.738086 ], [ -102.097949, 69.824609 ], [ -102.182129, 69.845947 ], [ -102.234326, 69.842236 ], [ -102.348096, 69.812988 ], [ -102.523486, 69.758203 ], [ -102.595898, 69.71792 ], [ -102.565234, 69.692188 ], [ -102.544922, 69.659814 ], [ -102.534863, 69.620801 ], [ -102.540918, 69.59209 ], [ -102.563135, 69.573584 ], [ -102.621094, 69.551514 ], [ -102.743604, 69.547754 ], [ -102.919775, 69.564648 ], [ -103.05918, 69.594678 ], [ -103.303223, 69.674316 ], [ -103.359277, 69.685352 ], [ -103.434766, 69.667676 ], [ -103.464893, 69.644482 ], [ -103.418018, 69.611426 ], [ -103.294043, 69.568457 ], [ -103.142432, 69.497266 ], [ -103.101855, 69.48335 ], [ -103.062744, 69.484912 ], [ -103.048926, 69.471777 ], [ -103.031836, 69.433496 ], [ -103.039795, 69.367578 ], [ -103.112695, 69.235986 ], [ -103.120215, 69.20459 ], [ -103.090332, 69.212012 ], [ -102.884082, 69.341309 ], [ -102.777441, 69.377588 ], [ -102.546484, 69.434473 ], [ -102.446777, 69.476318 ], [ -102.151416, 69.487695 ], [ -102.045947, 69.464844 ], [ -101.978223, 69.425098 ], [ -101.975537, 69.407031 ], [ -102.052881, 69.360449 ], [ -102.066895, 69.337109 ], [ -102.070898, 69.307617 ], [ -102.064014, 69.281152 ], [ -102.046094, 69.257666 ], [ -101.992969, 69.236035 ], [ -101.899121, 69.245508 ], [ -101.872852, 69.239941 ], [ -101.82251, 69.21709 ], [ -101.789258, 69.181641 ], [ -101.787793, 69.132275 ], [ -101.857129, 69.023975 ], [ -101.980566, 68.988525 ], [ -102.358789, 68.922852 ], [ -102.488428, 68.888916 ], [ -102.73833, 68.86499 ], [ -102.834863, 68.833252 ], [ -102.895068, 68.823633 ], [ -103.162256, 68.828711 ], [ -103.468213, 68.808545 ], [ -103.820361, 68.847998 ], [ -104.067334, 68.865576 ], [ -104.352686, 68.928174 ], [ -104.460156, 68.912402 ], [ -104.571436, 68.872119 ], [ -105.105859, 68.92041 ], [ -105.169287, 68.955371 ], [ -105.14834, 68.978125 ], [ -105.021631, 69.05249 ], [ -105.013574, 69.068066 ], [ -105.01958, 69.08125 ], [ -105.262354, 69.093994 ], [ -105.533008, 69.133545 ], [ -105.80498, 69.153174 ], [ -106.008398, 69.147607 ], [ -106.140869, 69.162012 ], [ -106.270166, 69.19458 ], [ -106.341162, 69.224365 ], [ -106.353955, 69.251221 ], [ -106.355713, 69.280615 ], [ -106.344238, 69.339648 ], [ -106.361377, 69.381055 ], [ -106.419971, 69.41377 ], [ -106.539795, 69.443066 ], [ -106.659082, 69.4396 ], [ -106.759961, 69.407129 ], [ -106.855811, 69.347314 ], [ -107.033447, 69.180762 ], [ -107.12251, 69.152295 ], [ -107.353369, 69.031689 ], [ -107.439893, 69.002148 ], [ -107.863379, 68.954346 ], [ -108.36499, 68.934766 ], [ -108.552539, 68.897412 ], [ -108.73042, 68.827441 ], [ -108.945898, 68.759814 ], [ -109.472119, 68.676709 ], [ -109.958545, 68.630273 ], [ -110.467627, 68.61001 ], [ -110.848096, 68.578418 ], [ -110.957227, 68.594189 ], [ -111.127588, 68.58833 ], [ -111.310937, 68.542041 ], [ -111.518066, 68.533057 ], [ -112.304932, 68.516211 ], [ -112.666211, 68.485254 ], [ -112.864258, 68.4771 ], [ -113.019531, 68.481348 ], [ -113.127734, 68.494141 ], [ -113.231396, 68.5354 ], [ -113.338086, 68.598779 ], [ -113.554834, 68.767578 ], [ -113.616846, 68.838477 ], [ -113.592529, 68.959863 ], [ -113.608545, 69.030176 ], [ -113.680664, 69.181982 ], [ -113.694141, 69.19502 ], [ -114.073437, 69.251318 ], [ -114.322949, 69.269141 ], [ -114.699072, 69.272754 ], [ -115.159033, 69.264746 ], [ -115.618115, 69.282959 ], [ -115.860742, 69.303564 ], [ -116.101562, 69.337158 ], [ -116.513477, 69.424609 ], [ -116.536816, 69.433545 ], [ -116.568799, 69.462695 ], [ -116.609473, 69.512012 ], [ -116.712012, 69.576221 ], [ -116.992773, 69.719385 ], [ -117.104004, 69.804248 ], [ -117.121973, 69.825879 ], [ -117.148633, 69.888135 ], [ -117.184033, 69.991064 ], [ -117.19541, 70.054053 ], [ -117.162744, 70.09248 ], [ -117.135449, 70.100146 ], [ -116.553809, 70.175049 ], [ -115.529102, 70.257129 ], [ -114.592334, 70.312451 ], [ -114.166992, 70.307471 ], [ -113.916602, 70.281543 ], [ -113.665527, 70.269678 ], [ -113.210742, 70.263818 ], [ -112.637891, 70.225244 ], [ -112.522754, 70.228564 ], [ -112.265967, 70.254688 ], [ -112.189648, 70.275586 ], [ -111.783691, 70.2729 ], [ -111.704883, 70.285742 ], [ -111.632568, 70.308838 ], [ -111.72583, 70.352051 ], [ -112.11416, 70.446875 ], [ -113.145508, 70.616357 ], [ -113.397021, 70.652393 ], [ -113.757275, 70.690723 ], [ -113.966064, 70.696191 ], [ -114.232178, 70.674268 ], [ -114.331396, 70.675244 ], [ -114.592627, 70.642236 ], [ -114.840723, 70.621387 ], [ -115.31123, 70.601172 ], [ -115.990918, 70.586279 ], [ -116.086084, 70.590674 ], [ -116.225879, 70.616406 ], [ -116.327295, 70.62373 ], [ -116.992529, 70.603662 ], [ -117.587061, 70.629541 ], [ -118.264062, 70.88833 ], [ -118.376514, 70.967725 ], [ -118.352539, 71.000049 ], [ -118.269092, 71.034717 ], [ -117.933838, 71.134668 ], [ -117.814063, 71.158447 ], [ -117.313965, 71.212109 ], [ -116.815283, 71.276953 ], [ -116.421533, 71.337988 ], [ -116.228223, 71.35918 ], [ -116.04209, 71.36167 ], [ -115.89165, 71.381787 ], [ -115.922266, 71.401074 ], [ -116.045312, 71.423096 ], [ -116.043945, 71.454297 ], [ -115.980273, 71.469287 ], [ -115.73374, 71.485107 ], [ -115.471875, 71.46582 ], [ -115.341016, 71.472412 ], [ -115.303418, 71.493701 ], [ -115.338135, 71.510889 ], [ -115.58667, 71.546387 ], [ -116.780273, 71.444189 ], [ -117.337109, 71.434619 ], [ -117.72334, 71.390674 ], [ -117.935645, 71.39209 ], [ -118.188184, 71.435937 ], [ -118.221875, 71.449072 ], [ -118.226465, 71.46709 ], [ -118.14834, 71.525732 ], [ -117.878418, 71.56084 ], [ -117.742334, 71.659326 ], [ -117.887598, 71.661035 ], [ -118.371533, 71.639941 ], [ -118.583008, 71.649023 ], [ -118.868408, 71.686768 ], [ -118.9521, 71.731738 ], [ -118.987695, 71.764258 ], [ -118.99375, 71.803027 ], [ -118.98418, 71.913086 ], [ -118.959814, 71.972217 ], [ -118.944629, 71.985547 ], [ -118.589844, 72.16748 ], [ -118.368652, 72.205469 ], [ -118.213477, 72.262891 ], [ -118.207471, 72.286914 ], [ -118.245898, 72.311035 ], [ -118.390479, 72.369531 ], [ -118.448633, 72.399219 ], [ -118.481299, 72.427686 ], [ -118.456592, 72.47251 ], [ -118.374512, 72.533887 ], [ -118.133105, 72.632812 ], [ -117.551709, 72.831104 ], [ -117.256445, 72.914404 ], [ -116.97168, 72.959326 ], [ -116.573242, 73.054932 ], [ -115.552197, 73.213477 ], [ -114.638232, 73.372656 ], [ -114.301904, 73.330713 ], [ -114.206396, 73.297803 ], [ -114.163965, 73.269824 ], [ -114.127051, 73.230713 ], [ -114.095459, 73.180273 ], [ -114.051709, 73.070996 ], [ -114.046143, 73.0146 ], [ -114.05376, 72.958057 ], [ -114.074756, 72.906836 ], [ -114.10918, 72.860986 ], [ -114.177686, 72.805078 ], [ -114.280322, 72.739063 ], [ -114.497852, 72.625879 ], [ -114.521533, 72.59292 ] ] ], [ [ [ -119.736328, 74.112646 ], [ -119.728564, 74.108447 ], [ -119.471094, 74.201221 ], [ -119.314844, 74.20625 ], [ -119.205957, 74.197998 ], [ -119.171436, 74.186182 ], [ -119.149609, 74.167871 ], [ -119.13877, 74.127588 ], [ -119.131885, 74.027881 ], [ -119.117969, 74.015527 ], [ -119.08252, 74.021191 ], [ -119.025684, 74.044727 ], [ -118.744141, 74.19209 ], [ -118.625293, 74.23252 ], [ -118.543994, 74.244629 ], [ -118.199658, 74.266748 ], [ -117.965869, 74.266064 ], [ -117.707471, 74.252344 ], [ -117.514844, 74.231738 ], [ -117.198828, 74.171143 ], [ -116.950391, 74.101416 ], [ -116.722363, 74.027148 ], [ -115.957715, 73.747949 ], [ -115.634326, 73.665527 ], [ -115.510693, 73.61875 ], [ -115.455664, 73.584668 ], [ -115.40752, 73.541895 ], [ -115.392822, 73.501953 ], [ -115.411572, 73.464795 ], [ -115.446875, 73.438867 ], [ -115.524463, 73.416748 ], [ -115.992285, 73.323242 ], [ -116.238623, 73.29458 ], [ -116.48252, 73.253223 ], [ -117.06543, 73.107275 ], [ -117.464453, 73.037744 ], [ -117.983203, 72.902197 ], [ -118.961572, 72.684131 ], [ -119.077979, 72.640332 ], [ -119.131543, 72.608838 ], [ -119.407764, 72.3604 ], [ -119.512842, 72.302686 ], [ -119.76748, 72.243848 ], [ -120.089746, 72.22915 ], [ -120.179883, 72.212646 ], [ -120.194434, 72.126758 ], [ -120.31001, 71.984082 ], [ -120.36626, 71.888037 ], [ -120.443164, 71.630811 ], [ -120.460938, 71.605078 ], [ -120.519678, 71.557422 ], [ -120.619336, 71.505762 ], [ -120.930322, 71.44624 ], [ -121.159814, 71.41499 ], [ -121.472168, 71.389014 ], [ -121.546826, 71.406787 ], [ -121.622168, 71.447607 ], [ -121.700684, 71.451172 ], [ -121.749365, 71.444775 ], [ -122.156641, 71.265918 ], [ -122.549512, 71.193555 ], [ -122.719775, 71.128174 ], [ -122.839941, 71.097461 ], [ -122.936523, 71.087988 ], [ -123.095654, 71.093799 ], [ -123.210596, 71.123437 ], [ -123.314746, 71.169189 ], [ -123.393359, 71.218848 ], [ -123.595166, 71.423193 ], [ -123.681836, 71.493115 ], [ -123.755566, 71.528027 ], [ -123.953271, 71.65249 ], [ -124.007764, 71.677441 ], [ -124.759961, 71.835156 ], [ -125.126123, 71.923633 ], [ -125.214648, 71.954785 ], [ -125.29668, 71.973047 ], [ -125.766895, 71.96084 ], [ -125.829102, 71.965625 ], [ -125.845313, 71.978662 ], [ -125.789648, 72.025 ], [ -125.767725, 72.054248 ], [ -125.760498, 72.08291 ], [ -125.768604, 72.12915 ], [ -125.762598, 72.1375 ], [ -125.583789, 72.183057 ], [ -125.612793, 72.192529 ], [ -125.633789, 72.210303 ], [ -125.646777, 72.236523 ], [ -125.627295, 72.254834 ], [ -125.575488, 72.265283 ], [ -125.512402, 72.307715 ], [ -125.438086, 72.38208 ], [ -125.382764, 72.423828 ], [ -125.306006, 72.450732 ], [ -125.168311, 72.522607 ], [ -125.070215, 72.551611 ], [ -124.987109, 72.587988 ], [ -124.984668, 72.604395 ], [ -125.018555, 72.616992 ], [ -125.030225, 72.644775 ], [ -125.014746, 72.731445 ], [ -125.01543, 72.776074 ], [ -125.000391, 72.81333 ], [ -124.969678, 72.843311 ], [ -124.930859, 72.863184 ], [ -124.582568, 72.925928 ], [ -124.564941, 72.944141 ], [ -124.56084, 72.965039 ], [ -124.570215, 72.988721 ], [ -124.588281, 73.005322 ], [ -124.643311, 73.018945 ], [ -124.736426, 73.022705 ], [ -124.81709, 73.058789 ], [ -124.836426, 73.07627 ], [ -124.804053, 73.125684 ], [ -124.646924, 73.204443 ], [ -124.593994, 73.243311 ], [ -124.424219, 73.418701 ], [ -124.11416, 73.527393 ], [ -124.030176, 73.644238 ], [ -123.797266, 73.768164 ], [ -123.797803, 73.785303 ], [ -123.873047, 73.827588 ], [ -124.088037, 73.856885 ], [ -124.191504, 73.902002 ], [ -124.260742, 73.953271 ], [ -124.575342, 74.248145 ], [ -124.629102, 74.27002 ], [ -124.64502, 74.304346 ], [ -124.709326, 74.327002 ], [ -124.69624, 74.348193 ], [ -123.468311, 74.436133 ], [ -122.623145, 74.46416 ], [ -121.7479, 74.540625 ], [ -121.50415, 74.545117 ], [ -121.315234, 74.52998 ], [ -121.128711, 74.490234 ], [ -120.881641, 74.420752 ], [ -120.554492, 74.35293 ], [ -119.943604, 74.253711 ], [ -119.562646, 74.232812 ], [ -119.715381, 74.153662 ], [ -119.736914, 74.129932 ], [ -119.736328, 74.112646 ] ] ], [ [ [ -69.488867, 83.016797 ], [ -68.673242, 82.998779 ], [ -68.409033, 83.005273 ], [ -68.106885, 82.961182 ], [ -67.924609, 82.956006 ], [ -67.624463, 82.964404 ], [ -67.405664, 82.953906 ], [ -66.59165, 82.944043 ], [ -66.422559, 82.926855 ], [ -66.424805, 82.906152 ], [ -66.600391, 82.86123 ], [ -66.836328, 82.81792 ], [ -68.357568, 82.676807 ], [ -68.469336, 82.653369 ], [ -68.172852, 82.645947 ], [ -67.735889, 82.652441 ], [ -67.39707, 82.668115 ], [ -66.997705, 82.716064 ], [ -66.865723, 82.718848 ], [ -66.611865, 82.74209 ], [ -66.120459, 82.807129 ], [ -65.727441, 82.842432 ], [ -65.549609, 82.826953 ], [ -65.4, 82.802393 ], [ -65.299023, 82.799609 ], [ -65.246582, 82.818506 ], [ -65.162402, 82.870117 ], [ -65.113184, 82.888916 ], [ -64.983887, 82.902295 ], [ -64.904883, 82.90083 ], [ -64.776758, 82.876465 ], [ -64.634766, 82.818604 ], [ -64.504004, 82.778418 ], [ -64.433398, 82.777734 ], [ -64.134229, 82.823193 ], [ -63.983594, 82.829102 ], [ -63.641016, 82.812598 ], [ -63.49873, 82.792578 ], [ -63.473047, 82.77124 ], [ -63.564062, 82.74873 ], [ -63.620605, 82.729297 ], [ -63.642529, 82.712988 ], [ -63.592676, 82.694043 ], [ -63.3854, 82.653467 ], [ -63.085352, 82.565234 ], [ -63.087061, 82.532813 ], [ -63.25083, 82.466846 ], [ -63.246777, 82.450195 ], [ -62.475195, 82.51958 ], [ -61.697168, 82.488623 ], [ -61.477051, 82.467432 ], [ -61.39248, 82.441895 ], [ -61.30249, 82.399756 ], [ -61.207227, 82.341064 ], [ -61.273535, 82.279834 ], [ -61.615381, 82.184424 ], [ -61.968652, 82.110254 ], [ -62.176709, 82.043408 ], [ -62.496484, 82.006787 ], [ -63.592285, 81.845508 ], [ -64.12793, 81.793652 ], [ -64.435791, 81.742627 ], [ -64.574023, 81.73374 ], [ -65.226172, 81.743506 ], [ -65.39917, 81.715381 ], [ -65.49541, 81.668066 ], [ -65.701074, 81.645557 ], [ -66.004736, 81.629443 ], [ -66.625732, 81.616406 ], [ -66.765039, 81.563037 ], [ -66.800586, 81.526807 ], [ -66.861133, 81.498682 ], [ -66.914062, 81.485107 ], [ -68.688525, 81.293311 ], [ -68.721191, 81.26123 ], [ -68.542578, 81.247998 ], [ -68.317676, 81.26123 ], [ -65.735693, 81.494238 ], [ -65.23999, 81.509668 ], [ -64.780078, 81.492871 ], [ -64.832764, 81.438623 ], [ -65.483984, 81.284766 ], [ -66.312842, 81.146143 ], [ -66.726855, 81.040918 ], [ -67.774365, 80.859424 ], [ -68.630469, 80.678711 ], [ -68.959375, 80.586865 ], [ -69.400098, 80.422852 ], [ -69.550684, 80.383252 ], [ -69.733789, 80.366943 ], [ -69.949316, 80.373779 ], [ -70.143506, 80.397656 ], [ -70.402637, 80.458984 ], [ -70.638672, 80.527539 ], [ -70.712598, 80.5396 ], [ -70.667822, 80.505566 ], [ -70.212793, 80.277734 ], [ -70.264893, 80.233594 ], [ -71.100293, 80.187061 ], [ -71.470068, 80.145898 ], [ -71.66084, 80.135937 ], [ -71.795898, 80.143359 ], [ -71.927637, 80.13916 ], [ -72.055957, 80.123242 ], [ -72.062988, 80.105566 ], [ -71.948682, 80.086182 ], [ -71.616113, 80.071045 ], [ -70.877051, 80.122314 ], [ -70.758496, 80.118652 ], [ -70.568408, 80.093701 ], [ -70.559082, 80.070996 ], [ -70.75752, 79.998242 ], [ -71.355811, 79.911279 ], [ -71.277637, 79.906348 ], [ -71.106348, 79.875537 ], [ -71.110156, 79.847803 ], [ -71.298584, 79.782568 ], [ -71.387842, 79.761768 ], [ -71.964551, 79.701074 ], [ -72.215527, 79.686816 ], [ -72.436523, 79.694385 ], [ -73.448145, 79.8271 ], [ -73.805078, 79.846289 ], [ -74.144238, 79.879785 ], [ -74.394482, 79.874072 ], [ -74.660205, 79.835156 ], [ -74.540723, 79.815576 ], [ -74.051025, 79.778223 ], [ -73.64209, 79.770996 ], [ -73.472461, 79.756445 ], [ -73.405908, 79.732178 ], [ -73.229395, 79.643994 ], [ -73.201123, 79.596582 ], [ -73.240137, 79.55249 ], [ -73.293555, 79.521582 ], [ -73.361523, 79.504004 ], [ -73.466064, 79.495166 ], [ -73.865967, 79.501416 ], [ -74.015381, 79.490527 ], [ -74.188672, 79.464746 ], [ -74.406006, 79.453564 ], [ -74.797949, 79.458691 ], [ -75.259473, 79.421045 ], [ -75.503418, 79.41416 ], [ -75.773828, 79.431152 ], [ -76.066895, 79.473193 ], [ -76.376074, 79.494434 ], [ -76.898828, 79.512305 ], [ -76.855078, 79.488232 ], [ -76.670898, 79.478076 ], [ -76.295703, 79.413623 ], [ -76.116357, 79.326123 ], [ -75.94751, 79.311328 ], [ -75.602734, 79.239551 ], [ -75.353662, 79.22832 ], [ -75.093604, 79.203906 ], [ -74.727246, 79.235352 ], [ -74.481201, 79.229492 ], [ -74.532324, 79.052734 ], [ -74.640918, 79.035547 ], [ -75.233154, 79.035547 ], [ -75.514648, 79.06123 ], [ -75.638965, 79.087744 ], [ -75.911816, 79.117773 ], [ -76.157568, 79.100391 ], [ -76.380371, 79.10415 ], [ -76.531445, 79.086523 ], [ -76.771143, 79.087158 ], [ -77.398047, 79.057275 ], [ -77.729248, 79.056934 ], [ -77.973779, 79.076221 ], [ -78.25791, 79.082178 ], [ -78.581641, 79.075 ], [ -78.558984, 79.05459 ], [ -78.421777, 79.048389 ], [ -78.221973, 79.015137 ], [ -78.036816, 78.963916 ], [ -77.882764, 78.942383 ], [ -77.698242, 78.954541 ], [ -77.5104, 78.978467 ], [ -76.824805, 79.017871 ], [ -76.524121, 79.024219 ], [ -76.255859, 79.006836 ], [ -76.077344, 78.985156 ], [ -75.952686, 78.959033 ], [ -75.795068, 78.889746 ], [ -75.399854, 78.881299 ], [ -75.098535, 78.858301 ], [ -74.618408, 78.757715 ], [ -74.486328, 78.750098 ], [ -74.433105, 78.724121 ], [ -74.535059, 78.659277 ], [ -74.546582, 78.620312 ], [ -74.878613, 78.544824 ], [ -75.396582, 78.522852 ], [ -75.96582, 78.529834 ], [ -76.373486, 78.521094 ], [ -76.416113, 78.511523 ], [ -76.136523, 78.491699 ], [ -75.488379, 78.403516 ], [ -75.237207, 78.355713 ], [ -75.193457, 78.327734 ], [ -75.550684, 78.221094 ], [ -75.865967, 78.009814 ], [ -75.969629, 77.993115 ], [ -76.077539, 77.987305 ], [ -76.355566, 77.991016 ], [ -76.708105, 77.937891 ], [ -76.974023, 77.927246 ], [ -77.455957, 77.947168 ], [ -78.012598, 77.946045 ], [ -78.056396, 77.911719 ], [ -78.084131, 77.846094 ], [ -78.081055, 77.747363 ], [ -78.047168, 77.615479 ], [ -78.076172, 77.519043 ], [ -78.167969, 77.458105 ], [ -78.28374, 77.413086 ], [ -78.493213, 77.369385 ], [ -78.708496, 77.342139 ], [ -78.869531, 77.33252 ], [ -79.137598, 77.331006 ], [ -79.906396, 77.299561 ], [ -80.281689, 77.301465 ], [ -80.573047, 77.314795 ], [ -80.874609, 77.358594 ], [ -81.376855, 77.482129 ], [ -81.519287, 77.50957 ], [ -81.659082, 77.525439 ], [ -81.653809, 77.498828 ], [ -81.503564, 77.429785 ], [ -81.378174, 77.385205 ], [ -81.277734, 77.365186 ], [ -81.301367, 77.344043 ], [ -81.522949, 77.31084 ], [ -81.767334, 77.295947 ], [ -82.056787, 77.296533 ], [ -82.066016, 77.283643 ], [ -81.967822, 77.247852 ], [ -81.840234, 77.214111 ], [ -81.756348, 77.204004 ], [ -81.534473, 77.214453 ], [ -81.277441, 77.25708 ], [ -81.117188, 77.269629 ], [ -80.798193, 77.259473 ], [ -80.672559, 77.244287 ], [ -80.274219, 77.150928 ], [ -80.218701, 77.146582 ], [ -79.92373, 77.193604 ], [ -79.497266, 77.196094 ], [ -79.340869, 77.158398 ], [ -79.281104, 77.085156 ], [ -79.273828, 77.025781 ], [ -79.318945, 76.980371 ], [ -79.220752, 76.936035 ], [ -78.979199, 76.892871 ], [ -78.791797, 76.883594 ], [ -78.658545, 76.908008 ], [ -78.455957, 76.967236 ], [ -78.37002, 76.98125 ], [ -78.288867, 76.977979 ], [ -78.165088, 76.934912 ], [ -77.99873, 76.851953 ], [ -77.983301, 76.75498 ], [ -78.118701, 76.644043 ], [ -78.284326, 76.57124 ], [ -78.934277, 76.451172 ], [ -79.130713, 76.403955 ], [ -79.285889, 76.354785 ], [ -79.511035, 76.310498 ], [ -79.953564, 76.25127 ], [ -80.186816, 76.240186 ], [ -80.690283, 76.176465 ], [ -80.799707, 76.173584 ], [ -80.962939, 76.183936 ], [ -80.99668, 76.21499 ], [ -80.955176, 76.270166 ], [ -80.901221, 76.321533 ], [ -80.834814, 76.369141 ], [ -80.832373, 76.408643 ], [ -80.974512, 76.470068 ], [ -81.074365, 76.498486 ], [ -81.170703, 76.512744 ], [ -81.364795, 76.504492 ], [ -81.474463, 76.487646 ], [ -81.591992, 76.484424 ], [ -81.717383, 76.494971 ], [ -81.822949, 76.52085 ], [ -82.03418, 76.629395 ], [ -82.113721, 76.643213 ], [ -82.21792, 76.639795 ], [ -82.311133, 76.655371 ], [ -82.393457, 76.689893 ], [ -82.529834, 76.723291 ], [ -82.493408, 76.697803 ], [ -82.356982, 76.636035 ], [ -82.261963, 76.574707 ], [ -82.20835, 76.51377 ], [ -82.233154, 76.46582 ], [ -83.388965, 76.439258 ], [ -83.885693, 76.453125 ], [ -83.986328, 76.49502 ], [ -84.223779, 76.675342 ], [ -84.275342, 76.356543 ], [ -85.14126, 76.30459 ], [ -85.343604, 76.313379 ], [ -85.680566, 76.349023 ], [ -86.11582, 76.434912 ], [ -86.296191, 76.491846 ], [ -86.366846, 76.548633 ], [ -86.419434, 76.579639 ], [ -86.453711, 76.584863 ], [ -86.561914, 76.516504 ], [ -86.680225, 76.376611 ], [ -86.977686, 76.412744 ], [ -87.354199, 76.448047 ], [ -87.489795, 76.58584 ], [ -87.497559, 76.386279 ], [ -88.104346, 76.412744 ], [ -88.395996, 76.405273 ], [ -88.481641, 76.580078 ], [ -88.49585, 76.772852 ], [ -88.614111, 76.650879 ], [ -88.562549, 76.547217 ], [ -88.545801, 76.420898 ], [ -88.803711, 76.456836 ], [ -89.369629, 76.474463 ], [ -89.570068, 76.491943 ], [ -89.544336, 76.659668 ], [ -89.499756, 76.826807 ], [ -88.770898, 76.993359 ], [ -88.556201, 77.072217 ], [ -88.398145, 77.103955 ], [ -88.147949, 77.124023 ], [ -87.828418, 77.136475 ], [ -87.610498, 77.126855 ], [ -87.361719, 77.13623 ], [ -87.064453, 77.165869 ], [ -86.852197, 77.174414 ], [ -86.812256, 77.184912 ], [ -86.873779, 77.200293 ], [ -87.100879, 77.307715 ], [ -87.182422, 77.332129 ], [ -87.265381, 77.343018 ], [ -87.429688, 77.347803 ], [ -87.58916, 77.394824 ], [ -87.681445, 77.436377 ], [ -87.780176, 77.492822 ], [ -87.937939, 77.599805 ], [ -88.094678, 77.719189 ], [ -88.016992, 77.784717 ], [ -87.757129, 77.83623 ], [ -87.496777, 77.871924 ], [ -87.236035, 77.891797 ], [ -87.017969, 77.892236 ], [ -86.755078, 77.863721 ], [ -86.385107, 77.808594 ], [ -86.172998, 77.746143 ], [ -85.906641, 77.613916 ], [ -85.731201, 77.508643 ], [ -85.588477, 77.461133 ], [ -84.950879, 77.374951 ], [ -84.738672, 77.361035 ], [ -84.487012, 77.367969 ], [ -83.973584, 77.390527 ], [ -83.721289, 77.414209 ], [ -83.608057, 77.442236 ], [ -83.549805, 77.482568 ], [ -83.477344, 77.513623 ], [ -83.250293, 77.584814 ], [ -82.902734, 77.732715 ], [ -82.710352, 77.849512 ], [ -82.664697, 77.888818 ], [ -82.626318, 77.936328 ], [ -82.595312, 77.992139 ], [ -82.703564, 77.962402 ], [ -83.30376, 77.67373 ], [ -83.428223, 77.621289 ], [ -83.779395, 77.532617 ], [ -83.928174, 77.518311 ], [ -84.167822, 77.522705 ], [ -84.48584, 77.561963 ], [ -84.860547, 77.499512 ], [ -85.087891, 77.515381 ], [ -85.289355, 77.559033 ], [ -85.292041, 77.763867 ], [ -85.547559, 77.927686 ], [ -85.265332, 78.010596 ], [ -85.031494, 78.062012 ], [ -84.61543, 78.195703 ], [ -84.52417, 78.19707 ], [ -84.222705, 78.176025 ], [ -84.388135, 78.206348 ], [ -84.55, 78.251367 ], [ -84.910352, 78.239697 ], [ -84.783203, 78.527588 ], [ -85.024316, 78.312402 ], [ -85.270166, 78.199512 ], [ -85.418994, 78.142432 ], [ -85.585938, 78.10957 ], [ -86.217773, 78.081201 ], [ -86.062598, 78.186963 ], [ -85.920068, 78.342871 ], [ -86.070947, 78.284619 ], [ -86.427051, 78.197021 ], [ -86.693604, 78.151025 ], [ -86.913232, 78.126807 ], [ -87.339355, 78.132666 ], [ -87.551758, 78.176611 ], [ -87.491113, 78.284424 ], [ -87.491309, 78.417187 ], [ -87.361279, 78.478711 ], [ -87.164307, 78.557617 ], [ -86.95293, 78.663916 ], [ -86.80791, 78.774365 ], [ -86.241895, 78.823633 ], [ -85.691016, 78.843701 ], [ -85.229687, 78.902002 ], [ -85.00376, 78.912256 ], [ -84.787256, 78.88457 ], [ -83.90791, 78.83916 ], [ -83.547021, 78.804492 ], [ -83.388721, 78.779346 ], [ -83.271436, 78.770313 ], [ -83.147412, 78.807861 ], [ -82.989795, 78.844141 ], [ -82.441797, 78.84043 ], [ -82.290674, 78.84707 ], [ -82.151074, 78.864111 ], [ -81.981104, 78.898486 ], [ -81.780811, 78.950342 ], [ -81.750098, 78.975781 ], [ -81.889111, 78.974854 ], [ -82.02832, 78.961865 ], [ -82.237402, 78.924072 ], [ -82.43877, 78.903662 ], [ -82.644092, 78.90752 ], [ -83.058545, 78.939502 ], [ -83.778613, 78.945264 ], [ -84.145801, 78.959814 ], [ -84.316113, 78.975293 ], [ -84.412012, 78.996582 ], [ -84.49585, 79.028564 ], [ -84.567773, 79.071289 ], [ -84.530273, 79.10127 ], [ -84.383594, 79.118555 ], [ -84.256641, 79.122168 ], [ -84.053027, 79.098682 ], [ -83.824609, 79.058838 ], [ -83.575879, 79.053662 ], [ -83.662012, 79.090039 ], [ -83.978125, 79.163135 ], [ -84.197363, 79.225098 ], [ -84.381055, 79.30127 ], [ -84.522412, 79.376611 ], [ -84.836426, 79.494727 ], [ -85.089795, 79.612158 ], [ -85.268506, 79.664111 ], [ -85.456934, 79.689844 ], [ -86.031494, 79.721924 ], [ -86.146631, 79.742822 ], [ -86.420752, 79.845215 ], [ -86.494336, 80.018164 ], [ -86.614502, 80.123535 ], [ -86.498535, 80.258252 ], [ -86.307178, 80.319336 ], [ -85.159619, 80.271777 ], [ -84.675439, 80.278906 ], [ -84.056543, 80.261963 ], [ -83.723633, 80.228955 ], [ -83.34375, 80.146973 ], [ -83.004297, 80.05459 ], [ -82.67749, 79.992773 ], [ -82.377002, 79.908252 ], [ -82.048779, 79.782764 ], [ -81.855713, 79.722559 ], [ -81.688379, 79.685791 ], [ -81.463037, 79.65415 ], [ -81.038086, 79.614209 ], [ -80.667822, 79.601025 ], [ -80.475928, 79.60625 ], [ -80.270605, 79.635205 ], [ -80.124463, 79.669482 ], [ -80.287451, 79.678955 ], [ -80.714014, 79.674951 ], [ -81.010156, 79.693115 ], [ -81.179053, 79.733447 ], [ -81.358691, 79.787793 ], [ -81.644238, 79.890234 ], [ -81.860254, 79.957178 ], [ -82.332373, 80.066357 ], [ -82.681299, 80.174902 ], [ -82.961133, 80.277881 ], [ -82.987012, 80.322607 ], [ -82.784814, 80.35376 ], [ -82.536133, 80.375537 ], [ -80.979639, 80.445264 ], [ -80.051074, 80.528564 ], [ -79.674365, 80.625244 ], [ -79.629346, 80.647852 ], [ -78.386182, 80.784375 ], [ -77.507129, 80.834766 ], [ -77.169141, 80.84292 ], [ -76.862988, 80.864795 ], [ -76.850342, 80.878174 ], [ -77.118555, 80.896436 ], [ -77.389453, 80.90542 ], [ -78.003809, 80.904834 ], [ -78.550977, 80.921436 ], [ -78.716211, 80.95166 ], [ -78.681934, 81.001074 ], [ -78.629297, 81.043457 ], [ -78.463965, 81.114355 ], [ -78.286816, 81.167627 ], [ -77.536035, 81.321094 ], [ -77.030713, 81.385693 ], [ -76.885107, 81.430273 ], [ -77.972363, 81.330811 ], [ -78.352148, 81.258936 ], [ -78.733887, 81.151025 ], [ -78.931543, 81.119238 ], [ -79.072461, 81.127637 ], [ -79.19834, 81.117578 ], [ -79.30918, 81.089062 ], [ -79.402148, 81.036865 ], [ -79.477246, 80.960986 ], [ -79.54541, 80.909326 ], [ -79.606641, 80.881787 ], [ -79.761328, 80.841943 ], [ -80.133545, 80.763916 ], [ -81.007031, 80.654883 ], [ -81.300977, 80.627197 ], [ -81.552686, 80.622803 ], [ -82.368213, 80.561328 ], [ -82.613037, 80.558887 ], [ -82.884326, 80.577539 ], [ -82.768311, 80.630664 ], [ -82.336768, 80.728662 ], [ -82.222363, 80.772314 ], [ -82.498437, 80.762793 ], [ -82.77998, 80.736035 ], [ -83.401416, 80.713965 ], [ -83.647119, 80.674072 ], [ -83.885352, 80.601758 ], [ -84.07627, 80.55625 ], [ -84.219775, 80.537793 ], [ -84.417822, 80.526758 ], [ -85.14585, 80.521143 ], [ -85.307422, 80.525977 ], [ -85.726221, 80.581152 ], [ -86.097168, 80.562109 ], [ -86.250342, 80.565771 ], [ -86.531592, 80.604736 ], [ -86.61543, 80.630029 ], [ -86.603076, 80.664014 ], [ -86.440479, 80.728027 ], [ -86.2521, 80.789551 ], [ -85.639307, 80.924609 ], [ -85.246289, 80.987891 ], [ -84.679932, 81.042383 ], [ -83.349219, 81.10332 ], [ -83.288818, 81.147949 ], [ -84.635449, 81.098096 ], [ -85.780859, 81.035059 ], [ -85.966797, 81.011914 ], [ -86.233447, 80.950098 ], [ -87.080273, 80.72627 ], [ -87.329883, 80.669775 ], [ -87.71167, 80.65625 ], [ -88.003662, 80.675391 ], [ -88.231982, 80.703809 ], [ -88.625098, 80.770068 ], [ -88.921436, 80.805615 ], [ -89.06167, 80.829541 ], [ -89.14458, 80.853662 ], [ -89.211768, 80.881934 ], [ -89.263281, 80.914307 ], [ -89.166895, 80.941309 ], [ -88.413086, 80.999756 ], [ -87.388672, 80.988379 ], [ -86.929004, 81.000439 ], [ -86.476758, 81.035742 ], [ -85.80957, 81.123584 ], [ -85.083301, 81.246875 ], [ -84.941211, 81.28623 ], [ -85.206299, 81.294873 ], [ -85.40249, 81.285303 ], [ -85.875049, 81.241211 ], [ -86.622754, 81.122656 ], [ -87.275098, 81.080811 ], [ -88.886816, 81.058496 ], [ -89.398389, 81.025342 ], [ -89.623047, 81.032471 ], [ -89.792285, 81.064844 ], [ -89.980957, 81.124707 ], [ -89.947314, 81.172656 ], [ -89.563379, 81.226465 ], [ -89.262549, 81.239063 ], [ -89.208691, 81.250098 ], [ -89.635693, 81.302051 ], [ -89.673682, 81.328613 ], [ -89.427002, 81.387451 ], [ -88.892285, 81.474121 ], [ -88.621924, 81.501416 ], [ -88.126514, 81.518799 ], [ -87.616699, 81.509326 ], [ -87.597021, 81.52583 ], [ -88.101367, 81.558643 ], [ -88.479053, 81.564648 ], [ -88.978369, 81.541504 ], [ -90.303516, 81.401123 ], [ -90.416309, 81.405371 ], [ -90.609033, 81.429541 ], [ -90.55376, 81.464209 ], [ -89.845215, 81.61167 ], [ -89.82168, 81.634863 ], [ -90.330859, 81.631543 ], [ -90.480371, 81.638525 ], [ -90.626318, 81.656006 ], [ -90.83374, 81.640479 ], [ -91.102734, 81.591992 ], [ -91.292383, 81.57124 ], [ -91.402783, 81.578223 ], [ -91.684082, 81.635693 ], [ -91.647559, 81.683838 ], [ -91.423828, 81.744238 ], [ -91.219482, 81.787744 ], [ -90.941943, 81.827441 ], [ -90.490186, 81.877246 ], [ -90.163037, 81.894043 ], [ -89.63335, 81.894531 ], [ -89.381006, 81.916748 ], [ -89.156348, 81.95542 ], [ -88.875244, 82.018018 ], [ -88.566846, 82.061084 ], [ -88.063184, 82.096484 ], [ -87.638916, 82.085059 ], [ -87.404395, 82.054199 ], [ -87.218164, 82.000098 ], [ -87.018213, 81.95874 ], [ -86.999219, 81.992139 ], [ -86.834033, 82.03335 ], [ -86.626807, 82.051025 ], [ -86.377539, 82.045117 ], [ -86.15835, 82.025537 ], [ -85.874805, 81.975684 ], [ -85.645654, 81.953271 ], [ -85.537988, 81.954639 ], [ -85.403174, 81.982227 ], [ -85.044824, 81.982812 ], [ -85.052246, 81.994531 ], [ -85.169238, 82.023389 ], [ -85.310596, 82.043994 ], [ -86.580615, 82.187207 ], [ -86.615625, 82.218555 ], [ -86.187598, 82.247949 ], [ -85.92002, 82.283057 ], [ -85.794434, 82.291602 ], [ -85.480859, 82.366309 ], [ -85.275977, 82.405225 ], [ -84.896826, 82.449414 ], [ -84.744727, 82.437354 ], [ -84.553369, 82.39834 ], [ -84.368115, 82.373926 ], [ -83.823633, 82.350684 ], [ -83.590674, 82.326465 ], [ -83.175684, 82.187207 ], [ -83.010156, 82.141699 ], [ -82.774219, 82.094922 ], [ -82.633691, 82.077295 ], [ -82.356006, 82.066016 ], [ -82.327441, 82.09248 ], [ -82.65708, 82.158301 ], [ -82.747461, 82.196436 ], [ -82.708594, 82.228711 ], [ -82.638379, 82.245752 ], [ -82.536914, 82.247266 ], [ -82.276562, 82.218457 ], [ -81.584473, 82.120557 ], [ -80.549902, 82.00459 ], [ -80.153369, 81.977637 ], [ -79.908643, 81.93623 ], [ -79.685547, 81.885889 ], [ -79.465625, 81.851123 ], [ -79.424854, 81.854443 ], [ -79.629492, 81.932324 ], [ -80.129834, 82.028369 ], [ -81.468262, 82.192383 ], [ -81.997607, 82.278271 ], [ -82.253662, 82.336328 ], [ -82.447559, 82.39502 ], [ -82.451367, 82.4271 ], [ -82.268896, 82.464648 ], [ -82.023242, 82.494385 ], [ -81.717773, 82.50625 ], [ -81.681152, 82.518652 ], [ -81.958594, 82.563232 ], [ -82.12251, 82.601758 ], [ -82.116846, 82.628662 ], [ -81.785352, 82.649219 ], [ -81.579687, 82.643018 ], [ -81.188867, 82.594482 ], [ -80.8625, 82.571533 ], [ -80.809668, 82.586377 ], [ -81.146631, 82.715576 ], [ -81.178076, 82.744678 ], [ -81.128174, 82.761719 ], [ -81.010156, 82.779053 ], [ -80.657129, 82.769092 ], [ -80.075781, 82.706201 ], [ -79.035059, 82.674658 ], [ -78.748779, 82.679395 ], [ -78.791797, 82.693896 ], [ -79.207227, 82.732764 ], [ -79.641992, 82.784961 ], [ -79.833789, 82.816504 ], [ -79.974316, 82.858984 ], [ -80.141162, 82.894238 ], [ -80.154932, 82.911133 ], [ -79.886328, 82.938525 ], [ -79.180566, 82.933203 ], [ -78.524951, 82.891113 ], [ -77.968652, 82.906348 ], [ -77.618066, 82.89585 ], [ -77.47959, 82.883154 ], [ -77.225879, 82.837207 ], [ -76.420996, 82.670898 ], [ -76.335547, 82.644434 ], [ -76.244043, 82.604102 ], [ -76.146484, 82.549854 ], [ -76.009375, 82.535156 ], [ -75.744336, 82.572412 ], [ -75.565625, 82.608545 ], [ -75.642871, 82.643506 ], [ -76.086963, 82.723633 ], [ -76.187793, 82.75791 ], [ -76.409961, 82.81582 ], [ -76.908447, 82.919434 ], [ -77.041211, 82.967529 ], [ -77.124902, 83.008545 ], [ -75.744922, 83.047168 ], [ -74.41416, 83.013135 ], [ -74.197754, 82.989014 ], [ -74.055859, 82.955371 ], [ -73.916504, 82.904199 ], [ -73.703125, 82.851855 ], [ -73.272021, 82.771582 ], [ -72.658691, 82.721631 ], [ -72.775928, 82.755664 ], [ -73.234668, 82.844238 ], [ -73.441895, 82.904834 ], [ -73.440723, 82.94585 ], [ -73.403809, 82.977148 ], [ -73.331152, 82.998779 ], [ -72.81167, 83.081201 ], [ -72.069238, 83.106055 ], [ -71.983203, 83.101416 ], [ -71.405957, 82.974854 ], [ -71.132031, 82.923047 ], [ -70.940381, 82.902246 ], [ -70.933008, 82.911279 ], [ -71.19834, 82.96958 ], [ -71.402393, 83.00127 ], [ -71.423535, 83.021143 ], [ -71.084814, 83.082666 ], [ -70.870557, 83.098145 ], [ -69.969922, 83.116113 ], [ -69.867676, 83.109619 ], [ -69.782129, 83.092529 ], [ -69.569385, 83.024902 ], [ -69.488867, 83.016797 ] ] ], [ [ [ -95.484375, 77.791992 ], [ -95.233057, 77.753809 ], [ -94.959912, 77.774072 ], [ -94.666797, 77.776221 ], [ -94.014746, 77.759912 ], [ -93.582861, 77.770752 ], [ -93.471094, 77.764307 ], [ -93.300977, 77.739795 ], [ -93.210742, 77.710205 ], [ -93.128711, 77.660156 ], [ -93.33916, 77.629688 ], [ -93.51958, 77.474414 ], [ -93.543945, 77.46665 ], [ -93.740186, 77.464551 ], [ -93.836182, 77.452246 ], [ -94.408984, 77.474219 ], [ -95.987061, 77.484131 ], [ -96.056104, 77.503467 ], [ -96.263867, 77.594531 ], [ -96.276611, 77.630566 ], [ -96.23916, 77.672559 ], [ -96.19458, 77.700537 ], [ -96.142969, 77.714355 ], [ -95.683936, 77.782275 ], [ -95.484375, 77.791992 ] ] ], [ [ [ -93.542578, 75.02793 ], [ -93.478271, 74.951953 ], [ -93.466602, 74.921338 ], [ -93.463477, 74.856494 ], [ -93.490869, 74.771973 ], [ -93.50918, 74.756494 ], [ -93.535645, 74.749316 ], [ -93.548291, 74.727539 ], [ -93.547168, 74.691064 ], [ -93.573096, 74.668848 ], [ -93.626172, 74.660889 ], [ -93.98457, 74.644189 ], [ -94.206055, 74.647412 ], [ -94.534521, 74.636719 ], [ -94.697266, 74.642188 ], [ -94.803857, 74.660107 ], [ -94.95874, 74.699951 ], [ -95.286084, 74.794092 ], [ -95.451221, 74.797363 ], [ -95.86543, 74.83042 ], [ -96.094238, 74.93252 ], [ -96.181738, 74.950781 ], [ -96.270117, 74.920312 ], [ -96.294189, 74.927197 ], [ -96.318555, 74.947705 ], [ -96.343164, 74.981934 ], [ -96.386328, 74.999463 ], [ -96.559863, 74.990381 ], [ -96.591162, 75.001855 ], [ -96.599609, 75.031787 ], [ -96.596924, 75.057861 ], [ -96.565771, 75.09873 ], [ -96.382861, 75.211377 ], [ -96.292383, 75.219287 ], [ -96.180371, 75.240088 ], [ -96.118408, 75.300928 ], [ -96.124902, 75.358301 ], [ -95.954639, 75.443799 ], [ -95.853174, 75.469043 ], [ -95.670801, 75.528662 ], [ -95.049512, 75.621826 ], [ -94.878174, 75.630029 ], [ -94.648633, 75.623047 ], [ -94.427246, 75.593359 ], [ -94.256689, 75.544092 ], [ -93.909082, 75.42251 ], [ -93.75083, 75.349023 ], [ -93.666846, 75.273535 ], [ -93.591211, 75.230225 ], [ -93.497559, 75.136865 ], [ -93.531738, 75.100342 ], [ -93.551807, 75.051172 ], [ -93.542578, 75.02793 ] ] ], [ [ [ -100.001904, 73.945898 ], [ -99.157959, 73.731592 ], [ -99.039648, 73.749268 ], [ -98.784521, 73.760547 ], [ -98.519336, 73.79209 ], [ -98.151855, 73.818213 ], [ -97.927734, 73.865771 ], [ -97.832178, 73.879346 ], [ -97.669971, 73.887744 ], [ -97.581836, 73.887549 ], [ -97.327051, 73.861865 ], [ -97.224756, 73.843799 ], [ -97.170508, 73.824854 ], [ -97.111719, 73.790332 ], [ -97.011279, 73.706152 ], [ -96.996582, 73.674902 ], [ -97.001709, 73.666504 ], [ -97.09458, 73.614746 ], [ -97.156396, 73.592187 ], [ -97.28418, 73.570752 ], [ -97.394775, 73.564209 ], [ -97.489795, 73.526611 ], [ -97.596973, 73.536621 ], [ -97.625879, 73.502295 ], [ -97.6146, 73.481348 ], [ -97.58584, 73.471143 ], [ -97.531836, 73.473584 ], [ -97.470117, 73.488232 ], [ -97.350293, 73.480957 ], [ -97.287109, 73.458447 ], [ -97.230371, 73.421289 ], [ -97.27251, 73.386816 ], [ -97.484082, 73.339209 ], [ -97.795898, 73.285303 ], [ -98.17583, 73.115771 ], [ -98.375586, 73.044678 ], [ -98.416846, 73.02251 ], [ -98.436963, 73.000244 ], [ -98.430908, 72.958057 ], [ -98.421777, 72.941016 ], [ -98.36665, 72.934131 ], [ -98.180811, 72.993066 ], [ -98.061035, 73.020508 ], [ -97.939404, 73.035596 ], [ -97.724805, 73.03667 ], [ -97.636328, 73.027637 ], [ -97.475684, 72.992285 ], [ -97.32876, 72.937842 ], [ -97.29585, 72.918018 ], [ -97.309912, 72.898145 ], [ -97.370996, 72.878125 ], [ -97.377686, 72.864941 ], [ -97.237598, 72.837451 ], [ -97.083008, 72.762842 ], [ -97.0729, 72.717578 ], [ -97.140479, 72.672754 ], [ -97.158936, 72.642773 ], [ -97.128125, 72.627588 ], [ -97.051807, 72.636816 ], [ -96.869043, 72.687012 ], [ -96.671289, 72.713184 ], [ -96.59209, 72.710254 ], [ -96.54209, 72.69873 ], [ -96.489209, 72.629883 ], [ -96.445605, 72.552441 ], [ -96.440137, 72.487305 ], [ -96.472852, 72.434375 ], [ -96.519873, 72.393115 ], [ -96.638281, 72.342041 ], [ -96.745508, 72.322607 ], [ -96.801465, 72.322412 ], [ -96.795898, 72.31377 ], [ -96.66875, 72.27124 ], [ -96.615576, 72.237256 ], [ -96.592871, 72.204492 ], [ -96.600586, 72.172852 ], [ -96.618115, 72.145898 ], [ -96.766309, 72.045947 ], [ -96.758301, 72.031689 ], [ -96.717285, 72.025146 ], [ -96.624365, 71.967578 ], [ -96.613428, 71.833838 ], [ -96.946484, 71.791895 ], [ -97.024658, 71.760742 ], [ -97.116699, 71.71084 ], [ -97.222217, 71.673486 ], [ -97.46123, 71.634229 ], [ -97.582275, 71.629688 ], [ -98.181348, 71.662451 ], [ -98.241943, 71.681494 ], [ -98.283887, 71.715527 ], [ -98.30708, 71.764502 ], [ -98.313379, 71.803076 ], [ -98.302686, 71.831104 ], [ -98.305811, 71.847559 ], [ -98.322705, 71.852344 ], [ -98.389307, 71.824268 ], [ -98.458838, 71.773193 ], [ -98.420801, 71.716504 ], [ -98.231445, 71.558936 ], [ -98.195312, 71.491211 ], [ -98.190137, 71.462451 ], [ -98.198633, 71.440869 ], [ -98.412305, 71.348828 ], [ -98.535937, 71.317627 ], [ -98.662891, 71.3021 ], [ -98.783838, 71.313672 ], [ -98.898779, 71.352344 ], [ -98.98623, 71.369482 ], [ -99.167139, 71.367188 ], [ -99.223633, 71.387109 ], [ -99.276172, 71.424219 ], [ -99.403662, 71.557178 ], [ -99.581445, 71.651562 ], [ -99.734717, 71.757227 ], [ -100.124121, 71.911523 ], [ -100.325684, 72.003857 ], [ -100.594482, 72.152344 ], [ -100.706836, 72.185937 ], [ -100.800195, 72.199414 ], [ -100.983643, 72.210059 ], [ -101.026221, 72.228564 ], [ -101.093115, 72.279053 ], [ -101.208545, 72.316992 ], [ -101.250684, 72.321777 ], [ -101.318701, 72.312842 ], [ -101.49834, 72.277881 ], [ -101.723926, 72.314893 ], [ -101.774512, 72.340918 ], [ -101.804443, 72.385059 ], [ -101.83291, 72.409277 ], [ -101.909326, 72.431055 ], [ -101.973682, 72.486133 ], [ -102.402246, 72.594727 ], [ -102.65708, 72.719434 ], [ -102.70874, 72.764502 ], [ -102.713672, 72.78291 ], [ -102.6875, 72.842822 ], [ -102.628467, 72.910791 ], [ -102.551074, 72.978271 ], [ -102.503809, 73.005908 ], [ -102.336133, 73.064111 ], [ -102.204004, 73.077295 ], [ -102.019629, 73.069922 ], [ -101.922461, 73.056982 ], [ -101.8354, 73.018018 ], [ -101.798047, 72.973096 ], [ -101.754541, 72.942822 ], [ -101.617773, 72.909717 ], [ -101.543604, 72.883057 ], [ -101.434619, 72.821045 ], [ -101.350586, 72.746289 ], [ -101.273193, 72.72168 ], [ -101.087598, 72.713281 ], [ -100.896045, 72.725928 ], [ -100.484766, 72.772949 ], [ -100.468018, 72.778809 ], [ -100.442578, 72.806836 ], [ -100.395703, 72.977002 ], [ -100.367529, 72.977734 ], [ -100.22793, 72.898926 ], [ -100.18833, 72.890283 ], [ -100.128125, 72.906689 ], [ -100.092383, 72.944971 ], [ -100.096729, 72.963135 ], [ -100.184473, 73.055322 ], [ -100.236182, 73.09541 ], [ -100.282666, 73.120312 ], [ -100.334375, 73.128467 ], [ -100.446191, 73.120557 ], [ -100.531396, 73.138281 ], [ -100.550195, 73.163721 ], [ -100.536377, 73.197852 ], [ -100.489307, 73.233936 ], [ -100.438818, 73.25459 ], [ -100.340723, 73.265186 ], [ -100.225879, 73.254688 ], [ -100.066992, 73.211084 ], [ -99.966406, 73.201416 ], [ -99.825146, 73.213867 ], [ -100.005908, 73.239502 ], [ -100.257959, 73.340234 ], [ -100.366113, 73.359033 ], [ -100.497998, 73.31582 ], [ -100.587012, 73.299561 ], [ -100.755322, 73.278467 ], [ -100.889355, 73.275342 ], [ -101.450879, 73.430957 ], [ -101.48208, 73.44585 ], [ -101.523193, 73.486377 ], [ -101.518457, 73.505029 ], [ -101.463037, 73.533838 ], [ -101.323145, 73.571973 ], [ -101.114941, 73.59585 ], [ -100.975781, 73.599756 ], [ -100.854102, 73.571289 ], [ -100.676807, 73.494287 ], [ -100.52168, 73.449316 ], [ -100.508936, 73.465479 ], [ -100.536328, 73.509717 ], [ -100.607129, 73.575391 ], [ -100.65791, 73.593359 ], [ -100.782715, 73.612939 ], [ -100.898242, 73.658057 ], [ -100.952588, 73.691406 ], [ -100.981543, 73.727197 ], [ -100.985107, 73.765332 ], [ -100.962988, 73.791406 ], [ -100.915137, 73.805371 ], [ -100.483643, 73.843506 ], [ -100.182324, 73.80127 ], [ -99.991113, 73.795166 ], [ -99.911865, 73.847021 ], [ -99.939502, 73.857129 ], [ -100.040088, 73.843799 ], [ -100.153809, 73.844092 ], [ -100.224805, 73.87251 ], [ -100.227051, 73.889111 ], [ -100.138477, 73.928857 ], [ -100.001904, 73.945898 ] ] ], [ [ [ -84.919629, 65.261084 ], [ -84.885107, 65.248975 ], [ -84.84209, 65.255908 ], [ -84.771289, 65.305273 ], [ -84.6125, 65.447314 ], [ -84.56792, 65.460645 ], [ -84.501123, 65.458447 ], [ -84.266406, 65.367236 ], [ -84.17998, 65.316309 ], [ -84.133496, 65.245459 ], [ -84.084863, 65.217822 ], [ -83.900098, 65.18125 ], [ -83.722559, 65.168994 ], [ -83.490771, 65.131787 ], [ -83.407129, 65.103906 ], [ -83.222266, 64.967969 ], [ -83.200977, 64.959668 ], [ -82.990576, 64.904102 ], [ -82.667627, 64.780322 ], [ -82.585791, 64.761914 ], [ -82.27168, 64.721143 ], [ -82.158887, 64.690674 ], [ -82.05, 64.644287 ], [ -81.928906, 64.559424 ], [ -81.787207, 64.425977 ], [ -81.676123, 64.212646 ], [ -81.667383, 64.170508 ], [ -81.680908, 64.145557 ], [ -81.720947, 64.118896 ], [ -81.902637, 64.03125 ], [ -81.887109, 64.016406 ], [ -81.716113, 64.021875 ], [ -81.335645, 64.075781 ], [ -81.104053, 64.037109 ], [ -81.023584, 64.031055 ], [ -81.005029, 64.033301 ], [ -80.921143, 64.100488 ], [ -80.828955, 64.089941 ], [ -80.694287, 64.024756 ], [ -80.607568, 63.97207 ], [ -80.568848, 63.931934 ], [ -80.579199, 63.909229 ], [ -80.668262, 63.901465 ], [ -80.450586, 63.862939 ], [ -80.261328, 63.801953 ], [ -80.302051, 63.762207 ], [ -80.504053, 63.673779 ], [ -80.711768, 63.596387 ], [ -80.953516, 63.480273 ], [ -81.013867, 63.462549 ], [ -81.046387, 63.461572 ], [ -81.179688, 63.483203 ], [ -81.371729, 63.538086 ], [ -81.96333, 63.664453 ], [ -82.145996, 63.691162 ], [ -82.378125, 63.706787 ], [ -82.411719, 63.736523 ], [ -82.46709, 63.926953 ], [ -82.571484, 63.960693 ], [ -82.929688, 64.000439 ], [ -83.033887, 64.023242 ], [ -83.038672, 64.061426 ], [ -83.016162, 64.127002 ], [ -83.065137, 64.159033 ], [ -83.185547, 64.15752 ], [ -83.303955, 64.143799 ], [ -83.494336, 64.099219 ], [ -83.583594, 64.058105 ], [ -83.61709, 64.013428 ], [ -83.637988, 63.917822 ], [ -83.661621, 63.872607 ], [ -83.728271, 63.813379 ], [ -84.022119, 63.659863 ], [ -84.141602, 63.613721 ], [ -84.260449, 63.600488 ], [ -84.307617, 63.585791 ], [ -84.3875, 63.529102 ], [ -84.506201, 63.390039 ], [ -84.55459, 63.35 ], [ -84.63291, 63.309229 ], [ -84.795557, 63.246924 ], [ -84.961523, 63.197217 ], [ -85.238135, 63.139307 ], [ -85.392627, 63.119678 ], [ -85.495508, 63.139111 ], [ -85.566113, 63.270898 ], [ -85.71416, 63.657959 ], [ -85.738721, 63.684131 ], [ -85.768945, 63.700342 ], [ -85.804688, 63.706543 ], [ -86.301562, 63.656787 ], [ -86.575684, 63.662305 ], [ -86.846875, 63.575293 ], [ -86.915234, 63.568994 ], [ -87.05293, 63.571777 ], [ -87.151904, 63.585645 ], [ -87.177148, 63.595117 ], [ -87.193848, 63.632812 ], [ -87.188916, 63.672266 ], [ -87.154395, 63.714893 ], [ -87.031934, 63.83042 ], [ -86.932031, 63.90166 ], [ -86.886035, 63.92373 ], [ -86.421729, 64.051563 ], [ -86.308594, 64.093652 ], [ -86.2521, 64.136865 ], [ -86.252197, 64.18125 ], [ -86.27417, 64.238037 ], [ -86.354492, 64.376514 ], [ -86.374902, 64.502979 ], [ -86.374268, 64.56582 ], [ -86.343848, 64.662354 ], [ -86.227637, 64.896338 ], [ -86.188281, 65.010303 ], [ -86.114209, 65.417285 ], [ -86.074609, 65.533838 ], [ -86.01709, 65.640283 ], [ -85.96167, 65.704248 ], [ -85.813965, 65.831934 ], [ -85.699072, 65.883154 ], [ -85.554688, 65.918652 ], [ -85.523047, 65.914551 ], [ -85.495508, 65.899707 ], [ -85.442432, 65.845557 ], [ -85.241113, 65.795508 ], [ -85.176221, 65.746875 ], [ -85.130371, 65.69292 ], [ -85.105371, 65.622705 ], [ -85.130322, 65.59209 ], [ -85.226318, 65.545752 ], [ -85.242773, 65.526221 ], [ -85.239941, 65.510303 ], [ -85.056055, 65.437402 ], [ -84.919629, 65.261084 ] ] ], [ [ [ -97.700928, 76.466504 ], [ -97.689746, 76.421826 ], [ -97.701855, 76.387402 ], [ -97.737109, 76.363135 ], [ -97.73877, 76.335254 ], [ -97.706836, 76.303711 ], [ -97.573145, 76.224219 ], [ -97.530664, 76.181543 ], [ -97.524268, 76.138721 ], [ -97.531055, 76.109424 ], [ -97.613477, 76.052637 ], [ -97.65, 75.97915 ], [ -97.652148, 75.940186 ], [ -97.603027, 75.879346 ], [ -97.60166, 75.851074 ], [ -97.694238, 75.802588 ], [ -97.890527, 75.760352 ], [ -97.862793, 75.738086 ], [ -97.439551, 75.68457 ], [ -97.40752, 75.67251 ], [ -97.409619, 75.5521 ], [ -97.336035, 75.419824 ], [ -97.363477, 75.417236 ], [ -97.465234, 75.458643 ], [ -97.65332, 75.507764 ], [ -97.878223, 75.416113 ], [ -97.852734, 75.260303 ], [ -97.704883, 75.19082 ], [ -97.659912, 75.151172 ], [ -97.674316, 75.127295 ], [ -97.799365, 75.11665 ], [ -97.842725, 75.121826 ], [ -97.97085, 75.153271 ], [ -98.045312, 75.20083 ], [ -98.06875, 75.19917 ], [ -98.091699, 75.176221 ], [ -98.076758, 75.152979 ], [ -97.98999, 75.110693 ], [ -97.95332, 75.060156 ], [ -97.991797, 75.045801 ], [ -98.120947, 75.032715 ], [ -98.295166, 75.032178 ], [ -98.568652, 75.009326 ], [ -98.703516, 75.005811 ], [ -98.834814, 75.018164 ], [ -99.010059, 75.021094 ], [ -99.155811, 75.015723 ], [ -99.244922, 75.025781 ], [ -99.326123, 75.049414 ], [ -99.420605, 75.04375 ], [ -99.626904, 74.98374 ], [ -99.946631, 75.002832 ], [ -100.234375, 75.007715 ], [ -100.292285, 75.027734 ], [ -100.356641, 75.066748 ], [ -100.483496, 75.188428 ], [ -100.459473, 75.219092 ], [ -100.152051, 75.235645 ], [ -100.145703, 75.246143 ], [ -100.364111, 75.289551 ], [ -100.614893, 75.321436 ], [ -100.731152, 75.346533 ], [ -100.704248, 75.394336 ], [ -100.711914, 75.406348 ], [ -100.279639, 75.460986 ], [ -99.965283, 75.568506 ], [ -99.770215, 75.612256 ], [ -99.756006, 75.633398 ], [ -99.591162, 75.655371 ], [ -99.209424, 75.668604 ], [ -99.19458, 75.698389 ], [ -99.915137, 75.68125 ], [ -100.901758, 75.62041 ], [ -101.206836, 75.59043 ], [ -101.461328, 75.60791 ], [ -102.541406, 75.513623 ], [ -102.587402, 75.513672 ], [ -102.700391, 75.543604 ], [ -102.79751, 75.599658 ], [ -102.727832, 75.638721 ], [ -102.410693, 75.712842 ], [ -102.252051, 75.777734 ], [ -102.270654, 75.812793 ], [ -102.144727, 75.875049 ], [ -101.942822, 75.883838 ], [ -101.599658, 75.832666 ], [ -101.42124, 75.781934 ], [ -101.261426, 75.758203 ], [ -101.119385, 75.762891 ], [ -100.972803, 75.798438 ], [ -101.009912, 75.802393 ], [ -101.258838, 75.783643 ], [ -101.288037, 75.789111 ], [ -101.41499, 75.84585 ], [ -101.470312, 75.881934 ], [ -101.505908, 75.918066 ], [ -101.507861, 75.943604 ], [ -101.431348, 75.991992 ], [ -101.716797, 76.00791 ], [ -101.823389, 76.041357 ], [ -101.872119, 76.083105 ], [ -101.861377, 76.10127 ], [ -101.771387, 76.150098 ], [ -101.528955, 76.217285 ], [ -101.557031, 76.23584 ], [ -101.909814, 76.234375 ], [ -101.987451, 76.243115 ], [ -102.137744, 76.284863 ], [ -102.104687, 76.331201 ], [ -101.964209, 76.399023 ], [ -101.858496, 76.439014 ], [ -101.787549, 76.45127 ], [ -101.677246, 76.451025 ], [ -101.415186, 76.424902 ], [ -101.339746, 76.410498 ], [ -101.139062, 76.345166 ], [ -101.087891, 76.307861 ], [ -101.094189, 76.271924 ], [ -101.055811, 76.245557 ], [ -100.900098, 76.20708 ], [ -100.230664, 76.007666 ], [ -100.105713, 75.960449 ], [ -100.020117, 75.939551 ], [ -99.865479, 75.924219 ], [ -99.774854, 75.927393 ], [ -99.70127, 75.941455 ], [ -99.688916, 75.959717 ], [ -99.97832, 76.029492 ], [ -100.050977, 76.066602 ], [ -100.112842, 76.117236 ], [ -100.085791, 76.133545 ], [ -100.001758, 76.139209 ], [ -99.790186, 76.132617 ], [ -99.541064, 76.146289 ], [ -99.817236, 76.167578 ], [ -99.997607, 76.19585 ], [ -100.182764, 76.197217 ], [ -100.414209, 76.242529 ], [ -100.414355, 76.256689 ], [ -100.357617, 76.271143 ], [ -100.042725, 76.29126 ], [ -99.983105, 76.299902 ], [ -99.977734, 76.312451 ], [ -100.081885, 76.342773 ], [ -100.174658, 76.359277 ], [ -100.650684, 76.395947 ], [ -100.819873, 76.437012 ], [ -100.873633, 76.456592 ], [ -100.890771, 76.475488 ], [ -100.829736, 76.523877 ], [ -100.57373, 76.584619 ], [ -100.387939, 76.613574 ], [ -100.068701, 76.634766 ], [ -99.814062, 76.632227 ], [ -99.669043, 76.624121 ], [ -99.329492, 76.521289 ], [ -99.169629, 76.453662 ], [ -98.890332, 76.465576 ], [ -98.970996, 76.536572 ], [ -99.023633, 76.614551 ], [ -98.940869, 76.643164 ], [ -98.71084, 76.693848 ], [ -98.527588, 76.667383 ], [ -98.288672, 76.59873 ], [ -98.236182, 76.575342 ], [ -97.967334, 76.53291 ], [ -97.808398, 76.518799 ], [ -97.725879, 76.496094 ], [ -97.700928, 76.466504 ] ] ], [ [ [ -103.426025, 79.315625 ], [ -103.19165, 79.295312 ], [ -102.914355, 79.231104 ], [ -102.652295, 79.09502 ], [ -102.638965, 79.077588 ], [ -102.637598, 79.05498 ], [ -102.648193, 79.027148 ], [ -102.682861, 78.991016 ], [ -102.730518, 78.969336 ], [ -102.595605, 78.942969 ], [ -102.580762, 78.930127 ], [ -102.592773, 78.900928 ], [ -102.576172, 78.879395 ], [ -102.49458, 78.900684 ], [ -102.424805, 78.933203 ], [ -102.407324, 78.954102 ], [ -102.393164, 79.010303 ], [ -102.188574, 79.038379 ], [ -101.973633, 79.079199 ], [ -101.872607, 79.088379 ], [ -101.703662, 79.078906 ], [ -101.299023, 78.982178 ], [ -101.14458, 78.9729 ], [ -101.088477, 78.961523 ], [ -101.037158, 78.939014 ], [ -101.033691, 78.914697 ], [ -101.115918, 78.858301 ], [ -101.147461, 78.823975 ], [ -101.128125, 78.80166 ], [ -100.916992, 78.78291 ], [ -100.435498, 78.820312 ], [ -100.014746, 78.728613 ], [ -99.781836, 78.619629 ], [ -99.609424, 78.583057 ], [ -99.582129, 78.563281 ], [ -99.631104, 78.544678 ], [ -99.680176, 78.493506 ], [ -99.818311, 78.455371 ], [ -99.847803, 78.438232 ], [ -99.774121, 78.392969 ], [ -99.768652, 78.364551 ], [ -99.778223, 78.325098 ], [ -99.751367, 78.302979 ], [ -99.562451, 78.279346 ], [ -99.131543, 78.117529 ], [ -99.053125, 78.072363 ], [ -99.00459, 78.015967 ], [ -98.999609, 77.996875 ], [ -99.061182, 77.965625 ], [ -99.128369, 77.877148 ], [ -99.166406, 77.856934 ], [ -99.341309, 77.839648 ], [ -99.659131, 77.824072 ], [ -99.955908, 77.793799 ], [ -100.274658, 77.832715 ], [ -100.586035, 77.891797 ], [ -100.680273, 77.930664 ], [ -100.75791, 77.977686 ], [ -100.778223, 77.996045 ], [ -100.80957, 78.071631 ], [ -100.826172, 78.087744 ], [ -100.957617, 78.130225 ], [ -101.074121, 78.193848 ], [ -101.297998, 78.199365 ], [ -101.829492, 78.264111 ], [ -102.056982, 78.279541 ], [ -102.284473, 78.275 ], [ -102.606982, 78.248926 ], [ -102.667676, 78.255908 ], [ -102.722705, 78.275244 ], [ -102.77207, 78.306885 ], [ -102.784326, 78.330176 ], [ -102.731348, 78.371045 ], [ -103.677246, 78.31958 ], [ -103.946582, 78.26001 ], [ -104.324219, 78.269482 ], [ -104.512646, 78.294629 ], [ -104.763574, 78.35166 ], [ -104.879346, 78.40127 ], [ -104.9854, 78.468018 ], [ -104.995557, 78.518506 ], [ -104.909619, 78.552637 ], [ -104.820117, 78.5729 ], [ -104.727051, 78.579395 ], [ -104.213965, 78.539746 ], [ -103.764355, 78.519531 ], [ -103.570508, 78.539844 ], [ -103.482568, 78.593945 ], [ -103.587988, 78.622998 ], [ -104.02085, 78.634912 ], [ -103.928516, 78.663379 ], [ -103.562695, 78.692676 ], [ -103.371582, 78.736328 ], [ -103.408398, 78.751611 ], [ -103.518359, 78.769141 ], [ -104.00874, 78.764014 ], [ -104.18501, 78.781299 ], [ -104.19458, 78.795605 ], [ -104.15498, 78.813965 ], [ -103.875635, 78.902686 ], [ -103.887158, 78.918799 ], [ -104.007227, 78.947852 ], [ -104.112744, 78.985596 ], [ -104.151953, 78.989893 ], [ -104.394824, 78.956152 ], [ -104.736035, 78.825928 ], [ -104.817432, 78.80708 ], [ -104.895508, 78.808154 ], [ -104.970215, 78.82915 ], [ -104.969531, 78.856494 ], [ -104.893408, 78.890186 ], [ -104.735254, 78.991113 ], [ -104.746777, 79.0271 ], [ -104.901367, 79.051123 ], [ -105.308789, 79.033203 ], [ -105.535645, 79.03252 ], [ -105.570752, 79.060986 ], [ -105.580176, 79.114209 ], [ -105.571045, 79.164209 ], [ -105.514551, 79.24248 ], [ -105.435693, 79.302246 ], [ -105.387695, 79.323584 ], [ -104.847363, 79.310986 ], [ -103.9646, 79.348145 ], [ -103.706396, 79.352051 ], [ -103.426025, 79.315625 ] ] ], [ [ [ -91.885547, 81.132861 ], [ -91.75498, 81.049316 ], [ -91.272461, 80.850098 ], [ -91.053906, 80.777686 ], [ -90.68291, 80.687695 ], [ -90.636719, 80.655322 ], [ -90.632471, 80.641699 ], [ -90.643018, 80.593701 ], [ -90.537256, 80.575928 ], [ -90.217627, 80.548242 ], [ -89.861865, 80.498437 ], [ -89.797852, 80.50127 ], [ -89.673828, 80.530762 ], [ -89.524805, 80.538818 ], [ -89.329053, 80.531738 ], [ -89.235596, 80.510645 ], [ -89.166895, 80.479639 ], [ -89.138281, 80.457422 ], [ -89.13418, 80.440234 ], [ -89.204395, 80.406934 ], [ -89.196582, 80.394043 ], [ -89.154687, 80.378516 ], [ -89.147266, 80.360352 ], [ -89.217676, 80.289258 ], [ -89.19834, 80.263184 ], [ -89.019238, 80.198486 ], [ -88.857324, 80.166211 ], [ -88.537549, 80.131152 ], [ -88.329248, 80.133691 ], [ -88.199902, 80.111475 ], [ -88.196826, 80.125195 ], [ -88.255371, 80.166504 ], [ -88.380762, 80.225195 ], [ -88.6125, 80.255371 ], [ -88.64624, 80.289746 ], [ -88.663428, 80.348291 ], [ -88.643652, 80.386865 ], [ -88.524805, 80.418018 ], [ -88.424365, 80.428076 ], [ -88.125244, 80.429492 ], [ -87.96001, 80.415625 ], [ -87.675, 80.372119 ], [ -87.645508, 80.348438 ], [ -87.630273, 80.301611 ], [ -87.618359, 80.207471 ], [ -87.625488, 80.187207 ], [ -87.869141, 80.133887 ], [ -87.922314, 80.097705 ], [ -87.860693, 80.0875 ], [ -87.651367, 80.079443 ], [ -87.328516, 80.046533 ], [ -87.202051, 80.043213 ], [ -87.076172, 79.966943 ], [ -86.977197, 79.894238 ], [ -87.049512, 79.80542 ], [ -87.144238, 79.662646 ], [ -87.220264, 79.629932 ], [ -87.295166, 79.580176 ], [ -87.242871, 79.571143 ], [ -86.925244, 79.590967 ], [ -86.861035, 79.597705 ], [ -86.648828, 79.64624 ], [ -86.336963, 79.634961 ], [ -86.232227, 79.622412 ], [ -86.180469, 79.60542 ], [ -86.085547, 79.551221 ], [ -86.007031, 79.479443 ], [ -85.948975, 79.485986 ], [ -85.803857, 79.573047 ], [ -85.750928, 79.594531 ], [ -85.678613, 79.615283 ], [ -85.647852, 79.611426 ], [ -85.501367, 79.530322 ], [ -85.175586, 79.387256 ], [ -85.06377, 79.328174 ], [ -85.042139, 79.28457 ], [ -85.181348, 79.23374 ], [ -85.289844, 79.20835 ], [ -86.09165, 79.1 ], [ -86.450537, 79.038672 ], [ -86.629443, 78.991309 ], [ -86.720801, 78.975488 ], [ -86.913477, 78.982812 ], [ -86.957178, 78.974902 ], [ -87.016455, 78.898682 ], [ -87.080371, 78.866113 ], [ -87.246387, 78.813477 ], [ -87.47876, 78.718164 ], [ -87.617383, 78.676318 ], [ -87.861475, 78.706836 ], [ -87.922314, 78.751367 ], [ -87.95625, 78.851611 ], [ -87.960742, 78.893115 ], [ -87.953174, 78.915039 ], [ -87.922607, 78.950586 ], [ -87.816748, 79.036328 ], [ -87.829395, 79.045312 ], [ -87.878369, 79.038184 ], [ -88.040186, 78.995312 ], [ -88.104053, 78.972803 ], [ -88.163818, 78.933496 ], [ -88.190234, 78.867432 ], [ -88.166602, 78.745508 ], [ -88.189697, 78.696387 ], [ -88.25376, 78.671973 ], [ -88.227881, 78.653027 ], [ -88.037012, 78.626953 ], [ -88.003125, 78.615527 ], [ -87.981982, 78.594727 ], [ -87.973633, 78.564746 ], [ -87.982861, 78.537061 ], [ -88.040234, 78.494434 ], [ -88.147559, 78.4771 ], [ -88.28457, 78.496533 ], [ -88.580664, 78.601904 ], [ -88.709277, 78.596094 ], [ -88.741602, 78.584033 ], [ -88.713965, 78.546436 ], [ -88.623047, 78.462109 ], [ -88.606445, 78.391992 ], [ -88.648389, 78.33374 ], [ -88.732959, 78.241699 ], [ -88.791016, 78.192432 ], [ -88.822412, 78.185889 ], [ -88.969629, 78.184424 ], [ -89.095703, 78.209229 ], [ -89.47002, 78.370215 ], [ -89.655273, 78.438867 ], [ -89.926221, 78.573047 ], [ -89.995361, 78.600684 ], [ -90.037109, 78.606836 ], [ -90.076318, 78.54917 ], [ -90.001025, 78.495801 ], [ -89.757275, 78.370215 ], [ -89.61167, 78.278906 ], [ -89.506836, 78.203271 ], [ -89.489844, 78.171924 ], [ -89.525684, 78.159619 ], [ -89.579492, 78.166602 ], [ -89.651123, 78.193018 ], [ -89.873047, 78.237598 ], [ -89.965186, 78.262451 ], [ -90.025439, 78.29126 ], [ -90.136084, 78.313086 ], [ -90.297217, 78.328027 ], [ -90.459033, 78.330908 ], [ -90.621582, 78.321729 ], [ -90.652393, 78.307715 ], [ -90.469189, 78.268555 ], [ -90.40542, 78.24668 ], [ -90.357959, 78.21875 ], [ -90.326758, 78.184766 ], [ -90.386963, 78.163281 ], [ -90.614404, 78.149854 ], [ -90.918115, 78.158398 ], [ -91.409619, 78.187988 ], [ -91.89917, 78.236865 ], [ -92.35127, 78.312891 ], [ -92.678271, 78.389111 ], [ -92.807617, 78.429736 ], [ -92.848242, 78.460107 ], [ -92.725586, 78.48667 ], [ -92.296729, 78.520801 ], [ -91.866895, 78.542676 ], [ -91.934961, 78.561719 ], [ -92.715527, 78.605029 ], [ -92.97251, 78.612939 ], [ -93.109375, 78.601562 ], [ -93.266602, 78.608301 ], [ -93.389453, 78.642676 ], [ -93.552051, 78.707813 ], [ -93.634424, 78.750928 ], [ -93.62334, 78.767773 ], [ -93.561426, 78.777344 ], [ -93.20835, 78.769189 ], [ -93.159863, 78.775635 ], [ -93.336475, 78.808057 ], [ -93.902246, 78.872217 ], [ -94.1146, 78.928906 ], [ -94.153613, 78.951025 ], [ -94.169678, 78.972803 ], [ -94.162793, 78.994189 ], [ -93.950195, 79.037402 ], [ -93.293896, 79.139502 ], [ -93.068457, 79.155371 ], [ -92.841602, 79.156396 ], [ -92.683643, 79.185791 ], [ -92.547217, 79.282617 ], [ -91.867578, 79.317432 ], [ -91.343652, 79.360889 ], [ -91.299902, 79.372705 ], [ -91.692627, 79.364746 ], [ -92.247949, 79.373437 ], [ -92.48457, 79.439258 ], [ -92.644727, 79.450439 ], [ -92.821924, 79.449902 ], [ -93.028125, 79.429248 ], [ -93.380859, 79.368164 ], [ -93.550439, 79.353955 ], [ -93.933154, 79.290723 ], [ -94.039844, 79.295215 ], [ -94.093359, 79.302734 ], [ -94.109375, 79.315088 ], [ -94.040283, 79.357031 ], [ -93.939697, 79.385693 ], [ -93.960254, 79.395508 ], [ -94.110303, 79.401562 ], [ -94.284131, 79.400439 ], [ -94.404883, 79.390527 ], [ -94.846045, 79.335059 ], [ -95.043701, 79.293555 ], [ -95.103174, 79.289893 ], [ -95.316602, 79.354736 ], [ -95.657031, 79.390381 ], [ -95.733008, 79.418213 ], [ -95.662891, 79.527344 ], [ -95.563477, 79.549756 ], [ -95.302344, 79.568066 ], [ -94.519678, 79.667139 ], [ -94.475537, 79.686182 ], [ -94.401855, 79.736328 ], [ -94.580859, 79.725635 ], [ -94.973047, 79.677197 ], [ -95.296973, 79.653076 ], [ -95.55249, 79.653223 ], [ -95.739355, 79.660156 ], [ -95.85752, 79.673779 ], [ -95.999658, 79.704688 ], [ -96.462744, 79.84751 ], [ -96.589062, 79.91665 ], [ -96.606738, 79.977686 ], [ -96.639209, 80.02417 ], [ -96.773242, 80.135791 ], [ -95.781982, 80.066406 ], [ -95.393848, 80.053271 ], [ -94.645898, 80.04873 ], [ -94.61084, 80.055518 ], [ -94.599805, 80.073633 ], [ -94.612695, 80.102979 ], [ -94.606982, 80.125586 ], [ -94.582617, 80.141406 ], [ -94.304443, 80.181641 ], [ -94.262598, 80.194873 ], [ -94.590137, 80.201514 ], [ -95.192383, 80.134375 ], [ -95.405078, 80.13501 ], [ -95.64624, 80.230957 ], [ -95.904004, 80.214111 ], [ -96.025684, 80.221729 ], [ -96.215088, 80.245898 ], [ -96.308301, 80.266992 ], [ -96.368408, 80.293066 ], [ -96.394092, 80.315039 ], [ -96.385352, 80.332861 ], [ -96.334375, 80.352783 ], [ -96.112158, 80.38042 ], [ -96.011865, 80.383057 ], [ -95.747363, 80.365283 ], [ -95.549072, 80.366602 ], [ -95.614453, 80.39624 ], [ -95.901074, 80.47085 ], [ -96.151807, 80.553467 ], [ -96.132812, 80.691406 ], [ -95.926953, 80.720654 ], [ -95.713623, 80.725439 ], [ -95.505273, 80.690576 ], [ -95.22583, 80.685791 ], [ -95.025732, 80.646436 ], [ -94.892578, 80.570898 ], [ -94.734473, 80.572363 ], [ -94.4854, 80.558057 ], [ -93.92793, 80.55918 ], [ -94.028711, 80.586182 ], [ -94.202148, 80.609717 ], [ -94.596289, 80.640625 ], [ -94.788477, 80.75127 ], [ -95.19585, 80.808301 ], [ -95.514746, 80.838135 ], [ -95.509277, 80.863232 ], [ -95.269775, 81.000781 ], [ -94.980518, 81.049658 ], [ -94.519434, 81.031201 ], [ -94.216309, 81.057178 ], [ -93.825977, 81.105713 ], [ -93.44375, 81.083252 ], [ -93.345117, 81.085352 ], [ -93.286719, 81.100293 ], [ -93.235645, 81.128857 ], [ -93.2354, 81.155127 ], [ -93.285937, 81.179248 ], [ -93.406543, 81.209082 ], [ -93.894434, 81.213281 ], [ -94.110352, 81.225 ], [ -94.194434, 81.240918 ], [ -94.218652, 81.264941 ], [ -94.231494, 81.289697 ], [ -94.232959, 81.315137 ], [ -94.220117, 81.330762 ], [ -94.179346, 81.339258 ], [ -94.059717, 81.349316 ], [ -93.604883, 81.350586 ], [ -93.332764, 81.364404 ], [ -93.034668, 81.346289 ], [ -92.412598, 81.278271 ], [ -92.211768, 81.243604 ], [ -91.997852, 81.185498 ], [ -91.885547, 81.132861 ] ] ], [ [ [ -94.294971, 76.912451 ], [ -94.107959, 76.90376 ], [ -93.948047, 76.91709 ], [ -93.810937, 76.91416 ], [ -93.608398, 76.873828 ], [ -93.420752, 76.812207 ], [ -93.276562, 76.784326 ], [ -93.230029, 76.770264 ], [ -93.211865, 76.754688 ], [ -93.189258, 76.708008 ], [ -93.18999, 76.686377 ], [ -93.200586, 76.669092 ], [ -93.263672, 76.626465 ], [ -93.316748, 76.573682 ], [ -93.42627, 76.527148 ], [ -93.48457, 76.492041 ], [ -93.53457, 76.447705 ], [ -93.421875, 76.474121 ], [ -92.995361, 76.62041 ], [ -92.71626, 76.602979 ], [ -92.297021, 76.616016 ], [ -91.789453, 76.675781 ], [ -91.548437, 76.685107 ], [ -91.305029, 76.680762 ], [ -91.124268, 76.661914 ], [ -90.738428, 76.581348 ], [ -90.604785, 76.542969 ], [ -90.554639, 76.515771 ], [ -90.542627, 76.495752 ], [ -90.621631, 76.464697 ], [ -90.864062, 76.483594 ], [ -91.263037, 76.500244 ], [ -91.335986, 76.510596 ], [ -91.398096, 76.509766 ], [ -91.443262, 76.498535 ], [ -91.415088, 76.455859 ], [ -91.333887, 76.446484 ], [ -90.854785, 76.437305 ], [ -89.284521, 76.301611 ], [ -89.219092, 76.258203 ], [ -89.236523, 76.239014 ], [ -89.29209, 76.217725 ], [ -89.406592, 76.18916 ], [ -90.312061, 76.158008 ], [ -90.827344, 76.185596 ], [ -91.2604, 76.22998 ], [ -91.407324, 76.220068 ], [ -91.279443, 76.159912 ], [ -91.019775, 76.141553 ], [ -90.802393, 76.105957 ], [ -90.712109, 76.076172 ], [ -90.251367, 76.053467 ], [ -90.176025, 76.030273 ], [ -90.032764, 75.970898 ], [ -89.912549, 75.966309 ], [ -89.793408, 75.924854 ], [ -89.695312, 75.853613 ], [ -89.650049, 75.844092 ], [ -89.51123, 75.856934 ], [ -89.277588, 75.795068 ], [ -89.204883, 75.762012 ], [ -89.204541, 75.737256 ], [ -89.256641, 75.698486 ], [ -89.36123, 75.645801 ], [ -89.625439, 75.58374 ], [ -89.646045, 75.565039 ], [ -89.337305, 75.572363 ], [ -89.28042, 75.564111 ], [ -88.916699, 75.453955 ], [ -88.868848, 75.451953 ], [ -88.838916, 75.463477 ], [ -88.804102, 75.50249 ], [ -88.819629, 75.538574 ], [ -88.864062, 75.588623 ], [ -88.852148, 75.624902 ], [ -88.783936, 75.647461 ], [ -88.714893, 75.658643 ], [ -88.644971, 75.658447 ], [ -88.569043, 75.645117 ], [ -88.201318, 75.512012 ], [ -87.729736, 75.575635 ], [ -87.643652, 75.54707 ], [ -87.572412, 75.493652 ], [ -87.539111, 75.484863 ], [ -87.364648, 75.591309 ], [ -87.256934, 75.617725 ], [ -86.814453, 75.491357 ], [ -86.544727, 75.463379 ], [ -86.436523, 75.436279 ], [ -86.236328, 75.406348 ], [ -85.951465, 75.39502 ], [ -85.904541, 75.441943 ], [ -86.06875, 75.502246 ], [ -85.972998, 75.528711 ], [ -85.58125, 75.579785 ], [ -85.372314, 75.572607 ], [ -84.986768, 75.644922 ], [ -84.750195, 75.654687 ], [ -84.604883, 75.653467 ], [ -84.127637, 75.762646 ], [ -84.014258, 75.779932 ], [ -83.931982, 75.818945 ], [ -83.74458, 75.812842 ], [ -83.237109, 75.75083 ], [ -83.093408, 75.756445 ], [ -82.553467, 75.818262 ], [ -82.353857, 75.83335 ], [ -82.153662, 75.831055 ], [ -81.647363, 75.794922 ], [ -81.268555, 75.756006 ], [ -81.150781, 75.735547 ], [ -81.192676, 75.684375 ], [ -81.173535, 75.669238 ], [ -81.124414, 75.658154 ], [ -81.000781, 75.643115 ], [ -80.527734, 75.642139 ], [ -80.321973, 75.629102 ], [ -80.15835, 75.581152 ], [ -80.119189, 75.562061 ], [ -80.125732, 75.542139 ], [ -80.286621, 75.490381 ], [ -80.260449, 75.479443 ], [ -80.099609, 75.467432 ], [ -79.737695, 75.461475 ], [ -79.660205, 75.449512 ], [ -79.585742, 75.384863 ], [ -79.507812, 75.295361 ], [ -79.509082, 75.259814 ], [ -79.634424, 75.199316 ], [ -79.977148, 75.118604 ], [ -80.357568, 75.051563 ], [ -80.381982, 75.03418 ], [ -80.260645, 75.002148 ], [ -80.135254, 74.988086 ], [ -80.036426, 74.990918 ], [ -79.733008, 75.021436 ], [ -79.664062, 75.02085 ], [ -79.524805, 74.989697 ], [ -79.4604, 74.958789 ], [ -79.401416, 74.917627 ], [ -79.507959, 74.880127 ], [ -79.944482, 74.833643 ], [ -80.202441, 74.894824 ], [ -80.289209, 74.908301 ], [ -80.347754, 74.902979 ], [ -80.314551, 74.876172 ], [ -80.189746, 74.827686 ], [ -80.148926, 74.795703 ], [ -80.192236, 74.780176 ], [ -80.212695, 74.749463 ], [ -80.210254, 74.703613 ], [ -80.220605, 74.657031 ], [ -80.262744, 74.584473 ], [ -80.277734, 74.581592 ], [ -81.226221, 74.56665 ], [ -81.340479, 74.553516 ], [ -81.607178, 74.502344 ], [ -81.808838, 74.476611 ], [ -81.940186, 74.472705 ], [ -82.068506, 74.48208 ], [ -82.414746, 74.535205 ], [ -82.64541, 74.525195 ], [ -82.735791, 74.530273 ], [ -82.931055, 74.565576 ], [ -82.978418, 74.583447 ], [ -83.057617, 74.629785 ], [ -83.116992, 74.693115 ], [ -83.112305, 74.732129 ], [ -83.087305, 74.788379 ], [ -83.102637, 74.816553 ], [ -83.158301, 74.816748 ], [ -83.220312, 74.828418 ], [ -83.407031, 74.884814 ], [ -83.52207, 74.901465 ], [ -83.543555, 74.892285 ], [ -83.509766, 74.848193 ], [ -83.487305, 74.834131 ], [ -83.364209, 74.801904 ], [ -83.341309, 74.7646 ], [ -83.393701, 74.670166 ], [ -83.412207, 74.65498 ], [ -83.531885, 74.585693 ], [ -83.621875, 74.565918 ], [ -83.868066, 74.564404 ], [ -84.245166, 74.515186 ], [ -84.425537, 74.508105 ], [ -84.66709, 74.51958 ], [ -84.818262, 74.541992 ], [ -84.916309, 74.567676 ], [ -85.011523, 74.604199 ], [ -85.061426, 74.606934 ], [ -85.086768, 74.527686 ], [ -85.133447, 74.517432 ], [ -85.214307, 74.518652 ], [ -85.339258, 74.543311 ], [ -85.442334, 74.600586 ], [ -85.474414, 74.600342 ], [ -85.488672, 74.566992 ], [ -85.511719, 74.545117 ], [ -85.543506, 74.534766 ], [ -85.808008, 74.498975 ], [ -85.955615, 74.498779 ], [ -86.109863, 74.539746 ], [ -86.210938, 74.535596 ], [ -86.340576, 74.513477 ], [ -86.65542, 74.55542 ], [ -86.730762, 74.557031 ], [ -86.666113, 74.489111 ], [ -86.770166, 74.478613 ], [ -86.994727, 74.480322 ], [ -87.36377, 74.502197 ], [ -87.592578, 74.470361 ], [ -88.005859, 74.489355 ], [ -88.423047, 74.494141 ], [ -88.500732, 74.509717 ], [ -88.555664, 74.541455 ], [ -88.557861, 74.569727 ], [ -88.537646, 74.608789 ], [ -88.476611, 74.666895 ], [ -88.374707, 74.744141 ], [ -88.339551, 74.784863 ], [ -88.431445, 74.803711 ], [ -88.488184, 74.828906 ], [ -88.534961, 74.831738 ], [ -88.682031, 74.802002 ], [ -88.777832, 74.715186 ], [ -88.851074, 74.68999 ], [ -88.883398, 74.711084 ], [ -88.907812, 74.763818 ], [ -88.940137, 74.789502 ], [ -88.980371, 74.788086 ], [ -89.019629, 74.774023 ], [ -89.057861, 74.747266 ], [ -89.115283, 74.737598 ], [ -89.191943, 74.744873 ], [ -89.219141, 74.731787 ], [ -89.196826, 74.698242 ], [ -89.189062, 74.666846 ], [ -89.195801, 74.637549 ], [ -89.261865, 74.60918 ], [ -89.45, 74.56792 ], [ -89.558691, 74.554736 ], [ -89.844385, 74.548584 ], [ -90.015332, 74.560889 ], [ -90.361621, 74.610449 ], [ -90.553271, 74.612744 ], [ -90.784082, 74.695898 ], [ -90.966797, 74.715088 ], [ -90.95752, 74.745166 ], [ -90.877637, 74.801074 ], [ -90.880225, 74.817773 ], [ -91.129883, 74.736279 ], [ -91.163721, 74.710254 ], [ -91.13457, 74.649854 ], [ -91.167725, 74.645508 ], [ -91.339453, 74.667236 ], [ -91.50835, 74.650684 ], [ -91.549121, 74.655566 ], [ -91.665771, 74.69917 ], [ -91.871045, 74.743506 ], [ -91.961572, 74.793213 ], [ -92.102539, 74.948389 ], [ -92.17417, 75.051074 ], [ -92.165234, 75.072021 ], [ -92.060498, 75.100977 ], [ -92.076318, 75.123535 ], [ -92.206836, 75.18125 ], [ -92.347461, 75.229785 ], [ -92.389258, 75.26333 ], [ -92.40835, 75.297266 ], [ -92.4271, 75.346387 ], [ -92.427979, 75.382715 ], [ -92.411084, 75.40625 ], [ -92.330664, 75.479443 ], [ -92.110449, 75.610645 ], [ -92.080713, 75.634473 ], [ -92.068848, 75.65791 ], [ -92.09917, 75.727295 ], [ -92.141846, 75.796826 ], [ -92.185107, 75.846533 ], [ -92.306592, 75.915137 ], [ -92.47373, 75.986475 ], [ -92.708887, 76.114453 ], [ -92.883301, 76.213965 ], [ -93.091748, 76.354004 ], [ -93.192285, 76.366016 ], [ -93.308594, 76.359619 ], [ -93.559961, 76.311426 ], [ -93.644434, 76.288525 ], [ -93.665186, 76.273145 ], [ -93.852344, 76.269678 ], [ -94.382568, 76.282324 ], [ -94.585352, 76.297168 ], [ -94.736719, 76.293262 ], [ -94.996631, 76.257715 ], [ -95.273877, 76.264404 ], [ -95.447412, 76.363037 ], [ -95.84165, 76.416162 ], [ -95.959277, 76.445996 ], [ -96.039697, 76.486719 ], [ -96.013086, 76.51333 ], [ -95.788867, 76.537207 ], [ -95.695703, 76.563428 ], [ -95.650977, 76.584668 ], [ -95.873193, 76.566406 ], [ -95.971338, 76.569629 ], [ -96.639697, 76.70293 ], [ -96.845654, 76.726416 ], [ -96.880713, 76.73833 ], [ -96.897998, 76.754004 ], [ -96.897559, 76.773486 ], [ -96.878027, 76.802783 ], [ -96.679395, 76.765771 ], [ -96.590283, 76.763037 ], [ -96.451172, 76.774072 ], [ -96.401562, 76.797217 ], [ -96.433203, 76.810693 ], [ -96.661035, 76.855176 ], [ -96.771143, 76.888916 ], [ -96.813525, 76.913477 ], [ -96.769824, 76.948242 ], [ -96.758301, 76.971777 ], [ -96.685107, 76.98501 ], [ -96.550098, 76.987939 ], [ -96.377295, 77.00459 ], [ -96.06123, 77.050049 ], [ -95.849512, 77.066211 ], [ -95.638232, 77.06377 ], [ -95.126416, 77.017334 ], [ -94.616113, 76.95835 ], [ -94.294971, 76.912451 ] ] ], [ [ [ -96.204492, 78.531299 ], [ -95.968457, 78.505127 ], [ -95.561133, 78.516602 ], [ -95.412939, 78.497559 ], [ -95.031201, 78.430273 ], [ -94.915381, 78.390527 ], [ -94.887744, 78.360498 ], [ -94.887158, 78.345215 ], [ -95.013867, 78.312598 ], [ -95.267871, 78.262646 ], [ -95.329248, 78.225049 ], [ -95.102734, 78.178076 ], [ -94.987793, 78.136279 ], [ -94.936035, 78.106396 ], [ -94.934277, 78.075635 ], [ -95.087012, 77.992627 ], [ -95.199121, 77.968164 ], [ -95.370508, 77.970801 ], [ -95.451562, 77.963232 ], [ -95.670801, 77.924463 ], [ -96.011572, 77.887402 ], [ -96.476855, 77.872168 ], [ -96.603027, 77.849316 ], [ -96.833984, 77.811914 ], [ -96.989648, 77.806006 ], [ -97.040479, 77.827441 ], [ -97.063818, 77.859082 ], [ -97.051953, 77.880957 ], [ -97.019092, 77.908105 ], [ -97.093311, 77.933496 ], [ -97.42666, 77.982275 ], [ -97.62085, 78.050244 ], [ -97.648389, 78.071631 ], [ -97.658154, 78.090625 ], [ -97.226611, 78.103223 ], [ -97.040918, 78.116943 ], [ -96.95835, 78.139014 ], [ -96.944678, 78.151855 ], [ -97.027344, 78.157422 ], [ -97.323047, 78.203223 ], [ -97.819043, 78.230615 ], [ -97.842725, 78.262354 ], [ -98.049512, 78.325928 ], [ -98.069287, 78.386328 ], [ -98.114307, 78.403027 ], [ -98.254932, 78.429248 ], [ -98.275684, 78.437891 ], [ -98.317334, 78.476855 ], [ -98.32373, 78.498145 ], [ -98.315625, 78.51748 ], [ -98.060352, 78.55835 ], [ -98.095996, 78.58667 ], [ -98.289893, 78.692383 ], [ -98.34082, 78.751221 ], [ -98.332617, 78.773535 ], [ -98.212109, 78.804541 ], [ -98.042871, 78.805225 ], [ -97.595898, 78.795801 ], [ -97.382324, 78.78291 ], [ -97.169336, 78.757666 ], [ -96.935791, 78.720264 ], [ -96.587061, 78.687109 ], [ -96.475342, 78.665186 ], [ -96.265283, 78.595361 ], [ -96.242627, 78.573193 ], [ -96.256494, 78.551123 ], [ -96.204492, 78.531299 ] ] ], [ [ [ -93.17085, 74.160986 ], [ -92.778027, 74.113721 ], [ -92.586816, 74.082715 ], [ -92.492822, 74.062061 ], [ -92.313867, 73.992383 ], [ -92.222705, 73.972363 ], [ -91.87417, 74.012793 ], [ -91.63042, 74.027783 ], [ -91.087988, 74.009277 ], [ -90.627441, 73.951709 ], [ -90.458008, 73.908398 ], [ -90.35459, 73.868652 ], [ -90.381396, 73.824756 ], [ -90.466162, 73.753857 ], [ -90.565576, 73.686426 ], [ -90.764551, 73.580615 ], [ -90.933691, 73.527686 ], [ -90.975488, 73.502295 ], [ -91.001953, 73.46709 ], [ -91.067627, 73.415527 ], [ -91.249316, 73.304004 ], [ -91.297803, 73.284912 ], [ -91.553711, 73.236084 ], [ -91.466016, 73.214209 ], [ -91.425928, 73.194873 ], [ -91.459619, 73.145361 ], [ -91.620996, 73.025879 ], [ -91.78833, 72.915381 ], [ -91.905322, 72.849316 ], [ -92.11792, 72.753809 ], [ -92.234912, 72.726807 ], [ -92.391943, 72.718457 ], [ -93.340625, 72.801855 ], [ -93.578662, 72.800537 ], [ -94.211328, 72.756934 ], [ -94.151709, 72.735645 ], [ -93.92002, 72.703369 ], [ -93.770557, 72.668213 ], [ -93.572266, 72.558643 ], [ -93.546484, 72.531299 ], [ -93.533936, 72.499463 ], [ -93.541602, 72.437012 ], [ -93.555176, 72.421143 ], [ -93.870605, 72.252637 ], [ -93.972559, 72.12998 ], [ -94.037549, 72.02876 ], [ -94.14375, 72.00083 ], [ -94.497168, 72.043604 ], [ -94.61123, 72.042334 ], [ -95.007861, 72.012793 ], [ -95.192969, 72.027441 ], [ -95.166797, 72.180029 ], [ -95.192676, 72.344775 ], [ -95.251025, 72.501953 ], [ -95.547607, 72.781543 ], [ -95.580322, 72.831152 ], [ -95.602148, 72.884473 ], [ -95.613184, 72.941602 ], [ -95.612207, 72.999072 ], [ -95.591602, 73.115283 ], [ -95.589258, 73.17417 ], [ -95.604102, 73.327734 ], [ -95.644238, 73.557471 ], [ -95.647998, 73.638525 ], [ -95.645264, 73.670801 ], [ -95.63291, 73.695459 ], [ -95.569434, 73.728174 ], [ -95.447412, 73.75166 ], [ -95.385986, 73.755127 ], [ -94.996143, 73.685742 ], [ -94.816846, 73.662549 ], [ -94.697607, 73.663574 ], [ -94.691016, 73.671436 ], [ -94.797168, 73.686084 ], [ -94.896924, 73.716016 ], [ -95.059473, 73.805078 ], [ -95.134131, 73.88125 ], [ -95.149023, 73.906396 ], [ -95.152588, 73.932764 ], [ -95.144775, 73.960303 ], [ -95.121191, 73.985059 ], [ -95.039844, 74.023877 ], [ -94.973535, 74.041406 ], [ -94.728955, 74.085986 ], [ -94.482568, 74.113135 ], [ -93.938818, 74.131592 ], [ -93.784619, 74.118359 ], [ -93.549219, 74.167139 ], [ -93.410303, 74.17876 ], [ -93.17085, 74.160986 ] ] ], [ [ [ -97.439453, 69.642676 ], [ -97.408643, 69.630762 ], [ -97.350684, 69.640869 ], [ -97.305762, 69.673486 ], [ -97.278467, 69.679639 ], [ -97.236084, 69.673486 ], [ -97.096338, 69.61499 ], [ -96.989062, 69.553613 ], [ -96.875195, 69.51001 ], [ -96.694531, 69.471094 ], [ -96.299951, 69.344385 ], [ -96.18374, 69.258691 ], [ -96.060986, 69.125439 ], [ -95.951367, 69.02373 ], [ -95.854883, 68.953564 ], [ -95.751367, 68.897656 ], [ -95.585498, 68.835107 ], [ -95.437549, 68.880615 ], [ -95.37417, 68.892139 ], [ -95.319531, 68.873193 ], [ -95.267773, 68.826074 ], [ -95.295166, 68.805029 ], [ -95.359473, 68.778369 ], [ -95.465576, 68.747266 ], [ -95.614209, 68.74502 ], [ -95.685645, 68.73584 ], [ -95.802148, 68.686475 ], [ -95.894629, 68.627246 ], [ -96.024023, 68.607275 ], [ -96.267627, 68.50791 ], [ -96.401562, 68.470703 ], [ -96.598828, 68.46084 ], [ -97.008398, 68.538672 ], [ -97.263672, 68.527734 ], [ -97.472021, 68.543701 ], [ -97.704785, 68.625928 ], [ -97.885352, 68.672461 ], [ -98.235059, 68.739355 ], [ -98.257959, 68.749268 ], [ -98.273047, 68.771875 ], [ -98.280176, 68.807178 ], [ -98.296045, 68.830762 ], [ -98.320557, 68.842725 ], [ -98.375586, 68.841699 ], [ -98.431836, 68.818359 ], [ -98.539648, 68.798242 ], [ -98.703809, 68.802783 ], [ -98.775244, 68.816748 ], [ -98.829639, 68.838623 ], [ -98.859131, 68.864355 ], [ -98.863721, 68.893799 ], [ -98.878857, 68.916455 ], [ -98.904492, 68.932422 ], [ -98.964014, 68.932861 ], [ -99.057373, 68.917676 ], [ -99.093848, 68.898877 ], [ -99.073389, 68.876563 ], [ -99.090625, 68.86333 ], [ -99.254004, 68.863184 ], [ -99.317969, 68.87627 ], [ -99.440869, 68.917676 ], [ -99.494678, 68.95957 ], [ -99.564062, 69.034131 ], [ -99.557373, 69.054297 ], [ -99.513281, 69.099609 ], [ -99.455713, 69.131201 ], [ -99.085449, 69.149756 ], [ -98.912207, 69.167578 ], [ -98.723633, 69.219141 ], [ -98.503516, 69.308301 ], [ -98.455957, 69.334668 ], [ -98.450391, 69.354053 ], [ -98.466602, 69.375 ], [ -98.535352, 69.426318 ], [ -98.558545, 69.461426 ], [ -98.536719, 69.478027 ], [ -98.448389, 69.479541 ], [ -98.494873, 69.499365 ], [ -98.534375, 69.527441 ], [ -98.548242, 69.544971 ], [ -98.545996, 69.5729 ], [ -98.47583, 69.579053 ], [ -98.389355, 69.565039 ], [ -98.222314, 69.484521 ], [ -98.155762, 69.468848 ], [ -98.041357, 69.456641 ], [ -98.162988, 69.512207 ], [ -98.288818, 69.629004 ], [ -98.304492, 69.669287 ], [ -98.301221, 69.691699 ], [ -98.268213, 69.754443 ], [ -98.238672, 69.780029 ], [ -98.200488, 69.796973 ], [ -98.080762, 69.833057 ], [ -97.888965, 69.858252 ], [ -97.790723, 69.861621 ], [ -97.691211, 69.84126 ], [ -97.604346, 69.802197 ], [ -97.411377, 69.738477 ], [ -97.382568, 69.712402 ], [ -97.385693, 69.700244 ], [ -97.460156, 69.682715 ], [ -97.469434, 69.666797 ], [ -97.439453, 69.642676 ] ] ], [ [ [ -61.105176, 45.944727 ], [ -61.071338, 45.937109 ], [ -60.936572, 45.985547 ], [ -60.865234, 45.983496 ], [ -60.868408, 45.948633 ], [ -60.984277, 45.910693 ], [ -61.037549, 45.882227 ], [ -60.970605, 45.855811 ], [ -60.971533, 45.837988 ], [ -61.051953, 45.79502 ], [ -61.09209, 45.748389 ], [ -61.059033, 45.703369 ], [ -60.930371, 45.747705 ], [ -60.877588, 45.748096 ], [ -60.806104, 45.738086 ], [ -60.737891, 45.751416 ], [ -60.699072, 45.77334 ], [ -60.472363, 45.946533 ], [ -60.460596, 45.968701 ], [ -60.704883, 45.93291 ], [ -60.733301, 45.956592 ], [ -60.573193, 46.061426 ], [ -60.585742, 46.11665 ], [ -60.504932, 46.203857 ], [ -60.430859, 46.255615 ], [ -60.376514, 46.28457 ], [ -60.297949, 46.31123 ], [ -60.243848, 46.270117 ], [ -60.226465, 46.195557 ], [ -60.09248, 46.206006 ], [ -59.961426, 46.190967 ], [ -59.865039, 46.159521 ], [ -59.85, 46.141406 ], [ -59.848779, 46.112939 ], [ -59.880908, 46.061621 ], [ -59.934033, 46.019434 ], [ -59.828027, 45.965137 ], [ -59.842187, 45.941553 ], [ -60.01582, 45.880469 ], [ -60.114453, 45.818896 ], [ -60.205078, 45.743018 ], [ -60.386084, 45.654639 ], [ -60.672949, 45.59082 ], [ -60.763721, 45.59082 ], [ -60.871582, 45.610693 ], [ -60.978613, 45.606152 ], [ -61.083691, 45.582373 ], [ -61.186426, 45.58501 ], [ -61.236328, 45.57251 ], [ -61.283691, 45.573877 ], [ -61.323437, 45.598486 ], [ -61.40835, 45.669092 ], [ -61.449805, 45.716211 ], [ -61.495312, 45.941455 ], [ -61.480615, 46.059766 ], [ -61.408643, 46.170361 ], [ -61.302197, 46.243848 ], [ -61.240527, 46.302539 ], [ -60.98252, 46.650488 ], [ -60.931982, 46.729443 ], [ -60.870166, 46.796777 ], [ -60.759668, 46.863379 ], [ -60.61665, 46.975781 ], [ -60.571045, 46.998828 ], [ -60.489062, 47.009717 ], [ -60.408203, 47.003516 ], [ -60.431348, 46.962939 ], [ -60.425439, 46.923193 ], [ -60.331738, 46.767822 ], [ -60.33291, 46.737012 ], [ -60.384082, 46.61333 ], [ -60.482422, 46.413525 ], [ -60.507715, 46.303369 ], [ -60.494531, 46.270264 ], [ -60.534424, 46.214551 ], [ -60.576855, 46.172168 ], [ -60.744824, 46.092676 ], [ -60.830566, 46.074121 ], [ -60.912207, 46.04458 ], [ -61.105176, 45.944727 ] ] ], [ [ [ -67.124854, 45.169434 ], [ -67.170996, 45.181982 ], [ -67.213232, 45.192529 ], [ -67.249609, 45.200781 ], [ -67.270703, 45.186719 ], [ -67.290674, 45.16792 ], [ -67.315283, 45.153809 ], [ -67.366943, 45.173779 ], [ -67.399805, 45.210156 ], [ -67.452588, 45.247656 ], [ -67.472559, 45.275879 ], [ -67.461963, 45.308691 ], [ -67.438525, 45.340381 ], [ -67.42793, 45.37793 ], [ -67.45376, 45.42124 ], [ -67.477246, 45.445898 ], [ -67.493652, 45.474072 ], [ -67.487793, 45.501025 ], [ -67.454932, 45.513965 ], [ -67.424414, 45.53042 ], [ -67.413867, 45.565576 ], [ -67.432666, 45.603125 ], [ -67.486621, 45.618408 ], [ -67.531201, 45.612549 ], [ -67.595752, 45.620752 ], [ -67.65791, 45.644189 ], [ -67.698975, 45.671191 ], [ -67.730664, 45.686475 ], [ -67.755322, 45.686475 ], [ -67.784668, 45.701709 ], [ -67.802246, 45.727539 ], [ -67.799902, 45.769775 ], [ -67.791699, 45.795557 ], [ -67.775293, 45.817871 ], [ -67.774121, 45.842529 ], [ -67.781152, 45.860156 ], [ -67.782275, 45.87417 ], [ -67.777637, 45.891797 ], [ -67.767041, 45.927002 ], [ -67.784668, 45.952783 ], [ -67.786475, 46.042139 ], [ -67.789941, 46.209326 ], [ -67.792529, 46.337402 ], [ -67.795801, 46.498389 ], [ -67.797705, 46.615625 ], [ -67.800342, 46.779883 ], [ -67.802832, 46.935742 ], [ -67.806787, 47.082812 ], [ -67.934863, 47.167627 ], [ -68.096777, 47.274854 ], [ -68.235498, 47.345947 ], [ -68.310889, 47.354492 ], [ -68.358008, 47.344531 ], [ -68.376904, 47.316162 ], [ -68.480371, 47.285791 ], [ -68.668555, 47.253467 ], [ -68.828711, 47.20332 ], [ -68.887402, 47.202832 ], [ -68.937207, 47.21123 ], [ -69.003125, 47.236426 ], [ -69.048584, 47.273633 ], [ -69.064258, 47.338135 ], [ -69.050195, 47.426611 ], [ -69.146289, 47.444775 ], [ -69.242871, 47.462988 ], [ -69.302148, 47.402002 ], [ -69.358887, 47.350635 ], [ -69.471484, 47.238672 ], [ -69.629785, 47.081348 ], [ -69.717529, 46.994873 ], [ -69.871729, 46.84292 ], [ -70.007715, 46.708936 ], [ -70.038232, 46.571436 ], [ -70.067187, 46.441064 ], [ -70.179688, 46.341846 ], [ -70.248291, 46.250879 ], [ -70.278906, 46.15 ], [ -70.304492, 46.057373 ], [ -70.306445, 45.979834 ], [ -70.287158, 45.93916 ], [ -70.29624, 45.906104 ], [ -70.333447, 45.868066 ], [ -70.407861, 45.801904 ], [ -70.421094, 45.738232 ], [ -70.466602, 45.706836 ], [ -70.596387, 45.643994 ], [ -70.702246, 45.551367 ], [ -70.707422, 45.498926 ], [ -70.692139, 45.455371 ], [ -70.689795, 45.42832 ], [ -70.710938, 45.409473 ], [ -70.75332, 45.410693 ], [ -70.79917, 45.404785 ], [ -70.837793, 45.366162 ], [ -70.836816, 45.310693 ], [ -70.865039, 45.270703 ], [ -70.897998, 45.262451 ], [ -70.926221, 45.290723 ], [ -70.960156, 45.333105 ], [ -70.999902, 45.337256 ], [ -71.060254, 45.309131 ], [ -71.134668, 45.262842 ], [ -71.201611, 45.260352 ], [ -71.327295, 45.290088 ], [ -71.419043, 45.200342 ], [ -71.517529, 45.007568 ], [ -71.933643, 45.00708 ], [ -72.349756, 45.006592 ], [ -72.765918, 45.006104 ], [ -73.182031, 45.005615 ], [ -73.598145, 45.005176 ], [ -74.014258, 45.004687 ], [ -74.430371, 45.004199 ], [ -74.663232, 45.003906 ], [ -74.708887, 45.003857 ], [ -74.566309, 45.041602 ], [ -74.269043, 45.188281 ], [ -74.049805, 45.241406 ], [ -73.764648, 45.395459 ], [ -73.558105, 45.425098 ], [ -73.518799, 45.458984 ], [ -73.48418, 45.586768 ], [ -73.465283, 45.632324 ], [ -73.368848, 45.757812 ], [ -73.253027, 45.863672 ], [ -73.15957, 46.010059 ], [ -72.989941, 46.103613 ], [ -72.733447, 46.181836 ], [ -72.496191, 46.352686 ], [ -72.366162, 46.404785 ], [ -72.240137, 46.44209 ], [ -72.187207, 46.511523 ], [ -72.109277, 46.551221 ], [ -71.900928, 46.631934 ], [ -71.671289, 46.65376 ], [ -71.439209, 46.720752 ], [ -71.261182, 46.75625 ], [ -71.152002, 46.819092 ], [ -70.993262, 46.852197 ], [ -70.519482, 47.03252 ], [ -70.388086, 47.116943 ], [ -70.217773, 47.289844 ], [ -70.06958, 47.377783 ], [ -70.017139, 47.471436 ], [ -69.802246, 47.623437 ], [ -69.581055, 47.823682 ], [ -69.471045, 47.967285 ], [ -69.306348, 48.047021 ], [ -68.987061, 48.275 ], [ -68.815674, 48.366016 ], [ -68.746045, 48.376416 ], [ -68.552002, 48.457324 ], [ -68.431494, 48.541699 ], [ -68.238184, 48.626416 ], [ -67.889014, 48.730908 ], [ -67.560889, 48.855957 ], [ -67.11748, 48.96416 ], [ -66.598096, 49.126367 ], [ -66.178174, 49.213135 ], [ -65.882812, 49.225684 ], [ -65.523389, 49.266162 ], [ -65.396143, 49.262061 ], [ -64.836328, 49.191748 ], [ -64.567725, 49.104785 ], [ -64.261816, 48.921875 ], [ -64.216211, 48.873633 ], [ -64.208789, 48.806201 ], [ -64.370752, 48.838965 ], [ -64.513721, 48.841113 ], [ -64.414551, 48.803613 ], [ -64.246094, 48.691113 ], [ -64.25376, 48.550391 ], [ -64.348828, 48.423193 ], [ -64.633154, 48.360498 ], [ -64.705762, 48.310596 ], [ -64.764502, 48.228076 ], [ -64.82207, 48.196484 ], [ -64.959912, 48.159863 ], [ -65.036084, 48.10625 ], [ -65.259424, 48.02124 ], [ -65.36001, 48.011133 ], [ -65.475879, 48.031494 ], [ -65.754687, 48.11167 ], [ -65.926709, 48.188867 ], [ -66.012549, 48.14668 ], [ -66.083105, 48.102686 ], [ -66.248633, 48.117334 ], [ -66.324268, 48.0979 ], [ -66.448975, 48.119629 ], [ -66.704395, 48.022461 ], [ -66.631543, 48.011084 ], [ -66.428809, 48.066943 ], [ -66.359619, 48.060645 ], [ -66.210205, 47.988574 ], [ -65.849414, 47.911035 ], [ -65.755713, 47.859766 ], [ -65.666455, 47.696143 ], [ -65.607227, 47.67002 ], [ -65.483496, 47.687012 ], [ -65.343945, 47.76792 ], [ -65.228174, 47.811279 ], [ -65.00166, 47.846826 ], [ -65.046387, 47.793018 ], [ -64.873975, 47.797217 ], [ -64.703223, 47.724854 ], [ -64.766309, 47.673486 ], [ -64.852148, 47.569873 ], [ -64.912207, 47.368652 ], [ -65.086133, 47.233789 ], [ -65.318896, 47.101221 ], [ -65.260205, 47.069238 ], [ -65.19209, 47.049561 ], [ -65.042383, 47.088818 ], [ -64.942432, 47.086182 ], [ -64.831396, 47.060791 ], [ -64.865869, 46.957812 ], [ -64.905762, 46.887939 ], [ -64.88252, 46.822852 ], [ -64.816699, 46.698682 ], [ -64.725879, 46.671436 ], [ -64.689502, 46.512305 ], [ -64.641357, 46.425586 ], [ -64.647852, 46.355957 ], [ -64.556836, 46.311426 ], [ -64.541504, 46.240332 ], [ -64.211816, 46.220215 ], [ -64.14502, 46.192871 ], [ -63.915918, 46.16582 ], [ -63.872656, 46.146191 ], [ -63.831934, 46.107178 ], [ -64.056396, 46.021338 ], [ -63.874707, 45.959229 ], [ -63.702881, 45.858008 ], [ -63.567676, 45.87793 ], [ -63.509229, 45.874707 ], [ -63.358008, 45.811279 ], [ -63.315918, 45.779883 ], [ -63.292773, 45.751953 ], [ -63.216895, 45.757959 ], [ -63.10791, 45.782422 ], [ -62.910791, 45.776367 ], [ -62.700684, 45.740576 ], [ -62.718359, 45.685986 ], [ -62.750098, 45.648242 ], [ -62.585645, 45.660693 ], [ -62.483057, 45.621826 ], [ -62.447266, 45.640527 ], [ -62.421875, 45.664648 ], [ -62.217725, 45.730859 ], [ -61.955518, 45.868164 ], [ -61.923584, 45.851172 ], [ -61.911621, 45.799121 ], [ -61.877246, 45.714209 ], [ -61.776514, 45.655615 ], [ -61.656885, 45.642187 ], [ -61.492285, 45.687012 ], [ -61.427637, 45.648291 ], [ -61.350488, 45.573682 ], [ -61.277051, 45.476025 ], [ -61.281982, 45.441064 ], [ -61.376123, 45.410596 ], [ -61.460986, 45.366699 ], [ -61.106738, 45.348633 ], [ -61.070801, 45.330176 ], [ -61.031543, 45.291748 ], [ -61.067676, 45.252832 ], [ -61.101074, 45.233447 ], [ -61.165332, 45.256104 ], [ -61.283789, 45.235498 ], [ -61.387256, 45.185059 ], [ -61.4979, 45.157031 ], [ -61.56875, 45.153809 ], [ -61.647412, 45.130518 ], [ -61.719238, 45.094482 ], [ -61.793896, 45.084424 ], [ -62.026807, 44.994482 ], [ -62.26499, 44.936475 ], [ -62.514014, 44.843652 ], [ -62.768066, 44.785107 ], [ -63.031836, 44.714795 ], [ -63.089209, 44.708545 ], [ -63.155713, 44.711328 ], [ -63.306299, 44.642578 ], [ -63.380811, 44.651904 ], [ -63.456836, 44.639941 ], [ -63.544336, 44.655078 ], [ -63.604004, 44.683203 ], [ -63.558252, 44.610596 ], [ -63.544824, 44.54375 ], [ -63.567676, 44.514453 ], [ -63.609766, 44.47998 ], [ -63.761133, 44.486426 ], [ -63.820654, 44.510645 ], [ -63.891309, 44.546338 ], [ -63.923682, 44.603857 ], [ -63.999707, 44.644922 ], [ -64.044922, 44.587891 ], [ -64.044629, 44.54541 ], [ -64.100879, 44.487451 ], [ -64.166992, 44.58667 ], [ -64.286084, 44.550342 ], [ -64.338525, 44.444873 ], [ -64.312256, 44.414746 ], [ -64.275684, 44.334082 ], [ -64.33457, 44.291992 ], [ -64.378223, 44.303564 ], [ -64.468799, 44.185156 ], [ -64.578467, 44.142041 ], [ -64.691602, 44.021338 ], [ -64.825635, 43.929346 ], [ -64.862354, 43.867871 ], [ -65.086816, 43.727197 ], [ -65.17207, 43.731396 ], [ -65.234912, 43.726758 ], [ -65.32959, 43.668115 ], [ -65.344287, 43.549609 ], [ -65.386084, 43.565283 ], [ -65.428516, 43.561426 ], [ -65.450439, 43.524219 ], [ -65.481689, 43.518066 ], [ -65.564453, 43.553271 ], [ -65.661914, 43.534033 ], [ -65.738135, 43.560742 ], [ -65.835303, 43.734375 ], [ -65.886914, 43.795215 ], [ -65.978418, 43.814844 ], [ -66.002148, 43.778125 ], [ -66.037646, 43.742188 ], [ -66.125732, 43.813818 ], [ -66.192529, 44.079687 ], [ -66.193066, 44.143848 ], [ -66.099561, 44.36748 ], [ -65.868018, 44.568799 ], [ -65.941943, 44.575537 ], [ -66.146387, 44.435937 ], [ -66.125293, 44.469727 ], [ -66.090625, 44.504932 ], [ -66.02168, 44.561719 ], [ -65.917041, 44.615088 ], [ -65.777686, 44.646191 ], [ -65.681836, 44.650928 ], [ -65.615771, 44.68042 ], [ -65.52002, 44.732666 ], [ -65.502246, 44.7604 ], [ -65.587158, 44.728516 ], [ -65.728223, 44.697119 ], [ -65.692041, 44.738281 ], [ -65.656738, 44.760303 ], [ -64.90293, 45.120801 ], [ -64.75127, 45.180225 ], [ -64.448828, 45.256055 ], [ -64.406885, 45.305713 ], [ -64.448145, 45.337451 ], [ -64.330762, 45.309326 ], [ -64.34043, 45.268213 ], [ -64.358838, 45.238232 ], [ -64.365723, 45.187256 ], [ -64.354248, 45.138232 ], [ -64.23501, 45.114307 ], [ -64.135498, 45.023047 ], [ -64.182715, 45.147021 ], [ -64.093164, 45.21709 ], [ -63.74834, 45.310889 ], [ -63.460254, 45.321094 ], [ -63.368018, 45.364795 ], [ -63.614453, 45.394141 ], [ -63.906445, 45.378174 ], [ -64.087158, 45.410889 ], [ -64.336426, 45.389551 ], [ -64.600195, 45.410059 ], [ -64.681104, 45.382959 ], [ -64.74668, 45.324365 ], [ -64.831934, 45.350244 ], [ -64.873145, 45.35459 ], [ -64.912891, 45.374805 ], [ -64.827393, 45.475537 ], [ -64.560059, 45.625488 ], [ -64.39707, 45.755859 ], [ -64.351123, 45.783203 ], [ -64.314648, 45.835693 ], [ -64.404053, 45.826904 ], [ -64.482227, 45.806348 ], [ -64.536328, 45.866602 ], [ -64.632715, 45.946631 ], [ -64.642041, 45.91333 ], [ -64.593652, 45.813672 ], [ -64.778516, 45.638428 ], [ -64.8979, 45.625977 ], [ -65.057275, 45.544238 ], [ -65.282324, 45.473096 ], [ -65.54502, 45.337305 ], [ -65.884473, 45.2229 ], [ -65.955615, 45.222461 ], [ -66.109766, 45.316602 ], [ -66.06665, 45.359473 ], [ -66.026562, 45.417578 ], [ -66.064893, 45.40083 ], [ -66.089746, 45.375635 ], [ -66.182715, 45.335205 ], [ -66.107324, 45.256934 ], [ -66.14375, 45.227588 ], [ -66.251562, 45.189014 ], [ -66.351953, 45.133203 ], [ -66.439844, 45.095898 ], [ -66.510937, 45.143359 ], [ -66.707178, 45.083398 ], [ -66.872461, 45.067285 ], [ -66.908203, 45.097656 ], [ -66.918701, 45.145605 ], [ -66.976562, 45.157178 ], [ -67.084082, 45.143945 ], [ -67.124854, 45.169434 ] ] ], [ [ [ -55.45874, 51.536523 ], [ -55.532422, 51.436963 ], [ -55.583398, 51.388574 ], [ -55.630762, 51.3729 ], [ -55.730713, 51.358691 ], [ -55.941162, 51.343018 ], [ -56.031104, 51.328369 ], [ -56.043945, 51.261865 ], [ -56.030664, 51.226904 ], [ -55.999902, 51.199268 ], [ -55.96084, 51.191406 ], [ -55.873535, 51.20791 ], [ -55.841113, 51.205078 ], [ -55.815088, 51.191162 ], [ -55.795508, 51.166162 ], [ -55.785352, 51.131445 ], [ -55.784717, 51.087061 ], [ -55.8, 51.033301 ], [ -55.871387, 50.907373 ], [ -55.962012, 50.837695 ], [ -56.078125, 50.780957 ], [ -56.106543, 50.759277 ], [ -56.121191, 50.733789 ], [ -56.135645, 50.650977 ], [ -56.195752, 50.584766 ], [ -56.382422, 50.416992 ], [ -56.454346, 50.380029 ], [ -56.454785, 50.350488 ], [ -56.483936, 50.27085 ], [ -56.539355, 50.206738 ], [ -56.693994, 50.059668 ], [ -56.732324, 50.007715 ], [ -56.749561, 49.966553 ], [ -56.747168, 49.908496 ], [ -56.754102, 49.88291 ], [ -56.789502, 49.83374 ], [ -56.838867, 49.787744 ], [ -56.848633, 49.765332 ], [ -56.829199, 49.724609 ], [ -56.809229, 49.7104 ], [ -56.806885, 49.67334 ], [ -56.822168, 49.613477 ], [ -56.756787, 49.651611 ], [ -56.610645, 49.787695 ], [ -56.500928, 49.869629 ], [ -56.427588, 49.897412 ], [ -56.376416, 49.933691 ], [ -56.321826, 50.01377 ], [ -56.24707, 50.090088 ], [ -56.179395, 50.11499 ], [ -56.148389, 50.100342 ], [ -56.122168, 50.062842 ], [ -56.127441, 50.015137 ], [ -56.16416, 49.957275 ], [ -56.161279, 49.940137 ], [ -56.075, 49.982617 ], [ -55.927002, 50.017773 ], [ -55.87334, 50.013135 ], [ -55.764746, 49.960449 ], [ -55.674463, 49.966553 ], [ -55.530029, 49.997168 ], [ -55.50293, 49.983154 ], [ -55.527002, 49.936768 ], [ -55.583691, 49.892383 ], [ -55.717627, 49.829004 ], [ -56.03999, 49.704687 ], [ -56.140186, 49.619141 ], [ -56.121191, 49.621729 ], [ -56.051611, 49.658398 ], [ -55.978516, 49.678125 ], [ -55.901855, 49.680859 ], [ -55.869824, 49.670166 ], [ -55.882324, 49.645947 ], [ -55.892041, 49.580273 ], [ -56.087305, 49.451953 ], [ -56.041211, 49.456836 ], [ -55.815234, 49.515283 ], [ -55.678125, 49.434619 ], [ -55.489746, 49.4625 ], [ -55.375928, 49.489746 ], [ -55.37915, 49.4729 ], [ -55.354492, 49.437695 ], [ -55.355371, 49.380859 ], [ -55.343848, 49.3729 ], [ -55.289941, 49.391943 ], [ -55.280176, 49.412744 ], [ -55.283008, 49.513818 ], [ -55.266357, 49.523926 ], [ -55.229541, 49.508154 ], [ -55.207031, 49.482031 ], [ -55.200293, 49.408496 ], [ -55.225, 49.334668 ], [ -55.259326, 49.266992 ], [ -55.34248, 49.168115 ], [ -55.331934, 49.125586 ], [ -55.353174, 49.079443 ], [ -55.334766, 49.077881 ], [ -55.252344, 49.120898 ], [ -55.247363, 49.138574 ], [ -55.253809, 49.179639 ], [ -55.244531, 49.199805 ], [ -55.176123, 49.244434 ], [ -55.063184, 49.297363 ], [ -55.026172, 49.305371 ], [ -55.0104, 49.293018 ], [ -55.015918, 49.260352 ], [ -54.982617, 49.268115 ], [ -54.910547, 49.31626 ], [ -54.843652, 49.34541 ], [ -54.781885, 49.355469 ], [ -54.717627, 49.388574 ], [ -54.650879, 49.444531 ], [ -54.579053, 49.49082 ], [ -54.502197, 49.527344 ], [ -54.469189, 49.529785 ], [ -54.480615, 49.469336 ], [ -54.46543, 49.400537 ], [ -54.463477, 49.341748 ], [ -54.448242, 49.329443 ], [ -54.389062, 49.392139 ], [ -54.356152, 49.415039 ], [ -54.316748, 49.424121 ], [ -54.270801, 49.419287 ], [ -53.957715, 49.441846 ], [ -53.862451, 49.426318 ], [ -53.75498, 49.385303 ], [ -53.619434, 49.321631 ], [ -53.56958, 49.26416 ], [ -53.560059, 49.191699 ], [ -53.573437, 49.141211 ], [ -53.671143, 49.077539 ], [ -53.758057, 49.0354 ], [ -53.809326, 48.993408 ], [ -53.824902, 48.951367 ], [ -53.845215, 48.925439 ], [ -53.903223, 48.88916 ], [ -54.161279, 48.787695 ], [ -54.099512, 48.784766 ], [ -53.950684, 48.806787 ], [ -53.852881, 48.811328 ], [ -53.847754, 48.79668 ], [ -53.886816, 48.767822 ], [ -53.961523, 48.738867 ], [ -53.96958, 48.724902 ], [ -53.966016, 48.706689 ], [ -53.886133, 48.684668 ], [ -53.784082, 48.69541 ], [ -53.698047, 48.679834 ], [ -53.706348, 48.655518 ], [ -53.774609, 48.576318 ], [ -53.794629, 48.526367 ], [ -53.885547, 48.48457 ], [ -54.067773, 48.418848 ], [ -54.114453, 48.393604 ], [ -54.104248, 48.388379 ], [ -53.937012, 48.436621 ], [ -53.852734, 48.448828 ], [ -53.799316, 48.449219 ], [ -53.738867, 48.495801 ], [ -53.644434, 48.51123 ], [ -53.552051, 48.481787 ], [ -53.411328, 48.562158 ], [ -53.361084, 48.572607 ], [ -53.275439, 48.56333 ], [ -53.220264, 48.577881 ], [ -53.127344, 48.632568 ], [ -53.057275, 48.659033 ], [ -53.042676, 48.656641 ], [ -53.027588, 48.634717 ], [ -53.020752, 48.571631 ], [ -53.037305, 48.515869 ], [ -53.060205, 48.480322 ], [ -53.135742, 48.401855 ], [ -53.182129, 48.374365 ], [ -53.225098, 48.364014 ], [ -53.301172, 48.368164 ], [ -53.334326, 48.355957 ], [ -53.405518, 48.294336 ], [ -53.531201, 48.231885 ], [ -53.609766, 48.207715 ], [ -53.560205, 48.173828 ], [ -53.541846, 48.108447 ], [ -53.569434, 48.088086 ], [ -53.704297, 48.06792 ], [ -53.710156, 48.056836 ], [ -53.758203, 48.042383 ], [ -53.86958, 48.019678 ], [ -53.793555, 48.009717 ], [ -53.653027, 48.025732 ], [ -53.638232, 48.014648 ], [ -53.657617, 47.968652 ], [ -53.69502, 47.921191 ], [ -53.86167, 47.799268 ], [ -53.863672, 47.787012 ], [ -53.837744, 47.727246 ], [ -53.805371, 47.682031 ], [ -53.765137, 47.650098 ], [ -53.672363, 47.648242 ], [ -53.60376, 47.662305 ], [ -53.50376, 47.743848 ], [ -53.282715, 47.997852 ], [ -53.085449, 48.068506 ], [ -52.920996, 48.14707 ], [ -52.883301, 48.131152 ], [ -52.866016, 48.112988 ], [ -52.872021, 48.093945 ], [ -52.95498, 48.029297 ], [ -52.998242, 47.975928 ], [ -53.11084, 47.811914 ], [ -53.153857, 47.73457 ], [ -53.175537, 47.652979 ], [ -53.169824, 47.512109 ], [ -53.157666, 47.487793 ], [ -53.122461, 47.455127 ], [ -53.056836, 47.483105 ], [ -52.94502, 47.552832 ], [ -52.873193, 47.619434 ], [ -52.816943, 47.727881 ], [ -52.782422, 47.769434 ], [ -52.744922, 47.768945 ], [ -52.711426, 47.745312 ], [ -52.703271, 47.693018 ], [ -52.672168, 47.621777 ], [ -52.653662, 47.549414 ], [ -52.668506, 47.469824 ], [ -52.683643, 47.426318 ], [ -52.912402, 47.103223 ], [ -52.888135, 47.04585 ], [ -52.88208, 47.011084 ], [ -52.889209, 46.974121 ], [ -52.961719, 46.819434 ], [ -53.031934, 46.722754 ], [ -53.069775, 46.68125 ], [ -53.114844, 46.655811 ], [ -53.166992, 46.646484 ], [ -53.213672, 46.660498 ], [ -53.254883, 46.697705 ], [ -53.291309, 46.717041 ], [ -53.323047, 46.718359 ], [ -53.381738, 46.711426 ], [ -53.536133, 46.63252 ], [ -53.567773, 46.628271 ], [ -53.589795, 46.638867 ], [ -53.616357, 46.680273 ], [ -53.595166, 46.888477 ], [ -53.581348, 46.957275 ], [ -53.612158, 47.010352 ], [ -53.579639, 47.099414 ], [ -53.578467, 47.133252 ], [ -53.597363, 47.145996 ], [ -53.636377, 47.137695 ], [ -53.695361, 47.09292 ], [ -53.774316, 47.011816 ], [ -53.86001, 46.939453 ], [ -54.00957, 46.8396 ], [ -54.076025, 46.819971 ], [ -54.102393, 46.824902 ], [ -54.132812, 46.838574 ], [ -54.17373, 46.880371 ], [ -54.173291, 46.917187 ], [ -54.155225, 46.96748 ], [ -54.092676, 47.08623 ], [ -53.970508, 47.261963 ], [ -53.869092, 47.387012 ], [ -53.849512, 47.440332 ], [ -53.877881, 47.463574 ], [ -53.90083, 47.509326 ], [ -53.939746, 47.644678 ], [ -53.989014, 47.756201 ], [ -54.047266, 47.805615 ], [ -54.191846, 47.859814 ], [ -54.218408, 47.846729 ], [ -54.233887, 47.77168 ], [ -54.404687, 47.555908 ], [ -54.434473, 47.462305 ], [ -54.455908, 47.427588 ], [ -54.488135, 47.403857 ], [ -54.562549, 47.375195 ], [ -54.542383, 47.425098 ], [ -54.463232, 47.53623 ], [ -54.473926, 47.54707 ], [ -54.574512, 47.457764 ], [ -54.651172, 47.408203 ], [ -54.744678, 47.395459 ], [ -54.801514, 47.398633 ], [ -54.856641, 47.38501 ], [ -55.09043, 47.173926 ], [ -55.099219, 47.103564 ], [ -55.139648, 47.045947 ], [ -55.254932, 46.941748 ], [ -55.315723, 46.905713 ], [ -55.40127, 46.899268 ], [ -55.479297, 46.917285 ], [ -55.530713, 46.914014 ], [ -55.652344, 46.881445 ], [ -55.788525, 46.867236 ], [ -55.844727, 46.873828 ], [ -55.880615, 46.887207 ], [ -55.949902, 46.927686 ], [ -55.958203, 46.956396 ], [ -55.954492, 46.973242 ], [ -55.919238, 47.016895 ], [ -55.838379, 47.071631 ], [ -55.771826, 47.09209 ], [ -55.610059, 47.119629 ], [ -55.491504, 47.160645 ], [ -55.401221, 47.221484 ], [ -55.360889, 47.258594 ], [ -55.19082, 47.448975 ], [ -54.975635, 47.516162 ], [ -54.869531, 47.570898 ], [ -54.795361, 47.640332 ], [ -54.784619, 47.664746 ], [ -54.891016, 47.629492 ], [ -54.945947, 47.62085 ], [ -55.03501, 47.633887 ], [ -55.074561, 47.657568 ], [ -55.196582, 47.650049 ], [ -55.366309, 47.661084 ], [ -55.390771, 47.642871 ], [ -55.412695, 47.550391 ], [ -55.434668, 47.50127 ], [ -55.460645, 47.484766 ], [ -55.498633, 47.475049 ], [ -55.576123, 47.465234 ], [ -55.774707, 47.498291 ], [ -55.811377, 47.516357 ], [ -55.862061, 47.530078 ], [ -56.081348, 47.499951 ], [ -56.127246, 47.502832 ], [ -56.083691, 47.524512 ], [ -55.86709, 47.592334 ], [ -55.844385, 47.787842 ], [ -55.85791, 47.819189 ], [ -55.918457, 47.791895 ], [ -56.020117, 47.763721 ], [ -56.089648, 47.771875 ], [ -56.121436, 47.78916 ], [ -56.150586, 47.774512 ], [ -56.221289, 47.671387 ], [ -56.262988, 47.658447 ], [ -56.325781, 47.654492 ], [ -56.45957, 47.616943 ], [ -56.722314, 47.592285 ], [ -56.774121, 47.56499 ], [ -56.95249, 47.574463 ], [ -57.473437, 47.631104 ], [ -57.659814, 47.625391 ], [ -57.884082, 47.66001 ], [ -57.925537, 47.674902 ], [ -58.239307, 47.668848 ], [ -58.333203, 47.676855 ], [ -58.326953, 47.719873 ], [ -58.336865, 47.730859 ], [ -58.428027, 47.683398 ], [ -58.508887, 47.652588 ], [ -58.613135, 47.626221 ], [ -58.941162, 47.580469 ], [ -59.116943, 47.570703 ], [ -59.219287, 47.602539 ], [ -59.259766, 47.63418 ], [ -59.320654, 47.736914 ], [ -59.362402, 47.865674 ], [ -59.362061, 47.888965 ], [ -59.340869, 47.933643 ], [ -59.27207, 47.995557 ], [ -58.96084, 48.159375 ], [ -58.710596, 48.325049 ], [ -58.60498, 48.411328 ], [ -58.502637, 48.442041 ], [ -58.335547, 48.513672 ], [ -58.330225, 48.522119 ], [ -58.492236, 48.513037 ], [ -58.606152, 48.532861 ], [ -58.722559, 48.540723 ], [ -58.943799, 48.521777 ], [ -59.166797, 48.521777 ], [ -59.167676, 48.558496 ], [ -59.063428, 48.627686 ], [ -58.841797, 48.746436 ], [ -58.819189, 48.746826 ], [ -58.887109, 48.691553 ], [ -58.906445, 48.650195 ], [ -58.877246, 48.622705 ], [ -58.843408, 48.605322 ], [ -58.716455, 48.598047 ], [ -58.687354, 48.62207 ], [ -58.641602, 48.749414 ], [ -58.545605, 48.896875 ], [ -58.49375, 49.003223 ], [ -58.403662, 49.084326 ], [ -58.358691, 49.096533 ], [ -58.31875, 49.081348 ], [ -58.186133, 49.061914 ], [ -58.049658, 48.987549 ], [ -58.005566, 48.98125 ], [ -57.990527, 48.987939 ], [ -58.040576, 49.009766 ], [ -58.081836, 49.044727 ], [ -58.098926, 49.077441 ], [ -58.049072, 49.17998 ], [ -57.990674, 49.209473 ], [ -57.980078, 49.229639 ], [ -58.096875, 49.230078 ], [ -58.190918, 49.25874 ], [ -58.218896, 49.305127 ], [ -58.213379, 49.38667 ], [ -58.182715, 49.4354 ], [ -58.107422, 49.499707 ], [ -58.01582, 49.54248 ], [ -57.96123, 49.531543 ], [ -57.856055, 49.473828 ], [ -57.791309, 49.48999 ], [ -57.798828, 49.508545 ], [ -57.897461, 49.600391 ], [ -57.929053, 49.668408 ], [ -57.926172, 49.70083 ], [ -57.7125, 50.024902 ], [ -57.607959, 50.198779 ], [ -57.465527, 50.463672 ], [ -57.432617, 50.505811 ], [ -57.360449, 50.583936 ], [ -57.330566, 50.605176 ], [ -57.237402, 50.605371 ], [ -57.17959, 50.614844 ], [ -57.26416, 50.649365 ], [ -57.294434, 50.673389 ], [ -57.297998, 50.69873 ], [ -57.274902, 50.725293 ], [ -57.242139, 50.744922 ], [ -57.131641, 50.787402 ], [ -57.053271, 50.857324 ], [ -57.005664, 50.939648 ], [ -57.012744, 50.967725 ], [ -57.037305, 50.995654 ], [ -57.035937, 51.01084 ], [ -56.976367, 51.027979 ], [ -56.825146, 51.125732 ], [ -56.805469, 51.144482 ], [ -56.750195, 51.274902 ], [ -56.682422, 51.332764 ], [ -56.619043, 51.362451 ], [ -56.517969, 51.399316 ], [ -56.207373, 51.488623 ], [ -56.025586, 51.568359 ], [ -55.9021, 51.563916 ], [ -55.86582, 51.508301 ], [ -55.69043, 51.471338 ], [ -55.65957, 51.511035 ], [ -55.700635, 51.559424 ], [ -55.666406, 51.578906 ], [ -55.521631, 51.596387 ], [ -55.496436, 51.589844 ], [ -55.453223, 51.562305 ], [ -55.45874, 51.536523 ] ] ], [ [ [ -86.589355, 71.010791 ], [ -86.549658, 70.98877 ], [ -86.321289, 71.016797 ], [ -86.127148, 71.048975 ], [ -85.824561, 71.125732 ], [ -85.643848, 71.152441 ], [ -85.094873, 71.151953 ], [ -85.001562, 71.137451 ], [ -85.042773, 71.091602 ], [ -85.065771, 71.078613 ], [ -85.047656, 71.058691 ], [ -84.988477, 71.031738 ], [ -84.870312, 71.001807 ], [ -84.82373, 71.028613 ], [ -84.7896, 71.093262 ], [ -84.708594, 71.358691 ], [ -84.674316, 71.43877 ], [ -84.658105, 71.5146 ], [ -84.659961, 71.586133 ], [ -84.699414, 71.631445 ], [ -84.840137, 71.658643 ], [ -85.032227, 71.654053 ], [ -85.130908, 71.66123 ], [ -85.250488, 71.675293 ], [ -85.339062, 71.697266 ], [ -85.39668, 71.727051 ], [ -85.511523, 71.816553 ], [ -85.596191, 71.866406 ], [ -85.81333, 71.956445 ], [ -85.911621, 71.986523 ], [ -85.862109, 72.021973 ], [ -85.664795, 72.062793 ], [ -85.545801, 72.101562 ], [ -85.405908, 72.214844 ], [ -85.321875, 72.233154 ], [ -85.01875, 72.218164 ], [ -84.608496, 72.129492 ], [ -84.35166, 72.052637 ], [ -84.28374, 72.044482 ], [ -84.282324, 72.058447 ], [ -84.347461, 72.094434 ], [ -84.642969, 72.189551 ], [ -84.777539, 72.258789 ], [ -84.841992, 72.308154 ], [ -84.811035, 72.329541 ], [ -84.644678, 72.351416 ], [ -84.623047, 72.376563 ], [ -84.849414, 72.40625 ], [ -84.96416, 72.405615 ], [ -85.056836, 72.384375 ], [ -85.156396, 72.38291 ], [ -85.341113, 72.421533 ], [ -85.391309, 72.443994 ], [ -85.497754, 72.510596 ], [ -85.553711, 72.568604 ], [ -85.615576, 72.604639 ], [ -85.637891, 72.633203 ], [ -85.649902, 72.722168 ], [ -85.644531, 72.774463 ], [ -85.619434, 72.819189 ], [ -85.574609, 72.856396 ], [ -85.454785, 72.925146 ], [ -85.387598, 72.94502 ], [ -85.262109, 72.954004 ], [ -84.989551, 72.919873 ], [ -84.256641, 72.796729 ], [ -84.274268, 72.836426 ], [ -85.094043, 73.002637 ], [ -85.383887, 73.04541 ], [ -85.454736, 73.105469 ], [ -85.018408, 73.335498 ], [ -84.616064, 73.389551 ], [ -84.416064, 73.456494 ], [ -84.088965, 73.459375 ], [ -83.781885, 73.416895 ], [ -83.776514, 73.428467 ], [ -83.91499, 73.508398 ], [ -83.904053, 73.52832 ], [ -83.729834, 73.575879 ], [ -83.410352, 73.631689 ], [ -83.020459, 73.676025 ], [ -82.943213, 73.699121 ], [ -82.843311, 73.71543 ], [ -82.659619, 73.72959 ], [ -82.202783, 73.736475 ], [ -81.946143, 73.729834 ], [ -81.605371, 73.695996 ], [ -81.406152, 73.634521 ], [ -81.344092, 73.597754 ], [ -81.23833, 73.479541 ], [ -81.151758, 73.314014 ], [ -81.025146, 73.245215 ], [ -80.821729, 73.207178 ], [ -80.681152, 73.16582 ], [ -80.603467, 73.121191 ], [ -80.582764, 73.064941 ], [ -80.619141, 72.997168 ], [ -80.591895, 72.927686 ], [ -80.500928, 72.856592 ], [ -80.430811, 72.81626 ], [ -80.277246, 72.770166 ], [ -80.274707, 72.745557 ], [ -80.322656, 72.71748 ], [ -80.424316, 72.678906 ], [ -80.675098, 72.558643 ], [ -80.99873, 72.426221 ], [ -81.229346, 72.311719 ], [ -81.240576, 72.27793 ], [ -80.760791, 72.457178 ], [ -80.611475, 72.45083 ], [ -80.604687, 72.425781 ], [ -80.702441, 72.338281 ], [ -80.821484, 72.260254 ], [ -80.941211, 72.210156 ], [ -80.919336, 72.19126 ], [ -80.691406, 72.103467 ], [ -80.733252, 72.089014 ], [ -80.843262, 72.096191 ], [ -80.888379, 72.088281 ], [ -80.921094, 72.072314 ], [ -80.941406, 72.048242 ], [ -80.942676, 72.014355 ], [ -80.925049, 71.970703 ], [ -80.926807, 71.938086 ], [ -80.9479, 71.916553 ], [ -80.925146, 71.907666 ], [ -80.858447, 71.911426 ], [ -80.802246, 71.929199 ], [ -80.70542, 71.988135 ], [ -80.386133, 72.148779 ], [ -80.181934, 72.208789 ], [ -80.116113, 72.214062 ], [ -79.92832, 72.174951 ], [ -79.884375, 72.177197 ], [ -80.090918, 72.300879 ], [ -80.108936, 72.332178 ], [ -80.066992, 72.37832 ], [ -80.041797, 72.394238 ], [ -79.926709, 72.428174 ], [ -79.831299, 72.446289 ], [ -79.777881, 72.438721 ], [ -79.693311, 72.375928 ], [ -79.653857, 72.332178 ], [ -79.583691, 72.314648 ], [ -79.427441, 72.337305 ], [ -79.32334, 72.39082 ], [ -79.194385, 72.355713 ], [ -79.000244, 72.272021 ], [ -79.017969, 72.188232 ], [ -79.017773, 72.104346 ], [ -79.007812, 72.04292 ], [ -78.775928, 71.930371 ], [ -78.614453, 71.881006 ], [ -78.585107, 71.880615 ], [ -78.588867, 71.89751 ], [ -78.622559, 71.934961 ], [ -78.711133, 71.972412 ], [ -78.79082, 72.030273 ], [ -78.862744, 72.10083 ], [ -78.820117, 72.26543 ], [ -78.699268, 72.351416 ], [ -78.582471, 72.329346 ], [ -78.428809, 72.279785 ], [ -78.307471, 72.275146 ], [ -78.116357, 72.280322 ], [ -77.726025, 72.17998 ], [ -77.516504, 72.177783 ], [ -77.535742, 72.21875 ], [ -77.694482, 72.238428 ], [ -77.926172, 72.293848 ], [ -78.287207, 72.359814 ], [ -78.453076, 72.435205 ], [ -78.484277, 72.470605 ], [ -78.479492, 72.50874 ], [ -78.458838, 72.542334 ], [ -78.422412, 72.571533 ], [ -78.350244, 72.600195 ], [ -78.001025, 72.687598 ], [ -77.753223, 72.724756 ], [ -77.566797, 72.736865 ], [ -77.255371, 72.735889 ], [ -76.893506, 72.720654 ], [ -76.697949, 72.695068 ], [ -76.473242, 72.63335 ], [ -76.18877, 72.572217 ], [ -76.087305, 72.561328 ], [ -75.96875, 72.562744 ], [ -75.833203, 72.576514 ], [ -75.704297, 72.571533 ], [ -75.294238, 72.480859 ], [ -75.185791, 72.434229 ], [ -75.120068, 72.377734 ], [ -75.071484, 72.322852 ], [ -75.039844, 72.26958 ], [ -75.052686, 72.226367 ], [ -75.394141, 72.039795 ], [ -75.542773, 72.007959 ], [ -75.640967, 71.937158 ], [ -75.787402, 71.803076 ], [ -75.911279, 71.731299 ], [ -75.922803, 71.717236 ], [ -75.896826, 71.713721 ], [ -75.82207, 71.745898 ], [ -75.693359, 71.838574 ], [ -75.599902, 71.918457 ], [ -75.428369, 71.984375 ], [ -75.147656, 72.062988 ], [ -74.903174, 72.100488 ], [ -74.694922, 72.096924 ], [ -74.519678, 72.085645 ], [ -74.377441, 72.066553 ], [ -74.292969, 72.050586 ], [ -74.266357, 72.037695 ], [ -74.209326, 71.978662 ], [ -74.212598, 71.938672 ], [ -74.248242, 71.893652 ], [ -74.315723, 71.842676 ], [ -74.621484, 71.786279 ], [ -74.789062, 71.741992 ], [ -74.892969, 71.725537 ], [ -75.204785, 71.709131 ], [ -75.191064, 71.691602 ], [ -74.959473, 71.66748 ], [ -74.700781, 71.675586 ], [ -74.707373, 71.646924 ], [ -74.828955, 71.570898 ], [ -74.868311, 71.504736 ], [ -74.834473, 71.450586 ], [ -74.840723, 71.406592 ], [ -74.931299, 71.314063 ], [ -75.035352, 71.230518 ], [ -74.996191, 71.218115 ], [ -74.758936, 71.338135 ], [ -74.695312, 71.469434 ], [ -74.599561, 71.584863 ], [ -74.488086, 71.648389 ], [ -74.404102, 71.67251 ], [ -74.139062, 71.682227 ], [ -73.99209, 71.749609 ], [ -73.866602, 71.771045 ], [ -73.814062, 71.771436 ], [ -73.707227, 71.746338 ], [ -73.713574, 71.719873 ], [ -73.868604, 71.599365 ], [ -74.197266, 71.40415 ], [ -74.06333, 71.426465 ], [ -73.97251, 71.472852 ], [ -73.850879, 71.519141 ], [ -73.712842, 71.587598 ], [ -73.62168, 71.525537 ], [ -73.481592, 71.479248 ], [ -73.397803, 71.373437 ], [ -73.262402, 71.322461 ], [ -73.180615, 71.282861 ], [ -73.192187, 71.349854 ], [ -73.310449, 71.484277 ], [ -73.278223, 71.537988 ], [ -73.186816, 71.564893 ], [ -72.901953, 71.677783 ], [ -72.703027, 71.640137 ], [ -72.580615, 71.606787 ], [ -72.519287, 71.615625 ], [ -72.3646, 71.610986 ], [ -72.116504, 71.592773 ], [ -71.875195, 71.56123 ], [ -71.640674, 71.51626 ], [ -71.459912, 71.463721 ], [ -71.332959, 71.403467 ], [ -71.256055, 71.361816 ], [ -71.229395, 71.33877 ], [ -71.186523, 71.278711 ], [ -71.219385, 71.238818 ], [ -71.396582, 71.146875 ], [ -71.49502, 71.105127 ], [ -71.593066, 71.086377 ], [ -71.856152, 71.104785 ], [ -71.937939, 71.094287 ], [ -72.023877, 71.065332 ], [ -72.297705, 70.938818 ], [ -72.449121, 70.884082 ], [ -72.598047, 70.849219 ], [ -72.632715, 70.830762 ], [ -72.312549, 70.83252 ], [ -72.223926, 70.870166 ], [ -72.15, 70.940674 ], [ -72.00918, 71.013428 ], [ -71.742529, 71.046875 ], [ -71.37085, 70.975146 ], [ -71.18623, 70.978027 ], [ -71.045361, 71.05 ], [ -70.888037, 71.099023 ], [ -70.826074, 71.10874 ], [ -70.79248, 71.10332 ], [ -70.672656, 71.052197 ], [ -70.636475, 71.006592 ], [ -70.639111, 70.902441 ], [ -70.655225, 70.870898 ], [ -70.761719, 70.792236 ], [ -71.021777, 70.674121 ], [ -71.191797, 70.629785 ], [ -71.380469, 70.605957 ], [ -71.585938, 70.565869 ], [ -71.658447, 70.533545 ], [ -71.729395, 70.487695 ], [ -71.800146, 70.457031 ], [ -71.890186, 70.431543 ], [ -71.772363, 70.394189 ], [ -71.727246, 70.395215 ], [ -71.683691, 70.417578 ], [ -71.56499, 70.505664 ], [ -71.47666, 70.544043 ], [ -71.42666, 70.5521 ], [ -71.375098, 70.548438 ], [ -71.324854, 70.531152 ], [ -71.275879, 70.500293 ], [ -71.27959, 70.425195 ], [ -71.429443, 70.127783 ], [ -71.405127, 70.128662 ], [ -71.313086, 70.209326 ], [ -71.045264, 70.519043 ], [ -70.979785, 70.581055 ], [ -70.850537, 70.643604 ], [ -70.560937, 70.738281 ], [ -70.337256, 70.787842 ], [ -70.084717, 70.829541 ], [ -69.949805, 70.84502 ], [ -69.795703, 70.83457 ], [ -69.695508, 70.785889 ], [ -69.560107, 70.777148 ], [ -69.395361, 70.789258 ], [ -69.289062, 70.783447 ], [ -69.168701, 70.76416 ], [ -69.065723, 70.728076 ], [ -68.890723, 70.687109 ], [ -68.495752, 70.610254 ], [ -68.44668, 70.594092 ], [ -68.40083, 70.56499 ], [ -68.358252, 70.5229 ], [ -68.363525, 70.48125 ], [ -68.41665, 70.43999 ], [ -68.482568, 70.414844 ], [ -68.561328, 70.405664 ], [ -68.642822, 70.383203 ], [ -68.793652, 70.324414 ], [ -68.84292, 70.314453 ], [ -69.079443, 70.28916 ], [ -69.29873, 70.276807 ], [ -69.435693, 70.253125 ], [ -69.698975, 70.189307 ], [ -70.061426, 70.07085 ], [ -70.057715, 70.042627 ], [ -69.913086, 70.029053 ], [ -69.79585, 70.046924 ], [ -69.63457, 70.12876 ], [ -69.483008, 70.160059 ], [ -69.246191, 70.185107 ], [ -68.918555, 70.206982 ], [ -68.778223, 70.203564 ], [ -68.75293, 70.19917 ], [ -68.734619, 70.179834 ], [ -68.723291, 70.145654 ], [ -68.776953, 70.101025 ], [ -68.839111, 70.079932 ], [ -69.008301, 69.978955 ], [ -68.897021, 69.952734 ], [ -68.744043, 69.941406 ], [ -68.656738, 69.968457 ], [ -68.577832, 70.030469 ], [ -68.489355, 70.064844 ], [ -68.39126, 70.071631 ], [ -68.305078, 70.087402 ], [ -68.230664, 70.112207 ], [ -68.210449, 70.128418 ], [ -68.318604, 70.160596 ], [ -68.327197, 70.180176 ], [ -68.283105, 70.228271 ], [ -68.203516, 70.281494 ], [ -68.120654, 70.3146 ], [ -68.059082, 70.317236 ], [ -67.855322, 70.281787 ], [ -67.716016, 70.219824 ], [ -67.363672, 70.034424 ], [ -67.318408, 69.998437 ], [ -67.195898, 69.860693 ], [ -67.172656, 69.799463 ], [ -67.192773, 69.756836 ], [ -67.221631, 69.730713 ], [ -67.259277, 69.721289 ], [ -67.336719, 69.720996 ], [ -67.806201, 69.777393 ], [ -68.02041, 69.770068 ], [ -68.113965, 69.754297 ], [ -68.189453, 69.730615 ], [ -68.248096, 69.700781 ], [ -68.289795, 69.664697 ], [ -68.37207, 69.644385 ], [ -68.669922, 69.643652 ], [ -68.837109, 69.623535 ], [ -69.124512, 69.574512 ], [ -69.227686, 69.547412 ], [ -69.250781, 69.511914 ], [ -69.074902, 69.518115 ], [ -68.785254, 69.564209 ], [ -68.513037, 69.577295 ], [ -68.058154, 69.475879 ], [ -67.908252, 69.460107 ], [ -67.824854, 69.474707 ], [ -67.724512, 69.479248 ], [ -67.360937, 69.47251 ], [ -67.236963, 69.460107 ], [ -67.052686, 69.421191 ], [ -66.77085, 69.33667 ], [ -66.716748, 69.311865 ], [ -66.685254, 69.285742 ], [ -66.67627, 69.258447 ], [ -66.679297, 69.191064 ], [ -66.707422, 69.168213 ], [ -66.802881, 69.152734 ], [ -67.208008, 69.170654 ], [ -67.331641, 69.184717 ], [ -67.483789, 69.166992 ], [ -67.607227, 69.173193 ], [ -67.765039, 69.200244 ], [ -67.938477, 69.248145 ], [ -68.198193, 69.202686 ], [ -68.406299, 69.232227 ], [ -68.618896, 69.206006 ], [ -69.040625, 69.097998 ], [ -68.993457, 69.079346 ], [ -68.415527, 69.17207 ], [ -68.303955, 69.166406 ], [ -68.121289, 69.132617 ], [ -67.832617, 69.065967 ], [ -67.751709, 69.038672 ], [ -67.751025, 68.933838 ], [ -67.795117, 68.86333 ], [ -67.883203, 68.783984 ], [ -68.015625, 68.794678 ], [ -68.324219, 68.844043 ], [ -68.450391, 68.85083 ], [ -68.542773, 68.842773 ], [ -68.666699, 68.811328 ], [ -68.725293, 68.810205 ], [ -69.218848, 68.872803 ], [ -69.329785, 68.875781 ], [ -69.342676, 68.869385 ], [ -69.319092, 68.856982 ], [ -68.871436, 68.759961 ], [ -68.540625, 68.749365 ], [ -68.333203, 68.732568 ], [ -68.2104, 68.702979 ], [ -68.15249, 68.681055 ], [ -68.14834, 68.616113 ], [ -68.037939, 68.550732 ], [ -67.938477, 68.52417 ], [ -67.875049, 68.522949 ], [ -67.766016, 68.547021 ], [ -67.655957, 68.550732 ], [ -67.566943, 68.533984 ], [ -67.455518, 68.4979 ], [ -67.320703, 68.487793 ], [ -67.20249, 68.465869 ], [ -67.111182, 68.461475 ], [ -66.854199, 68.471631 ], [ -66.742725, 68.457764 ], [ -66.713916, 68.445703 ], [ -66.762402, 68.424658 ], [ -66.997266, 68.37417 ], [ -67.032959, 68.326074 ], [ -66.900391, 68.263525 ], [ -66.830957, 68.215625 ], [ -66.834326, 68.179883 ], [ -66.905127, 68.098486 ], [ -66.923096, 68.065723 ], [ -66.899805, 68.063086 ], [ -66.729004, 68.129004 ], [ -66.702344, 68.120557 ], [ -66.68457, 68.029248 ], [ -66.662695, 68.034424 ], [ -66.605469, 68.11001 ], [ -66.630957, 68.210645 ], [ -66.530762, 68.250342 ], [ -66.212402, 68.28042 ], [ -66.266309, 68.122705 ], [ -66.274707, 68.040771 ], [ -66.413867, 67.904297 ], [ -66.52998, 67.860303 ], [ -66.526465, 67.851172 ], [ -66.443945, 67.833838 ], [ -66.392383, 67.831934 ], [ -66.342969, 67.853271 ], [ -66.225195, 67.95874 ], [ -65.98584, 68.068555 ], [ -65.942383, 68.070947 ], [ -65.943994, 68.031201 ], [ -65.974902, 67.957422 ], [ -65.864355, 67.922852 ], [ -65.758936, 67.95708 ], [ -65.701709, 67.98667 ], [ -65.569336, 67.982324 ], [ -65.509082, 67.968262 ], [ -65.491113, 67.935693 ], [ -65.552002, 67.799365 ], [ -65.540869, 67.765625 ], [ -65.40127, 67.674854 ], [ -65.387109, 67.680273 ], [ -65.413477, 67.724072 ], [ -65.442236, 67.832324 ], [ -65.415332, 67.879248 ], [ -65.300342, 67.939502 ], [ -65.064404, 68.026221 ], [ -64.976904, 68.043408 ], [ -64.922314, 68.031641 ], [ -64.835449, 67.98999 ], [ -64.862549, 67.965137 ], [ -64.956396, 67.939111 ], [ -65.026025, 67.892041 ], [ -65.071436, 67.823828 ], [ -65.021094, 67.787549 ], [ -64.829883, 67.784277 ], [ -64.637793, 67.840234 ], [ -64.527539, 67.812695 ], [ -64.396436, 67.739941 ], [ -64.15625, 67.622998 ], [ -64.019434, 67.654883 ], [ -63.850195, 67.566064 ], [ -64.07749, 67.495605 ], [ -64.007959, 67.347314 ], [ -64.303271, 67.353467 ], [ -64.469287, 67.341846 ], [ -64.580469, 67.355176 ], [ -64.699951, 67.350537 ], [ -64.589258, 67.315527 ], [ -64.375928, 67.301074 ], [ -64.356445, 67.256152 ], [ -64.188965, 67.257275 ], [ -64.063232, 67.265918 ], [ -63.83623, 67.264111 ], [ -63.824121, 67.315674 ], [ -63.676465, 67.345117 ], [ -63.591602, 67.377539 ], [ -63.521094, 67.35835 ], [ -63.31582, 67.336328 ], [ -63.040137, 67.23501 ], [ -63.161621, 67.174365 ], [ -63.194678, 67.117041 ], [ -63.235547, 67.068506 ], [ -63.258398, 67.024658 ], [ -63.306787, 66.994482 ], [ -63.701562, 66.822363 ], [ -63.63623, 66.820801 ], [ -63.469189, 66.862402 ], [ -63.143701, 66.924316 ], [ -62.962305, 66.949268 ], [ -62.83335, 66.932715 ], [ -62.768164, 66.931982 ], [ -62.710449, 66.954102 ], [ -62.602881, 66.928613 ], [ -62.379736, 66.905371 ], [ -62.123584, 67.046729 ], [ -61.968555, 67.019043 ], [ -61.824121, 66.931738 ], [ -61.514697, 66.778467 ], [ -61.353418, 66.689209 ], [ -61.299707, 66.64873 ], [ -61.307227, 66.608838 ], [ -61.453076, 66.566602 ], [ -61.527832, 66.558105 ], [ -61.724121, 66.637793 ], [ -61.904492, 66.678125 ], [ -62.014258, 66.673779 ], [ -62.12334, 66.643066 ], [ -62.089307, 66.625928 ], [ -61.652637, 66.503125 ], [ -61.576416, 66.4125 ], [ -61.570801, 66.3729 ], [ -61.862695, 66.312842 ], [ -61.956348, 66.309326 ], [ -62.158447, 66.337988 ], [ -62.276904, 66.391504 ], [ -62.374512, 66.41084 ], [ -62.509814, 66.417187 ], [ -62.553125, 66.406836 ], [ -62.405664, 66.315918 ], [ -62.419824, 66.288574 ], [ -62.495996, 66.270898 ], [ -62.533594, 66.227002 ], [ -62.24209, 66.147949 ], [ -62.023926, 66.067529 ], [ -61.991602, 66.035303 ], [ -62.138672, 66.011377 ], [ -62.244336, 66.005859 ], [ -62.467773, 66.01748 ], [ -62.590332, 66.034424 ], [ -62.624121, 66.01626 ], [ -62.497363, 65.974023 ], [ -62.448389, 65.945508 ], [ -62.410303, 65.905762 ], [ -62.388184, 65.868311 ], [ -62.381982, 65.833301 ], [ -62.485645, 65.804492 ], [ -62.610254, 65.723633 ], [ -62.658887, 65.639941 ], [ -62.771729, 65.631982 ], [ -62.817285, 65.647705 ], [ -62.968896, 65.622363 ], [ -63.168945, 65.657324 ], [ -63.240674, 65.695557 ], [ -63.45874, 65.853027 ], [ -63.464355, 65.835352 ], [ -63.409766, 65.755811 ], [ -63.420898, 65.708594 ], [ -63.651953, 65.674316 ], [ -63.651074, 65.660986 ], [ -63.509229, 65.636035 ], [ -63.337451, 65.616748 ], [ -63.364258, 65.543213 ], [ -63.363379, 65.229736 ], [ -63.401807, 65.118457 ], [ -63.48584, 65.02124 ], [ -63.606592, 64.928076 ], [ -63.737158, 64.989111 ], [ -63.789355, 65.051367 ], [ -63.833203, 65.083301 ], [ -63.895605, 65.109277 ], [ -63.97627, 65.121484 ], [ -64.061426, 65.121924 ], [ -64.151855, 65.066162 ], [ -64.250439, 65.114307 ], [ -64.345703, 65.172412 ], [ -64.309766, 65.324561 ], [ -64.269678, 65.400781 ], [ -64.285742, 65.400195 ], [ -64.339941, 65.36416 ], [ -64.469824, 65.252734 ], [ -64.555078, 65.116602 ], [ -64.665332, 65.168945 ], [ -64.764795, 65.234082 ], [ -64.846924, 65.299561 ], [ -64.979639, 65.375098 ], [ -65.108496, 65.46377 ], [ -65.175684, 65.568164 ], [ -65.206982, 65.589648 ], [ -65.282031, 65.67666 ], [ -65.311475, 65.701514 ], [ -65.337402, 65.709766 ], [ -65.401611, 65.764014 ], [ -65.378125, 65.82207 ], [ -65.276953, 65.890674 ], [ -65.184863, 65.939941 ], [ -65.032227, 65.988525 ], [ -64.853711, 66.015918 ], [ -64.77251, 66.078564 ], [ -64.672998, 66.192725 ], [ -64.563965, 66.272168 ], [ -64.445361, 66.317139 ], [ -64.504395, 66.325488 ], [ -64.655176, 66.287012 ], [ -64.761133, 66.230908 ], [ -64.887256, 66.137402 ], [ -65.004492, 66.077734 ], [ -65.305371, 66.008447 ], [ -65.415576, 65.99458 ], [ -65.543701, 65.987207 ], [ -65.825732, 65.996924 ], [ -65.891064, 66.020215 ], [ -65.857178, 66.086426 ], [ -65.656348, 66.204736 ], [ -65.688379, 66.213086 ], [ -65.758984, 66.171191 ], [ -65.855957, 66.142236 ], [ -65.940039, 66.127441 ], [ -66.063721, 66.132715 ], [ -66.208594, 66.206396 ], [ -66.277393, 66.229102 ], [ -66.419189, 66.254492 ], [ -66.476953, 66.279736 ], [ -66.712305, 66.460449 ], [ -66.759766, 66.508496 ], [ -66.787402, 66.555664 ], [ -66.862891, 66.595313 ], [ -66.986328, 66.62749 ], [ -67.014795, 66.622217 ], [ -66.97041, 66.581885 ], [ -66.968994, 66.547168 ], [ -67.076855, 66.525488 ], [ -67.189648, 66.533008 ], [ -67.307324, 66.569727 ], [ -67.317676, 66.520361 ], [ -67.191748, 66.432764 ], [ -67.189746, 66.321729 ], [ -67.225391, 66.310254 ], [ -67.31123, 66.30376 ], [ -67.368848, 66.31748 ], [ -67.559766, 66.400439 ], [ -67.740771, 66.458203 ], [ -67.868457, 66.490137 ], [ -67.883398, 66.467432 ], [ -67.800586, 66.367334 ], [ -67.704492, 66.268604 ], [ -67.547217, 66.187207 ], [ -67.296729, 66.090283 ], [ -67.183203, 66.034424 ], [ -67.272656, 65.955566 ], [ -67.350439, 65.929736 ], [ -67.398779, 65.921729 ], [ -67.550781, 65.921631 ], [ -67.828027, 65.965186 ], [ -67.958203, 66.013818 ], [ -68.147266, 66.129834 ], [ -68.459912, 66.249268 ], [ -68.527783, 66.248633 ], [ -68.748926, 66.200049 ], [ -68.714209, 66.192236 ], [ -68.57168, 66.188721 ], [ -68.46709, 66.173193 ], [ -68.217187, 66.078857 ], [ -68.19834, 66.038965 ], [ -68.260693, 65.99458 ], [ -68.256836, 65.938623 ], [ -68.186719, 65.870996 ], [ -68.115039, 65.827783 ], [ -67.968066, 65.797266 ], [ -67.894189, 65.793262 ], [ -67.866455, 65.773682 ], [ -67.954346, 65.623096 ], [ -67.961816, 65.581934 ], [ -67.936768, 65.564893 ], [ -67.906055, 65.563477 ], [ -67.717139, 65.625342 ], [ -67.638086, 65.64043 ], [ -67.569629, 65.643555 ], [ -67.490137, 65.626221 ], [ -67.399707, 65.588379 ], [ -67.346387, 65.549365 ], [ -67.330322, 65.50918 ], [ -67.303418, 65.48291 ], [ -67.117969, 65.440381 ], [ -67.134961, 65.420508 ], [ -67.326074, 65.356641 ], [ -67.336523, 65.346582 ], [ -67.29834, 65.341943 ], [ -67.177588, 65.303809 ], [ -67.066504, 65.244092 ], [ -66.998584, 65.172998 ], [ -66.984912, 65.138037 ], [ -66.985645, 65.104834 ], [ -66.970361, 65.084912 ], [ -66.911523, 65.081348 ], [ -66.8875, 65.093994 ], [ -66.860645, 65.091602 ], [ -66.830908, 65.07417 ], [ -66.799609, 65.019678 ], [ -66.732764, 64.860059 ], [ -66.697412, 64.815186 ], [ -66.677148, 64.813672 ], [ -66.666699, 64.973828 ], [ -66.635498, 65.000342 ], [ -66.517773, 64.971973 ], [ -66.345215, 64.909619 ], [ -66.22373, 64.854102 ], [ -66.209717, 64.828125 ], [ -66.301514, 64.777734 ], [ -66.282129, 64.755322 ], [ -66.214648, 64.722412 ], [ -66.15249, 64.734912 ], [ -66.10752, 64.791211 ], [ -66.030176, 64.846582 ], [ -65.938525, 64.885742 ], [ -65.768066, 64.853564 ], [ -65.626758, 64.770752 ], [ -65.605273, 64.742334 ], [ -65.513184, 64.706494 ], [ -65.431934, 64.726416 ], [ -65.274805, 64.631543 ], [ -65.349316, 64.588525 ], [ -65.512793, 64.525977 ], [ -65.529346, 64.504785 ], [ -65.48999, 64.509619 ], [ -65.178613, 64.509717 ], [ -65.094531, 64.48457 ], [ -65.074609, 64.43667 ], [ -65.212988, 64.303271 ], [ -65.339893, 64.315088 ], [ -65.507471, 64.318311 ], [ -65.593652, 64.311133 ], [ -65.580322, 64.293848 ], [ -65.347803, 64.232324 ], [ -65.281982, 64.181641 ], [ -65.192773, 64.129834 ], [ -65.149609, 64.087158 ], [ -65.150635, 64.067529 ], [ -65.187305, 64.037988 ], [ -65.169873, 64.028174 ], [ -65.010596, 64.008838 ], [ -64.911816, 64.026172 ], [ -64.787793, 64.032764 ], [ -64.678467, 64.027979 ], [ -64.669727, 64.00957 ], [ -64.686182, 63.960938 ], [ -64.798145, 63.915967 ], [ -64.768164, 63.90542 ], [ -64.636719, 63.918359 ], [ -64.576318, 63.897363 ], [ -64.498486, 63.790332 ], [ -64.410937, 63.706348 ], [ -64.482227, 63.687061 ], [ -64.561572, 63.679688 ], [ -64.550293, 63.572559 ], [ -64.498633, 63.462793 ], [ -64.498096, 63.357568 ], [ -64.514355, 63.263965 ], [ -64.586914, 63.243164 ], [ -64.664648, 63.245361 ], [ -64.695605, 63.268848 ], [ -64.886279, 63.54873 ], [ -64.933301, 63.599268 ], [ -64.989697, 63.643359 ], [ -65.191846, 63.764258 ], [ -65.183936, 63.744824 ], [ -65.133838, 63.689062 ], [ -65.089404, 63.605957 ], [ -65.031348, 63.440137 ], [ -65.004785, 63.333398 ], [ -65.016699, 63.292822 ], [ -65.058057, 63.282861 ], [ -65.068945, 63.263477 ], [ -65.049316, 63.234619 ], [ -64.894824, 63.125635 ], [ -64.820166, 63.06001 ], [ -64.767383, 62.991797 ], [ -64.718115, 62.945801 ], [ -64.672363, 62.921973 ], [ -64.683643, 62.902393 ], [ -64.751855, 62.887158 ], [ -64.868701, 62.879883 ], [ -64.923242, 62.88916 ], [ -65.132959, 62.952344 ], [ -65.162793, 62.932617 ], [ -65.046582, 62.701465 ], [ -65.050195, 62.646143 ], [ -65.108496, 62.626465 ], [ -65.180322, 62.649463 ], [ -65.26582, 62.715088 ], [ -65.396533, 62.788184 ], [ -65.572412, 62.868896 ], [ -65.740381, 62.931982 ], [ -65.779883, 62.930273 ], [ -65.805664, 62.911572 ], [ -65.833691, 62.908545 ], [ -65.864062, 62.921143 ], [ -65.920264, 62.968506 ], [ -65.978857, 63.000684 ], [ -66.224023, 63.107178 ], [ -66.249219, 63.108252 ], [ -66.226074, 63.076318 ], [ -66.201074, 63.00625 ], [ -66.228662, 62.990967 ], [ -66.292773, 62.99668 ], [ -66.414453, 63.027197 ], [ -66.496387, 63.097266 ], [ -66.600488, 63.218896 ], [ -66.65498, 63.264746 ], [ -66.659814, 63.234912 ], [ -66.630859, 63.119043 ], [ -66.636426, 63.080127 ], [ -66.697461, 63.069531 ], [ -66.723242, 63.080176 ], [ -66.748535, 63.111084 ], [ -66.773242, 63.162256 ], [ -66.831445, 63.201123 ], [ -66.923291, 63.227686 ], [ -66.974707, 63.255566 ], [ -67.000146, 63.305127 ], [ -67.01792, 63.316504 ], [ -67.179785, 63.305029 ], [ -67.260937, 63.340723 ], [ -67.49502, 63.481445 ], [ -67.709229, 63.633936 ], [ -67.844238, 63.714551 ], [ -67.893262, 63.73374 ], [ -67.821436, 63.63501 ], [ -67.742529, 63.489258 ], [ -67.722559, 63.422754 ], [ -67.758789, 63.419727 ], [ -67.837891, 63.449219 ], [ -68.243555, 63.637061 ], [ -68.49375, 63.725488 ], [ -68.632861, 63.741113 ], [ -68.858936, 63.751855 ], [ -68.911084, 63.703223 ], [ -68.789258, 63.595117 ], [ -68.670557, 63.513672 ], [ -68.555127, 63.458936 ], [ -68.373926, 63.352197 ], [ -68.208057, 63.214697 ], [ -68.14126, 63.172314 ], [ -67.915332, 63.113672 ], [ -67.797461, 63.098096 ], [ -67.675977, 63.093555 ], [ -67.664893, 63.072656 ], [ -67.723779, 63.033691 ], [ -67.736963, 63.00957 ], [ -67.468213, 62.948242 ], [ -67.36665, 62.91416 ], [ -67.268506, 62.857568 ], [ -67.212695, 62.843506 ], [ -66.979541, 62.70083 ], [ -66.921533, 62.678076 ], [ -66.714014, 62.631787 ], [ -66.644873, 62.602051 ], [ -66.530518, 62.509961 ], [ -66.45874, 62.463135 ], [ -66.357275, 62.351904 ], [ -66.28125, 62.302686 ], [ -66.09502, 62.246387 ], [ -66.015625, 62.230273 ], [ -65.980176, 62.208887 ], [ -66.004346, 62.158301 ], [ -66.026953, 62.137207 ], [ -66.133154, 62.102393 ], [ -66.116406, 62.053906 ], [ -66.056445, 61.96748 ], [ -66.058887, 61.913867 ], [ -66.123877, 61.893066 ], [ -66.256689, 61.868262 ], [ -66.32373, 61.870264 ], [ -66.424512, 61.890723 ], [ -66.551318, 61.925586 ], [ -66.803125, 62.012598 ], [ -67.181055, 62.072852 ], [ -67.322021, 62.105029 ], [ -67.368994, 62.134082 ], [ -67.440137, 62.15127 ], [ -68.378613, 62.235156 ], [ -68.535889, 62.255615 ], [ -68.633643, 62.281299 ], [ -68.724365, 62.318994 ], [ -69.082324, 62.405176 ], [ -69.125586, 62.423975 ], [ -69.366016, 62.571875 ], [ -69.545166, 62.74458 ], [ -69.604736, 62.767725 ], [ -69.799512, 62.790479 ], [ -69.962109, 62.776172 ], [ -70.070947, 62.757227 ], [ -70.236133, 62.763379 ], [ -70.344043, 62.791504 ], [ -70.571338, 62.869189 ], [ -70.801416, 62.910498 ], [ -71.002148, 62.978271 ], [ -71.105762, 63.002246 ], [ -71.096191, 63.019678 ], [ -70.946045, 63.120703 ], [ -70.992676, 63.119287 ], [ -71.253711, 63.042529 ], [ -71.347266, 63.066113 ], [ -71.50127, 63.126416 ], [ -71.617139, 63.187207 ], [ -71.855469, 63.355273 ], [ -71.992236, 63.416162 ], [ -71.973047, 63.429883 ], [ -71.819189, 63.435449 ], [ -71.696533, 63.430225 ], [ -71.614258, 63.444092 ], [ -71.455859, 63.512256 ], [ -71.387402, 63.555029 ], [ -71.380859, 63.580322 ], [ -71.513477, 63.586572 ], [ -71.541895, 63.598828 ], [ -71.565625, 63.626758 ], [ -71.626758, 63.662598 ], [ -71.725293, 63.706152 ], [ -71.837549, 63.724951 ], [ -72.222949, 63.708887 ], [ -72.290137, 63.727979 ], [ -72.28877, 63.756982 ], [ -72.213477, 63.838721 ], [ -72.172461, 63.87168 ], [ -72.159375, 63.889893 ], [ -72.174268, 63.893408 ], [ -72.226465, 63.891357 ], [ -72.45, 63.818115 ], [ -72.498437, 63.823486 ], [ -72.586133, 63.900781 ], [ -72.639307, 63.989063 ], [ -72.678076, 64.02002 ], [ -72.72959, 64.030469 ], [ -72.913184, 64.117188 ], [ -73.174316, 64.281885 ], [ -73.270312, 64.333496 ], [ -73.3771, 64.37959 ], [ -73.454541, 64.399268 ], [ -73.443652, 64.423486 ], [ -73.278174, 64.560254 ], [ -73.271289, 64.58252 ], [ -73.413086, 64.57417 ], [ -73.626953, 64.602539 ], [ -73.728418, 64.568262 ], [ -73.792773, 64.566211 ], [ -73.867871, 64.585352 ], [ -73.910352, 64.578125 ], [ -73.950391, 64.46582 ], [ -73.981104, 64.437744 ], [ -74.025586, 64.422656 ], [ -74.064795, 64.424658 ], [ -74.09873, 64.443701 ], [ -74.0979, 64.469922 ], [ -74.130469, 64.607812 ], [ -74.205078, 64.628125 ], [ -74.415869, 64.633496 ], [ -74.46123, 64.644678 ], [ -74.512451, 64.670166 ], [ -74.55625, 64.717334 ], [ -74.592578, 64.786182 ], [ -74.634277, 64.823926 ], [ -74.681396, 64.830664 ], [ -74.719189, 64.825146 ], [ -74.747754, 64.807324 ], [ -74.813428, 64.79624 ], [ -74.91626, 64.791992 ], [ -74.919434, 64.765527 ], [ -74.823047, 64.716895 ], [ -74.729834, 64.647363 ], [ -74.640039, 64.55708 ], [ -74.694727, 64.496582 ], [ -74.893945, 64.465723 ], [ -75.067383, 64.456689 ], [ -75.215039, 64.469385 ], [ -75.328418, 64.49043 ], [ -75.487793, 64.540771 ], [ -75.715039, 64.524365 ], [ -75.766699, 64.391943 ], [ -75.815234, 64.384668 ], [ -76.031836, 64.388086 ], [ -76.118066, 64.376318 ], [ -76.406836, 64.303174 ], [ -76.494727, 64.292969 ], [ -76.561523, 64.301611 ], [ -76.626514, 64.283936 ], [ -76.723828, 64.242041 ], [ -76.856152, 64.237646 ], [ -77.023535, 64.27085 ], [ -77.165674, 64.285059 ], [ -77.28252, 64.280371 ], [ -77.402881, 64.299902 ], [ -77.526758, 64.34375 ], [ -77.627783, 64.363477 ], [ -77.760498, 64.360156 ], [ -77.791162, 64.36709 ], [ -77.984863, 64.461084 ], [ -78.045215, 64.499268 ], [ -78.174561, 64.617725 ], [ -78.197559, 64.664648 ], [ -78.200879, 64.714746 ], [ -78.189697, 64.751807 ], [ -78.144629, 64.807715 ], [ -78.095605, 64.939258 ], [ -78.055273, 64.98291 ], [ -77.99458, 65.022607 ], [ -77.876172, 65.072949 ], [ -77.447461, 65.161572 ], [ -77.360889, 65.196533 ], [ -77.363867, 65.219775 ], [ -77.461475, 65.328174 ], [ -77.4604, 65.355908 ], [ -77.427686, 65.372119 ], [ -77.358008, 65.435449 ], [ -77.326709, 65.453125 ], [ -77.251172, 65.462891 ], [ -77.094141, 65.430859 ], [ -76.958594, 65.418018 ], [ -76.778906, 65.413867 ], [ -76.481689, 65.369727 ], [ -76.066992, 65.285449 ], [ -75.82832, 65.227051 ], [ -75.648145, 65.14082 ], [ -75.519922, 65.056006 ], [ -75.501562, 65.013086 ], [ -75.560937, 64.947021 ], [ -75.590869, 64.927686 ], [ -75.589111, 64.905029 ], [ -75.555762, 64.879199 ], [ -75.4521, 64.841602 ], [ -75.427148, 64.855859 ], [ -75.435156, 64.900781 ], [ -75.413672, 64.938525 ], [ -75.362793, 64.969043 ], [ -75.357129, 65.00874 ], [ -75.39668, 65.057568 ], [ -75.445801, 65.099707 ], [ -75.504687, 65.135156 ], [ -75.772949, 65.257031 ], [ -75.798682, 65.29751 ], [ -75.708594, 65.315723 ], [ -75.31665, 65.274805 ], [ -75.166309, 65.283936 ], [ -75.109277, 65.331445 ], [ -75.047754, 65.363965 ], [ -74.981738, 65.381445 ], [ -74.849854, 65.389062 ], [ -74.665479, 65.366943 ], [ -74.574902, 65.363672 ], [ -74.494775, 65.37168 ], [ -74.390723, 65.397559 ], [ -74.236865, 65.483887 ], [ -74.138477, 65.503467 ], [ -73.9896, 65.516992 ], [ -73.87793, 65.518848 ], [ -73.675391, 65.484326 ], [ -73.550781, 65.485254 ], [ -73.560742, 65.54292 ], [ -73.643408, 65.653223 ], [ -73.746094, 65.766699 ], [ -73.826074, 65.805176 ], [ -74.033105, 65.877051 ], [ -74.276172, 66.012744 ], [ -74.401074, 66.096973 ], [ -74.433936, 66.139014 ], [ -74.416406, 66.16709 ], [ -74.374902, 66.208154 ], [ -73.933691, 66.358057 ], [ -73.584229, 66.506934 ], [ -73.430957, 66.583154 ], [ -73.357373, 66.636279 ], [ -73.280811, 66.674951 ], [ -73.201123, 66.69917 ], [ -73.033252, 66.728174 ], [ -72.985352, 66.765381 ], [ -72.974854, 66.828516 ], [ -72.946777, 66.883252 ], [ -72.788818, 67.030615 ], [ -72.667725, 67.070459 ], [ -72.485156, 67.098096 ], [ -72.364941, 67.133398 ], [ -72.22002, 67.254297 ], [ -72.234131, 67.284424 ], [ -72.301074, 67.307275 ], [ -72.352881, 67.341895 ], [ -72.576465, 67.658643 ], [ -72.725293, 67.811621 ], [ -72.903955, 67.944775 ], [ -73.063428, 68.106982 ], [ -73.328223, 68.266748 ], [ -73.331445, 68.308984 ], [ -73.284473, 68.356982 ], [ -73.306885, 68.367822 ], [ -73.580176, 68.297754 ], [ -73.644482, 68.294531 ], [ -73.749463, 68.325 ], [ -73.820508, 68.362939 ], [ -73.879346, 68.429395 ], [ -73.87334, 68.46416 ], [ -73.834424, 68.49707 ], [ -73.78252, 68.578027 ], [ -73.780615, 68.619287 ], [ -73.798437, 68.658643 ], [ -73.822119, 68.685986 ], [ -73.851562, 68.701367 ], [ -73.935156, 68.710986 ], [ -74.072998, 68.714941 ], [ -74.117969, 68.700928 ], [ -73.966064, 68.57876 ], [ -73.989258, 68.548633 ], [ -74.182812, 68.535449 ], [ -74.270117, 68.541211 ], [ -74.35, 68.556055 ], [ -74.422412, 68.579932 ], [ -74.647949, 68.70752 ], [ -74.695801, 68.755566 ], [ -74.680518, 68.790283 ], [ -74.699951, 68.80835 ], [ -74.745996, 68.796729 ], [ -74.80835, 68.795898 ], [ -74.892969, 68.808154 ], [ -74.9104, 68.823145 ], [ -74.752393, 68.89209 ], [ -74.743262, 68.913379 ], [ -74.816113, 68.936133 ], [ -74.925098, 68.940723 ], [ -74.954004, 68.961084 ], [ -74.917285, 68.982861 ], [ -74.769336, 69.020654 ], [ -74.716699, 69.045508 ], [ -74.805469, 69.064258 ], [ -74.854883, 69.06582 ], [ -74.954443, 69.024609 ], [ -75.104248, 68.940576 ], [ -75.213281, 68.909375 ], [ -75.362744, 68.948291 ], [ -75.456982, 68.961279 ], [ -75.522656, 68.952734 ], [ -75.623047, 68.887744 ], [ -75.842236, 68.840186 ], [ -76.234717, 68.728027 ], [ -76.403418, 68.692334 ], [ -76.585059, 68.69873 ], [ -76.619434, 68.721387 ], [ -76.61626, 68.759863 ], [ -76.603662, 68.791553 ], [ -76.581738, 68.816309 ], [ -76.574561, 68.84668 ], [ -76.587695, 68.974463 ], [ -76.557227, 69.009473 ], [ -76.495166, 69.03042 ], [ -76.380908, 69.052441 ], [ -76.089209, 69.026172 ], [ -75.953711, 69.030811 ], [ -75.858594, 69.060303 ], [ -75.763379, 69.10293 ], [ -75.667969, 69.158838 ], [ -75.647754, 69.212549 ], [ -75.749072, 69.299561 ], [ -75.787158, 69.318652 ], [ -76.046484, 69.386377 ], [ -76.189795, 69.410986 ], [ -76.316211, 69.421631 ], [ -76.407959, 69.441113 ], [ -76.464941, 69.469434 ], [ -76.520361, 69.516602 ], [ -76.524951, 69.548682 ], [ -76.516113, 69.590918 ], [ -76.463281, 69.619971 ], [ -76.231104, 69.653467 ], [ -76.234082, 69.662109 ], [ -76.423828, 69.686816 ], [ -76.513281, 69.683936 ], [ -76.590039, 69.65625 ], [ -76.686523, 69.59126 ], [ -76.742334, 69.5729 ], [ -76.915576, 69.611182 ], [ -77.019629, 69.616846 ], [ -77.089941, 69.635107 ], [ -77.128809, 69.652734 ], [ -77.105078, 69.670752 ], [ -77.018701, 69.689063 ], [ -76.868604, 69.745166 ], [ -76.858594, 69.775391 ], [ -76.962256, 69.824854 ], [ -77.015967, 69.836133 ], [ -77.232471, 69.85459 ], [ -77.494287, 69.83623 ], [ -77.59165, 69.845605 ], [ -77.635303, 69.900439 ], [ -77.662988, 69.965723 ], [ -77.674756, 70.041504 ], [ -77.721924, 70.170801 ], [ -77.774023, 70.238525 ], [ -77.842529, 70.24707 ], [ -78.156787, 70.219141 ], [ -78.231445, 70.218799 ], [ -78.282812, 70.22915 ], [ -78.490723, 70.315576 ], [ -78.574805, 70.346191 ], [ -78.621436, 70.353418 ], [ -78.772656, 70.445312 ], [ -78.830859, 70.463184 ], [ -78.899902, 70.508545 ], [ -78.979785, 70.581348 ], [ -79.066406, 70.603564 ], [ -79.159766, 70.575244 ], [ -79.253174, 70.534717 ], [ -79.346631, 70.481885 ], [ -79.397314, 70.437256 ], [ -79.405225, 70.400732 ], [ -79.347412, 70.372314 ], [ -79.017529, 70.325195 ], [ -78.933838, 70.293701 ], [ -78.862842, 70.241895 ], [ -78.809814, 70.178564 ], [ -78.774854, 70.103613 ], [ -78.777832, 70.047656 ], [ -78.818799, 70.010449 ], [ -78.889648, 69.97749 ], [ -79.092871, 69.925342 ], [ -79.30332, 69.894824 ], [ -79.51543, 69.887598 ], [ -79.615918, 69.894727 ], [ -80.162109, 69.995996 ], [ -80.2604, 69.996777 ], [ -80.386816, 70.010449 ], [ -80.670312, 70.0521 ], [ -80.825781, 70.056641 ], [ -81.098291, 70.091162 ], [ -81.55957, 70.11123 ], [ -81.651953, 70.094629 ], [ -81.529248, 70.048047 ], [ -81.421729, 70.024609 ], [ -81.329492, 70.024365 ], [ -81.196826, 69.982812 ], [ -81.02373, 69.9 ], [ -80.924805, 69.850586 ], [ -80.842871, 69.79165 ], [ -80.840283, 69.771387 ], [ -80.921729, 69.730908 ], [ -81.564697, 69.942725 ], [ -81.957715, 69.86875 ], [ -82.138721, 69.841211 ], [ -82.293848, 69.836914 ], [ -82.487744, 69.865967 ], [ -82.925391, 69.968164 ], [ -83.091162, 70.003906 ], [ -83.149951, 70.009082 ], [ -83.530762, 69.964795 ], [ -83.859082, 69.962744 ], [ -84.521875, 70.005225 ], [ -84.765137, 70.033643 ], [ -84.829199, 70.06333 ], [ -84.909082, 70.078223 ], [ -85.052637, 70.078223 ], [ -85.432373, 70.111377 ], [ -85.780029, 70.03667 ], [ -86.198193, 70.105127 ], [ -86.322021, 70.14541 ], [ -86.361426, 70.173047 ], [ -86.483105, 70.288574 ], [ -86.499805, 70.350391 ], [ -86.465381, 70.40625 ], [ -86.431006, 70.444531 ], [ -86.396875, 70.465332 ], [ -86.624316, 70.40127 ], [ -86.70415, 70.390723 ], [ -86.809277, 70.388281 ], [ -87.122461, 70.411963 ], [ -87.171973, 70.399854 ], [ -87.155811, 70.377441 ], [ -87.074023, 70.344824 ], [ -87.063281, 70.325098 ], [ -87.237891, 70.309717 ], [ -87.502441, 70.325684 ], [ -87.617773, 70.31875 ], [ -87.670215, 70.309814 ], [ -87.789453, 70.258252 ], [ -87.838135, 70.246582 ], [ -87.900684, 70.251904 ], [ -88.17832, 70.368604 ], [ -88.4021, 70.44248 ], [ -88.662988, 70.47085 ], [ -88.782715, 70.494482 ], [ -88.848437, 70.5229 ], [ -89.208301, 70.759717 ], [ -89.25752, 70.810693 ], [ -89.371533, 70.996143 ], [ -89.409766, 71.035693 ], [ -89.455908, 71.061719 ], [ -89.365527, 71.067188 ], [ -89.025146, 71.044629 ], [ -88.695654, 71.045605 ], [ -88.51665, 71.030566 ], [ -88.309082, 70.984326 ], [ -88.038574, 70.951318 ], [ -87.844922, 70.944385 ], [ -87.534424, 70.956592 ], [ -87.181592, 70.987549 ], [ -87.140088, 71.011621 ], [ -87.368604, 71.052832 ], [ -87.572314, 71.107568 ], [ -87.760254, 71.178516 ], [ -87.872461, 71.208545 ], [ -88.060645, 71.227246 ], [ -88.589502, 71.240283 ], [ -89.079346, 71.287939 ], [ -89.417676, 71.352197 ], [ -89.693311, 71.423486 ], [ -89.805371, 71.462305 ], [ -89.845752, 71.492285 ], [ -89.888525, 71.585742 ], [ -89.933691, 71.742725 ], [ -89.977344, 71.848047 ], [ -90.019531, 71.901807 ], [ -90.025195, 71.948779 ], [ -89.931494, 72.049023 ], [ -89.663818, 72.157959 ], [ -89.657275, 72.175049 ], [ -89.710547, 72.180127 ], [ -89.8229, 72.207813 ], [ -89.858691, 72.24834 ], [ -89.873096, 72.312646 ], [ -89.874023, 72.367188 ], [ -89.861523, 72.411914 ], [ -89.816846, 72.467725 ], [ -89.701514, 72.568066 ], [ -89.536426, 72.689844 ], [ -89.357715, 72.80415 ], [ -89.3271, 72.841553 ], [ -89.311377, 72.942969 ], [ -89.287695, 73.016943 ], [ -89.263232, 73.068994 ], [ -89.225342, 73.108057 ], [ -89.114746, 73.182178 ], [ -88.976807, 73.25249 ], [ -88.760937, 73.312402 ], [ -88.742529, 73.33457 ], [ -88.7396, 73.365283 ], [ -88.727148, 73.388184 ], [ -88.705176, 73.403271 ], [ -88.17002, 73.595313 ], [ -87.926416, 73.67334 ], [ -87.719775, 73.7229 ], [ -87.472363, 73.759424 ], [ -86.76875, 73.833984 ], [ -86.406396, 73.854785 ], [ -85.950781, 73.850146 ], [ -85.110498, 73.808154 ], [ -85.009326, 73.778613 ], [ -84.983594, 73.763721 ], [ -84.946777, 73.721631 ], [ -84.974512, 73.694775 ], [ -85.204297, 73.603564 ], [ -85.493604, 73.527686 ], [ -85.681885, 73.461475 ], [ -86.000537, 73.312549 ], [ -86.086475, 73.260254 ], [ -86.481396, 72.960254 ], [ -86.574658, 72.910547 ], [ -86.629346, 72.870801 ], [ -86.667773, 72.762549 ], [ -86.656299, 72.724023 ], [ -86.594629, 72.661133 ], [ -86.380322, 72.524658 ], [ -86.322559, 72.46084 ], [ -86.324023, 72.402148 ], [ -86.348047, 72.262256 ], [ -86.350977, 72.191309 ], [ -86.341357, 72.123193 ], [ -86.297168, 72.025781 ], [ -86.218457, 71.899121 ], [ -86.036133, 71.770947 ], [ -85.750098, 71.641357 ], [ -85.537158, 71.55542 ], [ -85.327197, 71.492139 ], [ -85.078711, 71.398486 ], [ -85.023389, 71.353223 ], [ -85.137598, 71.303418 ], [ -85.405371, 71.226758 ], [ -85.757275, 71.193945 ], [ -85.94541, 71.162646 ], [ -86.179443, 71.095898 ], [ -86.473242, 71.042627 ], [ -86.589355, 71.010791 ] ] ], [ [ [ -61.801123, 49.093896 ], [ -62.219531, 49.079102 ], [ -62.552637, 49.140869 ], [ -62.799609, 49.170703 ], [ -63.041504, 49.224951 ], [ -63.565869, 49.399316 ], [ -63.625879, 49.459912 ], [ -63.676221, 49.534326 ], [ -63.776611, 49.602002 ], [ -63.884912, 49.657715 ], [ -64.440039, 49.827734 ], [ -64.485205, 49.886963 ], [ -64.372949, 49.925928 ], [ -64.24375, 49.944385 ], [ -64.131445, 49.94165 ], [ -63.760156, 49.875244 ], [ -63.291992, 49.816846 ], [ -63.088818, 49.772705 ], [ -62.858545, 49.705469 ], [ -62.633447, 49.623926 ], [ -62.133008, 49.40708 ], [ -62.043066, 49.389795 ], [ -61.817139, 49.283545 ], [ -61.73584, 49.20376 ], [ -61.696143, 49.139014 ], [ -61.745508, 49.105762 ], [ -61.801123, 49.093896 ] ] ], [ [ [ -63.811279, 46.468701 ], [ -63.784229, 46.454639 ], [ -63.737012, 46.480518 ], [ -63.681445, 46.561914 ], [ -63.534375, 46.540625 ], [ -63.456494, 46.503906 ], [ -63.413135, 46.512012 ], [ -63.368652, 46.508252 ], [ -63.286084, 46.460205 ], [ -63.129395, 46.422217 ], [ -62.964014, 46.427734 ], [ -62.712012, 46.450293 ], [ -62.681934, 46.459424 ], [ -62.423096, 46.478271 ], [ -62.163574, 46.487207 ], [ -62.074268, 46.465723 ], [ -62.040869, 46.445703 ], [ -62.02373, 46.421582 ], [ -62.171777, 46.355371 ], [ -62.319971, 46.27832 ], [ -62.526074, 46.202881 ], [ -62.552002, 46.165918 ], [ -62.539209, 46.097949 ], [ -62.543262, 46.028662 ], [ -62.502588, 46.022949 ], [ -62.478076, 45.999707 ], [ -62.531348, 45.977295 ], [ -62.743164, 45.966895 ], [ -62.804883, 45.973193 ], [ -62.878369, 46.001367 ], [ -62.903516, 46.068262 ], [ -62.994629, 46.058447 ], [ -63.02207, 46.066602 ], [ -62.894531, 46.123584 ], [ -62.952637, 46.195166 ], [ -63.015039, 46.189941 ], [ -63.056348, 46.223926 ], [ -63.05293, 46.269824 ], [ -62.995117, 46.292139 ], [ -62.978467, 46.316357 ], [ -63.056885, 46.295361 ], [ -63.116992, 46.252832 ], [ -63.194727, 46.236719 ], [ -63.270801, 46.2 ], [ -63.152783, 46.18833 ], [ -63.213477, 46.159863 ], [ -63.276611, 46.153271 ], [ -63.568896, 46.209229 ], [ -63.641016, 46.230469 ], [ -63.731787, 46.289062 ], [ -63.800537, 46.367334 ], [ -63.763232, 46.370361 ], [ -63.750537, 46.384375 ], [ -63.758643, 46.397607 ], [ -63.860547, 46.408154 ], [ -64.019727, 46.404834 ], [ -64.11084, 46.425439 ], [ -64.106543, 46.562109 ], [ -64.136035, 46.599707 ], [ -64.235645, 46.631445 ], [ -64.388037, 46.640869 ], [ -64.403125, 46.691602 ], [ -64.35459, 46.769238 ], [ -64.27998, 46.835742 ], [ -64.223242, 46.90127 ], [ -64.156934, 46.954883 ], [ -63.993555, 47.061572 ], [ -63.997266, 46.981738 ], [ -63.981494, 46.912988 ], [ -64.087891, 46.775439 ], [ -63.903027, 46.639111 ], [ -63.879297, 46.608984 ], [ -63.863721, 46.572363 ], [ -63.875635, 46.538672 ], [ -63.905566, 46.508789 ], [ -63.833594, 46.493896 ], [ -63.811279, 46.468701 ] ] ], [ [ [ -82.000488, 62.954199 ], [ -81.960547, 62.926221 ], [ -81.948584, 62.884033 ], [ -81.964404, 62.827637 ], [ -81.990186, 62.776318 ], [ -82.02583, 62.730078 ], [ -82.113721, 62.652246 ], [ -82.388037, 62.519141 ], [ -82.490967, 62.446582 ], [ -82.568262, 62.403223 ], [ -83.01582, 62.209912 ], [ -83.071387, 62.200391 ], [ -83.129687, 62.204102 ], [ -83.252393, 62.232959 ], [ -83.376807, 62.238135 ], [ -83.698877, 62.160254 ], [ -83.714404, 62.173584 ], [ -83.728613, 62.257178 ], [ -83.760937, 62.303516 ], [ -83.903125, 62.40249 ], [ -83.912402, 62.425537 ], [ -83.910498, 62.45415 ], [ -83.899268, 62.476465 ], [ -83.739062, 62.568848 ], [ -83.376416, 62.904932 ], [ -83.289453, 62.921582 ], [ -83.110937, 62.884131 ], [ -83.02627, 62.87207 ], [ -82.965771, 62.873926 ], [ -82.706445, 62.944531 ], [ -82.459717, 62.936182 ], [ -82.234766, 62.977441 ], [ -82.129248, 62.977686 ], [ -82.047607, 62.970557 ], [ -82.000488, 62.954199 ] ] ], [ [ [ -79.545312, 62.411719 ], [ -79.466211, 62.384521 ], [ -79.336035, 62.293701 ], [ -79.286475, 62.247656 ], [ -79.272021, 62.185986 ], [ -79.306445, 62.103516 ], [ -79.323926, 62.026074 ], [ -79.372266, 61.967773 ], [ -79.462158, 61.894092 ], [ -79.541846, 61.808008 ], [ -79.611328, 61.709619 ], [ -79.66875, 61.644434 ], [ -79.714258, 61.612549 ], [ -79.76333, 61.595947 ], [ -79.816113, 61.594629 ], [ -79.896338, 61.630127 ], [ -80.00415, 61.702539 ], [ -80.091992, 61.746826 ], [ -80.204932, 61.777246 ], [ -80.265186, 61.818213 ], [ -80.276172, 61.858594 ], [ -80.279834, 61.989502 ], [ -80.275098, 62.054639 ], [ -80.260059, 62.109033 ], [ -80.234668, 62.152686 ], [ -80.178564, 62.212793 ], [ -80.021582, 62.342969 ], [ -79.926758, 62.392871 ], [ -79.868066, 62.404346 ], [ -79.712549, 62.39502 ], [ -79.649561, 62.398291 ], [ -79.597656, 62.413232 ], [ -79.545312, 62.411719 ] ] ], [ [ [ -75.675879, 68.32251 ], [ -75.153809, 68.234033 ], [ -75.103125, 68.201904 ], [ -75.078125, 68.173145 ], [ -75.063477, 68.141211 ], [ -75.062354, 68.075391 ], [ -75.072852, 68.049023 ], [ -75.123877, 67.985254 ], [ -75.127344, 67.965234 ], [ -75.086377, 67.751416 ], [ -75.090527, 67.634766 ], [ -75.127295, 67.537305 ], [ -75.201953, 67.45918 ], [ -75.314502, 67.400439 ], [ -75.400098, 67.366699 ], [ -75.780078, 67.283545 ], [ -76.048975, 67.262012 ], [ -76.332764, 67.258105 ], [ -76.693945, 67.23584 ], [ -76.858838, 67.240479 ], [ -76.944189, 67.250293 ], [ -77.004883, 67.266943 ], [ -77.075928, 67.319629 ], [ -77.15708, 67.40835 ], [ -77.224219, 67.508203 ], [ -77.304395, 67.685107 ], [ -77.305908, 67.706104 ], [ -77.228564, 67.850098 ], [ -77.125879, 67.94707 ], [ -76.944727, 68.090967 ], [ -76.740234, 68.23125 ], [ -76.688232, 68.254395 ], [ -76.595801, 68.278955 ], [ -76.364453, 68.318701 ], [ -76.172803, 68.308789 ], [ -76.088281, 68.313818 ], [ -75.982764, 68.332324 ], [ -75.866504, 68.336816 ], [ -75.675879, 68.32251 ] ] ], [ [ [ -79.537305, 73.654492 ], [ -79.366797, 73.641357 ], [ -78.286523, 73.66582 ], [ -78.062939, 73.647656 ], [ -77.382129, 73.53667 ], [ -77.206543, 73.499561 ], [ -77.119775, 73.450488 ], [ -77.041504, 73.373047 ], [ -77.005322, 73.356055 ], [ -76.758691, 73.31001 ], [ -76.657275, 73.254199 ], [ -76.621582, 73.225342 ], [ -76.569775, 73.159277 ], [ -76.458447, 73.121826 ], [ -76.331152, 73.100488 ], [ -76.289551, 73.081006 ], [ -76.30957, 72.9979 ], [ -76.255273, 72.959229 ], [ -76.135059, 72.912402 ], [ -76.08999, 72.881201 ], [ -76.183398, 72.843066 ], [ -76.400537, 72.820654 ], [ -77.013574, 72.843994 ], [ -77.835938, 72.896826 ], [ -78.314209, 72.881836 ], [ -78.554053, 72.857715 ], [ -79.13418, 72.771631 ], [ -79.319336, 72.757715 ], [ -79.500537, 72.755957 ], [ -79.820703, 72.826318 ], [ -79.936865, 72.863623 ], [ -79.975293, 72.89248 ], [ -80.051611, 72.977002 ], [ -80.114453, 73.078223 ], [ -80.146436, 73.161328 ], [ -80.183301, 73.224658 ], [ -80.292725, 73.245605 ], [ -80.61792, 73.270801 ], [ -80.726855, 73.305469 ], [ -80.776416, 73.33418 ], [ -80.82417, 73.380664 ], [ -80.822949, 73.428955 ], [ -80.797998, 73.471533 ], [ -80.776953, 73.481982 ], [ -80.73584, 73.483105 ], [ -80.827002, 73.534668 ], [ -80.858496, 73.591406 ], [ -80.860742, 73.670557 ], [ -80.848877, 73.72124 ], [ -80.822852, 73.743457 ], [ -80.762744, 73.757764 ], [ -80.621387, 73.767334 ], [ -80.412305, 73.76543 ], [ -80.120264, 73.70708 ], [ -79.889355, 73.701514 ], [ -79.537305, 73.654492 ] ] ], [ [ [ -80.731689, 52.747266 ], [ -80.802344, 52.733984 ], [ -81.009863, 52.760645 ], [ -81.096582, 52.779883 ], [ -81.352246, 52.852002 ], [ -81.839062, 52.95791 ], [ -82.005029, 53.010498 ], [ -82.039258, 53.049902 ], [ -81.951123, 53.132227 ], [ -81.901367, 53.165576 ], [ -81.847314, 53.186279 ], [ -81.335352, 53.224268 ], [ -81.135596, 53.205811 ], [ -80.900391, 53.037158 ], [ -80.765332, 52.923242 ], [ -80.710449, 52.831592 ], [ -80.709521, 52.787402 ], [ -80.731689, 52.747266 ] ] ], [ [ [ -78.826514, 56.145312 ], [ -78.877295, 56.131445 ], [ -78.913818, 56.132812 ], [ -78.907031, 56.166357 ], [ -78.856885, 56.23208 ], [ -78.828418, 56.289844 ], [ -78.821582, 56.339648 ], [ -78.799414, 56.383301 ], [ -78.761865, 56.420703 ], [ -78.724512, 56.439209 ], [ -78.66875, 56.438623 ], [ -78.657178, 56.317383 ], [ -78.672803, 56.260498 ], [ -78.710156, 56.212891 ], [ -78.761377, 56.174512 ], [ -78.826514, 56.145312 ] ] ], [ [ [ -78.935596, 56.266064 ], [ -79.017969, 56.16499 ], [ -79.083887, 56.067871 ], [ -79.175488, 55.885059 ], [ -79.227832, 55.878516 ], [ -79.273633, 55.922461 ], [ -79.142285, 56.136426 ], [ -79.136084, 56.160254 ], [ -79.142285, 56.180713 ], [ -79.182129, 56.212158 ], [ -79.221826, 56.175977 ], [ -79.407422, 55.934863 ], [ -79.455322, 55.896191 ], [ -79.495117, 55.874756 ], [ -79.526758, 55.870654 ], [ -79.605713, 55.875684 ], [ -79.764746, 55.806787 ], [ -79.497461, 56.093164 ], [ -79.494678, 56.11499 ], [ -79.544727, 56.128369 ], [ -79.564551, 56.120947 ], [ -79.781104, 55.940576 ], [ -79.90459, 55.871045 ], [ -79.9875, 55.892139 ], [ -80.008252, 55.911035 ], [ -80.000781, 55.93208 ], [ -79.790039, 56.11416 ], [ -79.596338, 56.244482 ], [ -79.515283, 56.326514 ], [ -79.482373, 56.403809 ], [ -79.46792, 56.460352 ], [ -79.468945, 56.522607 ], [ -79.458887, 56.539746 ], [ -79.447656, 56.536572 ], [ -79.435303, 56.513037 ], [ -79.432031, 56.447461 ], [ -79.47627, 56.312842 ], [ -79.511816, 56.246582 ], [ -79.554199, 56.191992 ], [ -79.536328, 56.180078 ], [ -79.458301, 56.211084 ], [ -79.392627, 56.276465 ], [ -79.339355, 56.376318 ], [ -79.305322, 56.463086 ], [ -79.272412, 56.600439 ], [ -79.261133, 56.595654 ], [ -79.245752, 56.568262 ], [ -79.210449, 56.548926 ], [ -79.155176, 56.537598 ], [ -79.123535, 56.519971 ], [ -79.100244, 56.473926 ], [ -79.077734, 56.453613 ], [ -78.994971, 56.436426 ], [ -78.963184, 56.421729 ], [ -78.940332, 56.371436 ], [ -78.942432, 56.344922 ], [ -78.931201, 56.32793 ], [ -78.906641, 56.32041 ], [ -78.935596, 56.266064 ] ] ], [ [ [ -79.977588, 56.207031 ], [ -80.028613, 56.199414 ], [ -80.088867, 56.213867 ], [ -80.057471, 56.287354 ], [ -80.005078, 56.31792 ], [ -79.874463, 56.348437 ], [ -79.852148, 56.367188 ], [ -79.8104, 56.376514 ], [ -79.74917, 56.376514 ], [ -79.681006, 56.403955 ], [ -79.605859, 56.458838 ], [ -79.579736, 56.466357 ], [ -79.632568, 56.386523 ], [ -79.687939, 56.326807 ], [ -79.977588, 56.207031 ] ] ], [ [ [ -89.833252, 77.267627 ], [ -90.094727, 77.2104 ], [ -90.228271, 77.212451 ], [ -90.993213, 77.329492 ], [ -91.147266, 77.387305 ], [ -91.176611, 77.42627 ], [ -91.185059, 77.481543 ], [ -91.182666, 77.557178 ], [ -91.149463, 77.608057 ], [ -91.109131, 77.625732 ], [ -91.019043, 77.643896 ], [ -90.842578, 77.65498 ], [ -90.674854, 77.648633 ], [ -90.422754, 77.628369 ], [ -90.171924, 77.594678 ], [ -89.838965, 77.491406 ], [ -89.719482, 77.442139 ], [ -89.694189, 77.378125 ], [ -89.69458, 77.338965 ], [ -89.712012, 77.3104 ], [ -89.74668, 77.292578 ], [ -89.833252, 77.267627 ] ] ], [ [ [ -104.558154, 77.141748 ], [ -104.711377, 77.123975 ], [ -105.015576, 77.1646 ], [ -105.215088, 77.18208 ], [ -105.379932, 77.254248 ], [ -105.556348, 77.352637 ], [ -105.695117, 77.461377 ], [ -105.747217, 77.525391 ], [ -105.848145, 77.563428 ], [ -105.883154, 77.626514 ], [ -106.066113, 77.725391 ], [ -106.035596, 77.739844 ], [ -105.862988, 77.754395 ], [ -105.587891, 77.735986 ], [ -105.456104, 77.700928 ], [ -105.289648, 77.64209 ], [ -105.073877, 77.548291 ], [ -105.007227, 77.506738 ], [ -104.994287, 77.449658 ], [ -104.955322, 77.418701 ], [ -104.770215, 77.413232 ], [ -104.542236, 77.337744 ], [ -104.500781, 77.308545 ], [ -104.453711, 77.249121 ], [ -104.456982, 77.220801 ], [ -104.493359, 77.162354 ], [ -104.558154, 77.141748 ] ] ], [ [ [ -98.791602, 79.981104 ], [ -98.768945, 79.850879 ], [ -98.789795, 79.7854 ], [ -98.840625, 79.737061 ], [ -98.885205, 79.725684 ], [ -98.945215, 79.724072 ], [ -99.218457, 79.761865 ], [ -99.301758, 79.784082 ], [ -99.30625, 79.802881 ], [ -99.333008, 79.839551 ], [ -99.515625, 79.887158 ], [ -99.857471, 79.879492 ], [ -99.999902, 79.884033 ], [ -100.056836, 79.898242 ], [ -100.092432, 79.918652 ], [ -100.126025, 80.00127 ], [ -100.120361, 80.03042 ], [ -100.078516, 80.081104 ], [ -100.053271, 80.093359 ], [ -99.802783, 80.140137 ], [ -99.731201, 80.144092 ], [ -99.424854, 80.126416 ], [ -99.153223, 80.124219 ], [ -99.016602, 80.111133 ], [ -98.894678, 80.081787 ], [ -98.823193, 80.037354 ], [ -98.791602, 79.981104 ] ] ], [ [ [ -105.288916, 72.919922 ], [ -105.339355, 72.914893 ], [ -105.434082, 72.937988 ], [ -105.572998, 72.989307 ], [ -105.800146, 73.093311 ], [ -106.071045, 73.196387 ], [ -106.112646, 73.258105 ], [ -106.180029, 73.304102 ], [ -106.525732, 73.413379 ], [ -106.750391, 73.457715 ], [ -106.921533, 73.479834 ], [ -106.949658, 73.510352 ], [ -106.831006, 73.599072 ], [ -106.694824, 73.669922 ], [ -106.613965, 73.695605 ], [ -106.362109, 73.718604 ], [ -105.512305, 73.765771 ], [ -105.317969, 73.767139 ], [ -105.114453, 73.744434 ], [ -104.834668, 73.647266 ], [ -104.718262, 73.636279 ], [ -104.648779, 73.614404 ], [ -104.5875, 73.578076 ], [ -104.555078, 73.541113 ], [ -104.552344, 73.465576 ], [ -104.582861, 73.353906 ], [ -104.621729, 73.311133 ], [ -104.791016, 73.167627 ], [ -104.968652, 73.088672 ], [ -105.002588, 73.037549 ], [ -105.074609, 72.997021 ], [ -105.200635, 72.947314 ], [ -105.288916, 72.919922 ] ] ], [ [ [ -102.227344, 76.014893 ], [ -102.017871, 75.953516 ], [ -102.008008, 75.939404 ], [ -102.047461, 75.927734 ], [ -102.318115, 75.895166 ], [ -102.423437, 75.869189 ], [ -102.511377, 75.808398 ], [ -102.57959, 75.780225 ], [ -102.943555, 75.763428 ], [ -103.314746, 75.764209 ], [ -103.244727, 75.822949 ], [ -103.041504, 75.918848 ], [ -103.201562, 75.958496 ], [ -103.769775, 75.892383 ], [ -103.985254, 75.933105 ], [ -103.800781, 76.037012 ], [ -103.984521, 76.046533 ], [ -104.24248, 76.046973 ], [ -104.406055, 76.108496 ], [ -104.350635, 76.182324 ], [ -104.012061, 76.222998 ], [ -103.571436, 76.258203 ], [ -103.098242, 76.311475 ], [ -102.728027, 76.307031 ], [ -102.584082, 76.281641 ], [ -102.536133, 76.196436 ], [ -102.490039, 76.095068 ], [ -102.425684, 76.086426 ], [ -102.227344, 76.014893 ] ] ], [ [ [ -104.022852, 76.583105 ], [ -103.973486, 76.577588 ], [ -103.821094, 76.59751 ], [ -103.722754, 76.601074 ], [ -103.613135, 76.563428 ], [ -103.584619, 76.538867 ], [ -103.190137, 76.477441 ], [ -103.051318, 76.449854 ], [ -103.033545, 76.431494 ], [ -103.082959, 76.405176 ], [ -103.199512, 76.37085 ], [ -103.311377, 76.347559 ], [ -103.472217, 76.329053 ], [ -104.270654, 76.32627 ], [ -104.35752, 76.334619 ], [ -104.407666, 76.365137 ], [ -104.506445, 76.478955 ], [ -104.576611, 76.540186 ], [ -104.603027, 76.582715 ], [ -104.585693, 76.606494 ], [ -104.500391, 76.630371 ], [ -104.205127, 76.666113 ], [ -104.074512, 76.666113 ], [ -103.99248, 76.656982 ], [ -103.959082, 76.63877 ], [ -103.969189, 76.61416 ], [ -104.022852, 76.583105 ] ] ], [ [ [ -118.328125, 75.579688 ], [ -118.613867, 75.51543 ], [ -118.817139, 75.522119 ], [ -119.08667, 75.569336 ], [ -119.306055, 75.585352 ], [ -119.383252, 75.601025 ], [ -119.39458, 75.617334 ], [ -119.320166, 75.662549 ], [ -119.226807, 75.698633 ], [ -119.003467, 75.76958 ], [ -118.626074, 75.90625 ], [ -118.379004, 75.957959 ], [ -118.13667, 75.994482 ], [ -117.889355, 76.076074 ], [ -117.75249, 76.112451 ], [ -117.633691, 76.115088 ], [ -117.512598, 76.099414 ], [ -117.499121, 76.077197 ], [ -117.626367, 75.965967 ], [ -117.715967, 75.921143 ], [ -117.89082, 75.805469 ], [ -118.226514, 75.611182 ], [ -118.328125, 75.579688 ] ] ], [ [ [ -113.832471, 77.754639 ], [ -114.105908, 77.720703 ], [ -114.287207, 77.721484 ], [ -114.60835, 77.769336 ], [ -114.98042, 77.91543 ], [ -115.029346, 77.967529 ], [ -114.89043, 77.976904 ], [ -114.789502, 77.99292 ], [ -114.726465, 78.015527 ], [ -114.606885, 78.040332 ], [ -114.330371, 78.077539 ], [ -114.296875, 78.063184 ], [ -114.302881, 78.032715 ], [ -114.279834, 78.004297 ], [ -114.180957, 77.998242 ], [ -114.087207, 77.97793 ], [ -113.897754, 77.915576 ], [ -113.768018, 77.903564 ], [ -113.721387, 77.889893 ], [ -113.69668, 77.868945 ], [ -113.61792, 77.832422 ], [ -113.619385, 77.813477 ], [ -113.72583, 77.775781 ], [ -113.832471, 77.754639 ] ] ], [ [ [ -130.927148, 54.479053 ], [ -130.950293, 54.477783 ], [ -130.959033, 54.498682 ], [ -130.953467, 54.541846 ], [ -130.921777, 54.614893 ], [ -130.906836, 54.631787 ], [ -130.777051, 54.618896 ], [ -130.758008, 54.61377 ], [ -130.753418, 54.599707 ], [ -130.763379, 54.576709 ], [ -130.805127, 54.543799 ], [ -130.927148, 54.479053 ] ] ], [ [ [ -131.029297, 51.961621 ], [ -131.047266, 51.959717 ], [ -131.080518, 51.98042 ], [ -131.103418, 52.013867 ], [ -131.117334, 52.101025 ], [ -131.107129, 52.136572 ], [ -131.098096, 52.150635 ], [ -131.010645, 52.095264 ], [ -131.029297, 51.961621 ] ] ], [ [ [ -130.236279, 53.958545 ], [ -130.267236, 53.922607 ], [ -130.337549, 53.86626 ], [ -130.384229, 53.843945 ], [ -130.407227, 53.855518 ], [ -130.470264, 53.861768 ], [ -130.5375, 53.917871 ], [ -130.589844, 53.940283 ], [ -130.624609, 53.941406 ], [ -130.641846, 53.921143 ], [ -130.646289, 53.894043 ], [ -130.637891, 53.86001 ], [ -130.643701, 53.844531 ], [ -130.663574, 53.847559 ], [ -130.683447, 53.863477 ], [ -130.703174, 53.892236 ], [ -130.707275, 53.921484 ], [ -130.695703, 53.95127 ], [ -130.646924, 53.99126 ], [ -130.494629, 54.07417 ], [ -130.447998, 54.089014 ], [ -130.397314, 54.085693 ], [ -130.315869, 54.046924 ], [ -130.298486, 54.035645 ], [ -130.236279, 53.958545 ] ] ], [ [ [ -129.848584, 53.16792 ], [ -129.868555, 53.164502 ], [ -129.934375, 53.17666 ], [ -130.151416, 53.345703 ], [ -130.305664, 53.407373 ], [ -130.410742, 53.49082 ], [ -130.517578, 53.544238 ], [ -130.452002, 53.631152 ], [ -130.394824, 53.62041 ], [ -130.19502, 53.549658 ], [ -130.0354, 53.481104 ], [ -129.944727, 53.436377 ], [ -129.754834, 53.244775 ], [ -129.768945, 53.217285 ], [ -129.848584, 53.16792 ] ] ], [ [ [ -130.575342, 54.769678 ], [ -130.493262, 54.83418 ], [ -130.312549, 54.945947 ], [ -130.214063, 55.025879 ], [ -130.203906, 54.947021 ], [ -130.349414, 54.814551 ], [ -130.535498, 54.74873 ], [ -130.575342, 54.769678 ] ] ], [ [ [ -128.552441, 52.939746 ], [ -128.506543, 52.620703 ], [ -128.509912, 52.518604 ], [ -128.576807, 52.451807 ], [ -128.624023, 52.339893 ], [ -128.678955, 52.289648 ], [ -128.730908, 52.356543 ], [ -128.735547, 52.467725 ], [ -128.749414, 52.556055 ], [ -128.766455, 52.598389 ], [ -128.746338, 52.763379 ], [ -128.769629, 52.751221 ], [ -128.831201, 52.678809 ], [ -128.899805, 52.673828 ], [ -129.022852, 52.755957 ], [ -129.084717, 52.822461 ], [ -129.094873, 52.891846 ], [ -129.175928, 52.964941 ], [ -129.184326, 52.990674 ], [ -129.177686, 53.01792 ], [ -129.111084, 53.090674 ], [ -129.084082, 53.139697 ], [ -129.060352, 53.240625 ], [ -129.033252, 53.279932 ], [ -128.970215, 53.274365 ], [ -128.857715, 53.228564 ], [ -128.740381, 53.178857 ], [ -128.632666, 53.1125 ], [ -128.552441, 52.939746 ] ] ], [ [ [ -126.09209, 49.354004 ], [ -126.064014, 49.263623 ], [ -126.186816, 49.278125 ], [ -126.229639, 49.295654 ], [ -126.231445, 49.339062 ], [ -126.208545, 49.379785 ], [ -126.115283, 49.365039 ], [ -126.09209, 49.354004 ] ] ], [ [ [ -124.153662, 49.531152 ], [ -124.139795, 49.510352 ], [ -124.362305, 49.588184 ], [ -124.457227, 49.634229 ], [ -124.493945, 49.66748 ], [ -124.517822, 49.686328 ], [ -124.630957, 49.735693 ], [ -124.649854, 49.75835 ], [ -124.623291, 49.775098 ], [ -124.547168, 49.764941 ], [ -124.421484, 49.727783 ], [ -124.309131, 49.667285 ], [ -124.153662, 49.531152 ] ] ], [ [ [ -126.641211, 49.605811 ], [ -126.68042, 49.601367 ], [ -126.743408, 49.613477 ], [ -126.814209, 49.64209 ], [ -126.938574, 49.718457 ], [ -126.95127, 49.735693 ], [ -126.940039, 49.750488 ], [ -126.904883, 49.762793 ], [ -126.896875, 49.78291 ], [ -126.92583, 49.837744 ], [ -126.826074, 49.872363 ], [ -126.738135, 49.843652 ], [ -126.698145, 49.808496 ], [ -126.649902, 49.745801 ], [ -126.628174, 49.675146 ], [ -126.625781, 49.626807 ], [ -126.641211, 49.605811 ] ] ], [ [ [ -125.184131, 50.097119 ], [ -125.195117, 50.044336 ], [ -125.25957, 50.130029 ], [ -125.358447, 50.311523 ], [ -125.345313, 50.353955 ], [ -125.301172, 50.414062 ], [ -125.260937, 50.417822 ], [ -125.195996, 50.389746 ], [ -125.139502, 50.339697 ], [ -125.126465, 50.320264 ], [ -125.091406, 50.267773 ], [ -125.074023, 50.220654 ], [ -125.112988, 50.163477 ], [ -125.184131, 50.097119 ] ] ], [ [ [ -128.936865, 52.51001 ], [ -128.968701, 52.464258 ], [ -129.102344, 52.574365 ], [ -129.151025, 52.605322 ], [ -129.250488, 52.722168 ], [ -129.267773, 52.772363 ], [ -129.263525, 52.800781 ], [ -129.245947, 52.81123 ], [ -129.215039, 52.803857 ], [ -129.186182, 52.79126 ], [ -128.993994, 52.661719 ], [ -128.940332, 52.600732 ], [ -128.936865, 52.51001 ] ] ], [ [ [ -127.924658, 51.473877 ], [ -127.94126, 51.457178 ], [ -127.98125, 51.457227 ], [ -128.044531, 51.474023 ], [ -128.091797, 51.511133 ], [ -128.148779, 51.626709 ], [ -128.142383, 51.646582 ], [ -128.122754, 51.666797 ], [ -128.031738, 51.708398 ], [ -127.998682, 51.703809 ], [ -127.986816, 51.673584 ], [ -127.93252, 51.605469 ], [ -127.916357, 51.585449 ], [ -127.916309, 51.506201 ], [ -127.924658, 51.473877 ] ] ], [ [ [ -128.36875, 52.400879 ], [ -128.44541, 52.3875 ], [ -128.419873, 52.441113 ], [ -128.4125, 52.472852 ], [ -128.42627, 52.502734 ], [ -128.435937, 52.560352 ], [ -128.439795, 52.696387 ], [ -128.364893, 52.781885 ], [ -128.247266, 52.784375 ], [ -128.248437, 52.741211 ], [ -128.298145, 52.548242 ], [ -128.323779, 52.458984 ], [ -128.343555, 52.426074 ], [ -128.36875, 52.400879 ] ] ], [ [ [ -129.313721, 52.992188 ], [ -129.328711, 52.984229 ], [ -129.37002, 52.997607 ], [ -129.409717, 53.02373 ], [ -129.477783, 53.097754 ], [ -129.500146, 53.128906 ], [ -129.514746, 53.179395 ], [ -129.501074, 53.18833 ], [ -129.471436, 53.183008 ], [ -129.450732, 53.174707 ], [ -129.343506, 53.052783 ], [ -129.313721, 52.992188 ] ] ], [ [ [ -129.167725, 53.117871 ], [ -129.173242, 53.110742 ], [ -129.276855, 53.110937 ], [ -129.305713, 53.121143 ], [ -129.323877, 53.142139 ], [ -129.33125, 53.173975 ], [ -129.314355, 53.212305 ], [ -129.253076, 53.285498 ], [ -129.251172, 53.316699 ], [ -129.238184, 53.330078 ], [ -129.195215, 53.293213 ], [ -129.177002, 53.259131 ], [ -129.167725, 53.117871 ] ] ], [ [ [ -123.4354, 48.754443 ], [ -123.477246, 48.72876 ], [ -123.499609, 48.732178 ], [ -123.517529, 48.750146 ], [ -123.582324, 48.925781 ], [ -123.554688, 48.92207 ], [ -123.467871, 48.867383 ], [ -123.487549, 48.845703 ], [ -123.422754, 48.793359 ], [ -123.406787, 48.756055 ], [ -123.4354, 48.754443 ] ] ], [ [ [ -59.787598, 43.9396 ], [ -59.922266, 43.903906 ], [ -60.037744, 43.906641 ], [ -60.114258, 43.939111 ], [ -60.11748, 43.953369 ], [ -59.936035, 43.9396 ], [ -59.866357, 43.947168 ], [ -59.727148, 44.002832 ], [ -59.787598, 43.9396 ] ] ], [ [ [ -60.961572, 45.489941 ], [ -61.002881, 45.481738 ], [ -61.0125, 45.496045 ], [ -61.076172, 45.537305 ], [ -61.081738, 45.557812 ], [ -61.025977, 45.577344 ], [ -60.912451, 45.567285 ], [ -60.953027, 45.515527 ], [ -60.961572, 45.489941 ] ] ], [ [ [ -61.914111, 47.284521 ], [ -61.878711, 47.265527 ], [ -61.815479, 47.267578 ], [ -61.772559, 47.259814 ], [ -61.83374, 47.222607 ], [ -61.95083, 47.218994 ], [ -62.008301, 47.234277 ], [ -61.924707, 47.425146 ], [ -61.827295, 47.469092 ], [ -61.627832, 47.593848 ], [ -61.548047, 47.631787 ], [ -61.474072, 47.646777 ], [ -61.395508, 47.637646 ], [ -61.475537, 47.563965 ], [ -61.582227, 47.56001 ], [ -61.684082, 47.49873 ], [ -61.750879, 47.430811 ], [ -61.83125, 47.392041 ], [ -61.886621, 47.344629 ], [ -61.914111, 47.284521 ] ] ], [ [ [ -64.508594, 47.886719 ], [ -64.533887, 47.81377 ], [ -64.621289, 47.751904 ], [ -64.664648, 47.747607 ], [ -64.68457, 47.753613 ], [ -64.660498, 47.793555 ], [ -64.663281, 47.863037 ], [ -64.591113, 47.872461 ], [ -64.564844, 47.86626 ], [ -64.508594, 47.886719 ] ] ], [ [ [ -64.476074, 47.958887 ], [ -64.591309, 47.907227 ], [ -64.540723, 47.984961 ], [ -64.51958, 48.005078 ], [ -64.500195, 48.01377 ], [ -64.48125, 48.006934 ], [ -64.476074, 47.958887 ] ] ], [ [ [ -66.273779, 44.292285 ], [ -66.324121, 44.257324 ], [ -66.311914, 44.291602 ], [ -66.250488, 44.379004 ], [ -66.210352, 44.392041 ], [ -66.273779, 44.292285 ] ] ], [ [ [ -66.7625, 44.681787 ], [ -66.89707, 44.628906 ], [ -66.844727, 44.763916 ], [ -66.802148, 44.805371 ], [ -66.74541, 44.791406 ], [ -66.753369, 44.709814 ], [ -66.7625, 44.681787 ] ] ], [ [ [ -73.566504, 45.469092 ], [ -73.643555, 45.449121 ], [ -73.775342, 45.467627 ], [ -73.920215, 45.441943 ], [ -73.960547, 45.441406 ], [ -73.85293, 45.515723 ], [ -73.687451, 45.561426 ], [ -73.522461, 45.701172 ], [ -73.476074, 45.704736 ], [ -73.538867, 45.546436 ], [ -73.55166, 45.489844 ], [ -73.566504, 45.469092 ] ] ], [ [ [ -73.695312, 45.585498 ], [ -73.815918, 45.564893 ], [ -73.857715, 45.573584 ], [ -73.724658, 45.671826 ], [ -73.572363, 45.694482 ], [ -73.695312, 45.585498 ] ] ], [ [ [ -71.025732, 46.872949 ], [ -71.11665, 46.864844 ], [ -71.094971, 46.899561 ], [ -70.97085, 46.961426 ], [ -70.879639, 46.996094 ], [ -70.825781, 46.995361 ], [ -70.913477, 46.919531 ], [ -71.025732, 46.872949 ] ] ], [ [ [ -55.536133, 50.719678 ], [ -55.569678, 50.708691 ], [ -55.600781, 50.709033 ], [ -55.629346, 50.720801 ], [ -55.633887, 50.740186 ], [ -55.604492, 50.780713 ], [ -55.527197, 50.801221 ], [ -55.469287, 50.796387 ], [ -55.472754, 50.775928 ], [ -55.503809, 50.742139 ], [ -55.536133, 50.719678 ] ] ], [ [ [ -54.554395, 49.588867 ], [ -54.708691, 49.530664 ], [ -54.743848, 49.507764 ], [ -54.786523, 49.496143 ], [ -54.818506, 49.514453 ], [ -54.863574, 49.576074 ], [ -54.85542, 49.596582 ], [ -54.813086, 49.599365 ], [ -54.78877, 49.591211 ], [ -54.782617, 49.57207 ], [ -54.764062, 49.562354 ], [ -54.733105, 49.562158 ], [ -54.61875, 49.62207 ], [ -54.55918, 49.631494 ], [ -54.537695, 49.619971 ], [ -54.554395, 49.588867 ] ] ], [ [ [ -55.36123, 51.889648 ], [ -55.408887, 51.888818 ], [ -55.419629, 51.900049 ], [ -55.399805, 51.938477 ], [ -55.346484, 51.982861 ], [ -55.274072, 51.995166 ], [ -55.293555, 51.92998 ], [ -55.36123, 51.889648 ] ] ], [ [ [ -54.093701, 49.744434 ], [ -54.019922, 49.679492 ], [ -53.980664, 49.661963 ], [ -54.238379, 49.59165 ], [ -54.269238, 49.587012 ], [ -54.286133, 49.595361 ], [ -54.28877, 49.66084 ], [ -54.277637, 49.711475 ], [ -54.258984, 49.718994 ], [ -54.199365, 49.688525 ], [ -54.137695, 49.751172 ], [ -54.093701, 49.744434 ] ] ], [ [ [ -54.227148, 47.441357 ], [ -54.276074, 47.406543 ], [ -54.325977, 47.408105 ], [ -54.320117, 47.438525 ], [ -54.258691, 47.497656 ], [ -54.227393, 47.53999 ], [ -54.22627, 47.565527 ], [ -54.214941, 47.585107 ], [ -54.168359, 47.60708 ], [ -54.128174, 47.646826 ], [ -54.147559, 47.573096 ], [ -54.227148, 47.441357 ] ] ], [ [ [ -64.823828, 62.55874 ], [ -64.631836, 62.547998 ], [ -64.515332, 62.551807 ], [ -64.465039, 62.535938 ], [ -64.418066, 62.487402 ], [ -64.47832, 62.417871 ], [ -64.546484, 62.391406 ], [ -64.657422, 62.383594 ], [ -64.837305, 62.40625 ], [ -64.901221, 62.421045 ], [ -64.956494, 62.45835 ], [ -64.930762, 62.48501 ], [ -64.841943, 62.494141 ], [ -64.8271, 62.50498 ], [ -64.849854, 62.525439 ], [ -64.848779, 62.543311 ], [ -64.823828, 62.55874 ] ] ], [ [ [ -68.233789, 60.240918 ], [ -68.324121, 60.23291 ], [ -68.365234, 60.254053 ], [ -68.367871, 60.314746 ], [ -68.338281, 60.360596 ], [ -68.234766, 60.455566 ], [ -68.141895, 60.562012 ], [ -68.087598, 60.587842 ], [ -67.978027, 60.57041 ], [ -67.914209, 60.539844 ], [ -67.847559, 60.488818 ], [ -67.818848, 60.449512 ], [ -67.844238, 60.39165 ], [ -67.922314, 60.339893 ], [ -68.012305, 60.304639 ], [ -68.233789, 60.240918 ] ] ], [ [ [ -70.337061, 62.54873 ], [ -70.406348, 62.544824 ], [ -70.541504, 62.552344 ], [ -70.686572, 62.573193 ], [ -70.766064, 62.596875 ], [ -70.837549, 62.648096 ], [ -70.85127, 62.704346 ], [ -70.986133, 62.787793 ], [ -71.136914, 62.815918 ], [ -71.220117, 62.873926 ], [ -71.134863, 62.877979 ], [ -71.013672, 62.865332 ], [ -70.834619, 62.840088 ], [ -70.674316, 62.807031 ], [ -70.442627, 62.733789 ], [ -70.366797, 62.66582 ], [ -70.291504, 62.615967 ], [ -70.268848, 62.578076 ], [ -70.288574, 62.561572 ], [ -70.337061, 62.54873 ] ] ], [ [ [ -64.832617, 61.366064 ], [ -64.856836, 61.354443 ], [ -64.879785, 61.35708 ], [ -64.954248, 61.4104 ], [ -65.054395, 61.432031 ], [ -65.091504, 61.452979 ], [ -65.393896, 61.562842 ], [ -65.426807, 61.611035 ], [ -65.432129, 61.649512 ], [ -65.331641, 61.668262 ], [ -65.129785, 61.685693 ], [ -64.954443, 61.685107 ], [ -64.789648, 61.662207 ], [ -64.756348, 61.637646 ], [ -64.66958, 61.593018 ], [ -64.690967, 61.539355 ], [ -64.696387, 61.471484 ], [ -64.732324, 61.438428 ], [ -64.787598, 61.413281 ], [ -64.832617, 61.366064 ] ] ], [ [ [ -65.030566, 61.879053 ], [ -65.008057, 61.870264 ], [ -64.981055, 61.880615 ], [ -64.960547, 61.87168 ], [ -64.94668, 61.843359 ], [ -64.923535, 61.82373 ], [ -64.865137, 61.798145 ], [ -64.845508, 61.779883 ], [ -64.84707, 61.761523 ], [ -64.896582, 61.733301 ], [ -64.927734, 61.73252 ], [ -65.165918, 61.797656 ], [ -65.230273, 61.864014 ], [ -65.235352, 61.897705 ], [ -65.210547, 61.928369 ], [ -65.173926, 61.943213 ], [ -65.125635, 61.942236 ], [ -65.068359, 61.926025 ], [ -65.030566, 61.879053 ] ] ], [ [ [ -69.160059, 59.040234 ], [ -69.22085, 58.967578 ], [ -69.301709, 58.976611 ], [ -69.330811, 58.961621 ], [ -69.352832, 58.960742 ], [ -69.316309, 59.028955 ], [ -69.311523, 59.074805 ], [ -69.32998, 59.12124 ], [ -69.303223, 59.144873 ], [ -69.195166, 59.146143 ], [ -69.193799, 59.092773 ], [ -69.180664, 59.072705 ], [ -69.155176, 59.063574 ], [ -69.160059, 59.040234 ] ] ], [ [ [ -64.407031, 60.36709 ], [ -64.441943, 60.297852 ], [ -64.558203, 60.323242 ], [ -64.737939, 60.375635 ], [ -64.808984, 60.4104 ], [ -64.833789, 60.448437 ], [ -64.836426, 60.501025 ], [ -64.782568, 60.509619 ], [ -64.646289, 60.5146 ], [ -64.53252, 60.441406 ], [ -64.499805, 60.430225 ], [ -64.407031, 60.36709 ] ] ], [ [ [ -60.994482, 56.039307 ], [ -60.982715, 56.015137 ], [ -61.137012, 56.032568 ], [ -61.191309, 56.047852 ], [ -61.19585, 56.063916 ], [ -61.188184, 56.088965 ], [ -61.157568, 56.118359 ], [ -61.086914, 56.14082 ], [ -61.048535, 56.129248 ], [ -60.966406, 56.098828 ], [ -60.955371, 56.08042 ], [ -60.994482, 56.039307 ] ] ], [ [ [ -61.743604, 57.55459 ], [ -61.659521, 57.524951 ], [ -61.6375, 57.416064 ], [ -61.795264, 57.422461 ], [ -61.975488, 57.49541 ], [ -62.01123, 57.548486 ], [ -62.007227, 57.557617 ], [ -61.983301, 57.566748 ], [ -61.9375, 57.554102 ], [ -61.893066, 57.573145 ], [ -61.84834, 57.579346 ], [ -61.743604, 57.55459 ] ] ], [ [ [ -67.914697, 69.540967 ], [ -67.940283, 69.534863 ], [ -68.202344, 69.58042 ], [ -68.221387, 69.616748 ], [ -68.093262, 69.657031 ], [ -67.989111, 69.67876 ], [ -67.908838, 69.681836 ], [ -67.829102, 69.675 ], [ -67.75459, 69.631445 ], [ -67.844922, 69.591748 ], [ -67.914697, 69.540967 ] ] ], [ [ [ -62.681543, 67.056299 ], [ -62.80542, 67.028809 ], [ -62.871631, 67.062598 ], [ -62.825098, 67.072119 ], [ -62.756982, 67.112549 ], [ -62.664404, 67.148242 ], [ -62.625293, 67.176953 ], [ -62.469727, 67.190039 ], [ -62.416797, 67.188477 ], [ -62.396338, 67.17832 ], [ -62.484619, 67.134229 ], [ -62.681543, 67.056299 ] ] ], [ [ [ -79.063086, 75.925879 ], [ -79.051758, 75.866992 ], [ -79.124414, 75.869678 ], [ -79.355664, 75.831152 ], [ -79.544531, 75.825635 ], [ -79.63877, 75.84292 ], [ -79.69873, 75.883252 ], [ -79.55127, 75.95835 ], [ -79.381787, 76.01084 ], [ -79.17832, 76.092383 ], [ -79.009326, 76.145898 ], [ -78.925879, 76.134668 ], [ -78.845166, 76.106299 ], [ -78.946436, 76.025439 ], [ -79.056641, 75.985156 ], [ -79.063086, 75.925879 ] ] ], [ [ [ -79.866992, 56.774561 ], [ -79.894482, 56.757129 ], [ -79.943652, 56.776758 ], [ -79.945703, 56.826904 ], [ -79.898145, 56.865283 ], [ -79.860547, 56.863525 ], [ -79.82666, 56.843115 ], [ -79.83501, 56.816016 ], [ -79.866992, 56.774561 ] ] ], [ [ [ -79.716504, 57.515527 ], [ -79.732227, 57.50752 ], [ -79.775195, 57.514453 ], [ -79.792041, 57.448584 ], [ -79.808447, 57.442432 ], [ -79.838232, 57.483008 ], [ -79.815918, 57.517725 ], [ -79.819141, 57.541602 ], [ -79.81084, 57.559277 ], [ -79.767871, 57.59873 ], [ -79.742578, 57.607959 ], [ -79.726709, 57.60459 ], [ -79.713477, 57.555029 ], [ -79.716504, 57.515527 ] ] ], [ [ [ -79.518164, 56.656689 ], [ -79.553467, 56.643848 ], [ -79.577393, 56.644922 ], [ -79.550732, 56.733496 ], [ -79.581738, 56.764844 ], [ -79.583545, 56.780957 ], [ -79.570117, 56.795703 ], [ -79.552881, 56.79873 ], [ -79.51123, 56.771436 ], [ -79.491064, 56.742676 ], [ -79.482178, 56.714404 ], [ -79.48457, 56.686523 ], [ -79.496533, 56.667285 ], [ -79.518164, 56.656689 ] ] ], [ [ [ -79.938232, 53.30415 ], [ -79.939307, 53.274268 ], [ -80.004102, 53.280078 ], [ -80.039355, 53.297168 ], [ -80.067871, 53.324072 ], [ -80.074023, 53.344287 ], [ -80.049707, 53.364453 ], [ -79.974561, 53.352246 ], [ -79.938232, 53.30415 ] ] ], [ [ [ -79.384277, 51.951953 ], [ -79.425586, 51.944873 ], [ -79.520605, 51.95293 ], [ -79.596875, 51.978027 ], [ -79.64375, 52.010059 ], [ -79.334863, 52.098145 ], [ -79.271289, 52.086816 ], [ -79.270215, 52.071094 ], [ -79.316602, 52.023926 ], [ -79.328955, 51.992285 ], [ -79.351514, 51.968311 ], [ -79.384277, 51.951953 ] ] ], [ [ [ -123.372363, 48.886133 ], [ -123.384814, 48.875195 ], [ -123.541016, 48.945947 ], [ -123.645605, 49.038623 ], [ -123.689258, 49.095117 ], [ -123.482324, 48.954687 ], [ -123.37793, 48.908252 ], [ -123.372363, 48.886133 ] ] ], [ [ [ -124.977734, 50.02959 ], [ -125.001563, 50.020752 ], [ -125.025977, 50.134082 ], [ -124.995654, 50.175195 ], [ -124.987012, 50.19585 ], [ -124.99082, 50.217139 ], [ -124.937842, 50.165918 ], [ -124.916406, 50.131543 ], [ -124.907471, 50.083984 ], [ -124.908447, 50.071289 ], [ -124.977734, 50.02959 ] ] ], [ [ [ -73.621729, 67.783838 ], [ -74.109082, 67.78252 ], [ -74.374072, 67.7896 ], [ -74.480713, 67.804883 ], [ -74.573389, 67.828662 ], [ -74.678613, 67.905566 ], [ -74.745996, 67.984814 ], [ -74.749268, 68.018457 ], [ -74.731445, 68.048779 ], [ -74.706543, 68.06709 ], [ -74.379395, 68.093457 ], [ -74.111377, 68.060596 ], [ -73.880713, 68.021924 ], [ -73.584033, 68.015332 ], [ -73.49375, 68.000635 ], [ -73.459229, 67.989893 ], [ -73.435254, 67.97002 ], [ -73.401562, 67.878711 ], [ -73.398193, 67.829932 ], [ -73.407178, 67.793066 ], [ -73.621729, 67.783838 ] ] ], [ [ [ -77.876709, 63.470557 ], [ -77.79209, 63.427832 ], [ -77.703711, 63.430859 ], [ -77.654785, 63.395996 ], [ -77.538477, 63.287061 ], [ -77.527295, 63.268945 ], [ -77.532715, 63.233643 ], [ -77.593896, 63.188428 ], [ -77.657666, 63.1646 ], [ -77.791455, 63.12959 ], [ -77.942432, 63.114404 ], [ -78.024414, 63.138867 ], [ -78.255957, 63.239844 ], [ -78.46875, 63.35791 ], [ -78.536768, 63.42373 ], [ -78.507324, 63.451123 ], [ -78.417285, 63.469971 ], [ -78.234912, 63.489551 ], [ -77.933936, 63.478955 ], [ -77.876709, 63.470557 ] ] ], [ [ [ -94.526562, 75.749316 ], [ -94.624365, 75.748877 ], [ -94.751465, 75.769678 ], [ -94.787354, 75.791406 ], [ -94.814746, 75.821191 ], [ -94.833643, 75.858984 ], [ -94.860107, 75.889209 ], [ -94.894092, 75.911865 ], [ -94.901221, 75.930762 ], [ -94.881348, 75.945947 ], [ -94.839795, 75.954443 ], [ -94.744824, 75.957227 ], [ -94.537891, 75.996436 ], [ -94.498682, 75.992188 ], [ -94.471289, 75.971436 ], [ -94.443359, 75.91709 ], [ -94.41377, 75.884863 ], [ -94.332227, 75.825977 ], [ -94.296289, 75.788086 ], [ -94.304004, 75.776318 ], [ -94.329541, 75.765918 ], [ -94.526562, 75.749316 ] ] ], [ [ [ -80.285254, 59.624121 ], [ -80.317236, 59.621045 ], [ -80.324658, 59.633203 ], [ -80.298975, 59.67417 ], [ -80.256641, 59.67915 ], [ -80.209961, 59.724609 ], [ -80.167236, 59.708887 ], [ -80.183057, 59.683496 ], [ -80.240527, 59.644922 ], [ -80.285254, 59.624121 ] ] ], [ [ [ -80.064209, 59.770801 ], [ -80.16709, 59.763867 ], [ -80.122217, 59.823193 ], [ -80.083643, 59.851855 ], [ -80.041162, 59.870166 ], [ -79.955859, 59.876953 ], [ -79.898633, 59.853125 ], [ -79.949609, 59.809912 ], [ -80.064209, 59.770801 ] ] ], [ [ [ -96.782324, 72.936621 ], [ -96.943799, 72.926709 ], [ -97.092773, 72.996924 ], [ -97.097656, 73.062402 ], [ -97.087695, 73.098486 ], [ -97.069238, 73.130176 ], [ -97.01499, 73.157275 ], [ -96.862402, 73.188818 ], [ -96.793164, 73.165479 ], [ -96.767773, 73.137305 ], [ -96.744434, 73.12627 ], [ -96.645996, 73.101904 ], [ -96.598486, 73.073828 ], [ -96.603516, 73.041553 ], [ -96.6354, 72.992432 ], [ -96.670605, 72.960938 ], [ -96.709229, 72.946973 ], [ -96.782324, 72.936621 ] ] ], [ [ [ -97.355518, 74.526318 ], [ -97.656104, 74.465674 ], [ -97.721582, 74.489209 ], [ -97.75, 74.510547 ], [ -97.516309, 74.60249 ], [ -97.416504, 74.626563 ], [ -97.318213, 74.597998 ], [ -97.291309, 74.576367 ], [ -97.303857, 74.559668 ], [ -97.355518, 74.526318 ] ] ], [ [ [ -98.270361, 73.868506 ], [ -98.558203, 73.847412 ], [ -98.691064, 73.856494 ], [ -98.761377, 73.828857 ], [ -98.816602, 73.817139 ], [ -98.973926, 73.812061 ], [ -99.298047, 73.861963 ], [ -99.385156, 73.879297 ], [ -99.416992, 73.89541 ], [ -99.403809, 73.910889 ], [ -99.345605, 73.925732 ], [ -99.096875, 73.948291 ], [ -99.004687, 73.964941 ], [ -98.966699, 73.988184 ], [ -98.904492, 74.006885 ], [ -98.818164, 74.020996 ], [ -98.584961, 74.034521 ], [ -98.061035, 74.104687 ], [ -97.800439, 74.114648 ], [ -97.698242, 74.108691 ], [ -97.667432, 74.090137 ], [ -97.659131, 74.071631 ], [ -97.67334, 74.053027 ], [ -97.754736, 74.005518 ], [ -97.861084, 73.968457 ], [ -98.146973, 73.888818 ], [ -98.270361, 73.868506 ] ] ], [ [ [ -90.199805, 69.419092 ], [ -90.177393, 69.35708 ], [ -90.267285, 69.2729 ], [ -90.295459, 69.257812 ], [ -90.330273, 69.252197 ], [ -90.364062, 69.262598 ], [ -90.464697, 69.328711 ], [ -90.492041, 69.369873 ], [ -90.455127, 69.390479 ], [ -90.377246, 69.416211 ], [ -90.32207, 69.428711 ], [ -90.252832, 69.41792 ], [ -90.228564, 69.436035 ], [ -90.199805, 69.419092 ] ] ], [ [ [ -90.492578, 69.221094 ], [ -90.574414, 69.209424 ], [ -90.625781, 69.250928 ], [ -90.667432, 69.259473 ], [ -90.685889, 69.287158 ], [ -90.771582, 69.292578 ], [ -90.765674, 69.335986 ], [ -90.742383, 69.357324 ], [ -90.662793, 69.37417 ], [ -90.599707, 69.367822 ], [ -90.539844, 69.324609 ], [ -90.510645, 69.29043 ], [ -90.485352, 69.246631 ], [ -90.492578, 69.221094 ] ] ], [ [ [ -74.000439, 62.618408 ], [ -74.053564, 62.609668 ], [ -74.253516, 62.621973 ], [ -74.499512, 62.668799 ], [ -74.626465, 62.712744 ], [ -74.619971, 62.726318 ], [ -74.564209, 62.733301 ], [ -74.500928, 62.726514 ], [ -74.394775, 62.695801 ], [ -74.108936, 62.680322 ], [ -74.016797, 62.662695 ], [ -73.988184, 62.636084 ], [ -74.000439, 62.618408 ] ] ], [ [ [ -74.880859, 68.348682 ], [ -74.959326, 68.342236 ], [ -75.07251, 68.40415 ], [ -75.310156, 68.474463 ], [ -75.400244, 68.525488 ], [ -75.403418, 68.550146 ], [ -75.396191, 68.588818 ], [ -75.370166, 68.636084 ], [ -75.287402, 68.687744 ], [ -75.199756, 68.696094 ], [ -75.074707, 68.684717 ], [ -74.983643, 68.647607 ], [ -74.884766, 68.544629 ], [ -74.818945, 68.494434 ], [ -74.798242, 68.457959 ], [ -74.830957, 68.440723 ], [ -74.82793, 68.423779 ], [ -74.812891, 68.41333 ], [ -74.818555, 68.394092 ], [ -74.844971, 68.365967 ], [ -74.880859, 68.348682 ] ] ], [ [ [ -78.531641, 60.728564 ], [ -78.668896, 60.716895 ], [ -78.669092, 60.731348 ], [ -78.612012, 60.772314 ], [ -78.399561, 60.808105 ], [ -78.241699, 60.818652 ], [ -78.278857, 60.783887 ], [ -78.372461, 60.756396 ], [ -78.531641, 60.728564 ] ] ], [ [ [ -78.982715, 68.192822 ], [ -79.064062, 68.181787 ], [ -79.174023, 68.234961 ], [ -79.174756, 68.264453 ], [ -79.153467, 68.335254 ], [ -78.952588, 68.353027 ], [ -78.868701, 68.310303 ], [ -78.828516, 68.268164 ], [ -78.982715, 68.192822 ] ] ], [ [ [ -76.677588, 63.393945 ], [ -76.783154, 63.384033 ], [ -76.921875, 63.406348 ], [ -77.057227, 63.449756 ], [ -77.364746, 63.58833 ], [ -77.133691, 63.682031 ], [ -76.763623, 63.573584 ], [ -76.652441, 63.503564 ], [ -76.677588, 63.393945 ] ] ], [ [ [ -79.430664, 69.787793 ], [ -79.390283, 69.73042 ], [ -79.36499, 69.712354 ], [ -79.402441, 69.685156 ], [ -79.552832, 69.630859 ], [ -79.881689, 69.608691 ], [ -80.04751, 69.634326 ], [ -79.971143, 69.556348 ], [ -79.954492, 69.523486 ], [ -79.977832, 69.509668 ], [ -80.046875, 69.513867 ], [ -80.161475, 69.535938 ], [ -80.227344, 69.562402 ], [ -80.244482, 69.593164 ], [ -80.268652, 69.6 ], [ -80.299707, 69.582861 ], [ -80.32959, 69.586768 ], [ -80.397852, 69.632617 ], [ -80.448047, 69.649707 ], [ -80.778223, 69.677002 ], [ -80.794775, 69.689258 ], [ -80.777539, 69.710352 ], [ -80.726611, 69.74043 ], [ -80.652539, 69.750586 ], [ -80.465918, 69.737109 ], [ -80.450684, 69.744775 ], [ -80.43833, 69.782715 ], [ -80.424219, 69.797607 ], [ -80.294922, 69.793799 ], [ -80.213672, 69.801953 ], [ -80.168848, 69.782422 ], [ -80.124609, 69.737256 ], [ -80.061768, 69.745508 ], [ -79.97085, 69.738965 ], [ -79.86958, 69.755518 ], [ -79.714844, 69.795703 ], [ -79.593994, 69.810498 ], [ -79.430664, 69.787793 ] ] ], [ [ [ -78.029102, 69.714893 ], [ -77.977832, 69.664893 ], [ -77.969141, 69.638965 ], [ -78.03999, 69.608398 ], [ -78.307227, 69.551807 ], [ -78.470068, 69.502539 ], [ -78.552393, 69.491553 ], [ -78.662061, 69.502637 ], [ -78.795312, 69.479736 ], [ -78.848193, 69.482812 ], [ -78.789307, 69.523145 ], [ -78.578564, 69.638818 ], [ -78.401855, 69.650635 ], [ -78.344189, 69.674805 ], [ -78.295508, 69.667139 ], [ -78.267334, 69.687158 ], [ -78.262451, 69.716846 ], [ -78.200732, 69.739502 ], [ -78.145215, 69.739209 ], [ -78.029102, 69.714893 ] ] ], [ [ [ -77.64209, 63.991895 ], [ -77.714062, 63.945703 ], [ -77.928809, 63.962012 ], [ -77.95791, 63.976025 ], [ -77.965967, 63.99292 ], [ -77.931348, 64.014795 ], [ -77.710791, 64.035645 ], [ -77.617285, 64.037207 ], [ -77.569385, 64.03042 ], [ -77.563623, 64.02207 ], [ -77.64209, 63.991895 ] ] ], [ [ [ -83.123486, 66.282813 ], [ -83.023877, 66.270654 ], [ -82.948145, 66.271924 ], [ -82.931348, 66.257324 ], [ -83.01084, 66.208447 ], [ -83.059863, 66.199268 ], [ -83.1479, 66.234229 ], [ -83.213916, 66.277051 ], [ -83.232568, 66.302979 ], [ -83.237842, 66.331543 ], [ -83.222266, 66.336475 ], [ -83.123486, 66.282813 ] ] ], [ [ [ -79.210645, 68.845459 ], [ -79.279736, 68.838721 ], [ -79.361377, 68.857666 ], [ -79.390479, 68.890186 ], [ -79.405762, 68.923047 ], [ -79.391162, 68.939941 ], [ -79.354736, 68.955908 ], [ -79.305225, 68.992334 ], [ -79.242676, 69.049268 ], [ -79.144971, 69.087451 ], [ -78.930469, 69.1229 ], [ -78.9, 69.1354 ], [ -78.804102, 69.235107 ], [ -78.771826, 69.252197 ], [ -78.662012, 69.262354 ], [ -78.650195, 69.275195 ], [ -78.689062, 69.299756 ], [ -78.689062, 69.325098 ], [ -78.650195, 69.351221 ], [ -78.59668, 69.370605 ], [ -78.45791, 69.389502 ], [ -78.332568, 69.386035 ], [ -78.300488, 69.378711 ], [ -78.272461, 69.36123 ], [ -78.234082, 69.3146 ], [ -78.228955, 69.304004 ], [ -78.287012, 69.262695 ], [ -78.438965, 69.19917 ], [ -78.53291, 69.146045 ], [ -78.551758, 69.128662 ], [ -78.560303, 69.10625 ], [ -78.595654, 69.079053 ], [ -78.705371, 69.013672 ], [ -78.779199, 68.950488 ], [ -78.852686, 68.915674 ], [ -79.053613, 68.88291 ], [ -79.210645, 68.845459 ] ] ], [ [ [ -76.995361, 69.14375 ], [ -77.121631, 69.132129 ], [ -77.215039, 69.138086 ], [ -77.275586, 69.16167 ], [ -77.321924, 69.193604 ], [ -77.379395, 69.274023 ], [ -77.358057, 69.311523 ], [ -77.351514, 69.378662 ], [ -77.340918, 69.403857 ], [ -77.318701, 69.416309 ], [ -77.187549, 69.440088 ], [ -77.10918, 69.437402 ], [ -76.994092, 69.411768 ], [ -76.745703, 69.404004 ], [ -76.684082, 69.38042 ], [ -76.668848, 69.366162 ], [ -76.67002, 69.348584 ], [ -76.687451, 69.327686 ], [ -76.810303, 69.266748 ], [ -76.869336, 69.224854 ], [ -76.91123, 69.174658 ], [ -76.995361, 69.14375 ] ] ], [ [ [ -86.913037, 70.113232 ], [ -86.798779, 70.105273 ], [ -86.691211, 70.115039 ], [ -86.612744, 70.105713 ], [ -86.563379, 70.077246 ], [ -86.530908, 70.047656 ], [ -86.515234, 70.017041 ], [ -86.557666, 69.995312 ], [ -86.734326, 69.976318 ], [ -86.854932, 69.985742 ], [ -86.983984, 70.011133 ], [ -87.043799, 69.999854 ], [ -87.19082, 70.018555 ], [ -87.263916, 70.043945 ], [ -87.323242, 70.080127 ], [ -87.323145, 70.102246 ], [ -87.168115, 70.127246 ], [ -87.107275, 70.14668 ], [ -86.913037, 70.113232 ] ] ], [ [ [ -83.725977, 65.796729 ], [ -83.59751, 65.757471 ], [ -83.469434, 65.735205 ], [ -83.263184, 65.723291 ], [ -83.23374, 65.715039 ], [ -83.233936, 65.696582 ], [ -83.263672, 65.667822 ], [ -83.332422, 65.631055 ], [ -83.381445, 65.62998 ], [ -83.49541, 65.655957 ], [ -83.537109, 65.669189 ], [ -83.583203, 65.698633 ], [ -83.606543, 65.701367 ], [ -83.636377, 65.691504 ], [ -83.644385, 65.678516 ], [ -83.630664, 65.662354 ], [ -83.649512, 65.657764 ], [ -83.787549, 65.668896 ], [ -83.809229, 65.67832 ], [ -83.798193, 65.71001 ], [ -83.701904, 65.756201 ], [ -83.786523, 65.77041 ], [ -83.813574, 65.7875 ], [ -83.938965, 65.758447 ], [ -84.008496, 65.751514 ], [ -84.118262, 65.771777 ], [ -84.129932, 65.877441 ], [ -84.143213, 65.915967 ], [ -84.193213, 65.942139 ], [ -84.222949, 65.969775 ], [ -84.270898, 65.990625 ], [ -84.370117, 66.011816 ], [ -84.450586, 66.064404 ], [ -84.467383, 66.088281 ], [ -84.456348, 66.10625 ], [ -84.407178, 66.131006 ], [ -84.122266, 66.077832 ], [ -83.950391, 66.02749 ], [ -83.786963, 65.965771 ], [ -83.701367, 65.920117 ], [ -83.693652, 65.890381 ], [ -83.714893, 65.860742 ], [ -83.765137, 65.831152 ], [ -83.725977, 65.796729 ] ] ], [ [ [ -86.595557, 67.735938 ], [ -86.638184, 67.734863 ], [ -86.705957, 67.750146 ], [ -86.861084, 67.810498 ], [ -86.892529, 67.836572 ], [ -86.908301, 67.867041 ], [ -86.908447, 67.901953 ], [ -86.89458, 67.938086 ], [ -86.84707, 68.010254 ], [ -86.937744, 68.067578 ], [ -86.959814, 68.100244 ], [ -86.94917, 68.118701 ], [ -86.898682, 68.162891 ], [ -86.884863, 68.190527 ], [ -86.833984, 68.229687 ], [ -86.7021, 68.305615 ], [ -86.569922, 68.287695 ], [ -86.451953, 68.225488 ], [ -86.421143, 68.183447 ], [ -86.430322, 68.138721 ], [ -86.42002, 68.073926 ], [ -86.390332, 67.988916 ], [ -86.382422, 67.927295 ], [ -86.396436, 67.888965 ], [ -86.446924, 67.816992 ], [ -86.489648, 67.783594 ], [ -86.546045, 67.752197 ], [ -86.595557, 67.735938 ] ] ], [ [ [ -84.674756, 65.575 ], [ -84.727002, 65.563721 ], [ -84.78291, 65.570068 ], [ -84.830273, 65.598975 ], [ -84.868945, 65.650537 ], [ -84.931152, 65.68916 ], [ -85.071973, 65.737354 ], [ -85.096338, 65.756201 ], [ -85.136279, 65.82085 ], [ -85.144043, 65.885352 ], [ -85.17417, 65.94375 ], [ -85.175684, 65.972412 ], [ -85.149609, 66.015381 ], [ -85.031396, 66.025488 ], [ -84.938574, 66.008545 ], [ -84.919824, 65.997021 ], [ -84.889453, 65.97207 ], [ -84.869531, 65.941504 ], [ -84.757373, 65.858936 ], [ -84.691748, 65.793164 ], [ -84.602637, 65.657373 ], [ -84.602246, 65.631494 ], [ -84.62627, 65.604053 ], [ -84.674756, 65.575 ] ] ], [ [ [ -93.043945, 61.844092 ], [ -93.084814, 61.841699 ], [ -93.176562, 61.892725 ], [ -93.19668, 61.918555 ], [ -93.075781, 61.93501 ], [ -92.993018, 61.889697 ], [ -92.999951, 61.86748 ], [ -93.043945, 61.844092 ] ] ], [ [ [ -101.226123, 76.579346 ], [ -101.485205, 76.575 ], [ -101.60498, 76.587012 ], [ -101.613086, 76.60459 ], [ -101.509473, 76.627734 ], [ -101.165039, 76.66543 ], [ -100.962158, 76.73418 ], [ -100.886475, 76.742676 ], [ -100.621582, 76.75249 ], [ -100.467236, 76.750342 ], [ -100.269141, 76.734131 ], [ -100.746582, 76.64917 ], [ -101.226123, 76.579346 ] ] ], [ [ [ -103.003369, 78.146436 ], [ -103.118213, 78.126367 ], [ -103.252246, 78.138135 ], [ -103.270996, 78.150635 ], [ -103.273584, 78.165771 ], [ -103.260059, 78.183496 ], [ -103.110449, 78.24585 ], [ -102.973291, 78.267236 ], [ -102.891797, 78.27124 ], [ -102.825537, 78.250049 ], [ -102.788281, 78.218164 ], [ -103.003369, 78.146436 ] ] ], [ [ [ -101.693555, 77.696582 ], [ -101.831055, 77.687354 ], [ -102.079834, 77.692188 ], [ -102.377832, 77.728125 ], [ -102.458203, 77.770166 ], [ -102.475049, 77.83667 ], [ -102.471533, 77.873486 ], [ -102.447705, 77.880615 ], [ -102.263184, 77.889355 ], [ -101.917871, 77.899609 ], [ -101.639404, 77.89209 ], [ -101.322021, 77.85415 ], [ -101.193213, 77.829785 ], [ -101.127588, 77.812598 ], [ -101.04624, 77.777832 ], [ -101.01958, 77.762451 ], [ -101.002051, 77.735107 ], [ -101.397656, 77.729053 ], [ -101.58457, 77.718311 ], [ -101.693555, 77.696582 ] ] ], [ [ [ -89.726465, 76.507422 ], [ -89.773291, 76.493848 ], [ -89.924121, 76.500879 ], [ -89.974121, 76.487549 ], [ -90.054297, 76.495117 ], [ -90.164551, 76.523584 ], [ -90.293506, 76.579492 ], [ -90.440967, 76.662793 ], [ -90.55625, 76.73457 ], [ -90.5625, 76.754297 ], [ -90.524805, 76.787842 ], [ -90.409521, 76.810156 ], [ -90.136328, 76.836963 ], [ -89.948779, 76.83623 ], [ -89.774561, 76.782031 ], [ -89.725293, 76.763428 ], [ -89.69541, 76.741162 ], [ -89.694434, 76.719824 ], [ -89.708643, 76.701172 ], [ -89.787549, 76.659619 ], [ -89.822119, 76.630615 ], [ -89.821924, 76.602197 ], [ -89.804785, 76.561084 ], [ -89.772949, 76.533936 ], [ -89.726367, 76.520801 ], [ -89.726465, 76.507422 ] ] ], [ [ [ -96.078564, 75.510107 ], [ -96.156396, 75.477246 ], [ -96.236621, 75.474805 ], [ -96.344482, 75.505957 ], [ -96.461621, 75.494238 ], [ -96.621973, 75.431299 ], [ -96.679004, 75.394189 ], [ -96.722852, 75.380762 ], [ -96.857129, 75.369141 ], [ -96.915137, 75.379688 ], [ -96.969629, 75.412646 ], [ -97.020654, 75.468066 ], [ -96.982812, 75.509814 ], [ -96.856152, 75.537939 ], [ -96.5229, 75.583643 ], [ -96.427686, 75.606348 ], [ -96.417236, 75.630713 ], [ -96.397266, 75.646826 ], [ -96.367822, 75.654639 ], [ -96.14541, 75.613525 ], [ -96.039844, 75.585791 ], [ -95.959863, 75.554346 ], [ -95.968604, 75.541846 ], [ -96.078564, 75.510107 ] ] ], [ [ [ -95.306641, 74.50542 ], [ -95.352441, 74.500391 ], [ -95.441504, 74.506104 ], [ -95.777197, 74.550732 ], [ -95.834375, 74.569043 ], [ -95.850732, 74.582471 ], [ -95.774414, 74.598682 ], [ -95.745605, 74.615967 ], [ -95.660449, 74.636914 ], [ -95.510205, 74.636768 ], [ -95.352539, 74.585693 ], [ -95.278369, 74.539551 ], [ -95.274463, 74.519189 ], [ -95.306641, 74.50542 ] ] ], [ [ [ -121.076221, 75.745264 ], [ -121.154297, 75.740625 ], [ -121.240918, 75.751855 ], [ -121.221094, 75.77749 ], [ -121.026318, 75.84751 ], [ -121.01543, 75.867529 ], [ -121.018066, 75.883838 ], [ -121.042285, 75.902979 ], [ -120.993018, 75.927441 ], [ -120.913965, 75.9375 ], [ -120.887793, 75.927979 ], [ -120.878711, 75.906689 ], [ -120.896875, 75.844531 ], [ -120.92124, 75.814453 ], [ -120.954932, 75.78877 ], [ -121.006641, 75.765723 ], [ -121.076221, 75.745264 ] ] ], [ [ [ -113.560693, 76.743262 ], [ -113.712451, 76.710547 ], [ -114.751465, 76.758887 ], [ -114.808301, 76.774072 ], [ -114.835254, 76.794678 ], [ -114.64707, 76.851025 ], [ -114.419873, 76.875342 ], [ -113.89165, 76.894873 ], [ -113.70752, 76.872949 ], [ -113.5854, 76.847314 ], [ -113.516504, 76.825049 ], [ -113.487598, 76.783252 ], [ -113.560693, 76.743262 ] ] ], [ [ [ -104.119922, 75.036328 ], [ -104.308691, 75.030957 ], [ -104.634326, 75.061279 ], [ -104.828125, 75.119727 ], [ -104.887402, 75.147754 ], [ -104.881641, 75.160498 ], [ -104.848096, 75.173047 ], [ -104.801318, 75.211035 ], [ -104.690381, 75.320703 ], [ -104.648828, 75.349756 ], [ -104.47417, 75.413037 ], [ -104.346191, 75.429932 ], [ -104.074658, 75.424512 ], [ -103.916992, 75.391846 ], [ -103.851172, 75.370801 ], [ -103.804102, 75.345508 ], [ -103.75791, 75.289062 ], [ -103.746484, 75.252441 ], [ -103.667236, 75.210693 ], [ -103.643506, 75.186572 ], [ -103.642139, 75.162939 ], [ -103.664258, 75.139062 ], [ -103.709717, 75.11499 ], [ -103.813916, 75.079736 ], [ -104.119922, 75.036328 ] ] ], [ [ [ -100.217236, 68.806689 ], [ -100.248779, 68.775049 ], [ -100.287939, 68.766064 ], [ -100.365723, 68.728809 ], [ -100.397314, 68.723828 ], [ -100.442578, 68.747559 ], [ -100.480664, 68.786182 ], [ -100.496924, 68.792236 ], [ -100.521045, 68.790674 ], [ -100.573389, 68.766064 ], [ -100.596533, 68.766406 ], [ -100.615967, 68.78291 ], [ -100.625391, 68.815918 ], [ -100.624658, 68.865283 ], [ -100.599902, 68.941357 ], [ -100.59834, 68.969092 ], [ -100.611572, 68.990186 ], [ -100.600635, 69.009424 ], [ -100.565479, 69.026807 ], [ -100.520312, 69.035059 ], [ -100.413965, 69.028076 ], [ -100.329932, 68.997559 ], [ -100.288965, 68.957666 ], [ -100.206885, 68.926172 ], [ -100.178467, 68.903906 ], [ -100.217236, 68.806689 ] ] ], [ [ [ -99.994678, 69.013525 ], [ -100.018018, 68.954004 ], [ -100.141309, 68.969922 ], [ -100.195703, 68.991455 ], [ -100.241992, 69.040381 ], [ -100.247363, 69.052783 ], [ -100.237061, 69.071484 ], [ -100.186963, 69.114014 ], [ -100.153125, 69.129492 ], [ -100.072803, 69.111475 ], [ -100.035352, 69.086572 ], [ -100.005615, 69.047119 ], [ -99.994678, 69.013525 ] ] ], [ [ [ -100.30835, 70.495801 ], [ -100.32124, 70.487695 ], [ -100.537256, 70.525 ], [ -100.620654, 70.546924 ], [ -100.647754, 70.563135 ], [ -100.666943, 70.59624 ], [ -100.67832, 70.646191 ], [ -100.635303, 70.670312 ], [ -100.537939, 70.668604 ], [ -100.433936, 70.649414 ], [ -100.276123, 70.594629 ], [ -100.321094, 70.578369 ], [ -100.323242, 70.542432 ], [ -100.305518, 70.508398 ], [ -100.30835, 70.495801 ] ] ], [ [ [ -95.513672, 69.573633 ], [ -95.380908, 69.506592 ], [ -95.38208, 69.474072 ], [ -95.399414, 69.419775 ], [ -95.437451, 69.378467 ], [ -95.49624, 69.350098 ], [ -95.578516, 69.33584 ], [ -95.684375, 69.335693 ], [ -95.730127, 69.347559 ], [ -95.695898, 69.389551 ], [ -95.670166, 69.402002 ], [ -95.66582, 69.438965 ], [ -95.682812, 69.500293 ], [ -95.704102, 69.538037 ], [ -95.763623, 69.559619 ], [ -95.806201, 69.560498 ], [ -95.817773, 69.540576 ], [ -95.79834, 69.499805 ], [ -95.811816, 69.447021 ], [ -95.858203, 69.382227 ], [ -95.893457, 69.351758 ], [ -95.956055, 69.367139 ], [ -95.985937, 69.391895 ], [ -95.97793, 69.432715 ], [ -95.994775, 69.469678 ], [ -95.978857, 69.508838 ], [ -95.93623, 69.567041 ], [ -95.87583, 69.606006 ], [ -95.797754, 69.625732 ], [ -95.706641, 69.624316 ], [ -95.60249, 69.601807 ], [ -95.513672, 69.573633 ] ] ], [ [ [ -101.171729, 69.39707 ], [ -101.253516, 69.388477 ], [ -101.268506, 69.390576 ], [ -101.261523, 69.417822 ], [ -101.267627, 69.431494 ], [ -101.289502, 69.44126 ], [ -101.217773, 69.462939 ], [ -101.207324, 69.479834 ], [ -101.230127, 69.492822 ], [ -101.328467, 69.517432 ], [ -101.356494, 69.539697 ], [ -101.351318, 69.559229 ], [ -101.312891, 69.576074 ], [ -101.244873, 69.573535 ], [ -101.09834, 69.540771 ], [ -101.031152, 69.495459 ], [ -101.000635, 69.461914 ], [ -101.04917, 69.456934 ], [ -101.086865, 69.443359 ], [ -101.126953, 69.414697 ], [ -101.171729, 69.39707 ] ] ], [ [ [ -101.845898, 68.586328 ], [ -101.887207, 68.584961 ], [ -101.944629, 68.602832 ], [ -102.266357, 68.663672 ], [ -102.308154, 68.681982 ], [ -102.270508, 68.707568 ], [ -102.15332, 68.740479 ], [ -102.074365, 68.774023 ], [ -102.013379, 68.825391 ], [ -101.828369, 68.798975 ], [ -101.759326, 68.774609 ], [ -101.732959, 68.753418 ], [ -101.721631, 68.724121 ], [ -101.732031, 68.652148 ], [ -101.794287, 68.636865 ], [ -101.845898, 68.586328 ] ] ], [ [ [ -104.540674, 68.405908 ], [ -104.595996, 68.402197 ], [ -104.699463, 68.418262 ], [ -104.851123, 68.453955 ], [ -104.965234, 68.491748 ], [ -105.041748, 68.531543 ], [ -105.051367, 68.559033 ], [ -104.993994, 68.574219 ], [ -104.907275, 68.581787 ], [ -104.700391, 68.576709 ], [ -104.602002, 68.561523 ], [ -104.472119, 68.503516 ], [ -104.444531, 68.470703 ], [ -104.440479, 68.449512 ], [ -104.457129, 68.431152 ], [ -104.540674, 68.405908 ] ] ], [ [ [ -107.899854, 67.401807 ], [ -107.950244, 67.318213 ], [ -107.969531, 67.326025 ], [ -108.003955, 67.365918 ], [ -108.07334, 67.385059 ], [ -108.152246, 67.429443 ], [ -108.151123, 67.524805 ], [ -108.12085, 67.568164 ], [ -108.127539, 67.628564 ], [ -108.048975, 67.664893 ], [ -107.990869, 67.622119 ], [ -107.974902, 67.549365 ], [ -107.989355, 67.513574 ], [ -107.931787, 67.476465 ], [ -107.905176, 67.467041 ], [ -107.890967, 67.437207 ], [ -107.899854, 67.401807 ] ] ], [ [ [ -109.166406, 67.982373 ], [ -109.053906, 67.971875 ], [ -108.970508, 67.979736 ], [ -108.909619, 67.939404 ], [ -108.886035, 67.898535 ], [ -108.893848, 67.884473 ], [ -108.920166, 67.878809 ], [ -109.09624, 67.924023 ], [ -109.161523, 67.951709 ], [ -109.183594, 67.975 ], [ -109.166406, 67.982373 ] ] ], [ [ [ -108.092725, 67.005176 ], [ -107.966455, 66.997266 ], [ -107.805518, 66.998584 ], [ -107.83335, 66.921338 ], [ -107.895166, 66.871875 ], [ -107.943945, 66.857812 ], [ -107.965137, 66.884863 ], [ -108.059717, 66.946875 ], [ -108.092725, 67.005176 ] ] ], [ [ [ -109.323145, 67.990869 ], [ -109.36084, 67.987598 ], [ -109.497949, 68.047021 ], [ -109.469141, 68.097998 ], [ -109.341699, 68.04585 ], [ -109.323535, 68.01333 ], [ -109.323145, 67.990869 ] ] ], [ [ [ -139.043115, 69.576904 ], [ -139.125732, 69.539307 ], [ -139.256982, 69.578564 ], [ -139.291406, 69.597852 ], [ -139.1396, 69.649609 ], [ -139.072656, 69.647656 ], [ -138.931543, 69.616943 ], [ -138.878857, 69.589697 ], [ -139.043115, 69.576904 ] ] ] ] } }
]
}
